criteria_mode,year,target_usd,question,replicate,p
false_only,2035,20000000,"bitcoin will reach 20 million by December 31, 2035",63,0.44
paired_paraphrase,2035,1000000,"bitcoin will reach 1 million by December 31, 2035",65,0.41
true_only,2035,100000000,"bitcoin will reach 100 million by December 31, 2035",24,0.57
true_only,no_date,1000000,bitcoin will reach 1 million,8,0.4
true_only,2035,100000000,"bitcoin will reach 100 million by December 31, 2035",34,0.56
true_only,no_date,100000000,bitcoin will reach 100 million,91,0.47
paired_paraphrase,no_date,100000000,bitcoin will reach 100 million,55,0.22
omitted,2035,100000000,"bitcoin will reach 100 million by December 31, 2035",22,0.43
true_only,no_date,1000000,bitcoin will reach 1 million,95,0.39
paired_paraphrase,2035,1000000,"bitcoin will reach 1 million by December 31, 2035",80,0.41
empty,no_date,20000000,bitcoin will reach 20 million,28,0.61
empty,2035,20000000,"bitcoin will reach 20 million by December 31, 2035",99,0.56
true_only,no_date,1000000,bitcoin will reach 1 million,98,0.38
paired_paraphrase,no_date,100000000,bitcoin will reach 100 million,16,0.19
false_only,no_date,20000000,bitcoin will reach 20 million,66,0.44
true_only,2035,20000000,"bitcoin will reach 20 million by December 31, 2035",28,0.51
true_only,2035,100000000,"bitcoin will reach 100 million by December 31, 2035",49,0.54
empty,no_date,20000000,bitcoin will reach 20 million,56,0.55
paired,2035,20000000,"bitcoin will reach 20 million by December 31, 2035",22,0.45
paired_paraphrase,no_date,1000000,bitcoin will reach 1 million,10,0.47
paired,2035,1000000,"bitcoin will reach 1 million by December 31, 2035",5,0.39
true_only,2035,100000000,"bitcoin will reach 100 million by December 31, 2035",9,0.54
paired_paraphrase,no_date,100000000,bitcoin will reach 100 million,56,0.22
paired,no_date,20000000,bitcoin will reach 20 million,41,0.41
false_only,no_date,20000000,bitcoin will reach 20 million,18,0.36
false_only,no_date,100000000,bitcoin will reach 100 million,83,0.42
paired,2035,1000000,"bitcoin will reach 1 million by December 31, 2035",11,0.38
false_only,no_date,1000000,bitcoin will reach 1 million,82,0.28
paired,2035,100000000,"bitcoin will reach 100 million by December 31, 2035",12,0.29
paired,2035,1000000,"bitcoin will reach 1 million by December 31, 2035",24,0.37
true_only,no_date,20000000,bitcoin will reach 20 million,38,0.41
false_only,no_date,1000000,bitcoin will reach 1 million,50,0.27
true_only,2035,100000000,"bitcoin will reach 100 million by December 31, 2035",87,0.55
paired,2035,20000000,"bitcoin will reach 20 million by December 31, 2035",9,0.39
omitted,no_date,100000000,bitcoin will reach 100 million,46,0.36
true_only,2035,1000000,"bitcoin will reach 1 million by December 31, 2035",92,0.43
paired,2035,1000000,"bitcoin will reach 1 million by December 31, 2035",100,0.37
empty,2035,100000000,"bitcoin will reach 100 million by December 31, 2035",47,0.27
paired,2035,20000000,"bitcoin will reach 20 million by December 31, 2035",76,0.42
paired_paraphrase,2035,100000000,"bitcoin will reach 100 million by December 31, 2035",9,0.16
omitted,no_date,20000000,bitcoin will reach 20 million,28,0.46
omitted,2035,100000000,"bitcoin will reach 100 million by December 31, 2035",20,0.45
empty,2035,20000000,"bitcoin will reach 20 million by December 31, 2035",91,0.59
empty,no_date,1000000,bitcoin will reach 1 million,54,0.13
false_only,no_date,20000000,bitcoin will reach 20 million,51,0.33
omitted,2035,100000000,"bitcoin will reach 100 million by December 31, 2035",52,0.44
empty,no_date,1000000,bitcoin will reach 1 million,74,0.14
true_only,2035,20000000,"bitcoin will reach 20 million by December 31, 2035",16,0.54
paired_paraphrase,2035,1000000,"bitcoin will reach 1 million by December 31, 2035",44,0.43
empty,no_date,100000000,bitcoin will reach 100 million,7,0.38
true_only,no_date,100000000,bitcoin will reach 100 million,30,0.46
omitted,2035,20000000,"bitcoin will reach 20 million by December 31, 2035",75,0.57
false_only,2035,1000000,"bitcoin will reach 1 million by December 31, 2035",51,0.25
empty,2035,20000000,"bitcoin will reach 20 million by December 31, 2035",32,0.59
omitted,no_date,20000000,bitcoin will reach 20 million,81,0.42
empty,2035,100000000,"bitcoin will reach 100 million by December 31, 2035",44,0.23
true_only,no_date,1000000,bitcoin will reach 1 million,6,0.4
paired_paraphrase,2035,100000000,"bitcoin will reach 100 million by December 31, 2035",1,0.12
true_only,no_date,100000000,bitcoin will reach 100 million,50,0.46
paired_paraphrase,2035,1000000,"bitcoin will reach 1 million by December 31, 2035",4,0.4
false_only,no_date,100000000,bitcoin will reach 100 million,26,0.41
paired,2035,20000000,"bitcoin will reach 20 million by December 31, 2035",55,0.4
true_only,no_date,1000000,bitcoin will reach 1 million,81,0.39
paired,no_date,100000000,bitcoin will reach 100 million,55,0.37
false_only,no_date,20000000,bitcoin will reach 20 million,49,0.38
omitted,no_date,1000000,bitcoin will reach 1 million,33,0.1
omitted,no_date,20000000,bitcoin will reach 20 million,92,0.46
omitted,no_date,100000000,bitcoin will reach 100 million,57,0.37
false_only,2035,100000000,"bitcoin will reach 100 million by December 31, 2035",76,0.32
paired,2035,100000000,"bitcoin will reach 100 million by December 31, 2035",75,0.23
paired_paraphrase,no_date,20000000,bitcoin will reach 20 million,9,0.2
paired,2035,20000000,"bitcoin will reach 20 million by December 31, 2035",35,0.41
omitted,no_date,1000000,bitcoin will reach 1 million,30,0.12
omitted,no_date,100000000,bitcoin will reach 100 million,94,0.33
false_only,no_date,1000000,bitcoin will reach 1 million,71,0.27
omitted,no_date,20000000,bitcoin will reach 20 million,49,0.43
paired_paraphrase,2035,1000000,"bitcoin will reach 1 million by December 31, 2035",12,0.42
paired,2035,100000000,"bitcoin will reach 100 million by December 31, 2035",89,0.25
false_only,2035,20000000,"bitcoin will reach 20 million by December 31, 2035",11,0.42
false_only,no_date,1000000,bitcoin will reach 1 million,35,0.22
false_only,2035,20000000,"bitcoin will reach 20 million by December 31, 2035",95,0.42
paired,no_date,100000000,bitcoin will reach 100 million,62,0.38
false_only,no_date,1000000,bitcoin will reach 1 million,11,0.27
empty,no_date,100000000,bitcoin will reach 100 million,53,0.35
paired_paraphrase,2035,100000000,"bitcoin will reach 100 million by December 31, 2035",96,0.15
true_only,no_date,100000000,bitcoin will reach 100 million,68,0.48
empty,2035,100000000,"bitcoin will reach 100 million by December 31, 2035",95,0.26
false_only,no_date,1000000,bitcoin will reach 1 million,77,0.25
paired,no_date,1000000,bitcoin will reach 1 million,7,0.4
true_only,2035,100000000,"bitcoin will reach 100 million by December 31, 2035",68,0.56
false_only,no_date,1000000,bitcoin will reach 1 million,2,0.26
omitted,2035,1000000,"bitcoin will reach 1 million by December 31, 2035",71,0.18
paired_paraphrase,2035,20000000,"bitcoin will reach 20 million by December 31, 2035",30,0.15
true_only,2035,1000000,"bitcoin will reach 1 million by December 31, 2035",97,0.39
paired,no_date,100000000,bitcoin will reach 100 million,4,0.34
true_only,no_date,1000000,bitcoin will reach 1 million,99,0.39
omitted,no_date,20000000,bitcoin will reach 20 million,3,0.45
paired_paraphrase,no_date,20000000,bitcoin will reach 20 million,25,0.23
true_only,no_date,100000000,bitcoin will reach 100 million,9,0.51
omitted,2035,1000000,"bitcoin will reach 1 million by December 31, 2035",85,0.14
empty,no_date,100000000,bitcoin will reach 100 million,21,0.33
empty,2035,20000000,"bitcoin will reach 20 million by December 31, 2035",12,0.55
empty,no_date,1000000,bitcoin will reach 1 million,34,0.15
omitted,no_date,20000000,bitcoin will reach 20 million,57,0.4
empty,2035,1000000,"bitcoin will reach 1 million by December 31, 2035",86,0.19
paired_paraphrase,no_date,1000000,bitcoin will reach 1 million,78,0.48
empty,no_date,1000000,bitcoin will reach 1 million,45,0.14
paired,no_date,1000000,bitcoin will reach 1 million,89,0.4
paired,no_date,1000000,bitcoin will reach 1 million,87,0.38
paired,2035,20000000,"bitcoin will reach 20 million by December 31, 2035",64,0.41
true_only,2035,20000000,"bitcoin will reach 20 million by December 31, 2035",13,0.55
paired_paraphrase,2035,1000000,"bitcoin will reach 1 million by December 31, 2035",37,0.39
omitted,no_date,100000000,bitcoin will reach 100 million,3,0.35
true_only,no_date,20000000,bitcoin will reach 20 million,60,0.38
paired_paraphrase,2035,100000000,"bitcoin will reach 100 million by December 31, 2035",92,0.12
true_only,no_date,1000000,bitcoin will reach 1 million,34,0.38
omitted,2035,100000000,"bitcoin will reach 100 million by December 31, 2035",45,0.45
paired,2035,100000000,"bitcoin will reach 100 million by December 31, 2035",100,0.29
empty,no_date,20000000,bitcoin will reach 20 million,99,0.58
empty,2035,1000000,"bitcoin will reach 1 million by December 31, 2035",74,0.17
paired_paraphrase,no_date,100000000,bitcoin will reach 100 million,47,0.16
empty,2035,1000000,"bitcoin will reach 1 million by December 31, 2035",6,0.17
omitted,no_date,20000000,bitcoin will reach 20 million,78,0.42
paired,no_date,20000000,bitcoin will reach 20 million,34,0.41
empty,2035,1000000,"bitcoin will reach 1 million by December 31, 2035",69,0.18
true_only,2035,100000000,"bitcoin will reach 100 million by December 31, 2035",31,0.54
false_only,2035,1000000,"bitcoin will reach 1 million by December 31, 2035",28,0.26
false_only,2035,20000000,"bitcoin will reach 20 million by December 31, 2035",27,0.44
paired_paraphrase,2035,100000000,"bitcoin will reach 100 million by December 31, 2035",60,0.13
false_only,2035,20000000,"bitcoin will reach 20 million by December 31, 2035",69,0.44
false_only,2035,20000000,"bitcoin will reach 20 million by December 31, 2035",57,0.44
paired_paraphrase,2035,1000000,"bitcoin will reach 1 million by December 31, 2035",21,0.42
omitted,2035,1000000,"bitcoin will reach 1 million by December 31, 2035",90,0.15
true_only,2035,1000000,"bitcoin will reach 1 million by December 31, 2035",30,0.4
paired_paraphrase,2035,100000000,"bitcoin will reach 100 million by December 31, 2035",5,0.15
paired,no_date,1000000,bitcoin will reach 1 million,73,0.39
true_only,no_date,100000000,bitcoin will reach 100 million,49,0.45
empty,no_date,20000000,bitcoin will reach 20 million,33,0.57
paired,no_date,1000000,bitcoin will reach 1 million,58,0.39
paired,no_date,100000000,bitcoin will reach 100 million,21,0.35
true_only,2035,1000000,"bitcoin will reach 1 million by December 31, 2035",81,0.42
true_only,no_date,20000000,bitcoin will reach 20 million,97,0.38
true_only,2035,1000000,"bitcoin will reach 1 million by December 31, 2035",22,0.4
paired_paraphrase,2035,1000000,"bitcoin will reach 1 million by December 31, 2035",31,0.41
true_only,no_date,100000000,bitcoin will reach 100 million,86,0.44
true_only,no_date,100000000,bitcoin will reach 100 million,65,0.48
omitted,2035,100000000,"bitcoin will reach 100 million by December 31, 2035",90,0.46
paired,no_date,20000000,bitcoin will reach 20 million,33,0.41
paired,no_date,100000000,bitcoin will reach 100 million,74,0.33
omitted,no_date,1000000,bitcoin will reach 1 million,32,0.13
empty,no_date,100000000,bitcoin will reach 100 million,69,0.34
false_only,2035,1000000,"bitcoin will reach 1 million by December 31, 2035",53,0.26
false_only,no_date,100000000,bitcoin will reach 100 million,95,0.43
paired,2035,1000000,"bitcoin will reach 1 million by December 31, 2035",96,0.4
true_only,2035,100000000,"bitcoin will reach 100 million by December 31, 2035",18,0.55
paired,no_date,20000000,bitcoin will reach 20 million,12,0.39
omitted,no_date,100000000,bitcoin will reach 100 million,23,0.37
false_only,no_date,1000000,bitcoin will reach 1 million,1,0.28
true_only,2035,1000000,"bitcoin will reach 1 million by December 31, 2035",96,0.39
paired_paraphrase,no_date,1000000,bitcoin will reach 1 million,38,0.47
true_only,2035,1000000,"bitcoin will reach 1 million by December 31, 2035",7,0.44
empty,2035,1000000,"bitcoin will reach 1 million by December 31, 2035",35,0.18
true_only,no_date,20000000,bitcoin will reach 20 million,36,0.38
true_only,2035,20000000,"bitcoin will reach 20 million by December 31, 2035",60,0.48
false_only,2035,20000000,"bitcoin will reach 20 million by December 31, 2035",64,0.41
false_only,2035,20000000,"bitcoin will reach 20 million by December 31, 2035",6,0.45
paired_paraphrase,no_date,100000000,bitcoin will reach 100 million,57,0.2
omitted,no_date,20000000,bitcoin will reach 20 million,72,0.42
false_only,no_date,100000000,bitcoin will reach 100 million,61,0.41
true_only,no_date,100000000,bitcoin will reach 100 million,10,0.44
false_only,no_date,100000000,bitcoin will reach 100 million,54,0.41
omitted,no_date,1000000,bitcoin will reach 1 million,19,0.13
false_only,no_date,1000000,bitcoin will reach 1 million,78,0.27
paired_paraphrase,2035,1000000,"bitcoin will reach 1 million by December 31, 2035",48,0.4
empty,no_date,20000000,bitcoin will reach 20 million,67,0.59
omitted,no_date,100000000,bitcoin will reach 100 million,20,0.35
paired,no_date,20000000,bitcoin will reach 20 million,60,0.4
paired_paraphrase,2035,100000000,"bitcoin will reach 100 million by December 31, 2035",78,0.14
empty,2035,100000000,"bitcoin will reach 100 million by December 31, 2035",12,0.23
paired,no_date,100000000,bitcoin will reach 100 million,59,0.38
paired,2035,1000000,"bitcoin will reach 1 million by December 31, 2035",3,0.38
true_only,2035,1000000,"bitcoin will reach 1 million by December 31, 2035",58,0.39
paired,2035,100000000,"bitcoin will reach 100 million by December 31, 2035",81,0.24
empty,no_date,1000000,bitcoin will reach 1 million,77,0.14
omitted,no_date,100000000,bitcoin will reach 100 million,84,0.34
omitted,2035,1000000,"bitcoin will reach 1 million by December 31, 2035",81,0.15
false_only,2035,1000000,"bitcoin will reach 1 million by December 31, 2035",56,0.28
true_only,2035,100000000,"bitcoin will reach 100 million by December 31, 2035",6,0.54
paired,2035,100000000,"bitcoin will reach 100 million by December 31, 2035",1,0.3
empty,2035,1000000,"bitcoin will reach 1 million by December 31, 2035",59,0.16
omitted,2035,100000000,"bitcoin will reach 100 million by December 31, 2035",80,0.45
paired_paraphrase,no_date,100000000,bitcoin will reach 100 million,83,0.19
false_only,2035,100000000,"bitcoin will reach 100 million by December 31, 2035",56,0.35
omitted,no_date,20000000,bitcoin will reach 20 million,20,0.44
true_only,no_date,20000000,bitcoin will reach 20 million,68,0.41
paired,no_date,20000000,bitcoin will reach 20 million,35,0.41
empty,2035,20000000,"bitcoin will reach 20 million by December 31, 2035",63,0.59
false_only,no_date,1000000,bitcoin will reach 1 million,51,0.29
empty,no_date,1000000,bitcoin will reach 1 million,68,0.12
paired,no_date,100000000,bitcoin will reach 100 million,98,0.35
omitted,2035,100000000,"bitcoin will reach 100 million by December 31, 2035",26,0.43
true_only,no_date,1000000,bitcoin will reach 1 million,72,0.38
true_only,2035,1000000,"bitcoin will reach 1 million by December 31, 2035",48,0.41
omitted,no_date,100000000,bitcoin will reach 100 million,88,0.36
paired,no_date,1000000,bitcoin will reach 1 million,68,0.38
paired,no_date,20000000,bitcoin will reach 20 million,31,0.41
paired,2035,20000000,"bitcoin will reach 20 million by December 31, 2035",32,0.38
paired,no_date,20000000,bitcoin will reach 20 million,16,0.4
empty,no_date,1000000,bitcoin will reach 1 million,16,0.15
true_only,no_date,20000000,bitcoin will reach 20 million,78,0.4
empty,2035,1000000,"bitcoin will reach 1 million by December 31, 2035",93,0.16
paired,2035,1000000,"bitcoin will reach 1 million by December 31, 2035",47,0.37
paired_paraphrase,2035,100000000,"bitcoin will reach 100 million by December 31, 2035",46,0.14
empty,2035,20000000,"bitcoin will reach 20 million by December 31, 2035",55,0.59
true_only,2035,100000000,"bitcoin will reach 100 million by December 31, 2035",92,0.55
paired_paraphrase,no_date,20000000,bitcoin will reach 20 million,70,0.22
true_only,no_date,1000000,bitcoin will reach 1 million,83,0.41
omitted,no_date,1000000,bitcoin will reach 1 million,17,0.13
omitted,no_date,100000000,bitcoin will reach 100 million,53,0.37
true_only,2035,100000000,"bitcoin will reach 100 million by December 31, 2035",8,0.54
omitted,2035,1000000,"bitcoin will reach 1 million by December 31, 2035",57,0.13
paired_paraphrase,no_date,100000000,bitcoin will reach 100 million,99,0.2
empty,2035,20000000,"bitcoin will reach 20 million by December 31, 2035",45,0.61
false_only,no_date,20000000,bitcoin will reach 20 million,17,0.37
paired_paraphrase,2035,20000000,"bitcoin will reach 20 million by December 31, 2035",9,0.18
paired,2035,20000000,"bitcoin will reach 20 million by December 31, 2035",72,0.39
paired_paraphrase,2035,100000000,"bitcoin will reach 100 million by December 31, 2035",34,0.14
omitted,2035,1000000,"bitcoin will reach 1 million by December 31, 2035",5,0.13
paired_paraphrase,2035,20000000,"bitcoin will reach 20 million by December 31, 2035",53,0.18
empty,2035,100000000,"bitcoin will reach 100 million by December 31, 2035",82,0.26
omitted,no_date,1000000,bitcoin will reach 1 million,12,0.11
true_only,2035,1000000,"bitcoin will reach 1 million by December 31, 2035",25,0.41
paired,no_date,20000000,bitcoin will reach 20 million,83,0.4
omitted,no_date,20000000,bitcoin will reach 20 million,75,0.44
paired,no_date,1000000,bitcoin will reach 1 million,100,0.41
paired,no_date,20000000,bitcoin will reach 20 million,97,0.4
paired_paraphrase,no_date,20000000,bitcoin will reach 20 million,40,0.23
paired,2035,100000000,"bitcoin will reach 100 million by December 31, 2035",67,0.28
false_only,no_date,100000000,bitcoin will reach 100 million,67,0.43
paired_paraphrase,2035,100000000,"bitcoin will reach 100 million by December 31, 2035",98,0.14
false_only,no_date,1000000,bitcoin will reach 1 million,37,0.25
empty,no_date,1000000,bitcoin will reach 1 million,61,0.14
empty,2035,100000000,"bitcoin will reach 100 million by December 31, 2035",52,0.26
paired_paraphrase,no_date,20000000,bitcoin will reach 20 million,90,0.23
paired_paraphrase,no_date,20000000,bitcoin will reach 20 million,64,0.22
paired,no_date,100000000,bitcoin will reach 100 million,94,0.36
paired,2035,20000000,"bitcoin will reach 20 million by December 31, 2035",57,0.38
paired,2035,20000000,"bitcoin will reach 20 million by December 31, 2035",95,0.43
paired_paraphrase,no_date,20000000,bitcoin will reach 20 million,100,0.25
empty,2035,100000000,"bitcoin will reach 100 million by December 31, 2035",80,0.25
true_only,2035,1000000,"bitcoin will reach 1 million by December 31, 2035",5,0.42
true_only,no_date,20000000,bitcoin will reach 20 million,46,0.39
paired,2035,1000000,"bitcoin will reach 1 million by December 31, 2035",43,0.36
paired,2035,1000000,"bitcoin will reach 1 million by December 31, 2035",99,0.38
false_only,no_date,20000000,bitcoin will reach 20 million,82,0.41
paired_paraphrase,2035,100000000,"bitcoin will reach 100 million by December 31, 2035",87,0.13
omitted,no_date,20000000,bitcoin will reach 20 million,98,0.47
empty,no_date,100000000,bitcoin will reach 100 million,58,0.3
false_only,no_date,100000000,bitcoin will reach 100 million,63,0.43
empty,2035,20000000,"bitcoin will reach 20 million by December 31, 2035",9,0.57
true_only,2035,100000000,"bitcoin will reach 100 million by December 31, 2035",57,0.57
true_only,2035,1000000,"bitcoin will reach 1 million by December 31, 2035",62,0.41
omitted,2035,20000000,"bitcoin will reach 20 million by December 31, 2035",53,0.63
paired_paraphrase,no_date,1000000,bitcoin will reach 1 million,39,0.45
empty,2035,20000000,"bitcoin will reach 20 million by December 31, 2035",4,0.63
false_only,2035,100000000,"bitcoin will reach 100 million by December 31, 2035",83,0.32
false_only,2035,100000000,"bitcoin will reach 100 million by December 31, 2035",99,0.33
omitted,no_date,1000000,bitcoin will reach 1 million,95,0.14
paired_paraphrase,2035,20000000,"bitcoin will reach 20 million by December 31, 2035",22,0.18
empty,2035,20000000,"bitcoin will reach 20 million by December 31, 2035",10,0.54
paired_paraphrase,no_date,1000000,bitcoin will reach 1 million,90,0.46
true_only,no_date,100000000,bitcoin will reach 100 million,37,0.46
false_only,no_date,1000000,bitcoin will reach 1 million,72,0.27
false_only,2035,1000000,"bitcoin will reach 1 million by December 31, 2035",99,0.26
paired_paraphrase,2035,1000000,"bitcoin will reach 1 million by December 31, 2035",55,0.39
paired,2035,20000000,"bitcoin will reach 20 million by December 31, 2035",99,0.41
paired,no_date,20000000,bitcoin will reach 20 million,84,0.41
paired_paraphrase,2035,20000000,"bitcoin will reach 20 million by December 31, 2035",95,0.2
false_only,2035,1000000,"bitcoin will reach 1 million by December 31, 2035",92,0.27
paired_paraphrase,no_date,20000000,bitcoin will reach 20 million,98,0.24
false_only,2035,100000000,"bitcoin will reach 100 million by December 31, 2035",59,0.32
empty,no_date,20000000,bitcoin will reach 20 million,79,0.58
paired_paraphrase,2035,1000000,"bitcoin will reach 1 million by December 31, 2035",57,0.4
true_only,2035,1000000,"bitcoin will reach 1 million by December 31, 2035",76,0.4
paired_paraphrase,2035,20000000,"bitcoin will reach 20 million by December 31, 2035",69,0.16
false_only,2035,20000000,"bitcoin will reach 20 million by December 31, 2035",14,0.44
false_only,no_date,20000000,bitcoin will reach 20 million,3,0.41
omitted,2035,20000000,"bitcoin will reach 20 million by December 31, 2035",9,0.6
omitted,no_date,100000000,bitcoin will reach 100 million,6,0.36
omitted,2035,100000000,"bitcoin will reach 100 million by December 31, 2035",34,0.45
true_only,no_date,1000000,bitcoin will reach 1 million,88,0.4
paired_paraphrase,2035,100000000,"bitcoin will reach 100 million by December 31, 2035",13,0.13
omitted,no_date,20000000,bitcoin will reach 20 million,61,0.46
empty,2035,20000000,"bitcoin will reach 20 million by December 31, 2035",87,0.6
empty,2035,20000000,"bitcoin will reach 20 million by December 31, 2035",31,0.63
true_only,2035,100000000,"bitcoin will reach 100 million by December 31, 2035",37,0.54
paired_paraphrase,2035,100000000,"bitcoin will reach 100 million by December 31, 2035",83,0.14
paired_paraphrase,2035,20000000,"bitcoin will reach 20 million by December 31, 2035",100,0.14
paired_paraphrase,no_date,100000000,bitcoin will reach 100 million,44,0.2
empty,2035,1000000,"bitcoin will reach 1 million by December 31, 2035",38,0.17
paired,no_date,100000000,bitcoin will reach 100 million,9,0.32
paired,2035,100000000,"bitcoin will reach 100 million by December 31, 2035",14,0.27
paired_paraphrase,no_date,1000000,bitcoin will reach 1 million,60,0.45
true_only,2035,20000000,"bitcoin will reach 20 million by December 31, 2035",49,0.56
false_only,2035,20000000,"bitcoin will reach 20 million by December 31, 2035",89,0.43
false_only,2035,1000000,"bitcoin will reach 1 million by December 31, 2035",95,0.27
paired_paraphrase,no_date,100000000,bitcoin will reach 100 million,61,0.19
false_only,no_date,100000000,bitcoin will reach 100 million,64,0.42
empty,no_date,1000000,bitcoin will reach 1 million,23,0.13
paired_paraphrase,2035,1000000,"bitcoin will reach 1 million by December 31, 2035",64,0.39
empty,2035,100000000,"bitcoin will reach 100 million by December 31, 2035",48,0.26
false_only,2035,20000000,"bitcoin will reach 20 million by December 31, 2035",17,0.45
paired_paraphrase,no_date,1000000,bitcoin will reach 1 million,89,0.46
omitted,2035,100000000,"bitcoin will reach 100 million by December 31, 2035",77,0.46
true_only,2035,1000000,"bitcoin will reach 1 million by December 31, 2035",31,0.39
omitted,no_date,100000000,bitcoin will reach 100 million,97,0.35
paired,no_date,20000000,bitcoin will reach 20 million,26,0.38
true_only,no_date,1000000,bitcoin will reach 1 million,40,0.39
paired_paraphrase,no_date,100000000,bitcoin will reach 100 million,35,0.21
false_only,no_date,1000000,bitcoin will reach 1 million,3,0.27
true_only,no_date,100000000,bitcoin will reach 100 million,5,0.48
false_only,no_date,100000000,bitcoin will reach 100 million,99,0.42
empty,no_date,1000000,bitcoin will reach 1 million,18,0.12
true_only,2035,1000000,"bitcoin will reach 1 million by December 31, 2035",71,0.41
paired_paraphrase,2035,1000000,"bitcoin will reach 1 million by December 31, 2035",45,0.4
empty,no_date,1000000,bitcoin will reach 1 million,71,0.14
true_only,2035,1000000,"bitcoin will reach 1 million by December 31, 2035",20,0.45
true_only,no_date,100000000,bitcoin will reach 100 million,88,0.46
paired_paraphrase,2035,20000000,"bitcoin will reach 20 million by December 31, 2035",79,0.18
omitted,2035,20000000,"bitcoin will reach 20 million by December 31, 2035",6,0.6
omitted,2035,20000000,"bitcoin will reach 20 million by December 31, 2035",25,0.61
omitted,no_date,100000000,bitcoin will reach 100 million,61,0.35
false_only,2035,100000000,"bitcoin will reach 100 million by December 31, 2035",66,0.33
true_only,no_date,100000000,bitcoin will reach 100 million,75,0.48
false_only,no_date,20000000,bitcoin will reach 20 million,64,0.44
false_only,2035,20000000,"bitcoin will reach 20 million by December 31, 2035",26,0.41
false_only,2035,1000000,"bitcoin will reach 1 million by December 31, 2035",25,0.27
paired_paraphrase,no_date,100000000,bitcoin will reach 100 million,58,0.18
false_only,no_date,20000000,bitcoin will reach 20 million,37,0.43
paired,no_date,1000000,bitcoin will reach 1 million,95,0.4
paired,2035,20000000,"bitcoin will reach 20 million by December 31, 2035",51,0.39
paired_paraphrase,no_date,100000000,bitcoin will reach 100 million,76,0.21
empty,2035,100000000,"bitcoin will reach 100 million by December 31, 2035",30,0.23
empty,no_date,1000000,bitcoin will reach 1 million,30,0.14
omitted,no_date,100000000,bitcoin will reach 100 million,15,0.37
omitted,no_date,1000000,bitcoin will reach 1 million,22,0.11
empty,2035,100000000,"bitcoin will reach 100 million by December 31, 2035",92,0.21
empty,no_date,100000000,bitcoin will reach 100 million,81,0.34
omitted,2035,1000000,"bitcoin will reach 1 million by December 31, 2035",58,0.14
false_only,2035,20000000,"bitcoin will reach 20 million by December 31, 2035",3,0.41
paired,no_date,1000000,bitcoin will reach 1 million,10,0.41
paired,2035,1000000,"bitcoin will reach 1 million by December 31, 2035",30,0.37
empty,2035,100000000,"bitcoin will reach 100 million by December 31, 2035",43,0.22
paired_paraphrase,no_date,100000000,bitcoin will reach 100 million,80,0.16
paired_paraphrase,no_date,1000000,bitcoin will reach 1 million,35,0.47
omitted,2035,1000000,"bitcoin will reach 1 million by December 31, 2035",54,0.12
false_only,2035,20000000,"bitcoin will reach 20 million by December 31, 2035",19,0.43
true_only,2035,100000000,"bitcoin will reach 100 million by December 31, 2035",88,0.53
true_only,2035,1000000,"bitcoin will reach 1 million by December 31, 2035",63,0.41
paired,no_date,1000000,bitcoin will reach 1 million,84,0.4
empty,2035,100000000,"bitcoin will reach 100 million by December 31, 2035",93,0.26
empty,no_date,100000000,bitcoin will reach 100 million,5,0.37
paired_paraphrase,2035,20000000,"bitcoin will reach 20 million by December 31, 2035",18,0.18
paired,2035,1000000,"bitcoin will reach 1 million by December 31, 2035",68,0.4
omitted,2035,20000000,"bitcoin will reach 20 million by December 31, 2035",86,0.63
paired,2035,20000000,"bitcoin will reach 20 million by December 31, 2035",39,0.41
omitted,no_date,20000000,bitcoin will reach 20 million,2,0.43
true_only,2035,1000000,"bitcoin will reach 1 million by December 31, 2035",51,0.41
omitted,no_date,1000000,bitcoin will reach 1 million,9,0.11
false_only,2035,1000000,"bitcoin will reach 1 million by December 31, 2035",68,0.24
omitted,2035,1000000,"bitcoin will reach 1 million by December 31, 2035",92,0.15
paired_paraphrase,2035,20000000,"bitcoin will reach 20 million by December 31, 2035",81,0.17
omitted,2035,100000000,"bitcoin will reach 100 million by December 31, 2035",15,0.46
omitted,no_date,100000000,bitcoin will reach 100 million,36,0.38
true_only,2035,1000000,"bitcoin will reach 1 million by December 31, 2035",34,0.42
paired_paraphrase,no_date,1000000,bitcoin will reach 1 million,92,0.43
empty,2035,1000000,"bitcoin will reach 1 million by December 31, 2035",46,0.2
paired_paraphrase,2035,1000000,"bitcoin will reach 1 million by December 31, 2035",98,0.39
true_only,no_date,100000000,bitcoin will reach 100 million,25,0.47
omitted,2035,20000000,"bitcoin will reach 20 million by December 31, 2035",21,0.57
paired,no_date,20000000,bitcoin will reach 20 million,21,0.37
omitted,2035,1000000,"bitcoin will reach 1 million by December 31, 2035",7,0.15
paired,2035,100000000,"bitcoin will reach 100 million by December 31, 2035",11,0.26
false_only,no_date,1000000,bitcoin will reach 1 million,62,0.23
paired,no_date,1000000,bitcoin will reach 1 million,64,0.4
empty,no_date,20000000,bitcoin will reach 20 million,45,0.6
false_only,2035,1000000,"bitcoin will reach 1 million by December 31, 2035",79,0.28
omitted,2035,100000000,"bitcoin will reach 100 million by December 31, 2035",16,0.46
empty,no_date,100000000,bitcoin will reach 100 million,66,0.35
false_only,2035,1000000,"bitcoin will reach 1 million by December 31, 2035",8,0.26
omitted,no_date,100000000,bitcoin will reach 100 million,73,0.37
paired_paraphrase,2035,20000000,"bitcoin will reach 20 million by December 31, 2035",73,0.19
empty,2035,20000000,"bitcoin will reach 20 million by December 31, 2035",24,0.58
omitted,no_date,100000000,bitcoin will reach 100 million,25,0.35
paired,no_date,20000000,bitcoin will reach 20 million,82,0.41
empty,2035,20000000,"bitcoin will reach 20 million by December 31, 2035",7,0.62
omitted,no_date,100000000,bitcoin will reach 100 million,83,0.35
paired,2035,100000000,"bitcoin will reach 100 million by December 31, 2035",6,0.27
paired,2035,100000000,"bitcoin will reach 100 million by December 31, 2035",9,0.25
omitted,2035,1000000,"bitcoin will reach 1 million by December 31, 2035",50,0.14
false_only,2035,100000000,"bitcoin will reach 100 million by December 31, 2035",14,0.33
false_only,2035,100000000,"bitcoin will reach 100 million by December 31, 2035",87,0.32
omitted,2035,1000000,"bitcoin will reach 1 million by December 31, 2035",37,0.14
omitted,2035,1000000,"bitcoin will reach 1 million by December 31, 2035",49,0.14
omitted,no_date,100000000,bitcoin will reach 100 million,68,0.37
empty,2035,1000000,"bitcoin will reach 1 million by December 31, 2035",39,0.19
empty,2035,100000000,"bitcoin will reach 100 million by December 31, 2035",26,0.23
empty,2035,1000000,"bitcoin will reach 1 million by December 31, 2035",30,0.17
paired,2035,100000000,"bitcoin will reach 100 million by December 31, 2035",13,0.28
paired,no_date,20000000,bitcoin will reach 20 million,57,0.39
omitted,2035,100000000,"bitcoin will reach 100 million by December 31, 2035",43,0.45
omitted,2035,100000000,"bitcoin will reach 100 million by December 31, 2035",78,0.45
true_only,no_date,1000000,bitcoin will reach 1 million,15,0.41
paired,no_date,100000000,bitcoin will reach 100 million,17,0.36
paired_paraphrase,2035,1000000,"bitcoin will reach 1 million by December 31, 2035",42,0.4
true_only,no_date,20000000,bitcoin will reach 20 million,89,0.4
paired,no_date,1000000,bitcoin will reach 1 million,67,0.41
paired,2035,20000000,"bitcoin will reach 20 million by December 31, 2035",86,0.37
false_only,2035,100000000,"bitcoin will reach 100 million by December 31, 2035",55,0.33
paired,no_date,1000000,bitcoin will reach 1 million,76,0.41
empty,no_date,20000000,bitcoin will reach 20 million,59,0.57
true_only,no_date,1000000,bitcoin will reach 1 million,41,0.4
empty,no_date,100000000,bitcoin will reach 100 million,94,0.36
true_only,no_date,100000000,bitcoin will reach 100 million,20,0.46
paired_paraphrase,no_date,100000000,bitcoin will reach 100 million,88,0.2
paired,2035,20000000,"bitcoin will reach 20 million by December 31, 2035",16,0.42
true_only,2035,100000000,"bitcoin will reach 100 million by December 31, 2035",43,0.56
paired_paraphrase,no_date,20000000,bitcoin will reach 20 million,82,0.24
paired,no_date,20000000,bitcoin will reach 20 million,43,0.38
paired_paraphrase,2035,1000000,"bitcoin will reach 1 million by December 31, 2035",60,0.41
empty,2035,20000000,"bitcoin will reach 20 million by December 31, 2035",15,0.61
paired,2035,20000000,"bitcoin will reach 20 million by December 31, 2035",79,0.41
true_only,no_date,20000000,bitcoin will reach 20 million,6,0.36
paired,no_date,1000000,bitcoin will reach 1 million,75,0.39
omitted,no_date,20000000,bitcoin will reach 20 million,21,0.44
true_only,no_date,1000000,bitcoin will reach 1 million,76,0.39
true_only,no_date,20000000,bitcoin will reach 20 million,67,0.39
true_only,2035,100000000,"bitcoin will reach 100 million by December 31, 2035",46,0.56
empty,2035,1000000,"bitcoin will reach 1 million by December 31, 2035",44,0.19
paired_paraphrase,2035,1000000,"bitcoin will reach 1 million by December 31, 2035",99,0.4
empty,2035,20000000,"bitcoin will reach 20 million by December 31, 2035",56,0.54
paired,2035,20000000,"bitcoin will reach 20 million by December 31, 2035",91,0.42
omitted,no_date,100000000,bitcoin will reach 100 million,59,0.37
omitted,2035,1000000,"bitcoin will reach 1 million by December 31, 2035",95,0.14
false_only,2035,100000000,"bitcoin will reach 100 million by December 31, 2035",63,0.34
paired,no_date,1000000,bitcoin will reach 1 million,79,0.39
true_only,2035,1000000,"bitcoin will reach 1 million by December 31, 2035",37,0.4
paired,no_date,20000000,bitcoin will reach 20 million,1,0.41
true_only,no_date,100000000,bitcoin will reach 100 million,48,0.49
paired,2035,20000000,"bitcoin will reach 20 million by December 31, 2035",54,0.43
false_only,no_date,20000000,bitcoin will reach 20 million,47,0.4
true_only,2035,1000000,"bitcoin will reach 1 million by December 31, 2035",45,0.41
paired_paraphrase,no_date,20000000,bitcoin will reach 20 million,4,0.24
paired,no_date,20000000,bitcoin will reach 20 million,7,0.41
paired,2035,100000000,"bitcoin will reach 100 million by December 31, 2035",90,0.28
paired_paraphrase,2035,20000000,"bitcoin will reach 20 million by December 31, 2035",66,0.18
omitted,2035,100000000,"bitcoin will reach 100 million by December 31, 2035",60,0.39
false_only,2035,1000000,"bitcoin will reach 1 million by December 31, 2035",72,0.26
empty,no_date,100000000,bitcoin will reach 100 million,92,0.36
false_only,2035,1000000,"bitcoin will reach 1 million by December 31, 2035",96,0.26
false_only,2035,1000000,"bitcoin will reach 1 million by December 31, 2035",26,0.27
false_only,no_date,1000000,bitcoin will reach 1 million,34,0.24
paired_paraphrase,no_date,20000000,bitcoin will reach 20 million,24,0.19
false_only,no_date,1000000,bitcoin will reach 1 million,44,0.26
omitted,2035,1000000,"bitcoin will reach 1 million by December 31, 2035",83,0.15
false_only,2035,100000000,"bitcoin will reach 100 million by December 31, 2035",86,0.3
paired_paraphrase,2035,100000000,"bitcoin will reach 100 million by December 31, 2035",79,0.14
false_only,2035,1000000,"bitcoin will reach 1 million by December 31, 2035",58,0.29
paired,no_date,20000000,bitcoin will reach 20 million,65,0.38
empty,no_date,1000000,bitcoin will reach 1 million,17,0.14
empty,2035,1000000,"bitcoin will reach 1 million by December 31, 2035",17,0.17
true_only,no_date,100000000,bitcoin will reach 100 million,83,0.49
false_only,2035,100000000,"bitcoin will reach 100 million by December 31, 2035",57,0.34
empty,no_date,1000000,bitcoin will reach 1 million,100,0.13
paired_paraphrase,no_date,1000000,bitcoin will reach 1 million,29,0.45
paired,2035,100000000,"bitcoin will reach 100 million by December 31, 2035",43,0.24
paired_paraphrase,no_date,20000000,bitcoin will reach 20 million,97,0.21
paired_paraphrase,2035,20000000,"bitcoin will reach 20 million by December 31, 2035",90,0.16
empty,2035,20000000,"bitcoin will reach 20 million by December 31, 2035",33,0.59
true_only,2035,20000000,"bitcoin will reach 20 million by December 31, 2035",43,0.51
omitted,2035,20000000,"bitcoin will reach 20 million by December 31, 2035",72,0.64
false_only,no_date,20000000,bitcoin will reach 20 million,62,0.39
false_only,2035,100000000,"bitcoin will reach 100 million by December 31, 2035",48,0.34
paired,2035,20000000,"bitcoin will reach 20 million by December 31, 2035",25,0.43
paired_paraphrase,no_date,1000000,bitcoin will reach 1 million,84,0.46
empty,no_date,20000000,bitcoin will reach 20 million,92,0.61
false_only,2035,20000000,"bitcoin will reach 20 million by December 31, 2035",10,0.42
true_only,no_date,20000000,bitcoin will reach 20 million,34,0.38
omitted,2035,1000000,"bitcoin will reach 1 million by December 31, 2035",39,0.14
paired,2035,100000000,"bitcoin will reach 100 million by December 31, 2035",84,0.25
empty,no_date,100000000,bitcoin will reach 100 million,93,0.38
true_only,no_date,1000000,bitcoin will reach 1 million,89,0.39
true_only,no_date,100000000,bitcoin will reach 100 million,60,0.47
paired,2035,1000000,"bitcoin will reach 1 million by December 31, 2035",73,0.37
paired,no_date,1000000,bitcoin will reach 1 million,92,0.37
omitted,no_date,1000000,bitcoin will reach 1 million,70,0.1
true_only,2035,100000000,"bitcoin will reach 100 million by December 31, 2035",44,0.53
true_only,no_date,1000000,bitcoin will reach 1 million,30,0.4
paired_paraphrase,2035,1000000,"bitcoin will reach 1 million by December 31, 2035",70,0.38
false_only,2035,1000000,"bitcoin will reach 1 million by December 31, 2035",84,0.28
paired_paraphrase,2035,100000000,"bitcoin will reach 100 million by December 31, 2035",62,0.14
paired,2035,20000000,"bitcoin will reach 20 million by December 31, 2035",60,0.36
empty,2035,1000000,"bitcoin will reach 1 million by December 31, 2035",47,0.18
paired,no_date,1000000,bitcoin will reach 1 million,48,0.4
empty,2035,1000000,"bitcoin will reach 1 million by December 31, 2035",80,0.17
empty,no_date,20000000,bitcoin will reach 20 million,85,0.56
true_only,no_date,20000000,bitcoin will reach 20 million,30,0.39
true_only,no_date,1000000,bitcoin will reach 1 million,43,0.4
empty,no_date,100000000,bitcoin will reach 100 million,18,0.37
paired,2035,20000000,"bitcoin will reach 20 million by December 31, 2035",53,0.41
paired_paraphrase,no_date,100000000,bitcoin will reach 100 million,65,0.21
paired,2035,1000000,"bitcoin will reach 1 million by December 31, 2035",23,0.39
empty,no_date,20000000,bitcoin will reach 20 million,47,0.62
false_only,2035,1000000,"bitcoin will reach 1 million by December 31, 2035",85,0.31
omitted,2035,20000000,"bitcoin will reach 20 million by December 31, 2035",76,0.63
false_only,2035,1000000,"bitcoin will reach 1 million by December 31, 2035",55,0.3
empty,2035,100000000,"bitcoin will reach 100 million by December 31, 2035",49,0.24
true_only,no_date,100000000,bitcoin will reach 100 million,18,0.45
false_only,no_date,100000000,bitcoin will reach 100 million,62,0.43
empty,2035,100000000,"bitcoin will reach 100 million by December 31, 2035",72,0.23
omitted,2035,20000000,"bitcoin will reach 20 million by December 31, 2035",45,0.61
true_only,no_date,1000000,bitcoin will reach 1 million,85,0.4
paired_paraphrase,2035,1000000,"bitcoin will reach 1 million by December 31, 2035",63,0.41
omitted,2035,100000000,"bitcoin will reach 100 million by December 31, 2035",30,0.46
omitted,2035,1000000,"bitcoin will reach 1 million by December 31, 2035",29,0.13
false_only,2035,1000000,"bitcoin will reach 1 million by December 31, 2035",42,0.29
paired,2035,1000000,"bitcoin will reach 1 million by December 31, 2035",86,0.38
omitted,no_date,20000000,bitcoin will reach 20 million,32,0.42
omitted,no_date,1000000,bitcoin will reach 1 million,31,0.11
false_only,no_date,20000000,bitcoin will reach 20 million,10,0.38
paired_paraphrase,2035,100000000,"bitcoin will reach 100 million by December 31, 2035",90,0.13
false_only,2035,20000000,"bitcoin will reach 20 million by December 31, 2035",29,0.42
paired,no_date,20000000,bitcoin will reach 20 million,86,0.4
false_only,no_date,1000000,bitcoin will reach 1 million,81,0.27
empty,no_date,100000000,bitcoin will reach 100 million,100,0.35
paired,2035,100000000,"bitcoin will reach 100 million by December 31, 2035",4,0.25
omitted,2035,100000000,"bitcoin will reach 100 million by December 31, 2035",39,0.45
false_only,no_date,100000000,bitcoin will reach 100 million,20,0.44
empty,2035,20000000,"bitcoin will reach 20 million by December 31, 2035",18,0.51
paired_paraphrase,2035,100000000,"bitcoin will reach 100 million by December 31, 2035",28,0.13
paired,2035,100000000,"bitcoin will reach 100 million by December 31, 2035",70,0.34
paired_paraphrase,no_date,20000000,bitcoin will reach 20 million,58,0.2
omitted,no_date,100000000,bitcoin will reach 100 million,40,0.36
empty,no_date,20000000,bitcoin will reach 20 million,82,0.57
empty,2035,1000000,"bitcoin will reach 1 million by December 31, 2035",81,0.17
paired,2035,100000000,"bitcoin will reach 100 million by December 31, 2035",79,0.25
omitted,no_date,1000000,bitcoin will reach 1 million,53,0.14
true_only,no_date,1000000,bitcoin will reach 1 million,3,0.38
omitted,2035,20000000,"bitcoin will reach 20 million by December 31, 2035",26,0.67
empty,no_date,20000000,bitcoin will reach 20 million,2,0.6
false_only,no_date,20000000,bitcoin will reach 20 million,71,0.4
true_only,2035,100000000,"bitcoin will reach 100 million by December 31, 2035",71,0.54
false_only,no_date,1000000,bitcoin will reach 1 million,26,0.24
paired_paraphrase,2035,20000000,"bitcoin will reach 20 million by December 31, 2035",68,0.17
paired,2035,100000000,"bitcoin will reach 100 million by December 31, 2035",39,0.29
omitted,2035,20000000,"bitcoin will reach 20 million by December 31, 2035",97,0.64
paired,no_date,20000000,bitcoin will reach 20 million,28,0.44
paired_paraphrase,no_date,1000000,bitcoin will reach 1 million,30,0.47
false_only,no_date,1000000,bitcoin will reach 1 million,74,0.26
paired,2035,20000000,"bitcoin will reach 20 million by December 31, 2035",40,0.38
omitted,2035,20000000,"bitcoin will reach 20 million by December 31, 2035",50,0.66
paired,no_date,100000000,bitcoin will reach 100 million,15,0.32
empty,2035,100000000,"bitcoin will reach 100 million by December 31, 2035",96,0.24
paired,no_date,1000000,bitcoin will reach 1 million,62,0.39
paired,2035,1000000,"bitcoin will reach 1 million by December 31, 2035",20,0.4
paired,2035,20000000,"bitcoin will reach 20 million by December 31, 2035",58,0.45
empty,2035,100000000,"bitcoin will reach 100 million by December 31, 2035",76,0.23
true_only,no_date,1000000,bitcoin will reach 1 million,38,0.39
false_only,2035,1000000,"bitcoin will reach 1 million by December 31, 2035",32,0.27
paired_paraphrase,2035,100000000,"bitcoin will reach 100 million by December 31, 2035",35,0.13
empty,2035,100000000,"bitcoin will reach 100 million by December 31, 2035",5,0.22
false_only,2035,100000000,"bitcoin will reach 100 million by December 31, 2035",15,0.31
omitted,no_date,20000000,bitcoin will reach 20 million,40,0.44
paired_paraphrase,no_date,20000000,bitcoin will reach 20 million,78,0.22
paired_paraphrase,2035,100000000,"bitcoin will reach 100 million by December 31, 2035",6,0.14
omitted,no_date,100000000,bitcoin will reach 100 million,45,0.37
omitted,2035,1000000,"bitcoin will reach 1 million by December 31, 2035",15,0.14
true_only,no_date,100000000,bitcoin will reach 100 million,26,0.46
paired,2035,20000000,"bitcoin will reach 20 million by December 31, 2035",14,0.36
paired_paraphrase,no_date,1000000,bitcoin will reach 1 million,72,0.47
empty,no_date,100000000,bitcoin will reach 100 million,2,0.32
empty,2035,1000000,"bitcoin will reach 1 million by December 31, 2035",14,0.18
false_only,2035,100000000,"bitcoin will reach 100 million by December 31, 2035",75,0.34
paired,no_date,1000000,bitcoin will reach 1 million,40,0.41
true_only,2035,20000000,"bitcoin will reach 20 million by December 31, 2035",31,0.52
true_only,2035,100000000,"bitcoin will reach 100 million by December 31, 2035",75,0.54
paired_paraphrase,2035,100000000,"bitcoin will reach 100 million by December 31, 2035",76,0.14
false_only,no_date,100000000,bitcoin will reach 100 million,34,0.42
false_only,no_date,1000000,bitcoin will reach 1 million,86,0.29
empty,2035,1000000,"bitcoin will reach 1 million by December 31, 2035",43,0.18
paired,no_date,20000000,bitcoin will reach 20 million,27,0.37
true_only,2035,100000000,"bitcoin will reach 100 million by December 31, 2035",86,0.56
paired_paraphrase,2035,20000000,"bitcoin will reach 20 million by December 31, 2035",28,0.17
omitted,2035,100000000,"bitcoin will reach 100 million by December 31, 2035",51,0.45
paired,no_date,20000000,bitcoin will reach 20 million,8,0.39
omitted,no_date,20000000,bitcoin will reach 20 million,6,0.45
paired_paraphrase,no_date,1000000,bitcoin will reach 1 million,53,0.45
empty,2035,20000000,"bitcoin will reach 20 million by December 31, 2035",13,0.62
omitted,2035,20000000,"bitcoin will reach 20 million by December 31, 2035",16,0.58
omitted,2035,100000000,"bitcoin will reach 100 million by December 31, 2035",64,0.43
empty,2035,100000000,"bitcoin will reach 100 million by December 31, 2035",36,0.25
false_only,2035,1000000,"bitcoin will reach 1 million by December 31, 2035",22,0.26
true_only,2035,1000000,"bitcoin will reach 1 million by December 31, 2035",18,0.4
true_only,no_date,20000000,bitcoin will reach 20 million,69,0.4
paired_paraphrase,2035,20000000,"bitcoin will reach 20 million by December 31, 2035",94,0.18
omitted,no_date,20000000,bitcoin will reach 20 million,48,0.44
paired,no_date,1000000,bitcoin will reach 1 million,63,0.38
empty,no_date,1000000,bitcoin will reach 1 million,10,0.12
empty,2035,100000000,"bitcoin will reach 100 million by December 31, 2035",24,0.25
true_only,no_date,20000000,bitcoin will reach 20 million,49,0.4
omitted,no_date,100000000,bitcoin will reach 100 million,12,0.35
true_only,2035,1000000,"bitcoin will reach 1 million by December 31, 2035",15,0.42
omitted,no_date,20000000,bitcoin will reach 20 million,9,0.47
false_only,no_date,20000000,bitcoin will reach 20 million,54,0.38
empty,no_date,20000000,bitcoin will reach 20 million,25,0.59
paired_paraphrase,2035,1000000,"bitcoin will reach 1 million by December 31, 2035",75,0.41
omitted,2035,100000000,"bitcoin will reach 100 million by December 31, 2035",86,0.46
true_only,no_date,20000000,bitcoin will reach 20 million,45,0.38
paired,no_date,1000000,bitcoin will reach 1 million,49,0.41
true_only,no_date,1000000,bitcoin will reach 1 million,66,0.4
paired,no_date,20000000,bitcoin will reach 20 million,20,0.41
paired,2035,1000000,"bitcoin will reach 1 million by December 31, 2035",89,0.4
true_only,no_date,20000000,bitcoin will reach 20 million,63,0.38
omitted,2035,20000000,"bitcoin will reach 20 million by December 31, 2035",48,0.62
true_only,2035,100000000,"bitcoin will reach 100 million by December 31, 2035",48,0.54
empty,2035,1000000,"bitcoin will reach 1 million by December 31, 2035",72,0.16
false_only,no_date,100000000,bitcoin will reach 100 million,65,0.4
empty,no_date,100000000,bitcoin will reach 100 million,65,0.34
true_only,no_date,20000000,bitcoin will reach 20 million,87,0.42
paired,no_date,1000000,bitcoin will reach 1 million,17,0.39
true_only,2035,1000000,"bitcoin will reach 1 million by December 31, 2035",19,0.4
paired,2035,100000000,"bitcoin will reach 100 million by December 31, 2035",27,0.29
paired,2035,100000000,"bitcoin will reach 100 million by December 31, 2035",94,0.3
true_only,no_date,100000000,bitcoin will reach 100 million,12,0.5
true_only,no_date,20000000,bitcoin will reach 20 million,9,0.4
false_only,2035,100000000,"bitcoin will reach 100 million by December 31, 2035",69,0.32
empty,no_date,100000000,bitcoin will reach 100 million,34,0.32
empty,no_date,20000000,bitcoin will reach 20 million,69,0.61
empty,2035,100000000,"bitcoin will reach 100 million by December 31, 2035",41,0.25
omitted,no_date,1000000,bitcoin will reach 1 million,36,0.12
true_only,2035,100000000,"bitcoin will reach 100 million by December 31, 2035",72,0.57
paired_paraphrase,no_date,1000000,bitcoin will reach 1 million,58,0.46
empty,no_date,100000000,bitcoin will reach 100 million,80,0.33
paired_paraphrase,2035,100000000,"bitcoin will reach 100 million by December 31, 2035",84,0.14
true_only,2035,20000000,"bitcoin will reach 20 million by December 31, 2035",81,0.52
paired_paraphrase,no_date,1000000,bitcoin will reach 1 million,54,0.48
false_only,no_date,100000000,bitcoin will reach 100 million,27,0.4
true_only,no_date,20000000,bitcoin will reach 20 million,7,0.41
false_only,no_date,1000000,bitcoin will reach 1 million,73,0.27
paired_paraphrase,2035,100000000,"bitcoin will reach 100 million by December 31, 2035",54,0.15
omitted,no_date,20000000,bitcoin will reach 20 million,5,0.41
true_only,2035,1000000,"bitcoin will reach 1 million by December 31, 2035",67,0.43
omitted,2035,20000000,"bitcoin will reach 20 million by December 31, 2035",98,0.58
paired,2035,1000000,"bitcoin will reach 1 million by December 31, 2035",41,0.35
false_only,no_date,20000000,bitcoin will reach 20 million,68,0.42
true_only,no_date,100000000,bitcoin will reach 100 million,23,0.45
paired,no_date,100000000,bitcoin will reach 100 million,34,0.34
paired_paraphrase,no_date,100000000,bitcoin will reach 100 million,7,0.18
paired_paraphrase,2035,1000000,"bitcoin will reach 1 million by December 31, 2035",14,0.4
paired,no_date,100000000,bitcoin will reach 100 million,100,0.39
true_only,no_date,100000000,bitcoin will reach 100 million,79,0.45
paired_paraphrase,2035,20000000,"bitcoin will reach 20 million by December 31, 2035",20,0.16
true_only,no_date,20000000,bitcoin will reach 20 million,54,0.43
true_only,2035,1000000,"bitcoin will reach 1 million by December 31, 2035",11,0.43
empty,no_date,20000000,bitcoin will reach 20 million,83,0.56
false_only,2035,1000000,"bitcoin will reach 1 million by December 31, 2035",33,0.27
omitted,2035,1000000,"bitcoin will reach 1 million by December 31, 2035",34,0.15
paired,no_date,1000000,bitcoin will reach 1 million,36,0.38
paired,no_date,1000000,bitcoin will reach 1 million,1,0.4
true_only,2035,100000000,"bitcoin will reach 100 million by December 31, 2035",93,0.53
false_only,no_date,100000000,bitcoin will reach 100 million,90,0.43
paired,2035,20000000,"bitcoin will reach 20 million by December 31, 2035",90,0.4
omitted,2035,100000000,"bitcoin will reach 100 million by December 31, 2035",92,0.46
false_only,2035,1000000,"bitcoin will reach 1 million by December 31, 2035",50,0.29
false_only,2035,1000000,"bitcoin will reach 1 million by December 31, 2035",4,0.29
empty,2035,1000000,"bitcoin will reach 1 million by December 31, 2035",45,0.18
omitted,2035,1000000,"bitcoin will reach 1 million by December 31, 2035",79,0.14
true_only,2035,20000000,"bitcoin will reach 20 million by December 31, 2035",44,0.52
false_only,no_date,100000000,bitcoin will reach 100 million,10,0.42
empty,2035,20000000,"bitcoin will reach 20 million by December 31, 2035",47,0.59
omitted,no_date,20000000,bitcoin will reach 20 million,34,0.44
paired_paraphrase,2035,20000000,"bitcoin will reach 20 million by December 31, 2035",33,0.17
empty,2035,20000000,"bitcoin will reach 20 million by December 31, 2035",11,0.53
omitted,2035,1000000,"bitcoin will reach 1 million by December 31, 2035",100,0.15
paired,2035,20000000,"bitcoin will reach 20 million by December 31, 2035",81,0.4
paired,no_date,100000000,bitcoin will reach 100 million,18,0.35
false_only,no_date,1000000,bitcoin will reach 1 million,20,0.23
paired_paraphrase,2035,1000000,"bitcoin will reach 1 million by December 31, 2035",71,0.39
paired_paraphrase,no_date,1000000,bitcoin will reach 1 million,83,0.44
paired_paraphrase,no_date,20000000,bitcoin will reach 20 million,59,0.25
empty,no_date,100000000,bitcoin will reach 100 million,82,0.38
empty,2035,20000000,"bitcoin will reach 20 million by December 31, 2035",94,0.61
paired_paraphrase,2035,20000000,"bitcoin will reach 20 million by December 31, 2035",62,0.17
paired_paraphrase,2035,1000000,"bitcoin will reach 1 million by December 31, 2035",17,0.41
omitted,2035,100000000,"bitcoin will reach 100 million by December 31, 2035",55,0.47
true_only,no_date,1000000,bitcoin will reach 1 million,80,0.4
omitted,no_date,20000000,bitcoin will reach 20 million,8,0.42
false_only,2035,20000000,"bitcoin will reach 20 million by December 31, 2035",13,0.43
false_only,no_date,20000000,bitcoin will reach 20 million,21,0.4
false_only,2035,20000000,"bitcoin will reach 20 million by December 31, 2035",88,0.43
empty,2035,20000000,"bitcoin will reach 20 million by December 31, 2035",40,0.57
true_only,2035,100000000,"bitcoin will reach 100 million by December 31, 2035",36,0.53
empty,no_date,20000000,bitcoin will reach 20 million,65,0.59
paired,no_date,1000000,bitcoin will reach 1 million,47,0.4
omitted,no_date,100000000,bitcoin will reach 100 million,91,0.37
empty,no_date,1000000,bitcoin will reach 1 million,1,0.14
true_only,no_date,1000000,bitcoin will reach 1 million,21,0.41
paired,2035,1000000,"bitcoin will reach 1 million by December 31, 2035",26,0.41
paired_paraphrase,no_date,1000000,bitcoin will reach 1 million,82,0.46
paired,no_date,1000000,bitcoin will reach 1 million,34,0.4
paired_paraphrase,2035,20000000,"bitcoin will reach 20 million by December 31, 2035",41,0.19
true_only,no_date,1000000,bitcoin will reach 1 million,63,0.39
paired_paraphrase,2035,1000000,"bitcoin will reach 1 million by December 31, 2035",95,0.4
paired,no_date,1000000,bitcoin will reach 1 million,9,0.4
omitted,no_date,1000000,bitcoin will reach 1 million,92,0.13
true_only,2035,100000000,"bitcoin will reach 100 million by December 31, 2035",58,0.57
false_only,2035,1000000,"bitcoin will reach 1 million by December 31, 2035",20,0.29
true_only,no_date,100000000,bitcoin will reach 100 million,58,0.46
empty,no_date,1000000,bitcoin will reach 1 million,41,0.13
true_only,2035,20000000,"bitcoin will reach 20 million by December 31, 2035",36,0.58
true_only,2035,20000000,"bitcoin will reach 20 million by December 31, 2035",3,0.52
empty,no_date,1000000,bitcoin will reach 1 million,40,0.13
omitted,2035,100000000,"bitcoin will reach 100 million by December 31, 2035",76,0.4
paired_paraphrase,2035,20000000,"bitcoin will reach 20 million by December 31, 2035",26,0.16
true_only,2035,1000000,"bitcoin will reach 1 million by December 31, 2035",24,0.41
omitted,2035,20000000,"bitcoin will reach 20 million by December 31, 2035",100,0.66
empty,2035,100000000,"bitcoin will reach 100 million by December 31, 2035",69,0.23
paired,2035,100000000,"bitcoin will reach 100 million by December 31, 2035",68,0.25
paired_paraphrase,no_date,20000000,bitcoin will reach 20 million,47,0.23
paired,2035,100000000,"bitcoin will reach 100 million by December 31, 2035",91,0.26
paired_paraphrase,no_date,1000000,bitcoin will reach 1 million,57,0.46
false_only,no_date,100000000,bitcoin will reach 100 million,45,0.43
false_only,2035,20000000,"bitcoin will reach 20 million by December 31, 2035",91,0.43
false_only,no_date,20000000,bitcoin will reach 20 million,50,0.45
omitted,no_date,100000000,bitcoin will reach 100 million,72,0.34
false_only,no_date,1000000,bitcoin will reach 1 million,75,0.28
paired,no_date,1000000,bitcoin will reach 1 million,56,0.4
true_only,no_date,1000000,bitcoin will reach 1 million,67,0.37
paired,2035,20000000,"bitcoin will reach 20 million by December 31, 2035",41,0.44
false_only,2035,100000000,"bitcoin will reach 100 million by December 31, 2035",30,0.31
empty,no_date,20000000,bitcoin will reach 20 million,78,0.56
paired,no_date,1000000,bitcoin will reach 1 million,81,0.4
paired_paraphrase,no_date,100000000,bitcoin will reach 100 million,75,0.2
true_only,no_date,100000000,bitcoin will reach 100 million,11,0.47
empty,no_date,1000000,bitcoin will reach 1 million,35,0.14
paired,2035,20000000,"bitcoin will reach 20 million by December 31, 2035",27,0.43
false_only,no_date,100000000,bitcoin will reach 100 million,13,0.41
paired,2035,20000000,"bitcoin will reach 20 million by December 31, 2035",85,0.41
omitted,2035,1000000,"bitcoin will reach 1 million by December 31, 2035",89,0.14
paired,no_date,1000000,bitcoin will reach 1 million,19,0.4
true_only,2035,100000000,"bitcoin will reach 100 million by December 31, 2035",100,0.55
true_only,2035,100000000,"bitcoin will reach 100 million by December 31, 2035",74,0.54
true_only,2035,100000000,"bitcoin will reach 100 million by December 31, 2035",73,0.53
paired,no_date,100000000,bitcoin will reach 100 million,44,0.32
paired_paraphrase,2035,20000000,"bitcoin will reach 20 million by December 31, 2035",5,0.16
false_only,2035,20000000,"bitcoin will reach 20 million by December 31, 2035",96,0.43
paired,2035,20000000,"bitcoin will reach 20 million by December 31, 2035",46,0.42
omitted,no_date,1000000,bitcoin will reach 1 million,1,0.11
empty,2035,20000000,"bitcoin will reach 20 million by December 31, 2035",81,0.6
omitted,no_date,1000000,bitcoin will reach 1 million,65,0.11
empty,no_date,20000000,bitcoin will reach 20 million,58,0.55
true_only,no_date,20000000,bitcoin will reach 20 million,28,0.38
true_only,no_date,1000000,bitcoin will reach 1 million,31,0.41
true_only,no_date,1000000,bitcoin will reach 1 million,22,0.4
empty,2035,1000000,"bitcoin will reach 1 million by December 31, 2035",85,0.18
paired,2035,100000000,"bitcoin will reach 100 million by December 31, 2035",8,0.28
false_only,no_date,100000000,bitcoin will reach 100 million,35,0.42
omitted,no_date,20000000,bitcoin will reach 20 million,84,0.47
true_only,2035,20000000,"bitcoin will reach 20 million by December 31, 2035",53,0.55
paired_paraphrase,no_date,100000000,bitcoin will reach 100 million,12,0.2
true_only,2035,100000000,"bitcoin will reach 100 million by December 31, 2035",64,0.55
true_only,2035,20000000,"bitcoin will reach 20 million by December 31, 2035",72,0.51
true_only,no_date,100000000,bitcoin will reach 100 million,69,0.48
false_only,2035,100000000,"bitcoin will reach 100 million by December 31, 2035",25,0.32
false_only,2035,100000000,"bitcoin will reach 100 million by December 31, 2035",67,0.31
paired,no_date,100000000,bitcoin will reach 100 million,36,0.34
omitted,no_date,1000000,bitcoin will reach 1 million,78,0.12
paired,2035,1000000,"bitcoin will reach 1 million by December 31, 2035",18,0.39
false_only,2035,100000000,"bitcoin will reach 100 million by December 31, 2035",85,0.33
paired_paraphrase,no_date,1000000,bitcoin will reach 1 million,95,0.44
paired_paraphrase,no_date,1000000,bitcoin will reach 1 million,50,0.47
false_only,no_date,100000000,bitcoin will reach 100 million,18,0.41
omitted,no_date,100000000,bitcoin will reach 100 million,58,0.36
omitted,2035,100000000,"bitcoin will reach 100 million by December 31, 2035",58,0.45
false_only,2035,1000000,"bitcoin will reach 1 million by December 31, 2035",30,0.28
omitted,2035,1000000,"bitcoin will reach 1 million by December 31, 2035",3,0.14
omitted,2035,20000000,"bitcoin will reach 20 million by December 31, 2035",88,0.61
true_only,no_date,1000000,bitcoin will reach 1 million,44,0.4
false_only,no_date,100000000,bitcoin will reach 100 million,82,0.42
false_only,no_date,100000000,bitcoin will reach 100 million,28,0.42
empty,2035,100000000,"bitcoin will reach 100 million by December 31, 2035",38,0.24
paired,no_date,20000000,bitcoin will reach 20 million,64,0.4
true_only,2035,20000000,"bitcoin will reach 20 million by December 31, 2035",87,0.49
false_only,no_date,1000000,bitcoin will reach 1 million,93,0.26
empty,no_date,100000000,bitcoin will reach 100 million,28,0.32
paired_paraphrase,no_date,100000000,bitcoin will reach 100 million,62,0.2
omitted,no_date,20000000,bitcoin will reach 20 million,25,0.42
true_only,no_date,1000000,bitcoin will reach 1 million,59,0.34
true_only,2035,1000000,"bitcoin will reach 1 million by December 31, 2035",8,0.41
paired,2035,1000000,"bitcoin will reach 1 million by December 31, 2035",16,0.37
false_only,no_date,100000000,bitcoin will reach 100 million,43,0.41
paired,2035,1000000,"bitcoin will reach 1 million by December 31, 2035",93,0.41
omitted,no_date,1000000,bitcoin will reach 1 million,50,0.13
true_only,2035,1000000,"bitcoin will reach 1 million by December 31, 2035",4,0.4
empty,no_date,100000000,bitcoin will reach 100 million,25,0.34
true_only,2035,100000000,"bitcoin will reach 100 million by December 31, 2035",33,0.53
false_only,no_date,1000000,bitcoin will reach 1 million,68,0.23
paired_paraphrase,2035,20000000,"bitcoin will reach 20 million by December 31, 2035",6,0.14
true_only,2035,100000000,"bitcoin will reach 100 million by December 31, 2035",4,0.55
paired_paraphrase,no_date,20000000,bitcoin will reach 20 million,12,0.21
paired,2035,100000000,"bitcoin will reach 100 million by December 31, 2035",15,0.26
paired,2035,20000000,"bitcoin will reach 20 million by December 31, 2035",67,0.42
false_only,2035,20000000,"bitcoin will reach 20 million by December 31, 2035",25,0.43
paired,no_date,1000000,bitcoin will reach 1 million,38,0.39
omitted,2035,20000000,"bitcoin will reach 20 million by December 31, 2035",52,0.62
paired_paraphrase,no_date,100000000,bitcoin will reach 100 million,59,0.2
omitted,2035,100000000,"bitcoin will reach 100 million by December 31, 2035",13,0.46
empty,2035,1000000,"bitcoin will reach 1 million by December 31, 2035",7,0.19
omitted,no_date,100000000,bitcoin will reach 100 million,77,0.36
paired_paraphrase,2035,20000000,"bitcoin will reach 20 million by December 31, 2035",44,0.15
false_only,no_date,20000000,bitcoin will reach 20 million,8,0.42
omitted,no_date,1000000,bitcoin will reach 1 million,10,0.11
paired_paraphrase,no_date,20000000,bitcoin will reach 20 million,69,0.21
true_only,no_date,100000000,bitcoin will reach 100 million,53,0.5
paired,2035,100000000,"bitcoin will reach 100 million by December 31, 2035",30,0.3
paired,no_date,1000000,bitcoin will reach 1 million,80,0.4
paired,2035,100000000,"bitcoin will reach 100 million by December 31, 2035",88,0.29
paired_paraphrase,2035,1000000,"bitcoin will reach 1 million by December 31, 2035",16,0.41
true_only,2035,100000000,"bitcoin will reach 100 million by December 31, 2035",90,0.58
false_only,no_date,20000000,bitcoin will reach 20 million,89,0.37
paired_paraphrase,no_date,20000000,bitcoin will reach 20 million,28,0.22
omitted,2035,1000000,"bitcoin will reach 1 million by December 31, 2035",8,0.15
omitted,2035,20000000,"bitcoin will reach 20 million by December 31, 2035",7,0.68
true_only,2035,20000000,"bitcoin will reach 20 million by December 31, 2035",61,0.53
empty,no_date,1000000,bitcoin will reach 1 million,96,0.15
paired,2035,20000000,"bitcoin will reach 20 million by December 31, 2035",63,0.42
omitted,2035,1000000,"bitcoin will reach 1 million by December 31, 2035",68,0.15
empty,2035,1000000,"bitcoin will reach 1 million by December 31, 2035",15,0.19
paired_paraphrase,no_date,100000000,bitcoin will reach 100 million,97,0.2
false_only,2035,1000000,"bitcoin will reach 1 million by December 31, 2035",12,0.28
empty,no_date,100000000,bitcoin will reach 100 million,55,0.36
empty,2035,1000000,"bitcoin will reach 1 million by December 31, 2035",21,0.18
false_only,no_date,100000000,bitcoin will reach 100 million,1,0.42
paired,2035,20000000,"bitcoin will reach 20 million by December 31, 2035",59,0.41
false_only,no_date,20000000,bitcoin will reach 20 million,26,0.38
empty,no_date,1000000,bitcoin will reach 1 million,76,0.13
true_only,no_date,20000000,bitcoin will reach 20 million,12,0.41
paired_paraphrase,no_date,1000000,bitcoin will reach 1 million,41,0.45
true_only,2035,20000000,"bitcoin will reach 20 million by December 31, 2035",14,0.54
paired,2035,20000000,"bitcoin will reach 20 million by December 31, 2035",42,0.39
paired_paraphrase,no_date,100000000,bitcoin will reach 100 million,21,0.21
empty,2035,100000000,"bitcoin will reach 100 million by December 31, 2035",81,0.28
false_only,2035,100000000,"bitcoin will reach 100 million by December 31, 2035",92,0.36
paired,no_date,100000000,bitcoin will reach 100 million,39,0.33
empty,no_date,1000000,bitcoin will reach 1 million,72,0.14
true_only,no_date,1000000,bitcoin will reach 1 million,52,0.4
paired,no_date,20000000,bitcoin will reach 20 million,19,0.41
empty,no_date,100000000,bitcoin will reach 100 million,22,0.3
omitted,2035,1000000,"bitcoin will reach 1 million by December 31, 2035",27,0.16
empty,no_date,100000000,bitcoin will reach 100 million,68,0.36
true_only,no_date,100000000,bitcoin will reach 100 million,38,0.46
paired,no_date,100000000,bitcoin will reach 100 million,33,0.36
paired_paraphrase,2035,100000000,"bitcoin will reach 100 million by December 31, 2035",33,0.14
false_only,2035,20000000,"bitcoin will reach 20 million by December 31, 2035",61,0.4
paired,no_date,1000000,bitcoin will reach 1 million,43,0.38
true_only,no_date,20000000,bitcoin will reach 20 million,56,0.41
true_only,2035,100000000,"bitcoin will reach 100 million by December 31, 2035",55,0.53
true_only,2035,20000000,"bitcoin will reach 20 million by December 31, 2035",34,0.51
paired_paraphrase,no_date,20000000,bitcoin will reach 20 million,63,0.21
true_only,no_date,100000000,bitcoin will reach 100 million,36,0.45
paired_paraphrase,no_date,20000000,bitcoin will reach 20 million,72,0.23
empty,no_date,20000000,bitcoin will reach 20 million,97,0.58
empty,no_date,20000000,bitcoin will reach 20 million,68,0.57
paired,2035,100000000,"bitcoin will reach 100 million by December 31, 2035",53,0.28
empty,no_date,100000000,bitcoin will reach 100 million,77,0.38
true_only,2035,20000000,"bitcoin will reach 20 million by December 31, 2035",55,0.57
omitted,2035,20000000,"bitcoin will reach 20 million by December 31, 2035",42,0.65
omitted,2035,100000000,"bitcoin will reach 100 million by December 31, 2035",70,0.46
true_only,2035,100000000,"bitcoin will reach 100 million by December 31, 2035",25,0.56
empty,2035,1000000,"bitcoin will reach 1 million by December 31, 2035",22,0.16
omitted,2035,20000000,"bitcoin will reach 20 million by December 31, 2035",36,0.61
paired,2035,100000000,"bitcoin will reach 100 million by December 31, 2035",92,0.3
empty,2035,20000000,"bitcoin will reach 20 million by December 31, 2035",20,0.58
false_only,no_date,100000000,bitcoin will reach 100 million,59,0.42
paired,no_date,20000000,bitcoin will reach 20 million,51,0.37
empty,no_date,100000000,bitcoin will reach 100 million,61,0.37
omitted,2035,20000000,"bitcoin will reach 20 million by December 31, 2035",62,0.55
omitted,2035,100000000,"bitcoin will reach 100 million by December 31, 2035",31,0.45
empty,no_date,1000000,bitcoin will reach 1 million,99,0.14
false_only,2035,1000000,"bitcoin will reach 1 million by December 31, 2035",65,0.28
empty,2035,20000000,"bitcoin will reach 20 million by December 31, 2035",71,0.55
paired,no_date,1000000,bitcoin will reach 1 million,27,0.4
false_only,2035,20000000,"bitcoin will reach 20 million by December 31, 2035",5,0.45
empty,no_date,1000000,bitcoin will reach 1 million,33,0.14
false_only,no_date,100000000,bitcoin will reach 100 million,38,0.44
false_only,2035,1000000,"bitcoin will reach 1 million by December 31, 2035",78,0.27
empty,2035,20000000,"bitcoin will reach 20 million by December 31, 2035",98,0.61
paired,no_date,1000000,bitcoin will reach 1 million,99,0.41
true_only,no_date,20000000,bitcoin will reach 20 million,90,0.4
omitted,2035,1000000,"bitcoin will reach 1 million by December 31, 2035",69,0.14
false_only,no_date,20000000,bitcoin will reach 20 million,90,0.38
omitted,2035,20000000,"bitcoin will reach 20 million by December 31, 2035",96,0.62
false_only,no_date,20000000,bitcoin will reach 20 million,6,0.44
false_only,2035,100000000,"bitcoin will reach 100 million by December 31, 2035",61,0.32
true_only,2035,20000000,"bitcoin will reach 20 million by December 31, 2035",29,0.53
true_only,no_date,20000000,bitcoin will reach 20 million,100,0.37
empty,no_date,1000000,bitcoin will reach 1 million,79,0.13
empty,2035,20000000,"bitcoin will reach 20 million by December 31, 2035",83,0.61
empty,no_date,100000000,bitcoin will reach 100 million,98,0.35
empty,no_date,100000000,bitcoin will reach 100 million,15,0.34
false_only,no_date,1000000,bitcoin will reach 1 million,21,0.25
paired,2035,1000000,"bitcoin will reach 1 million by December 31, 2035",27,0.42
omitted,2035,100000000,"bitcoin will reach 100 million by December 31, 2035",4,0.47
paired_paraphrase,2035,1000000,"bitcoin will reach 1 million by December 31, 2035",68,0.4
omitted,2035,100000000,"bitcoin will reach 100 million by December 31, 2035",46,0.44
paired,no_date,100000000,bitcoin will reach 100 million,2,0.31
false_only,no_date,20000000,bitcoin will reach 20 million,52,0.43
omitted,2035,1000000,"bitcoin will reach 1 million by December 31, 2035",80,0.13
false_only,2035,100000000,"bitcoin will reach 100 million by December 31, 2035",1,0.31
true_only,2035,100000000,"bitcoin will reach 100 million by December 31, 2035",7,0.53
paired_paraphrase,2035,100000000,"bitcoin will reach 100 million by December 31, 2035",43,0.16
omitted,2035,20000000,"bitcoin will reach 20 million by December 31, 2035",64,0.61
omitted,no_date,20000000,bitcoin will reach 20 million,77,0.45
empty,no_date,20000000,bitcoin will reach 20 million,34,0.59
omitted,no_date,20000000,bitcoin will reach 20 million,30,0.45
paired_paraphrase,no_date,1000000,bitcoin will reach 1 million,67,0.47
paired_paraphrase,2035,100000000,"bitcoin will reach 100 million by December 31, 2035",99,0.13
paired_paraphrase,2035,100000000,"bitcoin will reach 100 million by December 31, 2035",86,0.14
paired_paraphrase,2035,1000000,"bitcoin will reach 1 million by December 31, 2035",33,0.39
empty,no_date,1000000,bitcoin will reach 1 million,81,0.14
empty,no_date,20000000,bitcoin will reach 20 million,90,0.57
empty,no_date,1000000,bitcoin will reach 1 million,7,0.14
false_only,2035,20000000,"bitcoin will reach 20 million by December 31, 2035",73,0.42
omitted,no_date,20000000,bitcoin will reach 20 million,73,0.43
false_only,no_date,20000000,bitcoin will reach 20 million,63,0.43
empty,2035,1000000,"bitcoin will reach 1 million by December 31, 2035",70,0.17
empty,no_date,20000000,bitcoin will reach 20 million,55,0.59
paired_paraphrase,2035,20000000,"bitcoin will reach 20 million by December 31, 2035",87,0.18
false_only,2035,1000000,"bitcoin will reach 1 million by December 31, 2035",21,0.27
paired_paraphrase,no_date,1000000,bitcoin will reach 1 million,14,0.44
paired_paraphrase,no_date,100000000,bitcoin will reach 100 million,4,0.19
true_only,no_date,1000000,bitcoin will reach 1 million,45,0.4
empty,no_date,1000000,bitcoin will reach 1 million,67,0.16
paired,no_date,20000000,bitcoin will reach 20 million,46,0.37
empty,no_date,20000000,bitcoin will reach 20 million,29,0.59
paired_paraphrase,2035,100000000,"bitcoin will reach 100 million by December 31, 2035",31,0.14
paired,no_date,20000000,bitcoin will reach 20 million,96,0.38
empty,2035,100000000,"bitcoin will reach 100 million by December 31, 2035",94,0.24
paired_paraphrase,2035,100000000,"bitcoin will reach 100 million by December 31, 2035",85,0.14
true_only,no_date,100000000,bitcoin will reach 100 million,67,0.45
empty,no_date,1000000,bitcoin will reach 1 million,91,0.15
false_only,no_date,20000000,bitcoin will reach 20 million,97,0.42
false_only,2035,20000000,"bitcoin will reach 20 million by December 31, 2035",78,0.42
true_only,no_date,1000000,bitcoin will reach 1 million,75,0.37
paired,2035,20000000,"bitcoin will reach 20 million by December 31, 2035",44,0.41
true_only,2035,1000000,"bitcoin will reach 1 million by December 31, 2035",32,0.42
omitted,2035,1000000,"bitcoin will reach 1 million by December 31, 2035",73,0.13
true_only,no_date,20000000,bitcoin will reach 20 million,2,0.41
paired,2035,20000000,"bitcoin will reach 20 million by December 31, 2035",98,0.45
empty,2035,100000000,"bitcoin will reach 100 million by December 31, 2035",88,0.25
paired_paraphrase,2035,20000000,"bitcoin will reach 20 million by December 31, 2035",75,0.17
paired_paraphrase,2035,100000000,"bitcoin will reach 100 million by December 31, 2035",12,0.14
empty,no_date,1000000,bitcoin will reach 1 million,20,0.15
paired,no_date,100000000,bitcoin will reach 100 million,16,0.35
paired_paraphrase,no_date,20000000,bitcoin will reach 20 million,95,0.21
paired,no_date,20000000,bitcoin will reach 20 million,92,0.42
paired,no_date,100000000,bitcoin will reach 100 million,52,0.37
false_only,2035,1000000,"bitcoin will reach 1 million by December 31, 2035",17,0.28
paired,2035,20000000,"bitcoin will reach 20 million by December 31, 2035",34,0.39
paired_paraphrase,no_date,100000000,bitcoin will reach 100 million,23,0.22
paired,no_date,20000000,bitcoin will reach 20 million,67,0.37
true_only,no_date,100000000,bitcoin will reach 100 million,7,0.48
paired_paraphrase,no_date,20000000,bitcoin will reach 20 million,74,0.22
true_only,no_date,100000000,bitcoin will reach 100 million,32,0.45
false_only,no_date,100000000,bitcoin will reach 100 million,12,0.41
omitted,2035,20000000,"bitcoin will reach 20 million by December 31, 2035",1,0.6
false_only,2035,1000000,"bitcoin will reach 1 million by December 31, 2035",44,0.28
true_only,no_date,20000000,bitcoin will reach 20 million,91,0.4
empty,no_date,20000000,bitcoin will reach 20 million,75,0.54
empty,no_date,1000000,bitcoin will reach 1 million,13,0.14
omitted,2035,1000000,"bitcoin will reach 1 million by December 31, 2035",43,0.15
empty,2035,1000000,"bitcoin will reach 1 million by December 31, 2035",78,0.19
paired,no_date,100000000,bitcoin will reach 100 million,5,0.34
paired,2035,1000000,"bitcoin will reach 1 million by December 31, 2035",78,0.39
false_only,no_date,20000000,bitcoin will reach 20 million,9,0.42
false_only,2035,100000000,"bitcoin will reach 100 million by December 31, 2035",5,0.33
omitted,no_date,100000000,bitcoin will reach 100 million,44,0.35
false_only,no_date,100000000,bitcoin will reach 100 million,5,0.4
paired_paraphrase,2035,100000000,"bitcoin will reach 100 million by December 31, 2035",81,0.14
omitted,no_date,100000000,bitcoin will reach 100 million,14,0.37
paired_paraphrase,2035,1000000,"bitcoin will reach 1 million by December 31, 2035",7,0.41
omitted,no_date,1000000,bitcoin will reach 1 million,45,0.1
paired_paraphrase,2035,100000000,"bitcoin will reach 100 million by December 31, 2035",53,0.13
paired_paraphrase,no_date,20000000,bitcoin will reach 20 million,73,0.22
paired_paraphrase,2035,20000000,"bitcoin will reach 20 million by December 31, 2035",25,0.17
paired_paraphrase,2035,100000000,"bitcoin will reach 100 million by December 31, 2035",61,0.13
true_only,2035,1000000,"bitcoin will reach 1 million by December 31, 2035",39,0.4
omitted,2035,1000000,"bitcoin will reach 1 million by December 31, 2035",55,0.13
empty,2035,20000000,"bitcoin will reach 20 million by December 31, 2035",41,0.6
omitted,2035,1000000,"bitcoin will reach 1 million by December 31, 2035",38,0.15
paired_paraphrase,2035,1000000,"bitcoin will reach 1 million by December 31, 2035",74,0.41
false_only,no_date,1000000,bitcoin will reach 1 million,36,0.22
false_only,2035,100000000,"bitcoin will reach 100 million by December 31, 2035",42,0.34
false_only,2035,1000000,"bitcoin will reach 1 million by December 31, 2035",82,0.27
paired_paraphrase,2035,100000000,"bitcoin will reach 100 million by December 31, 2035",66,0.16
paired_paraphrase,no_date,100000000,bitcoin will reach 100 million,28,0.21
true_only,no_date,100000000,bitcoin will reach 100 million,54,0.45
true_only,no_date,1000000,bitcoin will reach 1 million,2,0.38
true_only,no_date,20000000,bitcoin will reach 20 million,21,0.38
true_only,2035,20000000,"bitcoin will reach 20 million by December 31, 2035",66,0.53
false_only,2035,100000000,"bitcoin will reach 100 million by December 31, 2035",88,0.31
false_only,2035,100000000,"bitcoin will reach 100 million by December 31, 2035",21,0.33
paired,2035,100000000,"bitcoin will reach 100 million by December 31, 2035",56,0.25
empty,2035,20000000,"bitcoin will reach 20 million by December 31, 2035",51,0.59
paired_paraphrase,2035,20000000,"bitcoin will reach 20 million by December 31, 2035",40,0.19
paired_paraphrase,no_date,100000000,bitcoin will reach 100 million,91,0.21
empty,no_date,100000000,bitcoin will reach 100 million,95,0.34
false_only,2035,1000000,"bitcoin will reach 1 million by December 31, 2035",93,0.29
empty,no_date,100000000,bitcoin will reach 100 million,29,0.37
omitted,no_date,1000000,bitcoin will reach 1 million,37,0.11
empty,no_date,100000000,bitcoin will reach 100 million,91,0.4
paired_paraphrase,2035,1000000,"bitcoin will reach 1 million by December 31, 2035",23,0.4
paired,no_date,100000000,bitcoin will reach 100 million,27,0.38
omitted,2035,20000000,"bitcoin will reach 20 million by December 31, 2035",39,0.63
true_only,2035,20000000,"bitcoin will reach 20 million by December 31, 2035",19,0.46
empty,2035,1000000,"bitcoin will reach 1 million by December 31, 2035",90,0.18
true_only,no_date,1000000,bitcoin will reach 1 million,77,0.38
omitted,2035,1000000,"bitcoin will reach 1 million by December 31, 2035",16,0.15
paired,2035,20000000,"bitcoin will reach 20 million by December 31, 2035",80,0.4
paired,no_date,100000000,bitcoin will reach 100 million,64,0.34
paired,2035,1000000,"bitcoin will reach 1 million by December 31, 2035",6,0.4
paired,2035,1000000,"bitcoin will reach 1 million by December 31, 2035",7,0.41
omitted,no_date,20000000,bitcoin will reach 20 million,17,0.43
false_only,2035,100000000,"bitcoin will reach 100 million by December 31, 2035",20,0.32
paired_paraphrase,2035,100000000,"bitcoin will reach 100 million by December 31, 2035",19,0.14
true_only,2035,20000000,"bitcoin will reach 20 million by December 31, 2035",18,0.54
empty,2035,100000000,"bitcoin will reach 100 million by December 31, 2035",40,0.24
false_only,no_date,20000000,bitcoin will reach 20 million,34,0.4
true_only,2035,20000000,"bitcoin will reach 20 million by December 31, 2035",20,0.54
true_only,2035,1000000,"bitcoin will reach 1 million by December 31, 2035",49,0.41
true_only,no_date,1000000,bitcoin will reach 1 million,27,0.38
false_only,2035,20000000,"bitcoin will reach 20 million by December 31, 2035",45,0.44
paired_paraphrase,2035,1000000,"bitcoin will reach 1 million by December 31, 2035",53,0.42
true_only,2035,100000000,"bitcoin will reach 100 million by December 31, 2035",66,0.55
omitted,2035,1000000,"bitcoin will reach 1 million by December 31, 2035",1,0.13
false_only,no_date,1000000,bitcoin will reach 1 million,52,0.27
paired,2035,20000000,"bitcoin will reach 20 million by December 31, 2035",37,0.37
paired_paraphrase,2035,20000000,"bitcoin will reach 20 million by December 31, 2035",83,0.18
false_only,2035,20000000,"bitcoin will reach 20 million by December 31, 2035",15,0.43
false_only,no_date,1000000,bitcoin will reach 1 million,99,0.27
paired,no_date,20000000,bitcoin will reach 20 million,25,0.39
empty,2035,1000000,"bitcoin will reach 1 million by December 31, 2035",84,0.16
empty,no_date,1000000,bitcoin will reach 1 million,28,0.12
paired,no_date,1000000,bitcoin will reach 1 million,94,0.39
false_only,no_date,1000000,bitcoin will reach 1 million,24,0.28
omitted,2035,20000000,"bitcoin will reach 20 million by December 31, 2035",85,0.59
paired_paraphrase,no_date,100000000,bitcoin will reach 100 million,92,0.2
empty,2035,1000000,"bitcoin will reach 1 million by December 31, 2035",34,0.19
empty,no_date,20000000,bitcoin will reach 20 million,32,0.6
false_only,no_date,1000000,bitcoin will reach 1 million,83,0.25
paired,2035,100000000,"bitcoin will reach 100 million by December 31, 2035",17,0.24
true_only,no_date,20000000,bitcoin will reach 20 million,35,0.39
paired_paraphrase,2035,20000000,"bitcoin will reach 20 million by December 31, 2035",39,0.15
paired,no_date,100000000,bitcoin will reach 100 million,84,0.34
omitted,no_date,1000000,bitcoin will reach 1 million,23,0.11
omitted,no_date,20000000,bitcoin will reach 20 million,96,0.42
paired,2035,20000000,"bitcoin will reach 20 million by December 31, 2035",50,0.36
paired,no_date,20000000,bitcoin will reach 20 million,59,0.43
true_only,no_date,100000000,bitcoin will reach 100 million,82,0.47
omitted,2035,100000000,"bitcoin will reach 100 million by December 31, 2035",6,0.46
true_only,2035,20000000,"bitcoin will reach 20 million by December 31, 2035",63,0.54
paired,2035,20000000,"bitcoin will reach 20 million by December 31, 2035",33,0.44
true_only,no_date,1000000,bitcoin will reach 1 million,14,0.4
true_only,no_date,1000000,bitcoin will reach 1 million,47,0.4
paired_paraphrase,no_date,1000000,bitcoin will reach 1 million,11,0.43
true_only,2035,1000000,"bitcoin will reach 1 million by December 31, 2035",57,0.43
paired_paraphrase,2035,1000000,"bitcoin will reach 1 million by December 31, 2035",61,0.4
empty,no_date,20000000,bitcoin will reach 20 million,100,0.58
empty,2035,1000000,"bitcoin will reach 1 million by December 31, 2035",63,0.17
paired,2035,100000000,"bitcoin will reach 100 million by December 31, 2035",58,0.27
omitted,2035,20000000,"bitcoin will reach 20 million by December 31, 2035",91,0.55
false_only,2035,20000000,"bitcoin will reach 20 million by December 31, 2035",41,0.41
paired_paraphrase,no_date,100000000,bitcoin will reach 100 million,30,0.19
true_only,no_date,1000000,bitcoin will reach 1 million,28,0.38
false_only,no_date,1000000,bitcoin will reach 1 million,6,0.28
true_only,2035,100000000,"bitcoin will reach 100 million by December 31, 2035",45,0.54
paired,no_date,20000000,bitcoin will reach 20 million,40,0.41
empty,2035,20000000,"bitcoin will reach 20 million by December 31, 2035",53,0.56
paired_paraphrase,no_date,100000000,bitcoin will reach 100 million,45,0.19
paired,2035,1000000,"bitcoin will reach 1 million by December 31, 2035",88,0.37
paired,2035,20000000,"bitcoin will reach 20 million by December 31, 2035",43,0.38
paired,2035,100000000,"bitcoin will reach 100 million by December 31, 2035",96,0.26
paired,2035,20000000,"bitcoin will reach 20 million by December 31, 2035",70,0.42
paired,no_date,100000000,bitcoin will reach 100 million,45,0.35
omitted,2035,100000000,"bitcoin will reach 100 million by December 31, 2035",1,0.44
paired_paraphrase,no_date,100000000,bitcoin will reach 100 million,15,0.2
paired,no_date,1000000,bitcoin will reach 1 million,24,0.4
false_only,2035,100000000,"bitcoin will reach 100 million by December 31, 2035",11,0.31
paired_paraphrase,2035,100000000,"bitcoin will reach 100 million by December 31, 2035",20,0.14
paired_paraphrase,no_date,20000000,bitcoin will reach 20 million,16,0.21
paired,2035,100000000,"bitcoin will reach 100 million by December 31, 2035",25,0.26
paired_paraphrase,2035,20000000,"bitcoin will reach 20 million by December 31, 2035",16,0.16
omitted,2035,20000000,"bitcoin will reach 20 million by December 31, 2035",68,0.58
false_only,no_date,1000000,bitcoin will reach 1 million,53,0.28
empty,2035,100000000,"bitcoin will reach 100 million by December 31, 2035",50,0.25
true_only,2035,100000000,"bitcoin will reach 100 million by December 31, 2035",84,0.53
empty,2035,20000000,"bitcoin will reach 20 million by December 31, 2035",44,0.64
omitted,no_date,100000000,bitcoin will reach 100 million,37,0.35
paired_paraphrase,2035,1000000,"bitcoin will reach 1 million by December 31, 2035",88,0.41
paired_paraphrase,no_date,20000000,bitcoin will reach 20 million,42,0.26
true_only,no_date,20000000,bitcoin will reach 20 million,61,0.44
empty,no_date,100000000,bitcoin will reach 100 million,75,0.35
omitted,2035,100000000,"bitcoin will reach 100 million by December 31, 2035",68,0.43
false_only,no_date,100000000,bitcoin will reach 100 million,16,0.4
empty,no_date,100000000,bitcoin will reach 100 million,62,0.29
true_only,no_date,20000000,bitcoin will reach 20 million,94,0.37
omitted,2035,20000000,"bitcoin will reach 20 million by December 31, 2035",60,0.64
paired_paraphrase,no_date,1000000,bitcoin will reach 1 million,32,0.46
paired_paraphrase,no_date,1000000,bitcoin will reach 1 million,23,0.46
true_only,no_date,1000000,bitcoin will reach 1 million,78,0.4
true_only,2035,20000000,"bitcoin will reach 20 million by December 31, 2035",89,0.47
paired_paraphrase,no_date,100000000,bitcoin will reach 100 million,67,0.21
empty,2035,100000000,"bitcoin will reach 100 million by December 31, 2035",37,0.23
paired_paraphrase,2035,1000000,"bitcoin will reach 1 million by December 31, 2035",40,0.38
paired,2035,100000000,"bitcoin will reach 100 million by December 31, 2035",82,0.29
omitted,no_date,100000000,bitcoin will reach 100 million,50,0.33
omitted,2035,100000000,"bitcoin will reach 100 million by December 31, 2035",12,0.47
true_only,2035,100000000,"bitcoin will reach 100 million by December 31, 2035",69,0.53
true_only,2035,100000000,"bitcoin will reach 100 million by December 31, 2035",19,0.52
paired,no_date,100000000,bitcoin will reach 100 million,92,0.36
true_only,no_date,100000000,bitcoin will reach 100 million,77,0.5
false_only,no_date,1000000,bitcoin will reach 1 million,14,0.27
omitted,no_date,100000000,bitcoin will reach 100 million,8,0.39
empty,2035,100000000,"bitcoin will reach 100 million by December 31, 2035",60,0.24
omitted,2035,1000000,"bitcoin will reach 1 million by December 31, 2035",41,0.13
omitted,no_date,1000000,bitcoin will reach 1 million,56,0.11
omitted,2035,1000000,"bitcoin will reach 1 million by December 31, 2035",94,0.17
empty,no_date,20000000,bitcoin will reach 20 million,15,0.58
paired_paraphrase,no_date,1000000,bitcoin will reach 1 million,2,0.46
paired_paraphrase,2035,100000000,"bitcoin will reach 100 million by December 31, 2035",68,0.14
paired_paraphrase,2035,20000000,"bitcoin will reach 20 million by December 31, 2035",13,0.16
paired_paraphrase,no_date,20000000,bitcoin will reach 20 million,49,0.24
true_only,no_date,100000000,bitcoin will reach 100 million,92,0.46
empty,2035,20000000,"bitcoin will reach 20 million by December 31, 2035",42,0.6
paired_paraphrase,no_date,1000000,bitcoin will reach 1 million,77,0.48
omitted,no_date,1000000,bitcoin will reach 1 million,55,0.11
omitted,no_date,1000000,bitcoin will reach 1 million,72,0.12
paired,2035,100000000,"bitcoin will reach 100 million by December 31, 2035",65,0.29
omitted,no_date,100000000,bitcoin will reach 100 million,39,0.34
omitted,no_date,100000000,bitcoin will reach 100 million,86,0.38
false_only,no_date,1000000,bitcoin will reach 1 million,47,0.26
paired_paraphrase,no_date,1000000,bitcoin will reach 1 million,86,0.44
paired,2035,20000000,"bitcoin will reach 20 million by December 31, 2035",77,0.36
false_only,2035,100000000,"bitcoin will reach 100 million by December 31, 2035",65,0.31
paired_paraphrase,no_date,100000000,bitcoin will reach 100 million,17,0.17
paired,2035,100000000,"bitcoin will reach 100 million by December 31, 2035",35,0.3
true_only,no_date,20000000,bitcoin will reach 20 million,71,0.4
true_only,2035,1000000,"bitcoin will reach 1 million by December 31, 2035",79,0.38
true_only,2035,1000000,"bitcoin will reach 1 million by December 31, 2035",83,0.42
paired,2035,20000000,"bitcoin will reach 20 million by December 31, 2035",47,0.38
paired_paraphrase,2035,1000000,"bitcoin will reach 1 million by December 31, 2035",69,0.38
true_only,2035,100000000,"bitcoin will reach 100 million by December 31, 2035",62,0.54
true_only,no_date,20000000,bitcoin will reach 20 million,32,0.41
false_only,2035,100000000,"bitcoin will reach 100 million by December 31, 2035",41,0.32
omitted,2035,20000000,"bitcoin will reach 20 million by December 31, 2035",92,0.67
false_only,2035,20000000,"bitcoin will reach 20 million by December 31, 2035",33,0.45
true_only,no_date,20000000,bitcoin will reach 20 million,81,0.41
paired,2035,1000000,"bitcoin will reach 1 million by December 31, 2035",76,0.39
paired,no_date,20000000,bitcoin will reach 20 million,89,0.4
paired,no_date,100000000,bitcoin will reach 100 million,58,0.31
paired,no_date,20000000,bitcoin will reach 20 million,53,0.39
paired,2035,100000000,"bitcoin will reach 100 million by December 31, 2035",83,0.29
false_only,no_date,100000000,bitcoin will reach 100 million,42,0.43
omitted,no_date,100000000,bitcoin will reach 100 million,11,0.37
true_only,2035,20000000,"bitcoin will reach 20 million by December 31, 2035",86,0.51
paired_paraphrase,2035,100000000,"bitcoin will reach 100 million by December 31, 2035",72,0.14
empty,no_date,1000000,bitcoin will reach 1 million,85,0.15
paired,no_date,1000000,bitcoin will reach 1 million,5,0.42
false_only,2035,1000000,"bitcoin will reach 1 million by December 31, 2035",13,0.26
paired_paraphrase,2035,20000000,"bitcoin will reach 20 million by December 31, 2035",76,0.17
paired,no_date,1000000,bitcoin will reach 1 million,74,0.39
empty,2035,1000000,"bitcoin will reach 1 million by December 31, 2035",51,0.17
paired_paraphrase,no_date,1000000,bitcoin will reach 1 million,8,0.45
false_only,no_date,100000000,bitcoin will reach 100 million,22,0.42
omitted,no_date,1000000,bitcoin will reach 1 million,5,0.12
true_only,2035,20000000,"bitcoin will reach 20 million by December 31, 2035",78,0.54
false_only,2035,20000000,"bitcoin will reach 20 million by December 31, 2035",30,0.45
true_only,no_date,20000000,bitcoin will reach 20 million,99,0.39
paired,no_date,1000000,bitcoin will reach 1 million,26,0.39
paired_paraphrase,no_date,100000000,bitcoin will reach 100 million,86,0.18
false_only,no_date,20000000,bitcoin will reach 20 million,20,0.42
paired_paraphrase,no_date,20000000,bitcoin will reach 20 million,36,0.21
true_only,no_date,20000000,bitcoin will reach 20 million,75,0.39
paired,2035,20000000,"bitcoin will reach 20 million by December 31, 2035",56,0.39
paired,no_date,1000000,bitcoin will reach 1 million,35,0.4
omitted,no_date,100000000,bitcoin will reach 100 million,30,0.33
true_only,no_date,1000000,bitcoin will reach 1 million,57,0.39
true_only,no_date,1000000,bitcoin will reach 1 million,32,0.4
paired_paraphrase,no_date,100000000,bitcoin will reach 100 million,78,0.21
empty,2035,20000000,"bitcoin will reach 20 million by December 31, 2035",29,0.58
empty,2035,1000000,"bitcoin will reach 1 million by December 31, 2035",49,0.18
true_only,no_date,20000000,bitcoin will reach 20 million,72,0.37
true_only,no_date,100000000,bitcoin will reach 100 million,63,0.46
paired_paraphrase,no_date,1000000,bitcoin will reach 1 million,68,0.44
empty,2035,1000000,"bitcoin will reach 1 million by December 31, 2035",68,0.19
empty,no_date,20000000,bitcoin will reach 20 million,51,0.59
paired_paraphrase,no_date,1000000,bitcoin will reach 1 million,59,0.46
empty,2035,20000000,"bitcoin will reach 20 million by December 31, 2035",46,0.58
empty,no_date,1000000,bitcoin will reach 1 million,42,0.14
paired,no_date,20000000,bitcoin will reach 20 million,56,0.37
empty,no_date,1000000,bitcoin will reach 1 million,38,0.15
false_only,2035,20000000,"bitcoin will reach 20 million by December 31, 2035",90,0.42
true_only,2035,20000000,"bitcoin will reach 20 million by December 31, 2035",38,0.59
false_only,2035,1000000,"bitcoin will reach 1 million by December 31, 2035",63,0.28
paired_paraphrase,2035,20000000,"bitcoin will reach 20 million by December 31, 2035",99,0.16
empty,2035,20000000,"bitcoin will reach 20 million by December 31, 2035",66,0.55
false_only,no_date,20000000,bitcoin will reach 20 million,27,0.4
empty,2035,1000000,"bitcoin will reach 1 million by December 31, 2035",88,0.16
paired_paraphrase,no_date,100000000,bitcoin will reach 100 million,5,0.18
paired,no_date,1000000,bitcoin will reach 1 million,96,0.39
omitted,2035,100000000,"bitcoin will reach 100 million by December 31, 2035",93,0.46
empty,no_date,100000000,bitcoin will reach 100 million,23,0.33
true_only,no_date,1000000,bitcoin will reach 1 million,70,0.39
paired,2035,1000000,"bitcoin will reach 1 million by December 31, 2035",56,0.36
false_only,no_date,1000000,bitcoin will reach 1 million,91,0.26
true_only,2035,20000000,"bitcoin will reach 20 million by December 31, 2035",52,0.52
omitted,no_date,1000000,bitcoin will reach 1 million,25,0.11
false_only,no_date,1000000,bitcoin will reach 1 million,96,0.28
false_only,2035,20000000,"bitcoin will reach 20 million by December 31, 2035",62,0.43
paired_paraphrase,no_date,1000000,bitcoin will reach 1 million,4,0.47
empty,2035,20000000,"bitcoin will reach 20 million by December 31, 2035",34,0.56
paired,2035,100000000,"bitcoin will reach 100 million by December 31, 2035",50,0.3
paired,no_date,100000000,bitcoin will reach 100 million,46,0.35
true_only,no_date,100000000,bitcoin will reach 100 million,24,0.47
false_only,no_date,1000000,bitcoin will reach 1 million,18,0.22
empty,2035,20000000,"bitcoin will reach 20 million by December 31, 2035",54,0.59
omitted,2035,1000000,"bitcoin will reach 1 million by December 31, 2035",93,0.14
true_only,no_date,100000000,bitcoin will reach 100 million,16,0.48
omitted,2035,100000000,"bitcoin will reach 100 million by December 31, 2035",33,0.42
false_only,no_date,100000000,bitcoin will reach 100 million,24,0.4
empty,2035,1000000,"bitcoin will reach 1 million by December 31, 2035",11,0.2
true_only,2035,100000000,"bitcoin will reach 100 million by December 31, 2035",51,0.56
true_only,no_date,20000000,bitcoin will reach 20 million,59,0.4
omitted,2035,100000000,"bitcoin will reach 100 million by December 31, 2035",35,0.48
true_only,no_date,1000000,bitcoin will reach 1 million,23,0.39
false_only,no_date,100000000,bitcoin will reach 100 million,97,0.41
empty,2035,1000000,"bitcoin will reach 1 million by December 31, 2035",41,0.15
omitted,no_date,20000000,bitcoin will reach 20 million,66,0.42
true_only,2035,1000000,"bitcoin will reach 1 million by December 31, 2035",86,0.41
omitted,2035,100000000,"bitcoin will reach 100 million by December 31, 2035",2,0.47
true_only,2035,100000000,"bitcoin will reach 100 million by December 31, 2035",63,0.56
paired,2035,1000000,"bitcoin will reach 1 million by December 31, 2035",15,0.4
paired_paraphrase,no_date,100000000,bitcoin will reach 100 million,53,0.21
false_only,no_date,100000000,bitcoin will reach 100 million,52,0.39
omitted,no_date,20000000,bitcoin will reach 20 million,64,0.43
paired,no_date,100000000,bitcoin will reach 100 million,6,0.33
omitted,2035,100000000,"bitcoin will reach 100 million by December 31, 2035",73,0.45
false_only,2035,1000000,"bitcoin will reach 1 million by December 31, 2035",67,0.25
omitted,no_date,20000000,bitcoin will reach 20 million,12,0.42
omitted,2035,20000000,"bitcoin will reach 20 million by December 31, 2035",71,0.62
paired_paraphrase,no_date,1000000,bitcoin will reach 1 million,48,0.45
omitted,2035,1000000,"bitcoin will reach 1 million by December 31, 2035",46,0.13
paired_paraphrase,no_date,1000000,bitcoin will reach 1 million,81,0.48
false_only,2035,20000000,"bitcoin will reach 20 million by December 31, 2035",59,0.42
true_only,2035,20000000,"bitcoin will reach 20 million by December 31, 2035",59,0.5
false_only,no_date,100000000,bitcoin will reach 100 million,60,0.44
paired,2035,1000000,"bitcoin will reach 1 million by December 31, 2035",46,0.36
omitted,2035,1000000,"bitcoin will reach 1 million by December 31, 2035",35,0.14
false_only,2035,20000000,"bitcoin will reach 20 million by December 31, 2035",79,0.42
paired,no_date,100000000,bitcoin will reach 100 million,32,0.37
paired_paraphrase,no_date,100000000,bitcoin will reach 100 million,38,0.2
paired,no_date,1000000,bitcoin will reach 1 million,20,0.4
omitted,2035,20000000,"bitcoin will reach 20 million by December 31, 2035",81,0.59
empty,2035,1000000,"bitcoin will reach 1 million by December 31, 2035",55,0.17
true_only,2035,20000000,"bitcoin will reach 20 million by December 31, 2035",40,0.55
paired_paraphrase,2035,1000000,"bitcoin will reach 1 million by December 31, 2035",54,0.4
false_only,no_date,1000000,bitcoin will reach 1 million,4,0.28
omitted,no_date,20000000,bitcoin will reach 20 million,46,0.42
paired,2035,20000000,"bitcoin will reach 20 million by December 31, 2035",68,0.44
empty,2035,1000000,"bitcoin will reach 1 million by December 31, 2035",13,0.17
false_only,no_date,20000000,bitcoin will reach 20 million,56,0.42
true_only,no_date,20000000,bitcoin will reach 20 million,79,0.42
paired,2035,100000000,"bitcoin will reach 100 million by December 31, 2035",36,0.28
paired_paraphrase,no_date,20000000,bitcoin will reach 20 million,50,0.24
paired,2035,1000000,"bitcoin will reach 1 million by December 31, 2035",91,0.41
paired_paraphrase,no_date,20000000,bitcoin will reach 20 million,96,0.22
empty,2035,20000000,"bitcoin will reach 20 million by December 31, 2035",36,0.64
true_only,2035,20000000,"bitcoin will reach 20 million by December 31, 2035",75,0.5
false_only,no_date,100000000,bitcoin will reach 100 million,30,0.43
false_only,2035,100000000,"bitcoin will reach 100 million by December 31, 2035",6,0.35
omitted,2035,20000000,"bitcoin will reach 20 million by December 31, 2035",33,0.62
paired,no_date,100000000,bitcoin will reach 100 million,14,0.32
false_only,2035,1000000,"bitcoin will reach 1 million by December 31, 2035",70,0.28
paired_paraphrase,no_date,100000000,bitcoin will reach 100 million,32,0.22
true_only,no_date,1000000,bitcoin will reach 1 million,56,0.39
empty,2035,1000000,"bitcoin will reach 1 million by December 31, 2035",89,0.18
empty,no_date,20000000,bitcoin will reach 20 million,89,0.6
empty,2035,100000000,"bitcoin will reach 100 million by December 31, 2035",62,0.25
empty,2035,20000000,"bitcoin will reach 20 million by December 31, 2035",68,0.59
true_only,2035,20000000,"bitcoin will reach 20 million by December 31, 2035",92,0.51
omitted,no_date,20000000,bitcoin will reach 20 million,11,0.42
omitted,no_date,100000000,bitcoin will reach 100 million,52,0.39
true_only,no_date,100000000,bitcoin will reach 100 million,97,0.45
omitted,2035,20000000,"bitcoin will reach 20 million by December 31, 2035",73,0.61
empty,2035,20000000,"bitcoin will reach 20 million by December 31, 2035",25,0.57
true_only,2035,1000000,"bitcoin will reach 1 million by December 31, 2035",2,0.42
paired,no_date,100000000,bitcoin will reach 100 million,72,0.31
true_only,no_date,100000000,bitcoin will reach 100 million,28,0.49
empty,no_date,1000000,bitcoin will reach 1 million,26,0.13
paired_paraphrase,2035,20000000,"bitcoin will reach 20 million by December 31, 2035",7,0.17
true_only,no_date,20000000,bitcoin will reach 20 million,24,0.4
omitted,no_date,100000000,bitcoin will reach 100 million,48,0.38
empty,no_date,100000000,bitcoin will reach 100 million,41,0.36
paired,2035,100000000,"bitcoin will reach 100 million by December 31, 2035",97,0.25
true_only,no_date,100000000,bitcoin will reach 100 million,51,0.48
true_only,no_date,100000000,bitcoin will reach 100 million,89,0.48
empty,2035,20000000,"bitcoin will reach 20 million by December 31, 2035",77,0.63
false_only,2035,100000000,"bitcoin will reach 100 million by December 31, 2035",64,0.32
false_only,2035,20000000,"bitcoin will reach 20 million by December 31, 2035",34,0.43
true_only,no_date,20000000,bitcoin will reach 20 million,33,0.41
empty,no_date,20000000,bitcoin will reach 20 million,1,0.58
false_only,2035,20000000,"bitcoin will reach 20 million by December 31, 2035",43,0.45
true_only,2035,20000000,"bitcoin will reach 20 million by December 31, 2035",83,0.56
paired,no_date,1000000,bitcoin will reach 1 million,2,0.38
false_only,no_date,100000000,bitcoin will reach 100 million,51,0.41
false_only,2035,20000000,"bitcoin will reach 20 million by December 31, 2035",22,0.41
empty,no_date,1000000,bitcoin will reach 1 million,29,0.12
true_only,no_date,20000000,bitcoin will reach 20 million,23,0.38
paired_paraphrase,2035,100000000,"bitcoin will reach 100 million by December 31, 2035",14,0.14
true_only,no_date,20000000,bitcoin will reach 20 million,65,0.4
omitted,2035,20000000,"bitcoin will reach 20 million by December 31, 2035",54,0.58
true_only,no_date,20000000,bitcoin will reach 20 million,50,0.39
false_only,no_date,100000000,bitcoin will reach 100 million,72,0.43
false_only,2035,20000000,"bitcoin will reach 20 million by December 31, 2035",38,0.45
true_only,2035,100000000,"bitcoin will reach 100 million by December 31, 2035",22,0.55
false_only,2035,1000000,"bitcoin will reach 1 million by December 31, 2035",35,0.27
paired,2035,100000000,"bitcoin will reach 100 million by December 31, 2035",45,0.3
empty,2035,100000000,"bitcoin will reach 100 million by December 31, 2035",67,0.28
paired_paraphrase,no_date,1000000,bitcoin will reach 1 million,6,0.49
true_only,2035,100000000,"bitcoin will reach 100 million by December 31, 2035",96,0.54
false_only,2035,20000000,"bitcoin will reach 20 million by December 31, 2035",71,0.43
omitted,no_date,100000000,bitcoin will reach 100 million,19,0.39
paired,no_date,100000000,bitcoin will reach 100 million,38,0.31
empty,2035,100000000,"bitcoin will reach 100 million by December 31, 2035",35,0.3
empty,no_date,100000000,bitcoin will reach 100 million,47,0.36
false_only,2035,100000000,"bitcoin will reach 100 million by December 31, 2035",44,0.31
paired_paraphrase,2035,20000000,"bitcoin will reach 20 million by December 31, 2035",86,0.17
omitted,no_date,20000000,bitcoin will reach 20 million,53,0.46
omitted,no_date,20000000,bitcoin will reach 20 million,23,0.45
false_only,no_date,1000000,bitcoin will reach 1 million,66,0.25
paired,2035,1000000,"bitcoin will reach 1 million by December 31, 2035",90,0.36
true_only,no_date,20000000,bitcoin will reach 20 million,43,0.42
true_only,no_date,20000000,bitcoin will reach 20 million,73,0.38
paired_paraphrase,no_date,20000000,bitcoin will reach 20 million,22,0.24
paired_paraphrase,2035,100000000,"bitcoin will reach 100 million by December 31, 2035",82,0.14
false_only,no_date,20000000,bitcoin will reach 20 million,24,0.4
false_only,2035,100000000,"bitcoin will reach 100 million by December 31, 2035",27,0.35
paired,2035,100000000,"bitcoin will reach 100 million by December 31, 2035",3,0.25
true_only,no_date,1000000,bitcoin will reach 1 million,10,0.37
true_only,no_date,20000000,bitcoin will reach 20 million,93,0.38
paired_paraphrase,2035,100000000,"bitcoin will reach 100 million by December 31, 2035",39,0.12
false_only,no_date,20000000,bitcoin will reach 20 million,75,0.38
paired_paraphrase,no_date,20000000,bitcoin will reach 20 million,26,0.23
false_only,2035,20000000,"bitcoin will reach 20 million by December 31, 2035",99,0.44
paired_paraphrase,2035,100000000,"bitcoin will reach 100 million by December 31, 2035",95,0.15
omitted,2035,20000000,"bitcoin will reach 20 million by December 31, 2035",31,0.63
false_only,2035,100000000,"bitcoin will reach 100 million by December 31, 2035",13,0.31
paired,2035,1000000,"bitcoin will reach 1 million by December 31, 2035",80,0.4
false_only,no_date,20000000,bitcoin will reach 20 million,28,0.41
paired_paraphrase,2035,1000000,"bitcoin will reach 1 million by December 31, 2035",58,0.43
paired_paraphrase,2035,100000000,"bitcoin will reach 100 million by December 31, 2035",16,0.14
true_only,2035,20000000,"bitcoin will reach 20 million by December 31, 2035",12,0.51
false_only,no_date,20000000,bitcoin will reach 20 million,14,0.44
omitted,2035,100000000,"bitcoin will reach 100 million by December 31, 2035",25,0.44
paired_paraphrase,no_date,1000000,bitcoin will reach 1 million,80,0.45
false_only,2035,1000000,"bitcoin will reach 1 million by December 31, 2035",6,0.28
paired,2035,1000000,"bitcoin will reach 1 million by December 31, 2035",63,0.39
paired_paraphrase,no_date,100000000,bitcoin will reach 100 million,90,0.19
paired,2035,20000000,"bitcoin will reach 20 million by December 31, 2035",10,0.37
omitted,no_date,100000000,bitcoin will reach 100 million,79,0.35
true_only,no_date,100000000,bitcoin will reach 100 million,95,0.48
paired,2035,20000000,"bitcoin will reach 20 million by December 31, 2035",26,0.36
omitted,no_date,100000000,bitcoin will reach 100 million,42,0.36
false_only,no_date,20000000,bitcoin will reach 20 million,45,0.38
omitted,no_date,1000000,bitcoin will reach 1 million,8,0.11
true_only,no_date,100000000,bitcoin will reach 100 million,61,0.47
empty,no_date,100000000,bitcoin will reach 100 million,99,0.33
true_only,2035,1000000,"bitcoin will reach 1 million by December 31, 2035",3,0.41
paired_paraphrase,2035,100000000,"bitcoin will reach 100 million by December 31, 2035",75,0.13
paired_paraphrase,2035,100000000,"bitcoin will reach 100 million by December 31, 2035",65,0.14
omitted,2035,20000000,"bitcoin will reach 20 million by December 31, 2035",24,0.64
paired,no_date,20000000,bitcoin will reach 20 million,5,0.4
empty,no_date,20000000,bitcoin will reach 20 million,35,0.58
false_only,no_date,1000000,bitcoin will reach 1 million,32,0.25
false_only,no_date,1000000,bitcoin will reach 1 million,15,0.24
paired,2035,100000000,"bitcoin will reach 100 million by December 31, 2035",33,0.3
true_only,no_date,100000000,bitcoin will reach 100 million,57,0.49
empty,no_date,1000000,bitcoin will reach 1 million,95,0.14
false_only,2035,20000000,"bitcoin will reach 20 million by December 31, 2035",77,0.44
paired,no_date,100000000,bitcoin will reach 100 million,53,0.36
false_only,no_date,20000000,bitcoin will reach 20 million,99,0.39
paired_paraphrase,no_date,1000000,bitcoin will reach 1 million,18,0.46
false_only,2035,100000000,"bitcoin will reach 100 million by December 31, 2035",52,0.35
empty,2035,1000000,"bitcoin will reach 1 million by December 31, 2035",42,0.17
omitted,2035,1000000,"bitcoin will reach 1 million by December 31, 2035",77,0.14
paired,no_date,1000000,bitcoin will reach 1 million,54,0.4
false_only,no_date,20000000,bitcoin will reach 20 million,92,0.41
paired,2035,1000000,"bitcoin will reach 1 million by December 31, 2035",58,0.41
paired,2035,20000000,"bitcoin will reach 20 million by December 31, 2035",69,0.38
paired_paraphrase,no_date,1000000,bitcoin will reach 1 million,45,0.46
empty,2035,100000000,"bitcoin will reach 100 million by December 31, 2035",31,0.28
false_only,2035,100000000,"bitcoin will reach 100 million by December 31, 2035",89,0.35
true_only,2035,1000000,"bitcoin will reach 1 million by December 31, 2035",26,0.42
paired_paraphrase,2035,1000000,"bitcoin will reach 1 million by December 31, 2035",18,0.42
paired,2035,1000000,"bitcoin will reach 1 million by December 31, 2035",14,0.39
true_only,2035,20000000,"bitcoin will reach 20 million by December 31, 2035",46,0.5
omitted,2035,20000000,"bitcoin will reach 20 million by December 31, 2035",43,0.6
paired,no_date,1000000,bitcoin will reach 1 million,31,0.39
omitted,2035,1000000,"bitcoin will reach 1 million by December 31, 2035",44,0.14
paired_paraphrase,2035,1000000,"bitcoin will reach 1 million by December 31, 2035",67,0.42
paired,2035,20000000,"bitcoin will reach 20 million by December 31, 2035",3,0.39
false_only,2035,20000000,"bitcoin will reach 20 million by December 31, 2035",23,0.45
paired_paraphrase,no_date,1000000,bitcoin will reach 1 million,64,0.46
paired,2035,100000000,"bitcoin will reach 100 million by December 31, 2035",24,0.27
empty,2035,20000000,"bitcoin will reach 20 million by December 31, 2035",59,0.58
omitted,no_date,1000000,bitcoin will reach 1 million,49,0.12
true_only,2035,1000000,"bitcoin will reach 1 million by December 31, 2035",21,0.41
omitted,no_date,20000000,bitcoin will reach 20 million,39,0.44
omitted,2035,100000000,"bitcoin will reach 100 million by December 31, 2035",40,0.45
paired,no_date,100000000,bitcoin will reach 100 million,75,0.33
empty,no_date,20000000,bitcoin will reach 20 million,54,0.57
false_only,no_date,100000000,bitcoin will reach 100 million,94,0.4
paired_paraphrase,no_date,100000000,bitcoin will reach 100 million,51,0.22
empty,2035,100000000,"bitcoin will reach 100 million by December 31, 2035",87,0.24
omitted,2035,100000000,"bitcoin will reach 100 million by December 31, 2035",41,0.45
paired_paraphrase,2035,20000000,"bitcoin will reach 20 million by December 31, 2035",80,0.19
empty,2035,20000000,"bitcoin will reach 20 million by December 31, 2035",69,0.56
paired,no_date,1000000,bitcoin will reach 1 million,91,0.38
paired,no_date,100000000,bitcoin will reach 100 million,8,0.31
omitted,2035,1000000,"bitcoin will reach 1 million by December 31, 2035",11,0.14
omitted,no_date,1000000,bitcoin will reach 1 million,4,0.13
paired,no_date,100000000,bitcoin will reach 100 million,68,0.36
omitted,2035,20000000,"bitcoin will reach 20 million by December 31, 2035",32,0.56
paired,2035,20000000,"bitcoin will reach 20 million by December 31, 2035",52,0.43
omitted,2035,1000000,"bitcoin will reach 1 million by December 31, 2035",18,0.14
omitted,no_date,100000000,bitcoin will reach 100 million,5,0.4
false_only,no_date,100000000,bitcoin will reach 100 million,47,0.43
paired_paraphrase,2035,1000000,"bitcoin will reach 1 million by December 31, 2035",62,0.42
omitted,2035,1000000,"bitcoin will reach 1 million by December 31, 2035",84,0.15
paired_paraphrase,no_date,100000000,bitcoin will reach 100 million,9,0.19
empty,no_date,1000000,bitcoin will reach 1 million,70,0.14
false_only,2035,1000000,"bitcoin will reach 1 million by December 31, 2035",10,0.26
omitted,2035,100000000,"bitcoin will reach 100 million by December 31, 2035",27,0.44
paired_paraphrase,2035,20000000,"bitcoin will reach 20 million by December 31, 2035",17,0.15
omitted,no_date,100000000,bitcoin will reach 100 million,28,0.36
false_only,2035,1000000,"bitcoin will reach 1 million by December 31, 2035",9,0.28
paired_paraphrase,no_date,1000000,bitcoin will reach 1 million,21,0.44
true_only,2035,1000000,"bitcoin will reach 1 million by December 31, 2035",64,0.42
empty,no_date,20000000,bitcoin will reach 20 million,11,0.58
paired_paraphrase,no_date,20000000,bitcoin will reach 20 million,14,0.21
true_only,2035,100000000,"bitcoin will reach 100 million by December 31, 2035",59,0.54
true_only,2035,1000000,"bitcoin will reach 1 million by December 31, 2035",80,0.41
empty,no_date,1000000,bitcoin will reach 1 million,56,0.14
false_only,no_date,1000000,bitcoin will reach 1 million,55,0.23
empty,no_date,20000000,bitcoin will reach 20 million,62,0.6
false_only,2035,20000000,"bitcoin will reach 20 million by December 31, 2035",12,0.44
false_only,2035,1000000,"bitcoin will reach 1 million by December 31, 2035",49,0.28
true_only,no_date,100000000,bitcoin will reach 100 million,2,0.52
omitted,no_date,1000000,bitcoin will reach 1 million,44,0.11
false_only,no_date,100000000,bitcoin will reach 100 million,70,0.38
paired_paraphrase,2035,100000000,"bitcoin will reach 100 million by December 31, 2035",40,0.11
paired,2035,1000000,"bitcoin will reach 1 million by December 31, 2035",64,0.38
false_only,no_date,1000000,bitcoin will reach 1 million,70,0.28
empty,no_date,100000000,bitcoin will reach 100 million,35,0.36
false_only,2035,1000000,"bitcoin will reach 1 million by December 31, 2035",52,0.28
paired,no_date,20000000,bitcoin will reach 20 million,55,0.38
empty,no_date,20000000,bitcoin will reach 20 million,63,0.58
empty,no_date,20000000,bitcoin will reach 20 million,94,0.56
paired_paraphrase,2035,20000000,"bitcoin will reach 20 million by December 31, 2035",52,0.19
paired_paraphrase,no_date,20000000,bitcoin will reach 20 million,3,0.24
empty,2035,100000000,"bitcoin will reach 100 million by December 31, 2035",28,0.27
empty,no_date,1000000,bitcoin will reach 1 million,83,0.13
true_only,2035,20000000,"bitcoin will reach 20 million by December 31, 2035",67,0.51
paired,2035,1000000,"bitcoin will reach 1 million by December 31, 2035",8,0.37
empty,no_date,1000000,bitcoin will reach 1 million,82,0.13
paired_paraphrase,2035,20000000,"bitcoin will reach 20 million by December 31, 2035",58,0.17
paired,2035,20000000,"bitcoin will reach 20 million by December 31, 2035",74,0.35
empty,no_date,1000000,bitcoin will reach 1 million,89,0.14
true_only,no_date,100000000,bitcoin will reach 100 million,94,0.45
omitted,no_date,100000000,bitcoin will reach 100 million,66,0.38
omitted,no_date,1000000,bitcoin will reach 1 million,76,0.12
paired,2035,1000000,"bitcoin will reach 1 million by December 31, 2035",31,0.38
empty,no_date,20000000,bitcoin will reach 20 million,46,0.59
empty,2035,100000000,"bitcoin will reach 100 million by December 31, 2035",51,0.25
paired_paraphrase,no_date,1000000,bitcoin will reach 1 million,99,0.44
omitted,2035,1000000,"bitcoin will reach 1 million by December 31, 2035",72,0.14
omitted,2035,1000000,"bitcoin will reach 1 million by December 31, 2035",76,0.15
false_only,2035,20000000,"bitcoin will reach 20 million by December 31, 2035",54,0.42
paired,no_date,1000000,bitcoin will reach 1 million,83,0.42
paired_paraphrase,2035,1000000,"bitcoin will reach 1 million by December 31, 2035",28,0.41
paired,2035,20000000,"bitcoin will reach 20 million by December 31, 2035",5,0.43
true_only,no_date,1000000,bitcoin will reach 1 million,97,0.4
true_only,2035,1000000,"bitcoin will reach 1 million by December 31, 2035",88,0.4
paired,no_date,20000000,bitcoin will reach 20 million,18,0.39
paired,no_date,20000000,bitcoin will reach 20 million,9,0.42
false_only,2035,20000000,"bitcoin will reach 20 million by December 31, 2035",49,0.45
true_only,2035,1000000,"bitcoin will reach 1 million by December 31, 2035",29,0.42
false_only,no_date,1000000,bitcoin will reach 1 million,33,0.27
paired,no_date,20000000,bitcoin will reach 20 million,95,0.41
paired_paraphrase,no_date,1000000,bitcoin will reach 1 million,36,0.47
omitted,2035,100000000,"bitcoin will reach 100 million by December 31, 2035",100,0.44
true_only,2035,20000000,"bitcoin will reach 20 million by December 31, 2035",99,0.54
omitted,no_date,100000000,bitcoin will reach 100 million,100,0.36
false_only,no_date,100000000,bitcoin will reach 100 million,40,0.4
omitted,2035,1000000,"bitcoin will reach 1 million by December 31, 2035",60,0.13
false_only,2035,100000000,"bitcoin will reach 100 million by December 31, 2035",38,0.33
true_only,2035,1000000,"bitcoin will reach 1 million by December 31, 2035",43,0.44
paired,no_date,1000000,bitcoin will reach 1 million,21,0.39
empty,no_date,20000000,bitcoin will reach 20 million,48,0.59
false_only,2035,1000000,"bitcoin will reach 1 million by December 31, 2035",86,0.27
true_only,no_date,100000000,bitcoin will reach 100 million,14,0.48
true_only,no_date,100000000,bitcoin will reach 100 million,46,0.46
false_only,no_date,1000000,bitcoin will reach 1 million,25,0.27
false_only,no_date,100000000,bitcoin will reach 100 million,29,0.4
paired,2035,100000000,"bitcoin will reach 100 million by December 31, 2035",21,0.32
paired,no_date,100000000,bitcoin will reach 100 million,79,0.31
paired_paraphrase,2035,1000000,"bitcoin will reach 1 million by December 31, 2035",43,0.41
true_only,2035,1000000,"bitcoin will reach 1 million by December 31, 2035",36,0.4
empty,no_date,1000000,bitcoin will reach 1 million,63,0.13
false_only,no_date,1000000,bitcoin will reach 1 million,41,0.24
paired,2035,100000000,"bitcoin will reach 100 million by December 31, 2035",20,0.28
false_only,2035,100000000,"bitcoin will reach 100 million by December 31, 2035",45,0.34
omitted,2035,100000000,"bitcoin will reach 100 million by December 31, 2035",91,0.44
paired_paraphrase,2035,1000000,"bitcoin will reach 1 million by December 31, 2035",32,0.4
false_only,2035,1000000,"bitcoin will reach 1 million by December 31, 2035",80,0.29
false_only,2035,100000000,"bitcoin will reach 100 million by December 31, 2035",9,0.3
true_only,2035,20000000,"bitcoin will reach 20 million by December 31, 2035",27,0.5
empty,no_date,20000000,bitcoin will reach 20 million,74,0.56
true_only,no_date,1000000,bitcoin will reach 1 million,33,0.37
omitted,no_date,100000000,bitcoin will reach 100 million,43,0.35
empty,no_date,100000000,bitcoin will reach 100 million,76,0.36
true_only,2035,1000000,"bitcoin will reach 1 million by December 31, 2035",61,0.43
paired,no_date,1000000,bitcoin will reach 1 million,98,0.4
true_only,no_date,20000000,bitcoin will reach 20 million,16,0.41
false_only,no_date,20000000,bitcoin will reach 20 million,13,0.45
omitted,no_date,100000000,bitcoin will reach 100 million,96,0.38
empty,2035,100000000,"bitcoin will reach 100 million by December 31, 2035",99,0.25
paired,2035,100000000,"bitcoin will reach 100 million by December 31, 2035",80,0.3
omitted,no_date,1000000,bitcoin will reach 1 million,27,0.12
omitted,no_date,20000000,bitcoin will reach 20 million,37,0.44
empty,2035,20000000,"bitcoin will reach 20 million by December 31, 2035",73,0.6
paired_paraphrase,no_date,100000000,bitcoin will reach 100 million,94,0.2
false_only,2035,100000000,"bitcoin will reach 100 million by December 31, 2035",82,0.34
paired,2035,100000000,"bitcoin will reach 100 million by December 31, 2035",63,0.26
true_only,no_date,100000000,bitcoin will reach 100 million,56,0.48
paired,2035,100000000,"bitcoin will reach 100 million by December 31, 2035",73,0.3
true_only,2035,20000000,"bitcoin will reach 20 million by December 31, 2035",8,0.52
paired,no_date,100000000,bitcoin will reach 100 million,63,0.33
omitted,no_date,20000000,bitcoin will reach 20 million,93,0.42
paired,2035,20000000,"bitcoin will reach 20 million by December 31, 2035",12,0.43
empty,2035,100000000,"bitcoin will reach 100 million by December 31, 2035",19,0.24
paired,no_date,100000000,bitcoin will reach 100 million,87,0.33
omitted,no_date,100000000,bitcoin will reach 100 million,13,0.34
paired,2035,100000000,"bitcoin will reach 100 million by December 31, 2035",54,0.26
false_only,no_date,1000000,bitcoin will reach 1 million,54,0.27
paired,no_date,1000000,bitcoin will reach 1 million,85,0.4
true_only,no_date,100000000,bitcoin will reach 100 million,70,0.49
true_only,no_date,100000000,bitcoin will reach 100 million,100,0.47
true_only,no_date,1000000,bitcoin will reach 1 million,71,0.4
empty,2035,20000000,"bitcoin will reach 20 million by December 31, 2035",48,0.6
empty,no_date,20000000,bitcoin will reach 20 million,8,0.61
empty,no_date,20000000,bitcoin will reach 20 million,3,0.61
true_only,2035,100000000,"bitcoin will reach 100 million by December 31, 2035",83,0.55
false_only,no_date,20000000,bitcoin will reach 20 million,72,0.42
paired_paraphrase,2035,1000000,"bitcoin will reach 1 million by December 31, 2035",51,0.39
paired,no_date,100000000,bitcoin will reach 100 million,78,0.35
paired,2035,20000000,"bitcoin will reach 20 million by December 31, 2035",18,0.42
empty,2035,100000000,"bitcoin will reach 100 million by December 31, 2035",20,0.23
omitted,2035,20000000,"bitcoin will reach 20 million by December 31, 2035",5,0.6
true_only,2035,1000000,"bitcoin will reach 1 million by December 31, 2035",54,0.42
paired_paraphrase,2035,20000000,"bitcoin will reach 20 million by December 31, 2035",82,0.2
true_only,2035,20000000,"bitcoin will reach 20 million by December 31, 2035",22,0.49
true_only,2035,100000000,"bitcoin will reach 100 million by December 31, 2035",26,0.54
paired,2035,100000000,"bitcoin will reach 100 million by December 31, 2035",86,0.3
paired,2035,100000000,"bitcoin will reach 100 million by December 31, 2035",16,0.28
empty,no_date,1000000,bitcoin will reach 1 million,84,0.14
empty,no_date,1000000,bitcoin will reach 1 million,8,0.15
paired_paraphrase,2035,1000000,"bitcoin will reach 1 million by December 31, 2035",72,0.37
omitted,2035,20000000,"bitcoin will reach 20 million by December 31, 2035",63,0.62
false_only,2035,100000000,"bitcoin will reach 100 million by December 31, 2035",28,0.32
omitted,no_date,1000000,bitcoin will reach 1 million,54,0.11
false_only,no_date,100000000,bitcoin will reach 100 million,77,0.42
omitted,2035,1000000,"bitcoin will reach 1 million by December 31, 2035",48,0.13
empty,no_date,100000000,bitcoin will reach 100 million,67,0.37
false_only,no_date,1000000,bitcoin will reach 1 million,17,0.25
paired,no_date,20000000,bitcoin will reach 20 million,44,0.37
empty,no_date,100000000,bitcoin will reach 100 million,90,0.33
empty,2035,100000000,"bitcoin will reach 100 million by December 31, 2035",64,0.26
omitted,no_date,20000000,bitcoin will reach 20 million,35,0.45
true_only,2035,20000000,"bitcoin will reach 20 million by December 31, 2035",32,0.52
false_only,2035,1000000,"bitcoin will reach 1 million by December 31, 2035",14,0.28
true_only,no_date,100000000,bitcoin will reach 100 million,59,0.47
paired_paraphrase,no_date,1000000,bitcoin will reach 1 million,52,0.46
paired,no_date,20000000,bitcoin will reach 20 million,38,0.41
paired_paraphrase,no_date,100000000,bitcoin will reach 100 million,43,0.16
false_only,2035,100000000,"bitcoin will reach 100 million by December 31, 2035",78,0.33
paired_paraphrase,no_date,20000000,bitcoin will reach 20 million,79,0.21
paired_paraphrase,no_date,20000000,bitcoin will reach 20 million,54,0.26
omitted,2035,100000000,"bitcoin will reach 100 million by December 31, 2035",88,0.44
true_only,2035,1000000,"bitcoin will reach 1 million by December 31, 2035",52,0.42
paired,no_date,1000000,bitcoin will reach 1 million,22,0.4
true_only,2035,100000000,"bitcoin will reach 100 million by December 31, 2035",79,0.51
omitted,no_date,1000000,bitcoin will reach 1 million,41,0.11
empty,2035,20000000,"bitcoin will reach 20 million by December 31, 2035",21,0.59
true_only,no_date,1000000,bitcoin will reach 1 million,92,0.39
omitted,2035,100000000,"bitcoin will reach 100 million by December 31, 2035",9,0.41
paired_paraphrase,2035,100000000,"bitcoin will reach 100 million by December 31, 2035",36,0.14
paired_paraphrase,no_date,20000000,bitcoin will reach 20 million,68,0.2
paired,no_date,100000000,bitcoin will reach 100 million,42,0.33
omitted,2035,20000000,"bitcoin will reach 20 million by December 31, 2035",87,0.57
false_only,no_date,20000000,bitcoin will reach 20 million,91,0.45
false_only,2035,20000000,"bitcoin will reach 20 million by December 31, 2035",35,0.43
empty,no_date,100000000,bitcoin will reach 100 million,96,0.41
paired,no_date,100000000,bitcoin will reach 100 million,85,0.34
true_only,2035,100000000,"bitcoin will reach 100 million by December 31, 2035",53,0.54
omitted,no_date,20000000,bitcoin will reach 20 million,13,0.4
paired,2035,1000000,"bitcoin will reach 1 million by December 31, 2035",70,0.4
omitted,no_date,1000000,bitcoin will reach 1 million,29,0.12
empty,2035,100000000,"bitcoin will reach 100 million by December 31, 2035",3,0.23
empty,2035,100000000,"bitcoin will reach 100 million by December 31, 2035",16,0.26
paired_paraphrase,no_date,1000000,bitcoin will reach 1 million,61,0.45
false_only,2035,100000000,"bitcoin will reach 100 million by December 31, 2035",7,0.34
true_only,2035,20000000,"bitcoin will reach 20 million by December 31, 2035",21,0.46
paired_paraphrase,2035,1000000,"bitcoin will reach 1 million by December 31, 2035",100,0.42
false_only,no_date,20000000,bitcoin will reach 20 million,1,0.41
paired_paraphrase,no_date,20000000,bitcoin will reach 20 million,29,0.2
omitted,2035,1000000,"bitcoin will reach 1 million by December 31, 2035",65,0.17
paired_paraphrase,2035,100000000,"bitcoin will reach 100 million by December 31, 2035",10,0.14
paired_paraphrase,no_date,20000000,bitcoin will reach 20 million,94,0.25
paired_paraphrase,no_date,20000000,bitcoin will reach 20 million,77,0.21
false_only,no_date,100000000,bitcoin will reach 100 million,55,0.41
paired_paraphrase,2035,20000000,"bitcoin will reach 20 million by December 31, 2035",11,0.17
true_only,no_date,100000000,bitcoin will reach 100 million,42,0.47
false_only,2035,1000000,"bitcoin will reach 1 million by December 31, 2035",48,0.27
empty,2035,1000000,"bitcoin will reach 1 million by December 31, 2035",24,0.19
false_only,no_date,20000000,bitcoin will reach 20 million,42,0.41
empty,no_date,100000000,bitcoin will reach 100 million,38,0.31
empty,no_date,1000000,bitcoin will reach 1 million,53,0.15
paired,2035,20000000,"bitcoin will reach 20 million by December 31, 2035",65,0.34
empty,2035,1000000,"bitcoin will reach 1 million by December 31, 2035",18,0.18
true_only,2035,20000000,"bitcoin will reach 20 million by December 31, 2035",11,0.55
false_only,2035,20000000,"bitcoin will reach 20 million by December 31, 2035",51,0.42
true_only,no_date,1000000,bitcoin will reach 1 million,18,0.38
true_only,no_date,1000000,bitcoin will reach 1 million,48,0.39
paired_paraphrase,2035,20000000,"bitcoin will reach 20 million by December 31, 2035",42,0.17
false_only,2035,100000000,"bitcoin will reach 100 million by December 31, 2035",51,0.34
omitted,no_date,100000000,bitcoin will reach 100 million,54,0.37
false_only,no_date,1000000,bitcoin will reach 1 million,39,0.24
empty,2035,100000000,"bitcoin will reach 100 million by December 31, 2035",7,0.27
paired_paraphrase,2035,100000000,"bitcoin will reach 100 million by December 31, 2035",50,0.14
omitted,2035,20000000,"bitcoin will reach 20 million by December 31, 2035",57,0.66
false_only,2035,1000000,"bitcoin will reach 1 million by December 31, 2035",94,0.28
paired_paraphrase,no_date,20000000,bitcoin will reach 20 million,5,0.21
paired_paraphrase,2035,20000000,"bitcoin will reach 20 million by December 31, 2035",71,0.2
empty,no_date,100000000,bitcoin will reach 100 million,85,0.4
true_only,no_date,1000000,bitcoin will reach 1 million,12,0.39
paired_paraphrase,2035,1000000,"bitcoin will reach 1 million by December 31, 2035",84,0.42
true_only,2035,20000000,"bitcoin will reach 20 million by December 31, 2035",30,0.49
paired,2035,20000000,"bitcoin will reach 20 million by December 31, 2035",1,0.34
paired_paraphrase,no_date,1000000,bitcoin will reach 1 million,46,0.45
empty,2035,1000000,"bitcoin will reach 1 million by December 31, 2035",57,0.18
omitted,2035,1000000,"bitcoin will reach 1 million by December 31, 2035",64,0.13
false_only,no_date,100000000,bitcoin will reach 100 million,68,0.41
omitted,no_date,1000000,bitcoin will reach 1 million,59,0.09
empty,2035,20000000,"bitcoin will reach 20 million by December 31, 2035",39,0.58
paired_paraphrase,no_date,1000000,bitcoin will reach 1 million,94,0.45
omitted,2035,1000000,"bitcoin will reach 1 million by December 31, 2035",2,0.14
true_only,no_date,100000000,bitcoin will reach 100 million,41,0.46
true_only,no_date,100000000,bitcoin will reach 100 million,96,0.45
paired,no_date,20000000,bitcoin will reach 20 million,48,0.38
false_only,2035,100000000,"bitcoin will reach 100 million by December 31, 2035",19,0.31
omitted,no_date,20000000,bitcoin will reach 20 million,33,0.46
paired_paraphrase,no_date,100000000,bitcoin will reach 100 million,72,0.2
empty,no_date,20000000,bitcoin will reach 20 million,9,0.6
empty,2035,20000000,"bitcoin will reach 20 million by December 31, 2035",74,0.63
true_only,2035,20000000,"bitcoin will reach 20 million by December 31, 2035",35,0.49
true_only,no_date,1000000,bitcoin will reach 1 million,7,0.39
true_only,no_date,20000000,bitcoin will reach 20 million,19,0.39
paired_paraphrase,no_date,1000000,bitcoin will reach 1 million,96,0.46
true_only,2035,1000000,"bitcoin will reach 1 million by December 31, 2035",95,0.41
paired_paraphrase,no_date,20000000,bitcoin will reach 20 million,35,0.23
omitted,2035,1000000,"bitcoin will reach 1 million by December 31, 2035",97,0.13
paired,2035,20000000,"bitcoin will reach 20 million by December 31, 2035",61,0.39
empty,no_date,100000000,bitcoin will reach 100 million,86,0.33
empty,2035,20000000,"bitcoin will reach 20 million by December 31, 2035",70,0.58
paired,2035,20000000,"bitcoin will reach 20 million by December 31, 2035",23,0.43
true_only,no_date,20000000,bitcoin will reach 20 million,11,0.39
empty,no_date,20000000,bitcoin will reach 20 million,4,0.6
paired_paraphrase,2035,1000000,"bitcoin will reach 1 million by December 31, 2035",10,0.39
omitted,no_date,20000000,bitcoin will reach 20 million,76,0.46
paired,2035,100000000,"bitcoin will reach 100 million by December 31, 2035",85,0.31
empty,no_date,1000000,bitcoin will reach 1 million,66,0.15
paired,2035,1000000,"bitcoin will reach 1 million by December 31, 2035",22,0.35
true_only,no_date,20000000,bitcoin will reach 20 million,13,0.39
omitted,2035,20000000,"bitcoin will reach 20 million by December 31, 2035",10,0.64
true_only,no_date,100000000,bitcoin will reach 100 million,64,0.47
false_only,no_date,1000000,bitcoin will reach 1 million,85,0.28
false_only,2035,100000000,"bitcoin will reach 100 million by December 31, 2035",24,0.32
paired,no_date,1000000,bitcoin will reach 1 million,12,0.38
empty,2035,1000000,"bitcoin will reach 1 million by December 31, 2035",97,0.19
omitted,2035,1000000,"bitcoin will reach 1 million by December 31, 2035",23,0.14
paired,no_date,20000000,bitcoin will reach 20 million,79,0.39
omitted,2035,100000000,"bitcoin will reach 100 million by December 31, 2035",23,0.43
paired,2035,1000000,"bitcoin will reach 1 million by December 31, 2035",45,0.38
omitted,2035,20000000,"bitcoin will reach 20 million by December 31, 2035",2,0.6
empty,2035,1000000,"bitcoin will reach 1 million by December 31, 2035",29,0.16
paired,no_date,100000000,bitcoin will reach 100 million,70,0.33
true_only,no_date,1000000,bitcoin will reach 1 million,35,0.4
empty,no_date,20000000,bitcoin will reach 20 million,38,0.59
paired_paraphrase,no_date,100000000,bitcoin will reach 100 million,26,0.18
true_only,2035,20000000,"bitcoin will reach 20 million by December 31, 2035",4,0.52
empty,no_date,20000000,bitcoin will reach 20 million,70,0.59
paired_paraphrase,no_date,100000000,bitcoin will reach 100 million,19,0.18
true_only,2035,100000000,"bitcoin will reach 100 million by December 31, 2035",14,0.55
false_only,2035,20000000,"bitcoin will reach 20 million by December 31, 2035",46,0.45
paired_paraphrase,no_date,20000000,bitcoin will reach 20 million,2,0.23
paired_paraphrase,2035,20000000,"bitcoin will reach 20 million by December 31, 2035",78,0.18
empty,2035,1000000,"bitcoin will reach 1 million by December 31, 2035",20,0.19
true_only,no_date,20000000,bitcoin will reach 20 million,66,0.41
empty,no_date,100000000,bitcoin will reach 100 million,1,0.39
omitted,no_date,1000000,bitcoin will reach 1 million,99,0.12
empty,no_date,100000000,bitcoin will reach 100 million,13,0.38
true_only,no_date,1000000,bitcoin will reach 1 million,39,0.4
paired,2035,1000000,"bitcoin will reach 1 million by December 31, 2035",9,0.39
empty,2035,100000000,"bitcoin will reach 100 million by December 31, 2035",89,0.23
paired,no_date,1000000,bitcoin will reach 1 million,71,0.41
empty,no_date,20000000,bitcoin will reach 20 million,88,0.61
omitted,no_date,1000000,bitcoin will reach 1 million,48,0.11
true_only,2035,1000000,"bitcoin will reach 1 million by December 31, 2035",59,0.41
paired,2035,20000000,"bitcoin will reach 20 million by December 31, 2035",92,0.46
false_only,2035,1000000,"bitcoin will reach 1 million by December 31, 2035",11,0.29
true_only,no_date,20000000,bitcoin will reach 20 million,82,0.38
paired,2035,20000000,"bitcoin will reach 20 million by December 31, 2035",28,0.43
paired_paraphrase,2035,100000000,"bitcoin will reach 100 million by December 31, 2035",4,0.14
empty,no_date,1000000,bitcoin will reach 1 million,25,0.14
false_only,2035,100000000,"bitcoin will reach 100 million by December 31, 2035",22,0.32
omitted,2035,100000000,"bitcoin will reach 100 million by December 31, 2035",24,0.45
paired_paraphrase,2035,20000000,"bitcoin will reach 20 million by December 31, 2035",46,0.19
true_only,2035,100000000,"bitcoin will reach 100 million by December 31, 2035",40,0.54
omitted,no_date,1000000,bitcoin will reach 1 million,11,0.13
paired_paraphrase,no_date,1000000,bitcoin will reach 1 million,71,0.46
omitted,2035,1000000,"bitcoin will reach 1 million by December 31, 2035",31,0.15
paired_paraphrase,no_date,20000000,bitcoin will reach 20 million,6,0.23
true_only,no_date,100000000,bitcoin will reach 100 million,90,0.45
empty,2035,100000000,"bitcoin will reach 100 million by December 31, 2035",91,0.22
paired_paraphrase,no_date,1000000,bitcoin will reach 1 million,62,0.48
false_only,2035,20000000,"bitcoin will reach 20 million by December 31, 2035",80,0.47
omitted,no_date,100000000,bitcoin will reach 100 million,98,0.35
true_only,no_date,20000000,bitcoin will reach 20 million,41,0.37
empty,no_date,100000000,bitcoin will reach 100 million,31,0.32
paired,2035,100000000,"bitcoin will reach 100 million by December 31, 2035",38,0.29
false_only,2035,100000000,"bitcoin will reach 100 million by December 31, 2035",40,0.3
paired,2035,20000000,"bitcoin will reach 20 million by December 31, 2035",49,0.41
true_only,no_date,20000000,bitcoin will reach 20 million,95,0.4
true_only,no_date,20000000,bitcoin will reach 20 million,42,0.37
false_only,no_date,100000000,bitcoin will reach 100 million,56,0.43
true_only,no_date,20000000,bitcoin will reach 20 million,57,0.4
omitted,2035,100000000,"bitcoin will reach 100 million by December 31, 2035",38,0.42
paired,no_date,100000000,bitcoin will reach 100 million,28,0.38
paired,2035,1000000,"bitcoin will reach 1 million by December 31, 2035",65,0.39
omitted,no_date,1000000,bitcoin will reach 1 million,83,0.12
empty,no_date,100000000,bitcoin will reach 100 million,73,0.37
omitted,2035,1000000,"bitcoin will reach 1 million by December 31, 2035",26,0.16
paired_paraphrase,2035,1000000,"bitcoin will reach 1 million by December 31, 2035",6,0.4
true_only,2035,100000000,"bitcoin will reach 100 million by December 31, 2035",5,0.56
paired_paraphrase,no_date,100000000,bitcoin will reach 100 million,64,0.2
empty,no_date,100000000,bitcoin will reach 100 million,49,0.3
empty,2035,20000000,"bitcoin will reach 20 million by December 31, 2035",35,0.62
paired_paraphrase,no_date,20000000,bitcoin will reach 20 million,86,0.21
false_only,no_date,20000000,bitcoin will reach 20 million,70,0.43
empty,no_date,20000000,bitcoin will reach 20 million,37,0.59
empty,no_date,20000000,bitcoin will reach 20 million,73,0.57
false_only,2035,1000000,"bitcoin will reach 1 million by December 31, 2035",83,0.28
empty,2035,100000000,"bitcoin will reach 100 million by December 31, 2035",14,0.23
paired,2035,1000000,"bitcoin will reach 1 million by December 31, 2035",38,0.37
paired_paraphrase,no_date,20000000,bitcoin will reach 20 million,32,0.2
empty,no_date,1000000,bitcoin will reach 1 million,5,0.14
paired,2035,20000000,"bitcoin will reach 20 million by December 31, 2035",89,0.43
false_only,no_date,20000000,bitcoin will reach 20 million,15,0.39
omitted,no_date,20000000,bitcoin will reach 20 million,45,0.45
paired_paraphrase,no_date,1000000,bitcoin will reach 1 million,66,0.45
omitted,2035,100000000,"bitcoin will reach 100 million by December 31, 2035",74,0.47
empty,no_date,1000000,bitcoin will reach 1 million,4,0.14
false_only,2035,100000000,"bitcoin will reach 100 million by December 31, 2035",2,0.32
empty,2035,100000000,"bitcoin will reach 100 million by December 31, 2035",83,0.26
omitted,2035,20000000,"bitcoin will reach 20 million by December 31, 2035",82,0.61
omitted,no_date,1000000,bitcoin will reach 1 million,68,0.12
paired_paraphrase,2035,100000000,"bitcoin will reach 100 million by December 31, 2035",52,0.15
paired_paraphrase,no_date,1000000,bitcoin will reach 1 million,7,0.45
paired,no_date,20000000,bitcoin will reach 20 million,11,0.38
false_only,no_date,100000000,bitcoin will reach 100 million,14,0.44
empty,no_date,1000000,bitcoin will reach 1 million,52,0.14
false_only,no_date,100000000,bitcoin will reach 100 million,49,0.4
empty,no_date,100000000,bitcoin will reach 100 million,44,0.36
false_only,no_date,100000000,bitcoin will reach 100 million,50,0.42
paired,no_date,20000000,bitcoin will reach 20 million,80,0.43
false_only,2035,1000000,"bitcoin will reach 1 million by December 31, 2035",19,0.27
empty,no_date,100000000,bitcoin will reach 100 million,4,0.35
paired_paraphrase,2035,20000000,"bitcoin will reach 20 million by December 31, 2035",38,0.18
paired,2035,100000000,"bitcoin will reach 100 million by December 31, 2035",74,0.31
omitted,2035,100000000,"bitcoin will reach 100 million by December 31, 2035",87,0.46
omitted,2035,100000000,"bitcoin will reach 100 million by December 31, 2035",28,0.44
omitted,no_date,1000000,bitcoin will reach 1 million,16,0.11
paired_paraphrase,no_date,100000000,bitcoin will reach 100 million,22,0.2
omitted,2035,20000000,"bitcoin will reach 20 million by December 31, 2035",8,0.6
paired_paraphrase,2035,20000000,"bitcoin will reach 20 million by December 31, 2035",19,0.16
paired_paraphrase,2035,100000000,"bitcoin will reach 100 million by December 31, 2035",26,0.14
empty,2035,20000000,"bitcoin will reach 20 million by December 31, 2035",95,0.64
false_only,no_date,1000000,bitcoin will reach 1 million,94,0.27
false_only,2035,1000000,"bitcoin will reach 1 million by December 31, 2035",88,0.28
empty,2035,1000000,"bitcoin will reach 1 million by December 31, 2035",94,0.18
false_only,2035,100000000,"bitcoin will reach 100 million by December 31, 2035",84,0.33
paired,2035,1000000,"bitcoin will reach 1 million by December 31, 2035",87,0.39
omitted,2035,1000000,"bitcoin will reach 1 million by December 31, 2035",25,0.15
false_only,2035,20000000,"bitcoin will reach 20 million by December 31, 2035",85,0.44
omitted,no_date,100000000,bitcoin will reach 100 million,99,0.37
false_only,no_date,100000000,bitcoin will reach 100 million,79,0.43
paired,no_date,20000000,bitcoin will reach 20 million,76,0.38
paired_paraphrase,no_date,20000000,bitcoin will reach 20 million,15,0.22
omitted,2035,100000000,"bitcoin will reach 100 million by December 31, 2035",71,0.42
omitted,no_date,1000000,bitcoin will reach 1 million,58,0.11
true_only,no_date,100000000,bitcoin will reach 100 million,78,0.47
paired_paraphrase,2035,20000000,"bitcoin will reach 20 million by December 31, 2035",85,0.17
empty,2035,1000000,"bitcoin will reach 1 million by December 31, 2035",31,0.18
true_only,no_date,100000000,bitcoin will reach 100 million,3,0.5
paired_paraphrase,2035,20000000,"bitcoin will reach 20 million by December 31, 2035",15,0.19
paired_paraphrase,2035,1000000,"bitcoin will reach 1 million by December 31, 2035",5,0.39
omitted,no_date,1000000,bitcoin will reach 1 million,46,0.09
empty,no_date,20000000,bitcoin will reach 20 million,80,0.6
omitted,no_date,1000000,bitcoin will reach 1 million,64,0.12
omitted,no_date,20000000,bitcoin will reach 20 million,62,0.46
true_only,2035,1000000,"bitcoin will reach 1 million by December 31, 2035",44,0.4
omitted,no_date,20000000,bitcoin will reach 20 million,88,0.46
empty,no_date,1000000,bitcoin will reach 1 million,6,0.13
paired_paraphrase,2035,20000000,"bitcoin will reach 20 million by December 31, 2035",23,0.17
omitted,2035,1000000,"bitcoin will reach 1 million by December 31, 2035",82,0.13
empty,no_date,100000000,bitcoin will reach 100 million,50,0.33
empty,2035,100000000,"bitcoin will reach 100 million by December 31, 2035",77,0.24
omitted,2035,20000000,"bitcoin will reach 20 million by December 31, 2035",13,0.66
paired_paraphrase,no_date,100000000,bitcoin will reach 100 million,81,0.18
true_only,2035,20000000,"bitcoin will reach 20 million by December 31, 2035",82,0.54
paired_paraphrase,2035,100000000,"bitcoin will reach 100 million by December 31, 2035",77,0.14
empty,no_date,1000000,bitcoin will reach 1 million,59,0.14
true_only,no_date,100000000,bitcoin will reach 100 million,22,0.46
false_only,2035,1000000,"bitcoin will reach 1 million by December 31, 2035",62,0.26
paired_paraphrase,2035,100000000,"bitcoin will reach 100 million by December 31, 2035",59,0.15
omitted,no_date,20000000,bitcoin will reach 20 million,18,0.39
empty,no_date,100000000,bitcoin will reach 100 million,6,0.33
paired,2035,20000000,"bitcoin will reach 20 million by December 31, 2035",11,0.38
false_only,no_date,100000000,bitcoin will reach 100 million,15,0.41
true_only,no_date,1000000,bitcoin will reach 1 million,69,0.41
true_only,2035,20000000,"bitcoin will reach 20 million by December 31, 2035",51,0.51
omitted,no_date,100000000,bitcoin will reach 100 million,47,0.35
paired,2035,1000000,"bitcoin will reach 1 million by December 31, 2035",35,0.37
false_only,no_date,1000000,bitcoin will reach 1 million,56,0.27
paired,no_date,100000000,bitcoin will reach 100 million,48,0.36
paired_paraphrase,no_date,20000000,bitcoin will reach 20 million,10,0.25
omitted,no_date,20000000,bitcoin will reach 20 million,36,0.42
empty,2035,1000000,"bitcoin will reach 1 million by December 31, 2035",33,0.16
omitted,no_date,1000000,bitcoin will reach 1 million,51,0.11
paired,2035,20000000,"bitcoin will reach 20 million by December 31, 2035",45,0.37
false_only,2035,1000000,"bitcoin will reach 1 million by December 31, 2035",60,0.29
paired_paraphrase,no_date,20000000,bitcoin will reach 20 million,39,0.25
paired_paraphrase,no_date,1000000,bitcoin will reach 1 million,93,0.46
paired_paraphrase,no_date,1000000,bitcoin will reach 1 million,79,0.47
false_only,no_date,1000000,bitcoin will reach 1 million,29,0.25
true_only,2035,1000000,"bitcoin will reach 1 million by December 31, 2035",1,0.42
paired_paraphrase,2035,100000000,"bitcoin will reach 100 million by December 31, 2035",69,0.15
omitted,no_date,100000000,bitcoin will reach 100 million,4,0.36
true_only,no_date,100000000,bitcoin will reach 100 million,19,0.46
omitted,no_date,1000000,bitcoin will reach 1 million,96,0.11
paired,no_date,20000000,bitcoin will reach 20 million,4,0.46
paired,no_date,1000000,bitcoin will reach 1 million,97,0.38
empty,no_date,100000000,bitcoin will reach 100 million,56,0.36
true_only,2035,20000000,"bitcoin will reach 20 million by December 31, 2035",10,0.48
empty,2035,1000000,"bitcoin will reach 1 million by December 31, 2035",87,0.16
false_only,no_date,1000000,bitcoin will reach 1 million,22,0.27
empty,2035,1000000,"bitcoin will reach 1 million by December 31, 2035",75,0.18
true_only,no_date,100000000,bitcoin will reach 100 million,17,0.46
paired,no_date,100000000,bitcoin will reach 100 million,93,0.39
empty,2035,20000000,"bitcoin will reach 20 million by December 31, 2035",6,0.61
empty,2035,20000000,"bitcoin will reach 20 million by December 31, 2035",86,0.59
paired,2035,1000000,"bitcoin will reach 1 million by December 31, 2035",74,0.4
paired,no_date,20000000,bitcoin will reach 20 million,72,0.41
paired,2035,1000000,"bitcoin will reach 1 million by December 31, 2035",79,0.37
omitted,2035,1000000,"bitcoin will reach 1 million by December 31, 2035",10,0.14
paired_paraphrase,2035,20000000,"bitcoin will reach 20 million by December 31, 2035",48,0.18
paired,no_date,100000000,bitcoin will reach 100 million,77,0.35
paired_paraphrase,no_date,100000000,bitcoin will reach 100 million,52,0.2
omitted,2035,1000000,"bitcoin will reach 1 million by December 31, 2035",98,0.14
true_only,2035,20000000,"bitcoin will reach 20 million by December 31, 2035",70,0.51
empty,2035,1000000,"bitcoin will reach 1 million by December 31, 2035",36,0.17
omitted,2035,100000000,"bitcoin will reach 100 million by December 31, 2035",53,0.45
omitted,no_date,1000000,bitcoin will reach 1 million,85,0.11
false_only,no_date,100000000,bitcoin will reach 100 million,53,0.42
paired_paraphrase,no_date,20000000,bitcoin will reach 20 million,34,0.25
paired_paraphrase,2035,20000000,"bitcoin will reach 20 million by December 31, 2035",74,0.16
false_only,no_date,100000000,bitcoin will reach 100 million,7,0.41
false_only,no_date,100000000,bitcoin will reach 100 million,69,0.42
paired_paraphrase,2035,20000000,"bitcoin will reach 20 million by December 31, 2035",43,0.18
omitted,no_date,1000000,bitcoin will reach 1 million,82,0.11
empty,no_date,1000000,bitcoin will reach 1 million,94,0.14
false_only,2035,20000000,"bitcoin will reach 20 million by December 31, 2035",2,0.43
false_only,no_date,20000000,bitcoin will reach 20 million,67,0.39
false_only,no_date,1000000,bitcoin will reach 1 million,49,0.21
true_only,2035,100000000,"bitcoin will reach 100 million by December 31, 2035",54,0.55
empty,2035,100000000,"bitcoin will reach 100 million by December 31, 2035",90,0.27
paired_paraphrase,no_date,100000000,bitcoin will reach 100 million,14,0.19
paired,no_date,100000000,bitcoin will reach 100 million,40,0.37
omitted,2035,20000000,"bitcoin will reach 20 million by December 31, 2035",99,0.66
paired,no_date,20000000,bitcoin will reach 20 million,37,0.39
omitted,no_date,1000000,bitcoin will reach 1 million,62,0.12
false_only,2035,1000000,"bitcoin will reach 1 million by December 31, 2035",37,0.29
omitted,no_date,1000000,bitcoin will reach 1 million,74,0.12
false_only,no_date,1000000,bitcoin will reach 1 million,90,0.28
true_only,2035,100000000,"bitcoin will reach 100 million by December 31, 2035",82,0.53
false_only,no_date,20000000,bitcoin will reach 20 million,2,0.4
omitted,2035,100000000,"bitcoin will reach 100 million by December 31, 2035",19,0.43
true_only,2035,100000000,"bitcoin will reach 100 million by December 31, 2035",52,0.55
paired_paraphrase,2035,20000000,"bitcoin will reach 20 million by December 31, 2035",36,0.17
omitted,no_date,100000000,bitcoin will reach 100 million,93,0.37
empty,2035,100000000,"bitcoin will reach 100 million by December 31, 2035",32,0.26
paired,no_date,100000000,bitcoin will reach 100 million,86,0.35
false_only,no_date,20000000,bitcoin will reach 20 million,23,0.41
omitted,no_date,100000000,bitcoin will reach 100 million,62,0.37
true_only,2035,1000000,"bitcoin will reach 1 million by December 31, 2035",40,0.44
false_only,2035,20000000,"bitcoin will reach 20 million by December 31, 2035",84,0.45
empty,2035,100000000,"bitcoin will reach 100 million by December 31, 2035",25,0.28
false_only,no_date,20000000,bitcoin will reach 20 million,80,0.35
true_only,2035,20000000,"bitcoin will reach 20 million by December 31, 2035",17,0.54
paired_paraphrase,2035,20000000,"bitcoin will reach 20 million by December 31, 2035",1,0.17
paired_paraphrase,no_date,20000000,bitcoin will reach 20 million,76,0.22
empty,no_date,100000000,bitcoin will reach 100 million,72,0.33
paired_paraphrase,2035,20000000,"bitcoin will reach 20 million by December 31, 2035",34,0.18
paired,2035,20000000,"bitcoin will reach 20 million by December 31, 2035",17,0.47
true_only,no_date,100000000,bitcoin will reach 100 million,13,0.49
paired,no_date,100000000,bitcoin will reach 100 million,61,0.33
empty,no_date,100000000,bitcoin will reach 100 million,24,0.35
omitted,2035,20000000,"bitcoin will reach 20 million by December 31, 2035",19,0.67
true_only,2035,20000000,"bitcoin will reach 20 million by December 31, 2035",15,0.54
omitted,2035,1000000,"bitcoin will reach 1 million by December 31, 2035",4,0.12
empty,no_date,100000000,bitcoin will reach 100 million,83,0.34
paired,no_date,100000000,bitcoin will reach 100 million,25,0.32
true_only,no_date,20000000,bitcoin will reach 20 million,31,0.35
paired,2035,20000000,"bitcoin will reach 20 million by December 31, 2035",48,0.4
paired_paraphrase,no_date,1000000,bitcoin will reach 1 million,16,0.46
omitted,no_date,1000000,bitcoin will reach 1 million,66,0.11
true_only,no_date,100000000,bitcoin will reach 100 million,8,0.45
paired_paraphrase,2035,1000000,"bitcoin will reach 1 million by December 31, 2035",85,0.4
empty,2035,1000000,"bitcoin will reach 1 million by December 31, 2035",50,0.15
true_only,2035,1000000,"bitcoin will reach 1 million by December 31, 2035",23,0.43
paired,no_date,1000000,bitcoin will reach 1 million,44,0.4
paired,no_date,20000000,bitcoin will reach 20 million,36,0.41
omitted,2035,100000000,"bitcoin will reach 100 million by December 31, 2035",7,0.46
false_only,no_date,1000000,bitcoin will reach 1 million,28,0.24
omitted,no_date,100000000,bitcoin will reach 100 million,32,0.37
empty,no_date,20000000,bitcoin will reach 20 million,41,0.59
paired_paraphrase,no_date,100000000,bitcoin will reach 100 million,87,0.2
paired,no_date,1000000,bitcoin will reach 1 million,51,0.38
empty,no_date,100000000,bitcoin will reach 100 million,48,0.36
empty,2035,1000000,"bitcoin will reach 1 million by December 31, 2035",56,0.17
paired_paraphrase,no_date,20000000,bitcoin will reach 20 million,30,0.21
empty,2035,100000000,"bitcoin will reach 100 million by December 31, 2035",84,0.25
paired,2035,100000000,"bitcoin will reach 100 million by December 31, 2035",19,0.29
empty,no_date,20000000,bitcoin will reach 20 million,42,0.6
empty,2035,20000000,"bitcoin will reach 20 million by December 31, 2035",23,0.57
true_only,2035,1000000,"bitcoin will reach 1 million by December 31, 2035",47,0.44
empty,2035,20000000,"bitcoin will reach 20 million by December 31, 2035",65,0.64
true_only,2035,1000000,"bitcoin will reach 1 million by December 31, 2035",65,0.39
paired,2035,100000000,"bitcoin will reach 100 million by December 31, 2035",69,0.28
false_only,no_date,100000000,bitcoin will reach 100 million,91,0.4
false_only,2035,20000000,"bitcoin will reach 20 million by December 31, 2035",83,0.44
paired,2035,1000000,"bitcoin will reach 1 million by December 31, 2035",17,0.38
true_only,2035,100000000,"bitcoin will reach 100 million by December 31, 2035",32,0.54
empty,2035,100000000,"bitcoin will reach 100 million by December 31, 2035",98,0.25
paired,no_date,1000000,bitcoin will reach 1 million,69,0.38
false_only,2035,1000000,"bitcoin will reach 1 million by December 31, 2035",31,0.26
paired,2035,20000000,"bitcoin will reach 20 million by December 31, 2035",84,0.35
false_only,no_date,1000000,bitcoin will reach 1 million,88,0.26
false_only,2035,1000000,"bitcoin will reach 1 million by December 31, 2035",3,0.27
paired,no_date,20000000,bitcoin will reach 20 million,47,0.4
omitted,no_date,1000000,bitcoin will reach 1 million,69,0.1
omitted,no_date,20000000,bitcoin will reach 20 million,52,0.42
empty,no_date,20000000,bitcoin will reach 20 million,66,0.62
false_only,2035,20000000,"bitcoin will reach 20 million by December 31, 2035",58,0.46
omitted,no_date,100000000,bitcoin will reach 100 million,27,0.34
true_only,no_date,100000000,bitcoin will reach 100 million,44,0.46
empty,2035,1000000,"bitcoin will reach 1 million by December 31, 2035",92,0.16
omitted,no_date,100000000,bitcoin will reach 100 million,71,0.35
paired,no_date,20000000,bitcoin will reach 20 million,30,0.4
omitted,no_date,20000000,bitcoin will reach 20 million,26,0.46
omitted,2035,20000000,"bitcoin will reach 20 million by December 31, 2035",27,0.59
omitted,2035,100000000,"bitcoin will reach 100 million by December 31, 2035",8,0.44
false_only,2035,1000000,"bitcoin will reach 1 million by December 31, 2035",29,0.26
paired,no_date,100000000,bitcoin will reach 100 million,35,0.36
empty,no_date,100000000,bitcoin will reach 100 million,39,0.29
true_only,2035,20000000,"bitcoin will reach 20 million by December 31, 2035",85,0.53
omitted,2035,20000000,"bitcoin will reach 20 million by December 31, 2035",41,0.64
paired_paraphrase,no_date,1000000,bitcoin will reach 1 million,25,0.45
paired,no_date,1000000,bitcoin will reach 1 million,93,0.42
true_only,no_date,1000000,bitcoin will reach 1 million,90,0.38
paired,no_date,100000000,bitcoin will reach 100 million,60,0.35
empty,2035,20000000,"bitcoin will reach 20 million by December 31, 2035",89,0.56
paired_paraphrase,no_date,20000000,bitcoin will reach 20 million,55,0.21
empty,no_date,1000000,bitcoin will reach 1 million,27,0.15
true_only,2035,20000000,"bitcoin will reach 20 million by December 31, 2035",6,0.53
true_only,no_date,1000000,bitcoin will reach 1 million,20,0.38
omitted,no_date,20000000,bitcoin will reach 20 million,95,0.43
paired_paraphrase,no_date,20000000,bitcoin will reach 20 million,41,0.23
empty,no_date,100000000,bitcoin will reach 100 million,26,0.34
true_only,no_date,100000000,bitcoin will reach 100 million,6,0.45
paired,no_date,1000000,bitcoin will reach 1 million,41,0.39
omitted,2035,20000000,"bitcoin will reach 20 million by December 31, 2035",93,0.66
true_only,2035,20000000,"bitcoin will reach 20 million by December 31, 2035",65,0.5
empty,2035,20000000,"bitcoin will reach 20 million by December 31, 2035",3,0.61
paired_paraphrase,2035,100000000,"bitcoin will reach 100 million by December 31, 2035",18,0.12
empty,no_date,20000000,bitcoin will reach 20 million,13,0.56
paired_paraphrase,2035,100000000,"bitcoin will reach 100 million by December 31, 2035",100,0.13
true_only,no_date,1000000,bitcoin will reach 1 million,42,0.39
paired,2035,1000000,"bitcoin will reach 1 million by December 31, 2035",92,0.37
omitted,2035,1000000,"bitcoin will reach 1 million by December 31, 2035",61,0.13
paired_paraphrase,2035,20000000,"bitcoin will reach 20 million by December 31, 2035",3,0.18
empty,no_date,1000000,bitcoin will reach 1 million,58,0.14
paired,no_date,100000000,bitcoin will reach 100 million,91,0.36
false_only,no_date,20000000,bitcoin will reach 20 million,46,0.4
paired_paraphrase,2035,1000000,"bitcoin will reach 1 million by December 31, 2035",13,0.41
omitted,no_date,1000000,bitcoin will reach 1 million,52,0.1
paired_paraphrase,no_date,20000000,bitcoin will reach 20 million,93,0.22
empty,2035,100000000,"bitcoin will reach 100 million by December 31, 2035",10,0.22
false_only,2035,1000000,"bitcoin will reach 1 million by December 31, 2035",18,0.25
paired_paraphrase,2035,20000000,"bitcoin will reach 20 million by December 31, 2035",98,0.19
empty,2035,100000000,"bitcoin will reach 100 million by December 31, 2035",79,0.26
omitted,no_date,20000000,bitcoin will reach 20 million,16,0.45
paired_paraphrase,2035,20000000,"bitcoin will reach 20 million by December 31, 2035",92,0.18
omitted,2035,1000000,"bitcoin will reach 1 million by December 31, 2035",20,0.13
paired,no_date,20000000,bitcoin will reach 20 million,23,0.39
paired_paraphrase,no_date,1000000,bitcoin will reach 1 million,97,0.45
omitted,2035,1000000,"bitcoin will reach 1 million by December 31, 2035",75,0.14
omitted,2035,1000000,"bitcoin will reach 1 million by December 31, 2035",9,0.16
true_only,no_date,20000000,bitcoin will reach 20 million,64,0.4
false_only,2035,20000000,"bitcoin will reach 20 million by December 31, 2035",36,0.43
true_only,2035,100000000,"bitcoin will reach 100 million by December 31, 2035",61,0.54
true_only,no_date,100000000,bitcoin will reach 100 million,62,0.46
false_only,no_date,20000000,bitcoin will reach 20 million,93,0.36
true_only,2035,1000000,"bitcoin will reach 1 million by December 31, 2035",82,0.4
paired_paraphrase,no_date,100000000,bitcoin will reach 100 million,60,0.18
paired_paraphrase,no_date,1000000,bitcoin will reach 1 million,75,0.48
paired_paraphrase,2035,20000000,"bitcoin will reach 20 million by December 31, 2035",8,0.18
paired_paraphrase,2035,1000000,"bitcoin will reach 1 million by December 31, 2035",49,0.4
empty,no_date,1000000,bitcoin will reach 1 million,48,0.14
false_only,no_date,100000000,bitcoin will reach 100 million,31,0.41
empty,2035,1000000,"bitcoin will reach 1 million by December 31, 2035",16,0.19
paired_paraphrase,2035,1000000,"bitcoin will reach 1 million by December 31, 2035",82,0.41
paired_paraphrase,no_date,20000000,bitcoin will reach 20 million,57,0.23
true_only,2035,1000000,"bitcoin will reach 1 million by December 31, 2035",9,0.43
true_only,2035,20000000,"bitcoin will reach 20 million by December 31, 2035",5,0.56
true_only,2035,100000000,"bitcoin will reach 100 million by December 31, 2035",94,0.54
empty,2035,100000000,"bitcoin will reach 100 million by December 31, 2035",85,0.25
paired_paraphrase,no_date,20000000,bitcoin will reach 20 million,48,0.2
paired,no_date,1000000,bitcoin will reach 1 million,39,0.41
omitted,2035,100000000,"bitcoin will reach 100 million by December 31, 2035",82,0.47
omitted,no_date,20000000,bitcoin will reach 20 million,14,0.44
omitted,2035,1000000,"bitcoin will reach 1 million by December 31, 2035",36,0.14
paired_paraphrase,2035,100000000,"bitcoin will reach 100 million by December 31, 2035",37,0.13
paired_paraphrase,2035,20000000,"bitcoin will reach 20 million by December 31, 2035",96,0.16
paired,2035,100000000,"bitcoin will reach 100 million by December 31, 2035",87,0.24
omitted,2035,20000000,"bitcoin will reach 20 million by December 31, 2035",23,0.63
paired_paraphrase,no_date,20000000,bitcoin will reach 20 million,61,0.22
true_only,2035,100000000,"bitcoin will reach 100 million by December 31, 2035",97,0.56
paired_paraphrase,2035,1000000,"bitcoin will reach 1 million by December 31, 2035",89,0.36
true_only,no_date,100000000,bitcoin will reach 100 million,31,0.49
paired_paraphrase,no_date,1000000,bitcoin will reach 1 million,74,0.46
omitted,2035,1000000,"bitcoin will reach 1 million by December 31, 2035",33,0.16
omitted,no_date,100000000,bitcoin will reach 100 million,67,0.37
paired,no_date,1000000,bitcoin will reach 1 million,42,0.38
omitted,no_date,20000000,bitcoin will reach 20 million,60,0.45
false_only,no_date,20000000,bitcoin will reach 20 million,59,0.4
empty,no_date,20000000,bitcoin will reach 20 million,10,0.58
paired_paraphrase,no_date,100000000,bitcoin will reach 100 million,8,0.16
true_only,2035,100000000,"bitcoin will reach 100 million by December 31, 2035",85,0.56
paired,no_date,20000000,bitcoin will reach 20 million,85,0.38
true_only,2035,1000000,"bitcoin will reach 1 million by December 31, 2035",55,0.41
false_only,2035,1000000,"bitcoin will reach 1 million by December 31, 2035",27,0.29
paired_paraphrase,no_date,20000000,bitcoin will reach 20 million,46,0.24
empty,no_date,100000000,bitcoin will reach 100 million,45,0.34
omitted,no_date,1000000,bitcoin will reach 1 million,43,0.09
false_only,2035,100000000,"bitcoin will reach 100 million by December 31, 2035",36,0.35
paired,2035,1000000,"bitcoin will reach 1 million by December 31, 2035",52,0.39
paired_paraphrase,no_date,1000000,bitcoin will reach 1 million,24,0.43
false_only,no_date,20000000,bitcoin will reach 20 million,16,0.38
paired,no_date,20000000,bitcoin will reach 20 million,15,0.42
paired_paraphrase,no_date,100000000,bitcoin will reach 100 million,46,0.2
omitted,2035,1000000,"bitcoin will reach 1 million by December 31, 2035",14,0.13
omitted,2035,20000000,"bitcoin will reach 20 million by December 31, 2035",74,0.6
false_only,2035,1000000,"bitcoin will reach 1 million by December 31, 2035",64,0.25
omitted,no_date,20000000,bitcoin will reach 20 million,29,0.45
omitted,no_date,1000000,bitcoin will reach 1 million,47,0.12
true_only,no_date,1000000,bitcoin will reach 1 million,25,0.4
true_only,2035,100000000,"bitcoin will reach 100 million by December 31, 2035",76,0.53
true_only,no_date,20000000,bitcoin will reach 20 million,70,0.38
paired_paraphrase,no_date,1000000,bitcoin will reach 1 million,31,0.46
paired_paraphrase,no_date,100000000,bitcoin will reach 100 million,85,0.21
true_only,no_date,1000000,bitcoin will reach 1 million,82,0.4
paired,2035,1000000,"bitcoin will reach 1 million by December 31, 2035",60,0.41
paired,2035,20000000,"bitcoin will reach 20 million by December 31, 2035",36,0.42
paired,no_date,20000000,bitcoin will reach 20 million,58,0.41
omitted,no_date,100000000,bitcoin will reach 100 million,7,0.36
omitted,no_date,20000000,bitcoin will reach 20 million,41,0.44
paired,2035,20000000,"bitcoin will reach 20 million by December 31, 2035",97,0.42
true_only,no_date,1000000,bitcoin will reach 1 million,58,0.39
omitted,no_date,100000000,bitcoin will reach 100 million,64,0.35
paired_paraphrase,2035,1000000,"bitcoin will reach 1 million by December 31, 2035",52,0.4
paired,2035,100000000,"bitcoin will reach 100 million by December 31, 2035",18,0.27
paired,no_date,20000000,bitcoin will reach 20 million,68,0.39
true_only,no_date,20000000,bitcoin will reach 20 million,84,0.39
true_only,no_date,100000000,bitcoin will reach 100 million,80,0.45
paired_paraphrase,no_date,20000000,bitcoin will reach 20 million,67,0.21
omitted,2035,20000000,"bitcoin will reach 20 million by December 31, 2035",47,0.56
empty,2035,100000000,"bitcoin will reach 100 million by December 31, 2035",78,0.28
false_only,2035,100000000,"bitcoin will reach 100 million by December 31, 2035",10,0.32
false_only,no_date,1000000,bitcoin will reach 1 million,64,0.22
paired_paraphrase,2035,100000000,"bitcoin will reach 100 million by December 31, 2035",38,0.13
paired_paraphrase,2035,1000000,"bitcoin will reach 1 million by December 31, 2035",2,0.4
false_only,no_date,100000000,bitcoin will reach 100 million,32,0.42
empty,no_date,20000000,bitcoin will reach 20 million,7,0.59
empty,no_date,1000000,bitcoin will reach 1 million,93,0.13
empty,no_date,1000000,bitcoin will reach 1 million,32,0.14
paired_paraphrase,no_date,100000000,bitcoin will reach 100 million,77,0.2
true_only,no_date,20000000,bitcoin will reach 20 million,4,0.38
false_only,no_date,20000000,bitcoin will reach 20 million,88,0.42
false_only,no_date,100000000,bitcoin will reach 100 million,33,0.44
paired,2035,1000000,"bitcoin will reach 1 million by December 31, 2035",40,0.42
omitted,no_date,1000000,bitcoin will reach 1 million,57,0.13
paired_paraphrase,no_date,1000000,bitcoin will reach 1 million,65,0.45
true_only,2035,20000000,"bitcoin will reach 20 million by December 31, 2035",9,0.51
paired,2035,1000000,"bitcoin will reach 1 million by December 31, 2035",53,0.39
false_only,2035,20000000,"bitcoin will reach 20 million by December 31, 2035",52,0.41
false_only,2035,20000000,"bitcoin will reach 20 million by December 31, 2035",48,0.41
false_only,no_date,100000000,bitcoin will reach 100 million,71,0.42
paired,2035,1000000,"bitcoin will reach 1 million by December 31, 2035",62,0.4
empty,no_date,100000000,bitcoin will reach 100 million,71,0.33
omitted,no_date,20000000,bitcoin will reach 20 million,90,0.43
paired_paraphrase,2035,1000000,"bitcoin will reach 1 million by December 31, 2035",56,0.42
omitted,no_date,20000000,bitcoin will reach 20 million,27,0.45
false_only,no_date,20000000,bitcoin will reach 20 million,25,0.45
false_only,no_date,1000000,bitcoin will reach 1 million,23,0.25
empty,2035,1000000,"bitcoin will reach 1 million by December 31, 2035",58,0.21
paired_paraphrase,no_date,20000000,bitcoin will reach 20 million,80,0.23
paired_paraphrase,no_date,1000000,bitcoin will reach 1 million,87,0.45
paired,2035,20000000,"bitcoin will reach 20 million by December 31, 2035",6,0.42
paired_paraphrase,no_date,1000000,bitcoin will reach 1 million,1,0.45
true_only,no_date,100000000,bitcoin will reach 100 million,47,0.48
paired,2035,100000000,"bitcoin will reach 100 million by December 31, 2035",62,0.29
false_only,2035,1000000,"bitcoin will reach 1 million by December 31, 2035",1,0.25
omitted,no_date,1000000,bitcoin will reach 1 million,75,0.12
paired_paraphrase,2035,100000000,"bitcoin will reach 100 million by December 31, 2035",2,0.15
paired_paraphrase,no_date,20000000,bitcoin will reach 20 million,52,0.21
empty,no_date,1000000,bitcoin will reach 1 million,64,0.13
false_only,2035,1000000,"bitcoin will reach 1 million by December 31, 2035",38,0.28
false_only,no_date,1000000,bitcoin will reach 1 million,59,0.24
paired,2035,20000000,"bitcoin will reach 20 million by December 31, 2035",96,0.38
empty,2035,100000000,"bitcoin will reach 100 million by December 31, 2035",54,0.23
paired,no_date,20000000,bitcoin will reach 20 million,49,0.38
empty,no_date,20000000,bitcoin will reach 20 million,12,0.59
omitted,2035,100000000,"bitcoin will reach 100 million by December 31, 2035",84,0.45
omitted,2035,1000000,"bitcoin will reach 1 million by December 31, 2035",63,0.16
true_only,no_date,20000000,bitcoin will reach 20 million,76,0.41
paired_paraphrase,2035,20000000,"bitcoin will reach 20 million by December 31, 2035",35,0.2
empty,no_date,100000000,bitcoin will reach 100 million,8,0.32
false_only,no_date,1000000,bitcoin will reach 1 million,69,0.29
paired_paraphrase,no_date,20000000,bitcoin will reach 20 million,19,0.23
paired_paraphrase,no_date,1000000,bitcoin will reach 1 million,12,0.44
false_only,no_date,20000000,bitcoin will reach 20 million,78,0.37
paired,2035,1000000,"bitcoin will reach 1 million by December 31, 2035",75,0.4
empty,2035,1000000,"bitcoin will reach 1 million by December 31, 2035",65,0.18
true_only,2035,1000000,"bitcoin will reach 1 million by December 31, 2035",17,0.41
omitted,no_date,100000000,bitcoin will reach 100 million,92,0.35
omitted,no_date,20000000,bitcoin will reach 20 million,70,0.48
paired,no_date,1000000,bitcoin will reach 1 million,46,0.37
paired,no_date,20000000,bitcoin will reach 20 million,50,0.38
paired,2035,20000000,"bitcoin will reach 20 million by December 31, 2035",30,0.41
omitted,2035,20000000,"bitcoin will reach 20 million by December 31, 2035",15,0.66
paired_paraphrase,2035,1000000,"bitcoin will reach 1 million by December 31, 2035",66,0.41
omitted,no_date,1000000,bitcoin will reach 1 million,73,0.1
paired,2035,20000000,"bitcoin will reach 20 million by December 31, 2035",4,0.39
false_only,no_date,1000000,bitcoin will reach 1 million,43,0.26
paired_paraphrase,no_date,1000000,bitcoin will reach 1 million,47,0.49
true_only,2035,1000000,"bitcoin will reach 1 million by December 31, 2035",41,0.42
paired,no_date,20000000,bitcoin will reach 20 million,63,0.43
true_only,2035,20000000,"bitcoin will reach 20 million by December 31, 2035",58,0.5
omitted,2035,1000000,"bitcoin will reach 1 million by December 31, 2035",45,0.13
false_only,no_date,20000000,bitcoin will reach 20 million,5,0.4
omitted,2035,100000000,"bitcoin will reach 100 million by December 31, 2035",89,0.38
false_only,no_date,100000000,bitcoin will reach 100 million,76,0.41
paired_paraphrase,no_date,1000000,bitcoin will reach 1 million,34,0.46
omitted,2035,100000000,"bitcoin will reach 100 million by December 31, 2035",83,0.44
false_only,2035,100000000,"bitcoin will reach 100 million by December 31, 2035",37,0.32
true_only,no_date,100000000,bitcoin will reach 100 million,98,0.49
omitted,no_date,1000000,bitcoin will reach 1 million,89,0.13
paired_paraphrase,no_date,100000000,bitcoin will reach 100 million,37,0.19
paired_paraphrase,2035,1000000,"bitcoin will reach 1 million by December 31, 2035",39,0.41
empty,2035,20000000,"bitcoin will reach 20 million by December 31, 2035",57,0.59
empty,no_date,100000000,bitcoin will reach 100 million,40,0.31
paired,2035,100000000,"bitcoin will reach 100 million by December 31, 2035",44,0.25
paired_paraphrase,2035,1000000,"bitcoin will reach 1 million by December 31, 2035",11,0.41
paired_paraphrase,no_date,100000000,bitcoin will reach 100 million,20,0.2
paired_paraphrase,2035,100000000,"bitcoin will reach 100 million by December 31, 2035",48,0.13
omitted,no_date,100000000,bitcoin will reach 100 million,1,0.37
omitted,no_date,20000000,bitcoin will reach 20 million,80,0.45
paired,no_date,100000000,bitcoin will reach 100 million,81,0.36
true_only,2035,20000000,"bitcoin will reach 20 million by December 31, 2035",47,0.53
false_only,no_date,100000000,bitcoin will reach 100 million,36,0.42
paired,no_date,1000000,bitcoin will reach 1 million,55,0.4
true_only,2035,1000000,"bitcoin will reach 1 million by December 31, 2035",27,0.44
false_only,no_date,100000000,bitcoin will reach 100 million,75,0.41
true_only,no_date,20000000,bitcoin will reach 20 million,22,0.4
true_only,no_date,20000000,bitcoin will reach 20 million,29,0.37
empty,no_date,1000000,bitcoin will reach 1 million,24,0.15
paired,no_date,100000000,bitcoin will reach 100 million,50,0.33
false_only,2035,20000000,"bitcoin will reach 20 million by December 31, 2035",81,0.4
paired_paraphrase,no_date,100000000,bitcoin will reach 100 million,74,0.2
paired,2035,100000000,"bitcoin will reach 100 million by December 31, 2035",29,0.29
paired_paraphrase,2035,100000000,"bitcoin will reach 100 million by December 31, 2035",30,0.14
false_only,no_date,20000000,bitcoin will reach 20 million,87,0.44
empty,no_date,20000000,bitcoin will reach 20 million,98,0.58
omitted,no_date,100000000,bitcoin will reach 100 million,2,0.38
paired_paraphrase,no_date,1000000,bitcoin will reach 1 million,3,0.45
true_only,no_date,1000000,bitcoin will reach 1 million,11,0.4
omitted,no_date,100000000,bitcoin will reach 100 million,38,0.36
paired,2035,20000000,"bitcoin will reach 20 million by December 31, 2035",83,0.41
omitted,2035,20000000,"bitcoin will reach 20 million by December 31, 2035",83,0.66
true_only,no_date,20000000,bitcoin will reach 20 million,58,0.4
omitted,no_date,1000000,bitcoin will reach 1 million,60,0.12
empty,2035,20000000,"bitcoin will reach 20 million by December 31, 2035",58,0.62
paired_paraphrase,no_date,1000000,bitcoin will reach 1 million,37,0.48
omitted,2035,20000000,"bitcoin will reach 20 million by December 31, 2035",35,0.66
paired,no_date,1000000,bitcoin will reach 1 million,59,0.42
omitted,2035,100000000,"bitcoin will reach 100 million by December 31, 2035",44,0.44
omitted,no_date,1000000,bitcoin will reach 1 million,3,0.13
paired_paraphrase,no_date,20000000,bitcoin will reach 20 million,51,0.22
omitted,no_date,1000000,bitcoin will reach 1 million,100,0.11
true_only,no_date,20000000,bitcoin will reach 20 million,52,0.4
omitted,2035,1000000,"bitcoin will reach 1 million by December 31, 2035",56,0.16
omitted,2035,1000000,"bitcoin will reach 1 million by December 31, 2035",87,0.12
empty,2035,100000000,"bitcoin will reach 100 million by December 31, 2035",6,0.26
paired_paraphrase,no_date,1000000,bitcoin will reach 1 million,19,0.45
true_only,2035,20000000,"bitcoin will reach 20 million by December 31, 2035",80,0.53
true_only,2035,20000000,"bitcoin will reach 20 million by December 31, 2035",25,0.5
paired,no_date,20000000,bitcoin will reach 20 million,78,0.41
empty,2035,1000000,"bitcoin will reach 1 million by December 31, 2035",32,0.19
paired_paraphrase,no_date,100000000,bitcoin will reach 100 million,98,0.2
empty,no_date,100000000,bitcoin will reach 100 million,84,0.32
paired,2035,1000000,"bitcoin will reach 1 million by December 31, 2035",50,0.39
paired,2035,100000000,"bitcoin will reach 100 million by December 31, 2035",57,0.25
paired,2035,20000000,"bitcoin will reach 20 million by December 31, 2035",93,0.41
paired_paraphrase,no_date,20000000,bitcoin will reach 20 million,17,0.22
empty,2035,100000000,"bitcoin will reach 100 million by December 31, 2035",61,0.25
empty,2035,1000000,"bitcoin will reach 1 million by December 31, 2035",25,0.18
empty,2035,100000000,"bitcoin will reach 100 million by December 31, 2035",2,0.28
omitted,no_date,1000000,bitcoin will reach 1 million,14,0.11
paired,2035,1000000,"bitcoin will reach 1 million by December 31, 2035",12,0.39
true_only,no_date,100000000,bitcoin will reach 100 million,40,0.46
omitted,2035,20000000,"bitcoin will reach 20 million by December 31, 2035",40,0.62
paired_paraphrase,2035,20000000,"bitcoin will reach 20 million by December 31, 2035",54,0.17
paired,2035,100000000,"bitcoin will reach 100 million by December 31, 2035",71,0.28
paired,no_date,100000000,bitcoin will reach 100 million,56,0.32
false_only,2035,100000000,"bitcoin will reach 100 million by December 31, 2035",26,0.34
true_only,2035,1000000,"bitcoin will reach 1 million by December 31, 2035",10,0.39
empty,no_date,20000000,bitcoin will reach 20 million,16,0.57
omitted,2035,20000000,"bitcoin will reach 20 million by December 31, 2035",66,0.59
false_only,no_date,100000000,bitcoin will reach 100 million,39,0.41
false_only,2035,20000000,"bitcoin will reach 20 million by December 31, 2035",8,0.43
omitted,2035,1000000,"bitcoin will reach 1 million by December 31, 2035",99,0.13
empty,no_date,100000000,bitcoin will reach 100 million,51,0.37
empty,2035,100000000,"bitcoin will reach 100 million by December 31, 2035",53,0.24
paired,no_date,1000000,bitcoin will reach 1 million,65,0.39
empty,no_date,1000000,bitcoin will reach 1 million,19,0.16
false_only,no_date,100000000,bitcoin will reach 100 million,84,0.41
paired,no_date,20000000,bitcoin will reach 20 million,39,0.43
empty,2035,20000000,"bitcoin will reach 20 million by December 31, 2035",14,0.61
false_only,2035,20000000,"bitcoin will reach 20 million by December 31, 2035",16,0.45
empty,no_date,100000000,bitcoin will reach 100 million,3,0.35
true_only,2035,1000000,"bitcoin will reach 1 million by December 31, 2035",98,0.39
paired_paraphrase,no_date,20000000,bitcoin will reach 20 million,20,0.22
omitted,no_date,20000000,bitcoin will reach 20 million,19,0.48
paired_paraphrase,2035,100000000,"bitcoin will reach 100 million by December 31, 2035",93,0.14
false_only,2035,20000000,"bitcoin will reach 20 million by December 31, 2035",20,0.44
true_only,2035,20000000,"bitcoin will reach 20 million by December 31, 2035",50,0.51
omitted,no_date,20000000,bitcoin will reach 20 million,56,0.45
paired_paraphrase,no_date,20000000,bitcoin will reach 20 million,13,0.21
omitted,2035,100000000,"bitcoin will reach 100 million by December 31, 2035",57,0.47
omitted,2035,20000000,"bitcoin will reach 20 million by December 31, 2035",78,0.62
paired_paraphrase,2035,100000000,"bitcoin will reach 100 million by December 31, 2035",42,0.15
paired_paraphrase,no_date,100000000,bitcoin will reach 100 million,69,0.18
true_only,no_date,20000000,bitcoin will reach 20 million,80,0.38
false_only,2035,1000000,"bitcoin will reach 1 million by December 31, 2035",43,0.26
paired,2035,1000000,"bitcoin will reach 1 million by December 31, 2035",69,0.39
paired_paraphrase,no_date,1000000,bitcoin will reach 1 million,13,0.45
false_only,no_date,20000000,bitcoin will reach 20 million,43,0.47
paired_paraphrase,no_date,100000000,bitcoin will reach 100 million,49,0.22
true_only,2035,100000000,"bitcoin will reach 100 million by December 31, 2035",50,0.53
paired_paraphrase,no_date,1000000,bitcoin will reach 1 million,42,0.47
false_only,2035,20000000,"bitcoin will reach 20 million by December 31, 2035",67,0.44
omitted,no_date,100000000,bitcoin will reach 100 million,60,0.36
empty,no_date,1000000,bitcoin will reach 1 million,9,0.14
omitted,no_date,20000000,bitcoin will reach 20 million,100,0.46
true_only,no_date,1000000,bitcoin will reach 1 million,46,0.42
paired_paraphrase,no_date,100000000,bitcoin will reach 100 million,25,0.2
false_only,no_date,100000000,bitcoin will reach 100 million,74,0.39
false_only,2035,100000000,"bitcoin will reach 100 million by December 31, 2035",54,0.34
paired_paraphrase,2035,1000000,"bitcoin will reach 1 million by December 31, 2035",36,0.39
paired,no_date,20000000,bitcoin will reach 20 million,62,0.39
omitted,2035,100000000,"bitcoin will reach 100 million by December 31, 2035",62,0.42
omitted,2035,100000000,"bitcoin will reach 100 million by December 31, 2035",3,0.47
paired_paraphrase,2035,20000000,"bitcoin will reach 20 million by December 31, 2035",55,0.16
omitted,2035,20000000,"bitcoin will reach 20 million by December 31, 2035",77,0.58
paired_paraphrase,2035,100000000,"bitcoin will reach 100 million by December 31, 2035",3,0.15
true_only,2035,1000000,"bitcoin will reach 1 million by December 31, 2035",78,0.41
paired_paraphrase,2035,20000000,"bitcoin will reach 20 million by December 31, 2035",91,0.15
empty,no_date,20000000,bitcoin will reach 20 million,77,0.57
paired,2035,100000000,"bitcoin will reach 100 million by December 31, 2035",72,0.27
true_only,no_date,20000000,bitcoin will reach 20 million,88,0.38
true_only,2035,20000000,"bitcoin will reach 20 million by December 31, 2035",37,0.51
true_only,no_date,100000000,bitcoin will reach 100 million,43,0.46
false_only,2035,100000000,"bitcoin will reach 100 million by December 31, 2035",3,0.34
empty,2035,100000000,"bitcoin will reach 100 million by December 31, 2035",17,0.27
paired_paraphrase,2035,1000000,"bitcoin will reach 1 million by December 31, 2035",93,0.4
false_only,no_date,20000000,bitcoin will reach 20 million,22,0.35
false_only,2035,20000000,"bitcoin will reach 20 million by December 31, 2035",75,0.43
paired_paraphrase,2035,100000000,"bitcoin will reach 100 million by December 31, 2035",89,0.16
omitted,2035,100000000,"bitcoin will reach 100 million by December 31, 2035",72,0.42
paired,2035,100000000,"bitcoin will reach 100 million by December 31, 2035",61,0.3
paired_paraphrase,no_date,1000000,bitcoin will reach 1 million,5,0.44
true_only,2035,20000000,"bitcoin will reach 20 million by December 31, 2035",7,0.52
omitted,2035,20000000,"bitcoin will reach 20 million by December 31, 2035",59,0.6
paired_paraphrase,no_date,1000000,bitcoin will reach 1 million,85,0.44
omitted,2035,20000000,"bitcoin will reach 20 million by December 31, 2035",38,0.62
paired,no_date,20000000,bitcoin will reach 20 million,29,0.42
omitted,2035,100000000,"bitcoin will reach 100 million by December 31, 2035",50,0.41
empty,2035,20000000,"bitcoin will reach 20 million by December 31, 2035",5,0.51
false_only,2035,100000000,"bitcoin will reach 100 million by December 31, 2035",80,0.33
true_only,no_date,100000000,bitcoin will reach 100 million,74,0.47
omitted,2035,100000000,"bitcoin will reach 100 million by December 31, 2035",94,0.44
paired,no_date,100000000,bitcoin will reach 100 million,69,0.3
false_only,no_date,100000000,bitcoin will reach 100 million,81,0.43
empty,2035,20000000,"bitcoin will reach 20 million by December 31, 2035",2,0.61
empty,no_date,100000000,bitcoin will reach 100 million,30,0.37
empty,no_date,20000000,bitcoin will reach 20 million,17,0.58
paired_paraphrase,no_date,20000000,bitcoin will reach 20 million,11,0.2
paired,2035,100000000,"bitcoin will reach 100 million by December 31, 2035",37,0.24
empty,2035,100000000,"bitcoin will reach 100 million by December 31, 2035",21,0.23
paired,2035,100000000,"bitcoin will reach 100 million by December 31, 2035",76,0.27
true_only,2035,20000000,"bitcoin will reach 20 million by December 31, 2035",1,0.55
empty,2035,100000000,"bitcoin will reach 100 million by December 31, 2035",1,0.22
false_only,no_date,1000000,bitcoin will reach 1 million,27,0.25
paired,2035,100000000,"bitcoin will reach 100 million by December 31, 2035",48,0.27
paired_paraphrase,2035,1000000,"bitcoin will reach 1 million by December 31, 2035",34,0.44
true_only,no_date,1000000,bitcoin will reach 1 million,13,0.39
false_only,no_date,20000000,bitcoin will reach 20 million,31,0.4
paired,no_date,20000000,bitcoin will reach 20 million,87,0.4
paired,no_date,20000000,bitcoin will reach 20 million,100,0.41
true_only,no_date,100000000,bitcoin will reach 100 million,21,0.48
paired_paraphrase,no_date,100000000,bitcoin will reach 100 million,66,0.18
paired,no_date,20000000,bitcoin will reach 20 million,2,0.36
empty,2035,20000000,"bitcoin will reach 20 million by December 31, 2035",62,0.57
empty,no_date,100000000,bitcoin will reach 100 million,64,0.34
false_only,no_date,20000000,bitcoin will reach 20 million,96,0.39
paired_paraphrase,2035,100000000,"bitcoin will reach 100 million by December 31, 2035",51,0.12
true_only,2035,100000000,"bitcoin will reach 100 million by December 31, 2035",35,0.54
true_only,no_date,1000000,bitcoin will reach 1 million,91,0.4
omitted,2035,100000000,"bitcoin will reach 100 million by December 31, 2035",99,0.46
true_only,2035,20000000,"bitcoin will reach 20 million by December 31, 2035",39,0.55
true_only,no_date,1000000,bitcoin will reach 1 million,68,0.38
true_only,no_date,100000000,bitcoin will reach 100 million,81,0.44
paired,no_date,100000000,bitcoin will reach 100 million,7,0.32
paired_paraphrase,no_date,1000000,bitcoin will reach 1 million,44,0.45
empty,no_date,20000000,bitcoin will reach 20 million,40,0.6
paired_paraphrase,no_date,20000000,bitcoin will reach 20 million,99,0.22
paired_paraphrase,no_date,100000000,bitcoin will reach 100 million,68,0.18
omitted,2035,1000000,"bitcoin will reach 1 million by December 31, 2035",47,0.14
paired,2035,100000000,"bitcoin will reach 100 million by December 31, 2035",95,0.25
paired,no_date,100000000,bitcoin will reach 100 million,12,0.37
paired,2035,1000000,"bitcoin will reach 1 million by December 31, 2035",28,0.39
empty,2035,100000000,"bitcoin will reach 100 million by December 31, 2035",97,0.24
true_only,2035,100000000,"bitcoin will reach 100 million by December 31, 2035",80,0.55
empty,2035,100000000,"bitcoin will reach 100 million by December 31, 2035",34,0.27
paired_paraphrase,no_date,20000000,bitcoin will reach 20 million,75,0.25
paired,no_date,1000000,bitcoin will reach 1 million,70,0.38
paired,no_date,100000000,bitcoin will reach 100 million,49,0.31
omitted,no_date,20000000,bitcoin will reach 20 million,89,0.42
omitted,no_date,1000000,bitcoin will reach 1 million,7,0.14
empty,2035,1000000,"bitcoin will reach 1 million by December 31, 2035",64,0.15
paired,no_date,20000000,bitcoin will reach 20 million,77,0.37
omitted,no_date,100000000,bitcoin will reach 100 million,87,0.36
true_only,2035,100000000,"bitcoin will reach 100 million by December 31, 2035",15,0.53
false_only,2035,100000000,"bitcoin will reach 100 million by December 31, 2035",72,0.34
empty,2035,100000000,"bitcoin will reach 100 million by December 31, 2035",29,0.23
empty,no_date,20000000,bitcoin will reach 20 million,61,0.58
paired,2035,1000000,"bitcoin will reach 1 million by December 31, 2035",94,0.38
false_only,2035,1000000,"bitcoin will reach 1 million by December 31, 2035",69,0.28
omitted,no_date,100000000,bitcoin will reach 100 million,70,0.35
true_only,2035,1000000,"bitcoin will reach 1 million by December 31, 2035",35,0.41
empty,no_date,1000000,bitcoin will reach 1 million,44,0.14
paired_paraphrase,2035,1000000,"bitcoin will reach 1 million by December 31, 2035",29,0.4
true_only,no_date,20000000,bitcoin will reach 20 million,26,0.4
omitted,no_date,1000000,bitcoin will reach 1 million,79,0.12
omitted,2035,100000000,"bitcoin will reach 100 million by December 31, 2035",18,0.43
paired_paraphrase,2035,20000000,"bitcoin will reach 20 million by December 31, 2035",67,0.18
paired_paraphrase,2035,100000000,"bitcoin will reach 100 million by December 31, 2035",25,0.13
paired,2035,100000000,"bitcoin will reach 100 million by December 31, 2035",28,0.3
omitted,2035,20000000,"bitcoin will reach 20 million by December 31, 2035",61,0.66
empty,2035,1000000,"bitcoin will reach 1 million by December 31, 2035",53,0.16
paired_paraphrase,no_date,100000000,bitcoin will reach 100 million,10,0.2
empty,2035,1000000,"bitcoin will reach 1 million by December 31, 2035",82,0.16
true_only,no_date,20000000,bitcoin will reach 20 million,1,0.42
false_only,2035,100000000,"bitcoin will reach 100 million by December 31, 2035",53,0.32
omitted,2035,20000000,"bitcoin will reach 20 million by December 31, 2035",28,0.64
paired_paraphrase,no_date,20000000,bitcoin will reach 20 million,71,0.23
paired_paraphrase,2035,1000000,"bitcoin will reach 1 million by December 31, 2035",1,0.39
true_only,no_date,20000000,bitcoin will reach 20 million,15,0.41
omitted,no_date,1000000,bitcoin will reach 1 million,26,0.11
paired,no_date,100000000,bitcoin will reach 100 million,97,0.35
empty,2035,1000000,"bitcoin will reach 1 million by December 31, 2035",96,0.18
paired,2035,100000000,"bitcoin will reach 100 million by December 31, 2035",42,0.25
paired_paraphrase,2035,1000000,"bitcoin will reach 1 million by December 31, 2035",86,0.39
omitted,no_date,20000000,bitcoin will reach 20 million,1,0.46
paired,no_date,100000000,bitcoin will reach 100 million,99,0.4
omitted,no_date,100000000,bitcoin will reach 100 million,41,0.35
paired_paraphrase,no_date,1000000,bitcoin will reach 1 million,22,0.44
true_only,2035,1000000,"bitcoin will reach 1 million by December 31, 2035",28,0.43
empty,no_date,100000000,bitcoin will reach 100 million,11,0.37
true_only,no_date,100000000,bitcoin will reach 100 million,71,0.48
true_only,no_date,1000000,bitcoin will reach 1 million,9,0.37
paired_paraphrase,2035,1000000,"bitcoin will reach 1 million by December 31, 2035",41,0.41
false_only,2035,1000000,"bitcoin will reach 1 million by December 31, 2035",2,0.27
empty,no_date,100000000,bitcoin will reach 100 million,37,0.33
omitted,no_date,1000000,bitcoin will reach 1 million,98,0.12
true_only,2035,100000000,"bitcoin will reach 100 million by December 31, 2035",11,0.54
paired,no_date,1000000,bitcoin will reach 1 million,45,0.4
false_only,no_date,20000000,bitcoin will reach 20 million,83,0.43
paired,no_date,1000000,bitcoin will reach 1 million,72,0.39
paired,no_date,20000000,bitcoin will reach 20 million,13,0.41
paired,no_date,100000000,bitcoin will reach 100 million,13,0.35
paired_paraphrase,2035,20000000,"bitcoin will reach 20 million by December 31, 2035",59,0.18
paired,no_date,100000000,bitcoin will reach 100 million,30,0.35
paired_paraphrase,no_date,20000000,bitcoin will reach 20 million,81,0.22
empty,no_date,20000000,bitcoin will reach 20 million,18,0.61
paired_paraphrase,2035,100000000,"bitcoin will reach 100 million by December 31, 2035",64,0.12
empty,2035,100000000,"bitcoin will reach 100 million by December 31, 2035",74,0.24
paired,2035,100000000,"bitcoin will reach 100 million by December 31, 2035",26,0.28
omitted,2035,100000000,"bitcoin will reach 100 million by December 31, 2035",47,0.44
true_only,no_date,1000000,bitcoin will reach 1 million,61,0.39
paired_paraphrase,no_date,100000000,bitcoin will reach 100 million,40,0.2
paired_paraphrase,2035,1000000,"bitcoin will reach 1 million by December 31, 2035",27,0.41
omitted,2035,1000000,"bitcoin will reach 1 million by December 31, 2035",62,0.14
true_only,2035,20000000,"bitcoin will reach 20 million by December 31, 2035",56,0.54
false_only,no_date,100000000,bitcoin will reach 100 million,46,0.42
paired_paraphrase,2035,100000000,"bitcoin will reach 100 million by December 31, 2035",7,0.15
true_only,no_date,100000000,bitcoin will reach 100 million,76,0.44
paired,2035,1000000,"bitcoin will reach 1 million by December 31, 2035",71,0.4
paired,no_date,100000000,bitcoin will reach 100 million,83,0.4
false_only,2035,20000000,"bitcoin will reach 20 million by December 31, 2035",94,0.42
paired,2035,1000000,"bitcoin will reach 1 million by December 31, 2035",66,0.39
paired,no_date,100000000,bitcoin will reach 100 million,88,0.38
true_only,no_date,20000000,bitcoin will reach 20 million,86,0.41
omitted,2035,20000000,"bitcoin will reach 20 million by December 31, 2035",4,0.59
false_only,2035,1000000,"bitcoin will reach 1 million by December 31, 2035",59,0.27
omitted,2035,20000000,"bitcoin will reach 20 million by December 31, 2035",51,0.66
paired,2035,20000000,"bitcoin will reach 20 million by December 31, 2035",87,0.39
omitted,no_date,100000000,bitcoin will reach 100 million,9,0.36
empty,2035,100000000,"bitcoin will reach 100 million by December 31, 2035",42,0.23
false_only,no_date,1000000,bitcoin will reach 1 million,92,0.24
empty,2035,100000000,"bitcoin will reach 100 million by December 31, 2035",58,0.24
paired_paraphrase,2035,20000000,"bitcoin will reach 20 million by December 31, 2035",12,0.17
true_only,no_date,1000000,bitcoin will reach 1 million,54,0.41
omitted,no_date,100000000,bitcoin will reach 100 million,82,0.34
false_only,2035,20000000,"bitcoin will reach 20 million by December 31, 2035",66,0.44
omitted,no_date,20000000,bitcoin will reach 20 million,22,0.44
paired_paraphrase,no_date,100000000,bitcoin will reach 100 million,11,0.2
omitted,no_date,20000000,bitcoin will reach 20 million,99,0.44
false_only,no_date,1000000,bitcoin will reach 1 million,38,0.24
empty,no_date,20000000,bitcoin will reach 20 million,84,0.58
false_only,2035,20000000,"bitcoin will reach 20 million by December 31, 2035",1,0.42
paired,no_date,20000000,bitcoin will reach 20 million,90,0.4
omitted,no_date,1000000,bitcoin will reach 1 million,39,0.12
omitted,2035,100000000,"bitcoin will reach 100 million by December 31, 2035",69,0.46
false_only,2035,100000000,"bitcoin will reach 100 million by December 31, 2035",100,0.33
empty,2035,1000000,"bitcoin will reach 1 million by December 31, 2035",26,0.18
paired,2035,100000000,"bitcoin will reach 100 million by December 31, 2035",46,0.3
paired_paraphrase,no_date,20000000,bitcoin will reach 20 million,45,0.22
false_only,no_date,1000000,bitcoin will reach 1 million,95,0.28
false_only,2035,20000000,"bitcoin will reach 20 million by December 31, 2035",56,0.43
true_only,no_date,100000000,bitcoin will reach 100 million,87,0.45
true_only,no_date,1000000,bitcoin will reach 1 million,94,0.39
paired,no_date,100000000,bitcoin will reach 100 million,11,0.35
empty,no_date,100000000,bitcoin will reach 100 million,42,0.36
true_only,no_date,1000000,bitcoin will reach 1 million,53,0.39
omitted,2035,100000000,"bitcoin will reach 100 million by December 31, 2035",59,0.4
false_only,2035,100000000,"bitcoin will reach 100 million by December 31, 2035",97,0.33
empty,no_date,20000000,bitcoin will reach 20 million,76,0.58
paired_paraphrase,2035,1000000,"bitcoin will reach 1 million by December 31, 2035",79,0.42
true_only,2035,1000000,"bitcoin will reach 1 million by December 31, 2035",93,0.42
omitted,no_date,1000000,bitcoin will reach 1 million,21,0.12
paired,no_date,1000000,bitcoin will reach 1 million,4,0.39
true_only,no_date,20000000,bitcoin will reach 20 million,27,0.41
paired,no_date,100000000,bitcoin will reach 100 million,82,0.36
omitted,no_date,1000000,bitcoin will reach 1 million,90,0.12
empty,2035,1000000,"bitcoin will reach 1 million by December 31, 2035",3,0.2
false_only,2035,100000000,"bitcoin will reach 100 million by December 31, 2035",94,0.34
true_only,no_date,1000000,bitcoin will reach 1 million,37,0.4
paired,no_date,1000000,bitcoin will reach 1 million,52,0.41
true_only,2035,20000000,"bitcoin will reach 20 million by December 31, 2035",48,0.52
paired_paraphrase,2035,1000000,"bitcoin will reach 1 million by December 31, 2035",96,0.38
omitted,2035,20000000,"bitcoin will reach 20 million by December 31, 2035",20,0.63
paired_paraphrase,2035,20000000,"bitcoin will reach 20 million by December 31, 2035",21,0.18
paired,no_date,100000000,bitcoin will reach 100 million,10,0.34
omitted,no_date,20000000,bitcoin will reach 20 million,47,0.41
omitted,2035,100000000,"bitcoin will reach 100 million by December 31, 2035",54,0.45
paired_paraphrase,2035,1000000,"bitcoin will reach 1 million by December 31, 2035",38,0.38
empty,2035,20000000,"bitcoin will reach 20 million by December 31, 2035",38,0.6
paired_paraphrase,2035,100000000,"bitcoin will reach 100 million by December 31, 2035",97,0.12
false_only,no_date,1000000,bitcoin will reach 1 million,84,0.24
false_only,no_date,20000000,bitcoin will reach 20 million,48,0.39
empty,2035,1000000,"bitcoin will reach 1 million by December 31, 2035",62,0.16
false_only,no_date,20000000,bitcoin will reach 20 million,55,0.43
omitted,2035,1000000,"bitcoin will reach 1 million by December 31, 2035",51,0.14
false_only,2035,20000000,"bitcoin will reach 20 million by December 31, 2035",76,0.43
empty,no_date,1000000,bitcoin will reach 1 million,90,0.15
empty,2035,1000000,"bitcoin will reach 1 million by December 31, 2035",60,0.18
empty,2035,100000000,"bitcoin will reach 100 million by December 31, 2035",9,0.25
paired,2035,100000000,"bitcoin will reach 100 million by December 31, 2035",78,0.27
paired,no_date,100000000,bitcoin will reach 100 million,47,0.36
empty,no_date,100000000,bitcoin will reach 100 million,32,0.39
omitted,no_date,20000000,bitcoin will reach 20 million,97,0.44
paired,no_date,20000000,bitcoin will reach 20 million,14,0.4
empty,no_date,20000000,bitcoin will reach 20 million,43,0.6
paired_paraphrase,2035,20000000,"bitcoin will reach 20 million by December 31, 2035",61,0.16
false_only,2035,20000000,"bitcoin will reach 20 million by December 31, 2035",74,0.46
false_only,2035,100000000,"bitcoin will reach 100 million by December 31, 2035",96,0.33
empty,2035,1000000,"bitcoin will reach 1 million by December 31, 2035",83,0.17
omitted,2035,100000000,"bitcoin will reach 100 million by December 31, 2035",21,0.47
omitted,2035,20000000,"bitcoin will reach 20 million by December 31, 2035",80,0.61
paired_paraphrase,no_date,100000000,bitcoin will reach 100 million,84,0.17
true_only,2035,1000000,"bitcoin will reach 1 million by December 31, 2035",77,0.44
empty,2035,100000000,"bitcoin will reach 100 million by December 31, 2035",68,0.24
paired_paraphrase,no_date,100000000,bitcoin will reach 100 million,36,0.2
true_only,no_date,100000000,bitcoin will reach 100 million,33,0.47
empty,no_date,1000000,bitcoin will reach 1 million,21,0.13
paired_paraphrase,no_date,100000000,bitcoin will reach 100 million,73,0.21
true_only,no_date,100000000,bitcoin will reach 100 million,85,0.48
paired,no_date,20000000,bitcoin will reach 20 million,73,0.39
true_only,2035,100000000,"bitcoin will reach 100 million by December 31, 2035",1,0.54
omitted,no_date,100000000,bitcoin will reach 100 million,49,0.34
true_only,no_date,20000000,bitcoin will reach 20 million,85,0.38
false_only,2035,20000000,"bitcoin will reach 20 million by December 31, 2035",97,0.44
true_only,no_date,100000000,bitcoin will reach 100 million,93,0.45
paired_paraphrase,2035,20000000,"bitcoin will reach 20 million by December 31, 2035",49,0.17
paired,no_date,100000000,bitcoin will reach 100 million,67,0.37
paired_paraphrase,2035,100000000,"bitcoin will reach 100 million by December 31, 2035",41,0.15
paired_paraphrase,no_date,20000000,bitcoin will reach 20 million,91,0.22
empty,no_date,20000000,bitcoin will reach 20 million,93,0.58
omitted,no_date,20000000,bitcoin will reach 20 million,94,0.43
false_only,2035,1000000,"bitcoin will reach 1 million by December 31, 2035",74,0.27
empty,2035,100000000,"bitcoin will reach 100 million by December 31, 2035",45,0.25
true_only,2035,20000000,"bitcoin will reach 20 million by December 31, 2035",33,0.55
false_only,no_date,1000000,bitcoin will reach 1 million,13,0.27
empty,2035,20000000,"bitcoin will reach 20 million by December 31, 2035",1,0.55
empty,2035,1000000,"bitcoin will reach 1 million by December 31, 2035",27,0.15
true_only,no_date,20000000,bitcoin will reach 20 million,10,0.39
empty,no_date,20000000,bitcoin will reach 20 million,19,0.57
empty,no_date,1000000,bitcoin will reach 1 million,69,0.13
paired,no_date,1000000,bitcoin will reach 1 million,61,0.4
false_only,no_date,20000000,bitcoin will reach 20 million,32,0.38
true_only,no_date,1000000,bitcoin will reach 1 million,24,0.38
empty,no_date,20000000,bitcoin will reach 20 million,36,0.57
omitted,2035,100000000,"bitcoin will reach 100 million by December 31, 2035",81,0.46
empty,2035,100000000,"bitcoin will reach 100 million by December 31, 2035",8,0.24
omitted,2035,20000000,"bitcoin will reach 20 million by December 31, 2035",12,0.62
omitted,no_date,1000000,bitcoin will reach 1 million,6,0.09
true_only,no_date,20000000,bitcoin will reach 20 million,77,0.36
omitted,no_date,20000000,bitcoin will reach 20 million,31,0.44
false_only,no_date,20000000,bitcoin will reach 20 million,61,0.39
false_only,2035,100000000,"bitcoin will reach 100 million by December 31, 2035",8,0.32
empty,2035,20000000,"bitcoin will reach 20 million by December 31, 2035",64,0.58
paired,no_date,100000000,bitcoin will reach 100 million,23,0.37
omitted,no_date,1000000,bitcoin will reach 1 million,35,0.12
false_only,2035,1000000,"bitcoin will reach 1 million by December 31, 2035",34,0.26
false_only,no_date,100000000,bitcoin will reach 100 million,4,0.4
false_only,2035,100000000,"bitcoin will reach 100 million by December 31, 2035",32,0.33
true_only,2035,20000000,"bitcoin will reach 20 million by December 31, 2035",94,0.48
false_only,no_date,20000000,bitcoin will reach 20 million,19,0.39
empty,2035,1000000,"bitcoin will reach 1 million by December 31, 2035",48,0.19
omitted,2035,1000000,"bitcoin will reach 1 million by December 31, 2035",59,0.16
omitted,no_date,20000000,bitcoin will reach 20 million,4,0.4
false_only,no_date,100000000,bitcoin will reach 100 million,48,0.43
empty,2035,100000000,"bitcoin will reach 100 million by December 31, 2035",13,0.27
paired_paraphrase,no_date,1000000,bitcoin will reach 1 million,20,0.45
false_only,2035,100000000,"bitcoin will reach 100 million by December 31, 2035",74,0.32
omitted,2035,100000000,"bitcoin will reach 100 million by December 31, 2035",85,0.38
true_only,2035,20000000,"bitcoin will reach 20 million by December 31, 2035",100,0.54
empty,no_date,100000000,bitcoin will reach 100 million,54,0.32
false_only,no_date,100000000,bitcoin will reach 100 million,6,0.43
paired,2035,1000000,"bitcoin will reach 1 million by December 31, 2035",61,0.38
empty,no_date,1000000,bitcoin will reach 1 million,15,0.13
false_only,2035,20000000,"bitcoin will reach 20 million by December 31, 2035",24,0.46
omitted,no_date,1000000,bitcoin will reach 1 million,87,0.11
paired_paraphrase,no_date,1000000,bitcoin will reach 1 million,26,0.46
omitted,no_date,1000000,bitcoin will reach 1 million,71,0.11
true_only,no_date,1000000,bitcoin will reach 1 million,5,0.38
empty,2035,20000000,"bitcoin will reach 20 million by December 31, 2035",19,0.64
true_only,no_date,100000000,bitcoin will reach 100 million,45,0.46
omitted,2035,20000000,"bitcoin will reach 20 million by December 31, 2035",56,0.68
true_only,2035,1000000,"bitcoin will reach 1 million by December 31, 2035",70,0.41
empty,no_date,20000000,bitcoin will reach 20 million,5,0.58
empty,2035,20000000,"bitcoin will reach 20 million by December 31, 2035",97,0.63
omitted,no_date,100000000,bitcoin will reach 100 million,35,0.36
paired_paraphrase,2035,20000000,"bitcoin will reach 20 million by December 31, 2035",27,0.16
empty,2035,20000000,"bitcoin will reach 20 million by December 31, 2035",49,0.57
paired_paraphrase,2035,1000000,"bitcoin will reach 1 million by December 31, 2035",9,0.37
empty,2035,1000000,"bitcoin will reach 1 million by December 31, 2035",37,0.16
paired_paraphrase,2035,100000000,"bitcoin will reach 100 million by December 31, 2035",8,0.12
paired_paraphrase,2035,100000000,"bitcoin will reach 100 million by December 31, 2035",49,0.12
false_only,2035,1000000,"bitcoin will reach 1 million by December 31, 2035",46,0.28
paired_paraphrase,no_date,20000000,bitcoin will reach 20 million,43,0.21
false_only,no_date,100000000,bitcoin will reach 100 million,66,0.44
paired,2035,1000000,"bitcoin will reach 1 million by December 31, 2035",83,0.39
true_only,no_date,20000000,bitcoin will reach 20 million,14,0.4
true_only,2035,1000000,"bitcoin will reach 1 million by December 31, 2035",89,0.4
true_only,no_date,1000000,bitcoin will reach 1 million,49,0.4
empty,2035,20000000,"bitcoin will reach 20 million by December 31, 2035",28,0.61
paired,2035,20000000,"bitcoin will reach 20 million by December 31, 2035",2,0.46
omitted,2035,100000000,"bitcoin will reach 100 million by December 31, 2035",67,0.46
empty,2035,1000000,"bitcoin will reach 1 million by December 31, 2035",5,0.17
false_only,no_date,1000000,bitcoin will reach 1 million,31,0.22
false_only,no_date,20000000,bitcoin will reach 20 million,41,0.4
false_only,no_date,1000000,bitcoin will reach 1 million,80,0.24
false_only,2035,100000000,"bitcoin will reach 100 million by December 31, 2035",95,0.31
true_only,no_date,100000000,bitcoin will reach 100 million,35,0.46
false_only,no_date,1000000,bitcoin will reach 1 million,9,0.28
paired_paraphrase,no_date,100000000,bitcoin will reach 100 million,13,0.22
paired,no_date,100000000,bitcoin will reach 100 million,24,0.35
empty,2035,1000000,"bitcoin will reach 1 million by December 31, 2035",98,0.18
empty,no_date,20000000,bitcoin will reach 20 million,14,0.62
empty,no_date,1000000,bitcoin will reach 1 million,50,0.15
paired,no_date,20000000,bitcoin will reach 20 million,94,0.39
true_only,2035,20000000,"bitcoin will reach 20 million by December 31, 2035",2,0.55
omitted,no_date,20000000,bitcoin will reach 20 million,42,0.46
empty,no_date,20000000,bitcoin will reach 20 million,53,0.6
true_only,no_date,1000000,bitcoin will reach 1 million,100,0.39
empty,no_date,1000000,bitcoin will reach 1 million,2,0.14
paired,2035,1000000,"bitcoin will reach 1 million by December 31, 2035",98,0.36
paired_paraphrase,no_date,20000000,bitcoin will reach 20 million,84,0.22
paired_paraphrase,no_date,100000000,bitcoin will reach 100 million,54,0.19
empty,no_date,100000000,bitcoin will reach 100 million,59,0.35
false_only,no_date,20000000,bitcoin will reach 20 million,95,0.41
false_only,2035,1000000,"bitcoin will reach 1 million by December 31, 2035",15,0.28
paired,no_date,1000000,bitcoin will reach 1 million,53,0.4
omitted,2035,1000000,"bitcoin will reach 1 million by December 31, 2035",40,0.14
true_only,no_date,1000000,bitcoin will reach 1 million,96,0.39
paired_paraphrase,no_date,1000000,bitcoin will reach 1 million,73,0.46
paired,2035,100000000,"bitcoin will reach 100 million by December 31, 2035",99,0.29
true_only,no_date,1000000,bitcoin will reach 1 million,51,0.4
paired,2035,1000000,"bitcoin will reach 1 million by December 31, 2035",21,0.4
true_only,no_date,100000000,bitcoin will reach 100 million,34,0.49
empty,2035,20000000,"bitcoin will reach 20 million by December 31, 2035",27,0.64
paired,2035,100000000,"bitcoin will reach 100 million by December 31, 2035",59,0.24
empty,no_date,1000000,bitcoin will reach 1 million,49,0.14
false_only,no_date,20000000,bitcoin will reach 20 million,29,0.39
paired,no_date,1000000,bitcoin will reach 1 million,13,0.39
empty,no_date,100000000,bitcoin will reach 100 million,88,0.35
true_only,2035,100000000,"bitcoin will reach 100 million by December 31, 2035",81,0.54
paired,no_date,20000000,bitcoin will reach 20 million,70,0.44
empty,no_date,100000000,bitcoin will reach 100 million,74,0.37
empty,no_date,100000000,bitcoin will reach 100 million,52,0.36
paired_paraphrase,no_date,100000000,bitcoin will reach 100 million,1,0.2
false_only,no_date,20000000,bitcoin will reach 20 million,7,0.42
empty,no_date,100000000,bitcoin will reach 100 million,57,0.38
omitted,2035,1000000,"bitcoin will reach 1 million by December 31, 2035",21,0.12
false_only,2035,100000000,"bitcoin will reach 100 million by December 31, 2035",18,0.32
paired_paraphrase,2035,100000000,"bitcoin will reach 100 million by December 31, 2035",23,0.14
true_only,no_date,20000000,bitcoin will reach 20 million,74,0.39
paired_paraphrase,no_date,20000000,bitcoin will reach 20 million,92,0.23
false_only,2035,20000000,"bitcoin will reach 20 million by December 31, 2035",18,0.44
true_only,no_date,1000000,bitcoin will reach 1 million,93,0.39
true_only,2035,1000000,"bitcoin will reach 1 million by December 31, 2035",94,0.41
omitted,2035,1000000,"bitcoin will reach 1 million by December 31, 2035",12,0.14
paired_paraphrase,no_date,100000000,bitcoin will reach 100 million,33,0.23
empty,no_date,1000000,bitcoin will reach 1 million,11,0.13
true_only,2035,20000000,"bitcoin will reach 20 million by December 31, 2035",91,0.58
paired_paraphrase,2035,20000000,"bitcoin will reach 20 million by December 31, 2035",60,0.18
empty,no_date,1000000,bitcoin will reach 1 million,43,0.14
false_only,no_date,1000000,bitcoin will reach 1 million,48,0.24
paired,2035,20000000,"bitcoin will reach 20 million by December 31, 2035",29,0.45
true_only,2035,1000000,"bitcoin will reach 1 million by December 31, 2035",6,0.4
false_only,2035,1000000,"bitcoin will reach 1 million by December 31, 2035",45,0.27
paired,2035,1000000,"bitcoin will reach 1 million by December 31, 2035",95,0.36
paired_paraphrase,no_date,1000000,bitcoin will reach 1 million,17,0.46
omitted,no_date,100000000,bitcoin will reach 100 million,74,0.35
empty,2035,20000000,"bitcoin will reach 20 million by December 31, 2035",80,0.61
paired,2035,100000000,"bitcoin will reach 100 million by December 31, 2035",32,0.32
true_only,no_date,20000000,bitcoin will reach 20 million,8,0.39
paired_paraphrase,no_date,1000000,bitcoin will reach 1 million,56,0.46
paired,2035,1000000,"bitcoin will reach 1 million by December 31, 2035",97,0.39
false_only,2035,20000000,"bitcoin will reach 20 million by December 31, 2035",65,0.44
paired_paraphrase,2035,100000000,"bitcoin will reach 100 million by December 31, 2035",71,0.14
false_only,2035,1000000,"bitcoin will reach 1 million by December 31, 2035",5,0.25
paired_paraphrase,2035,1000000,"bitcoin will reach 1 million by December 31, 2035",76,0.4
paired,2035,1000000,"bitcoin will reach 1 million by December 31, 2035",82,0.39
empty,2035,100000000,"bitcoin will reach 100 million by December 31, 2035",100,0.28
empty,no_date,1000000,bitcoin will reach 1 million,73,0.13
omitted,no_date,1000000,bitcoin will reach 1 million,97,0.12
false_only,no_date,1000000,bitcoin will reach 1 million,45,0.28
empty,2035,100000000,"bitcoin will reach 100 million by December 31, 2035",18,0.25
paired_paraphrase,2035,1000000,"bitcoin will reach 1 million by December 31, 2035",15,0.4
true_only,2035,100000000,"bitcoin will reach 100 million by December 31, 2035",12,0.58
omitted,no_date,20000000,bitcoin will reach 20 million,91,0.43
empty,2035,1000000,"bitcoin will reach 1 million by December 31, 2035",67,0.18
empty,2035,1000000,"bitcoin will reach 1 million by December 31, 2035",66,0.2
omitted,2035,20000000,"bitcoin will reach 20 million by December 31, 2035",70,0.59
omitted,no_date,100000000,bitcoin will reach 100 million,17,0.38
true_only,2035,20000000,"bitcoin will reach 20 million by December 31, 2035",90,0.56
false_only,2035,1000000,"bitcoin will reach 1 million by December 31, 2035",98,0.25
omitted,no_date,1000000,bitcoin will reach 1 million,24,0.12
false_only,no_date,1000000,bitcoin will reach 1 million,8,0.26
false_only,2035,20000000,"bitcoin will reach 20 million by December 31, 2035",42,0.45
omitted,2035,1000000,"bitcoin will reach 1 million by December 31, 2035",67,0.16
true_only,2035,100000000,"bitcoin will reach 100 million by December 31, 2035",10,0.56
false_only,no_date,1000000,bitcoin will reach 1 million,60,0.27
paired_paraphrase,no_date,20000000,bitcoin will reach 20 million,87,0.22
omitted,2035,100000000,"bitcoin will reach 100 million by December 31, 2035",65,0.46
omitted,no_date,100000000,bitcoin will reach 100 million,69,0.36
paired,no_date,1000000,bitcoin will reach 1 million,18,0.39
omitted,2035,100000000,"bitcoin will reach 100 million by December 31, 2035",11,0.42
true_only,no_date,100000000,bitcoin will reach 100 million,84,0.47
false_only,2035,100000000,"bitcoin will reach 100 million by December 31, 2035",98,0.32
true_only,no_date,100000000,bitcoin will reach 100 million,72,0.45
false_only,2035,100000000,"bitcoin will reach 100 million by December 31, 2035",90,0.33
false_only,2035,20000000,"bitcoin will reach 20 million by December 31, 2035",31,0.44
omitted,no_date,20000000,bitcoin will reach 20 million,54,0.43
true_only,no_date,20000000,bitcoin will reach 20 million,53,0.4
paired_paraphrase,2035,100000000,"bitcoin will reach 100 million by December 31, 2035",32,0.14
paired,no_date,20000000,bitcoin will reach 20 million,42,0.42
paired_paraphrase,2035,20000000,"bitcoin will reach 20 million by December 31, 2035",2,0.15
omitted,2035,20000000,"bitcoin will reach 20 million by December 31, 2035",11,0.58
paired,2035,1000000,"bitcoin will reach 1 million by December 31, 2035",25,0.37
paired,no_date,1000000,bitcoin will reach 1 million,66,0.39
false_only,2035,1000000,"bitcoin will reach 1 million by December 31, 2035",76,0.26
true_only,2035,1000000,"bitcoin will reach 1 million by December 31, 2035",90,0.42
paired,2035,1000000,"bitcoin will reach 1 million by December 31, 2035",36,0.38
paired,no_date,20000000,bitcoin will reach 20 million,24,0.38
paired_paraphrase,2035,20000000,"bitcoin will reach 20 million by December 31, 2035",31,0.16
omitted,no_date,1000000,bitcoin will reach 1 million,18,0.12
omitted,2035,1000000,"bitcoin will reach 1 million by December 31, 2035",53,0.14
omitted,no_date,100000000,bitcoin will reach 100 million,26,0.36
empty,2035,1000000,"bitcoin will reach 1 million by December 31, 2035",95,0.2
empty,no_date,1000000,bitcoin will reach 1 million,78,0.14
empty,2035,100000000,"bitcoin will reach 100 million by December 31, 2035",46,0.26
true_only,2035,20000000,"bitcoin will reach 20 million by December 31, 2035",97,0.57
paired,2035,1000000,"bitcoin will reach 1 million by December 31, 2035",37,0.37
false_only,2035,1000000,"bitcoin will reach 1 million by December 31, 2035",77,0.28
true_only,2035,20000000,"bitcoin will reach 20 million by December 31, 2035",79,0.49
false_only,2035,20000000,"bitcoin will reach 20 million by December 31, 2035",100,0.41
false_only,no_date,100000000,bitcoin will reach 100 million,85,0.43
empty,no_date,20000000,bitcoin will reach 20 million,39,0.6
paired_paraphrase,no_date,20000000,bitcoin will reach 20 million,27,0.24
paired_paraphrase,2035,1000000,"bitcoin will reach 1 million by December 31, 2035",35,0.41
false_only,2035,1000000,"bitcoin will reach 1 million by December 31, 2035",87,0.27
omitted,2035,1000000,"bitcoin will reach 1 million by December 31, 2035",86,0.13
empty,2035,20000000,"bitcoin will reach 20 million by December 31, 2035",85,0.6
paired,no_date,20000000,bitcoin will reach 20 million,66,0.4
paired_paraphrase,2035,20000000,"bitcoin will reach 20 million by December 31, 2035",24,0.17
true_only,no_date,1000000,bitcoin will reach 1 million,64,0.38
omitted,2035,20000000,"bitcoin will reach 20 million by December 31, 2035",55,0.62
paired_paraphrase,2035,1000000,"bitcoin will reach 1 million by December 31, 2035",97,0.4
empty,2035,20000000,"bitcoin will reach 20 million by December 31, 2035",96,0.6
paired,no_date,20000000,bitcoin will reach 20 million,81,0.37
false_only,no_date,20000000,bitcoin will reach 20 million,84,0.44
paired,no_date,20000000,bitcoin will reach 20 million,61,0.36
empty,no_date,20000000,bitcoin will reach 20 million,87,0.6
empty,no_date,1000000,bitcoin will reach 1 million,31,0.15
true_only,2035,1000000,"bitcoin will reach 1 million by December 31, 2035",12,0.43
true_only,2035,100000000,"bitcoin will reach 100 million by December 31, 2035",89,0.56
paired_paraphrase,no_date,100000000,bitcoin will reach 100 million,48,0.19
false_only,no_date,20000000,bitcoin will reach 20 million,30,0.37
paired_paraphrase,2035,20000000,"bitcoin will reach 20 million by December 31, 2035",70,0.15
paired_paraphrase,2035,1000000,"bitcoin will reach 1 million by December 31, 2035",78,0.42
empty,no_date,1000000,bitcoin will reach 1 million,12,0.15
paired_paraphrase,2035,1000000,"bitcoin will reach 1 million by December 31, 2035",81,0.42
omitted,no_date,20000000,bitcoin will reach 20 million,79,0.43
paired_paraphrase,2035,20000000,"bitcoin will reach 20 million by December 31, 2035",77,0.17
false_only,2035,100000000,"bitcoin will reach 100 million by December 31, 2035",46,0.31
paired,no_date,1000000,bitcoin will reach 1 million,6,0.41
empty,2035,1000000,"bitcoin will reach 1 million by December 31, 2035",28,0.19
true_only,no_date,100000000,bitcoin will reach 100 million,52,0.47
empty,2035,100000000,"bitcoin will reach 100 million by December 31, 2035",86,0.23
true_only,2035,100000000,"bitcoin will reach 100 million by December 31, 2035",42,0.54
false_only,no_date,20000000,bitcoin will reach 20 million,77,0.39
paired_paraphrase,2035,20000000,"bitcoin will reach 20 million by December 31, 2035",45,0.16
empty,2035,20000000,"bitcoin will reach 20 million by December 31, 2035",43,0.65
true_only,2035,100000000,"bitcoin will reach 100 million by December 31, 2035",20,0.54
false_only,2035,1000000,"bitcoin will reach 1 million by December 31, 2035",36,0.27
omitted,no_date,100000000,bitcoin will reach 100 million,16,0.37
paired,2035,1000000,"bitcoin will reach 1 million by December 31, 2035",34,0.37
omitted,2035,1000000,"bitcoin will reach 1 million by December 31, 2035",70,0.16
empty,2035,100000000,"bitcoin will reach 100 million by December 31, 2035",59,0.24
empty,no_date,20000000,bitcoin will reach 20 million,24,0.58
omitted,no_date,20000000,bitcoin will reach 20 million,65,0.43
true_only,2035,1000000,"bitcoin will reach 1 million by December 31, 2035",69,0.41
paired,2035,1000000,"bitcoin will reach 1 million by December 31, 2035",59,0.37
true_only,2035,100000000,"bitcoin will reach 100 million by December 31, 2035",3,0.54
false_only,2035,20000000,"bitcoin will reach 20 million by December 31, 2035",21,0.46
omitted,2035,100000000,"bitcoin will reach 100 million by December 31, 2035",75,0.44
paired_paraphrase,no_date,20000000,bitcoin will reach 20 million,65,0.22
false_only,2035,100000000,"bitcoin will reach 100 million by December 31, 2035",31,0.31
false_only,no_date,100000000,bitcoin will reach 100 million,21,0.41
omitted,no_date,20000000,bitcoin will reach 20 million,69,0.41
true_only,no_date,1000000,bitcoin will reach 1 million,62,0.39
false_only,2035,1000000,"bitcoin will reach 1 million by December 31, 2035",7,0.28
empty,no_date,20000000,bitcoin will reach 20 million,31,0.58
true_only,2035,100000000,"bitcoin will reach 100 million by December 31, 2035",47,0.56
true_only,no_date,20000000,bitcoin will reach 20 million,48,0.36
empty,no_date,20000000,bitcoin will reach 20 million,21,0.57
empty,2035,1000000,"bitcoin will reach 1 million by December 31, 2035",10,0.17
false_only,no_date,20000000,bitcoin will reach 20 million,53,0.39
false_only,2035,100000000,"bitcoin will reach 100 million by December 31, 2035",35,0.32
paired,no_date,100000000,bitcoin will reach 100 million,96,0.33
empty,no_date,1000000,bitcoin will reach 1 million,60,0.13
true_only,2035,1000000,"bitcoin will reach 1 million by December 31, 2035",42,0.42
false_only,2035,20000000,"bitcoin will reach 20 million by December 31, 2035",53,0.45
omitted,2035,100000000,"bitcoin will reach 100 million by December 31, 2035",29,0.46
true_only,no_date,20000000,bitcoin will reach 20 million,3,0.38
false_only,2035,1000000,"bitcoin will reach 1 million by December 31, 2035",91,0.29
omitted,no_date,1000000,bitcoin will reach 1 million,28,0.1
paired,no_date,1000000,bitcoin will reach 1 million,32,0.38
omitted,2035,20000000,"bitcoin will reach 20 million by December 31, 2035",14,0.63
paired_paraphrase,2035,100000000,"bitcoin will reach 100 million by December 31, 2035",58,0.13
paired,no_date,1000000,bitcoin will reach 1 million,90,0.39
true_only,no_date,20000000,bitcoin will reach 20 million,83,0.35
paired_paraphrase,2035,1000000,"bitcoin will reach 1 million by December 31, 2035",94,0.42
paired_paraphrase,2035,20000000,"bitcoin will reach 20 million by December 31, 2035",51,0.15
paired_paraphrase,no_date,100000000,bitcoin will reach 100 million,24,0.19
false_only,no_date,20000000,bitcoin will reach 20 million,39,0.39
paired_paraphrase,no_date,20000000,bitcoin will reach 20 million,44,0.23
paired,2035,1000000,"bitcoin will reach 1 million by December 31, 2035",4,0.37
paired_paraphrase,no_date,100000000,bitcoin will reach 100 million,3,0.2
omitted,no_date,20000000,bitcoin will reach 20 million,50,0.42
paired,2035,1000000,"bitcoin will reach 1 million by December 31, 2035",19,0.4
empty,2035,100000000,"bitcoin will reach 100 million by December 31, 2035",15,0.25
paired_paraphrase,no_date,20000000,bitcoin will reach 20 million,83,0.22
omitted,no_date,1000000,bitcoin will reach 1 million,63,0.12
empty,no_date,100000000,bitcoin will reach 100 million,79,0.39
empty,2035,100000000,"bitcoin will reach 100 million by December 31, 2035",39,0.28
true_only,2035,100000000,"bitcoin will reach 100 million by December 31, 2035",65,0.56
paired_paraphrase,2035,1000000,"bitcoin will reach 1 million by December 31, 2035",30,0.39
false_only,no_date,100000000,bitcoin will reach 100 million,96,0.41
empty,2035,20000000,"bitcoin will reach 20 million by December 31, 2035",75,0.6
omitted,2035,100000000,"bitcoin will reach 100 million by December 31, 2035",97,0.43
omitted,no_date,100000000,bitcoin will reach 100 million,29,0.39
false_only,no_date,100000000,bitcoin will reach 100 million,11,0.4
omitted,2035,20000000,"bitcoin will reach 20 million by December 31, 2035",22,0.62
paired_paraphrase,2035,1000000,"bitcoin will reach 1 million by December 31, 2035",91,0.41
omitted,no_date,100000000,bitcoin will reach 100 million,34,0.35
empty,2035,20000000,"bitcoin will reach 20 million by December 31, 2035",78,0.57
true_only,2035,100000000,"bitcoin will reach 100 million by December 31, 2035",60,0.55
true_only,2035,100000000,"bitcoin will reach 100 million by December 31, 2035",23,0.56
empty,no_date,100000000,bitcoin will reach 100 million,33,0.38
paired,no_date,20000000,bitcoin will reach 20 million,54,0.4
omitted,2035,20000000,"bitcoin will reach 20 million by December 31, 2035",49,0.64
paired,2035,100000000,"bitcoin will reach 100 million by December 31, 2035",47,0.28
paired_paraphrase,2035,20000000,"bitcoin will reach 20 million by December 31, 2035",72,0.16
paired,2035,20000000,"bitcoin will reach 20 million by December 31, 2035",21,0.36
omitted,no_date,1000000,bitcoin will reach 1 million,80,0.12
paired_paraphrase,no_date,20000000,bitcoin will reach 20 million,37,0.26
paired,no_date,1000000,bitcoin will reach 1 million,86,0.38
true_only,2035,1000000,"bitcoin will reach 1 million by December 31, 2035",56,0.42
false_only,no_date,1000000,bitcoin will reach 1 million,12,0.28
empty,no_date,1000000,bitcoin will reach 1 million,37,0.14
false_only,2035,100000000,"bitcoin will reach 100 million by December 31, 2035",23,0.34
omitted,no_date,1000000,bitcoin will reach 1 million,38,0.13
omitted,2035,100000000,"bitcoin will reach 100 million by December 31, 2035",42,0.46
false_only,no_date,20000000,bitcoin will reach 20 million,100,0.43
false_only,no_date,100000000,bitcoin will reach 100 million,92,0.42
false_only,no_date,20000000,bitcoin will reach 20 million,58,0.43
empty,no_date,100000000,bitcoin will reach 100 million,78,0.36
true_only,2035,100000000,"bitcoin will reach 100 million by December 31, 2035",17,0.54
false_only,2035,20000000,"bitcoin will reach 20 million by December 31, 2035",87,0.42
true_only,2035,20000000,"bitcoin will reach 20 million by December 31, 2035",77,0.55
empty,no_date,100000000,bitcoin will reach 100 million,20,0.31
true_only,no_date,100000000,bitcoin will reach 100 million,73,0.47
empty,2035,100000000,"bitcoin will reach 100 million by December 31, 2035",23,0.23
omitted,no_date,1000000,bitcoin will reach 1 million,88,0.11
paired_paraphrase,2035,1000000,"bitcoin will reach 1 million by December 31, 2035",59,0.4
omitted,no_date,20000000,bitcoin will reach 20 million,74,0.44
false_only,2035,1000000,"bitcoin will reach 1 million by December 31, 2035",61,0.28
true_only,2035,20000000,"bitcoin will reach 20 million by December 31, 2035",93,0.49
empty,no_date,1000000,bitcoin will reach 1 million,62,0.15
paired_paraphrase,2035,1000000,"bitcoin will reach 1 million by December 31, 2035",73,0.41
omitted,no_date,1000000,bitcoin will reach 1 million,15,0.11
false_only,2035,100000000,"bitcoin will reach 100 million by December 31, 2035",73,0.32
omitted,no_date,100000000,bitcoin will reach 100 million,56,0.35
false_only,2035,1000000,"bitcoin will reach 1 million by December 31, 2035",39,0.28
false_only,no_date,1000000,bitcoin will reach 1 million,7,0.27
paired,no_date,100000000,bitcoin will reach 100 million,51,0.34
false_only,no_date,100000000,bitcoin will reach 100 million,86,0.44
false_only,2035,20000000,"bitcoin will reach 20 million by December 31, 2035",39,0.43
omitted,2035,1000000,"bitcoin will reach 1 million by December 31, 2035",74,0.15
paired,2035,100000000,"bitcoin will reach 100 million by December 31, 2035",23,0.26
empty,no_date,20000000,bitcoin will reach 20 million,64,0.58
paired_paraphrase,no_date,100000000,bitcoin will reach 100 million,2,0.2
false_only,2035,100000000,"bitcoin will reach 100 million by December 31, 2035",77,0.31
omitted,no_date,20000000,bitcoin will reach 20 million,55,0.42
empty,2035,20000000,"bitcoin will reach 20 million by December 31, 2035",88,0.59
paired_paraphrase,no_date,100000000,bitcoin will reach 100 million,82,0.19
false_only,2035,20000000,"bitcoin will reach 20 million by December 31, 2035",50,0.42
paired,no_date,100000000,bitcoin will reach 100 million,65,0.33
omitted,no_date,100000000,bitcoin will reach 100 million,76,0.36
paired,2035,1000000,"bitcoin will reach 1 million by December 31, 2035",81,0.39
omitted,2035,100000000,"bitcoin will reach 100 million by December 31, 2035",98,0.46
true_only,2035,1000000,"bitcoin will reach 1 million by December 31, 2035",13,0.43
paired,2035,100000000,"bitcoin will reach 100 million by December 31, 2035",66,0.28
paired,no_date,20000000,bitcoin will reach 20 million,10,0.41
true_only,no_date,20000000,bitcoin will reach 20 million,44,0.39
false_only,2035,100000000,"bitcoin will reach 100 million by December 31, 2035",50,0.31
true_only,no_date,20000000,bitcoin will reach 20 million,62,0.4
paired,no_date,20000000,bitcoin will reach 20 million,93,0.39
empty,2035,20000000,"bitcoin will reach 20 million by December 31, 2035",60,0.64
paired_paraphrase,2035,1000000,"bitcoin will reach 1 million by December 31, 2035",3,0.39
false_only,2035,20000000,"bitcoin will reach 20 million by December 31, 2035",72,0.47
paired_paraphrase,no_date,1000000,bitcoin will reach 1 million,40,0.48
omitted,2035,1000000,"bitcoin will reach 1 million by December 31, 2035",24,0.14
empty,2035,1000000,"bitcoin will reach 1 million by December 31, 2035",12,0.19
paired_paraphrase,2035,1000000,"bitcoin will reach 1 million by December 31, 2035",83,0.4
false_only,no_date,20000000,bitcoin will reach 20 million,81,0.45
true_only,no_date,1000000,bitcoin will reach 1 million,84,0.38
omitted,no_date,1000000,bitcoin will reach 1 million,77,0.11
empty,no_date,100000000,bitcoin will reach 100 million,43,0.38
empty,2035,1000000,"bitcoin will reach 1 million by December 31, 2035",54,0.17
false_only,no_date,100000000,bitcoin will reach 100 million,17,0.42
omitted,2035,100000000,"bitcoin will reach 100 million by December 31, 2035",79,0.43
omitted,2035,1000000,"bitcoin will reach 1 million by December 31, 2035",78,0.14
omitted,no_date,20000000,bitcoin will reach 20 million,67,0.4
empty,2035,1000000,"bitcoin will reach 1 million by December 31, 2035",71,0.18
paired_paraphrase,no_date,1000000,bitcoin will reach 1 million,70,0.45
true_only,2035,1000000,"bitcoin will reach 1 million by December 31, 2035",84,0.4
true_only,no_date,1000000,bitcoin will reach 1 million,19,0.36
true_only,2035,20000000,"bitcoin will reach 20 million by December 31, 2035",68,0.52
true_only,2035,20000000,"bitcoin will reach 20 million by December 31, 2035",64,0.51
paired,no_date,100000000,bitcoin will reach 100 million,73,0.39
paired,no_date,100000000,bitcoin will reach 100 million,89,0.38
omitted,no_date,100000000,bitcoin will reach 100 million,81,0.38
false_only,no_date,100000000,bitcoin will reach 100 million,9,0.4
omitted,2035,20000000,"bitcoin will reach 20 million by December 31, 2035",69,0.64
omitted,2035,100000000,"bitcoin will reach 100 million by December 31, 2035",36,0.45
true_only,no_date,1000000,bitcoin will reach 1 million,60,0.4
true_only,no_date,20000000,bitcoin will reach 20 million,20,0.41
true_only,no_date,1000000,bitcoin will reach 1 million,79,0.4
paired_paraphrase,2035,1000000,"bitcoin will reach 1 million by December 31, 2035",87,0.39
false_only,no_date,1000000,bitcoin will reach 1 million,79,0.26
paired_paraphrase,no_date,100000000,bitcoin will reach 100 million,79,0.18
paired,2035,20000000,"bitcoin will reach 20 million by December 31, 2035",7,0.37
false_only,no_date,20000000,bitcoin will reach 20 million,12,0.4
omitted,no_date,20000000,bitcoin will reach 20 million,85,0.45
paired_paraphrase,no_date,20000000,bitcoin will reach 20 million,33,0.22
false_only,no_date,20000000,bitcoin will reach 20 million,76,0.42
false_only,no_date,100000000,bitcoin will reach 100 million,41,0.43
paired,2035,20000000,"bitcoin will reach 20 million by December 31, 2035",73,0.44
paired_paraphrase,2035,100000000,"bitcoin will reach 100 million by December 31, 2035",63,0.15
paired,no_date,1000000,bitcoin will reach 1 million,15,0.4
empty,2035,20000000,"bitcoin will reach 20 million by December 31, 2035",61,0.57
paired,no_date,20000000,bitcoin will reach 20 million,99,0.39
true_only,2035,100000000,"bitcoin will reach 100 million by December 31, 2035",2,0.55
false_only,2035,100000000,"bitcoin will reach 100 million by December 31, 2035",58,0.31
false_only,2035,1000000,"bitcoin will reach 1 million by December 31, 2035",16,0.29
true_only,no_date,1000000,bitcoin will reach 1 million,17,0.39
paired_paraphrase,2035,1000000,"bitcoin will reach 1 million by December 31, 2035",50,0.41
paired,2035,1000000,"bitcoin will reach 1 million by December 31, 2035",48,0.41
true_only,no_date,20000000,bitcoin will reach 20 million,92,0.38
false_only,no_date,100000000,bitcoin will reach 100 million,78,0.42
empty,2035,1000000,"bitcoin will reach 1 million by December 31, 2035",73,0.16
paired,2035,1000000,"bitcoin will reach 1 million by December 31, 2035",44,0.38
omitted,2035,1000000,"bitcoin will reach 1 million by December 31, 2035",32,0.17
paired,no_date,100000000,bitcoin will reach 100 million,54,0.4
empty,no_date,1000000,bitcoin will reach 1 million,92,0.14
paired,2035,20000000,"bitcoin will reach 20 million by December 31, 2035",78,0.35
paired,no_date,1000000,bitcoin will reach 1 million,25,0.4
empty,no_date,1000000,bitcoin will reach 1 million,75,0.15
false_only,no_date,100000000,bitcoin will reach 100 million,93,0.41
false_only,2035,20000000,"bitcoin will reach 20 million by December 31, 2035",32,0.46
paired_paraphrase,2035,1000000,"bitcoin will reach 1 million by December 31, 2035",25,0.39
true_only,2035,100000000,"bitcoin will reach 100 million by December 31, 2035",13,0.56
false_only,no_date,100000000,bitcoin will reach 100 million,2,0.41
false_only,no_date,20000000,bitcoin will reach 20 million,36,0.41
empty,2035,1000000,"bitcoin will reach 1 million by December 31, 2035",77,0.17
false_only,2035,1000000,"bitcoin will reach 1 million by December 31, 2035",71,0.25
omitted,2035,1000000,"bitcoin will reach 1 million by December 31, 2035",17,0.16
paired,no_date,20000000,bitcoin will reach 20 million,3,0.41
paired_paraphrase,2035,20000000,"bitcoin will reach 20 million by December 31, 2035",29,0.17
true_only,2035,1000000,"bitcoin will reach 1 million by December 31, 2035",100,0.4
omitted,2035,20000000,"bitcoin will reach 20 million by December 31, 2035",30,0.62
empty,2035,20000000,"bitcoin will reach 20 million by December 31, 2035",50,0.63
paired_paraphrase,2035,100000000,"bitcoin will reach 100 million by December 31, 2035",17,0.15
paired,no_date,100000000,bitcoin will reach 100 million,41,0.34
false_only,2035,1000000,"bitcoin will reach 1 million by December 31, 2035",23,0.26
omitted,no_date,1000000,bitcoin will reach 1 million,94,0.11
omitted,2035,1000000,"bitcoin will reach 1 million by December 31, 2035",22,0.15
true_only,2035,100000000,"bitcoin will reach 100 million by December 31, 2035",99,0.54
false_only,2035,100000000,"bitcoin will reach 100 million by December 31, 2035",43,0.32
empty,2035,20000000,"bitcoin will reach 20 million by December 31, 2035",16,0.61
paired_paraphrase,2035,1000000,"bitcoin will reach 1 million by December 31, 2035",24,0.37
paired,no_date,100000000,bitcoin will reach 100 million,80,0.35
omitted,2035,20000000,"bitcoin will reach 20 million by December 31, 2035",79,0.61
false_only,2035,20000000,"bitcoin will reach 20 million by December 31, 2035",86,0.45
paired,no_date,100000000,bitcoin will reach 100 million,3,0.32
true_only,2035,100000000,"bitcoin will reach 100 million by December 31, 2035",30,0.52
paired,no_date,100000000,bitcoin will reach 100 million,37,0.34
false_only,no_date,1000000,bitcoin will reach 1 million,16,0.26
empty,2035,1000000,"bitcoin will reach 1 million by December 31, 2035",4,0.15
empty,2035,20000000,"bitcoin will reach 20 million by December 31, 2035",52,0.59
true_only,no_date,1000000,bitcoin will reach 1 million,36,0.4
true_only,2035,100000000,"bitcoin will reach 100 million by December 31, 2035",41,0.56
paired_paraphrase,2035,100000000,"bitcoin will reach 100 million by December 31, 2035",56,0.14
omitted,no_date,100000000,bitcoin will reach 100 million,63,0.35
true_only,2035,100000000,"bitcoin will reach 100 million by December 31, 2035",98,0.56
empty,2035,20000000,"bitcoin will reach 20 million by December 31, 2035",72,0.57
paired_paraphrase,no_date,20000000,bitcoin will reach 20 million,88,0.24
true_only,2035,1000000,"bitcoin will reach 1 million by December 31, 2035",87,0.42
paired_paraphrase,2035,20000000,"bitcoin will reach 20 million by December 31, 2035",10,0.16
false_only,2035,20000000,"bitcoin will reach 20 million by December 31, 2035",70,0.44
omitted,2035,1000000,"bitcoin will reach 1 million by December 31, 2035",28,0.15
omitted,no_date,20000000,bitcoin will reach 20 million,43,0.42
empty,no_date,1000000,bitcoin will reach 1 million,57,0.12
paired_paraphrase,no_date,100000000,bitcoin will reach 100 million,95,0.21
paired_paraphrase,no_date,20000000,bitcoin will reach 20 million,21,0.23
false_only,no_date,1000000,bitcoin will reach 1 million,98,0.25
true_only,2035,100000000,"bitcoin will reach 100 million by December 31, 2035",95,0.56
true_only,no_date,20000000,bitcoin will reach 20 million,47,0.36
paired,no_date,100000000,bitcoin will reach 100 million,20,0.33
paired,2035,1000000,"bitcoin will reach 1 million by December 31, 2035",1,0.37
paired,no_date,20000000,bitcoin will reach 20 million,17,0.39
empty,no_date,20000000,bitcoin will reach 20 million,27,0.55
paired,no_date,1000000,bitcoin will reach 1 million,23,0.41
paired_paraphrase,no_date,100000000,bitcoin will reach 100 million,89,0.2
omitted,2035,1000000,"bitcoin will reach 1 million by December 31, 2035",30,0.15
paired,2035,1000000,"bitcoin will reach 1 million by December 31, 2035",51,0.39
paired,2035,100000000,"bitcoin will reach 100 million by December 31, 2035",64,0.24
paired_paraphrase,no_date,20000000,bitcoin will reach 20 million,89,0.22
true_only,no_date,1000000,bitcoin will reach 1 million,29,0.41
false_only,2035,20000000,"bitcoin will reach 20 million by December 31, 2035",40,0.44
false_only,2035,20000000,"bitcoin will reach 20 million by December 31, 2035",44,0.43
true_only,2035,100000000,"bitcoin will reach 100 million by December 31, 2035",27,0.54
false_only,no_date,20000000,bitcoin will reach 20 million,73,0.4
paired,no_date,1000000,bitcoin will reach 1 million,78,0.39
paired_paraphrase,no_date,20000000,bitcoin will reach 20 million,7,0.25
true_only,no_date,20000000,bitcoin will reach 20 million,37,0.4
omitted,2035,20000000,"bitcoin will reach 20 million by December 31, 2035",90,0.68
paired_paraphrase,2035,20000000,"bitcoin will reach 20 million by December 31, 2035",47,0.18
empty,no_date,1000000,bitcoin will reach 1 million,80,0.13
false_only,2035,1000000,"bitcoin will reach 1 million by December 31, 2035",47,0.29
true_only,2035,100000000,"bitcoin will reach 100 million by December 31, 2035",77,0.55
true_only,no_date,1000000,bitcoin will reach 1 million,4,0.39
false_only,no_date,20000000,bitcoin will reach 20 million,94,0.41
false_only,no_date,100000000,bitcoin will reach 100 million,44,0.41
paired,2035,20000000,"bitcoin will reach 20 million by December 31, 2035",20,0.39
true_only,2035,20000000,"bitcoin will reach 20 million by December 31, 2035",41,0.51
false_only,no_date,20000000,bitcoin will reach 20 million,57,0.44
paired,no_date,1000000,bitcoin will reach 1 million,50,0.4
paired,no_date,20000000,bitcoin will reach 20 million,45,0.38
omitted,no_date,1000000,bitcoin will reach 1 million,81,0.13
empty,no_date,20000000,bitcoin will reach 20 million,6,0.58
empty,no_date,1000000,bitcoin will reach 1 million,87,0.15
false_only,2035,1000000,"bitcoin will reach 1 million by December 31, 2035",41,0.29
omitted,2035,100000000,"bitcoin will reach 100 million by December 31, 2035",96,0.39
omitted,2035,20000000,"bitcoin will reach 20 million by December 31, 2035",65,0.6
paired_paraphrase,2035,1000000,"bitcoin will reach 1 million by December 31, 2035",19,0.39
paired_paraphrase,no_date,20000000,bitcoin will reach 20 million,31,0.25
paired,no_date,1000000,bitcoin will reach 1 million,16,0.37
true_only,2035,20000000,"bitcoin will reach 20 million by December 31, 2035",76,0.5
true_only,2035,20000000,"bitcoin will reach 20 million by December 31, 2035",98,0.53
paired,2035,100000000,"bitcoin will reach 100 million by December 31, 2035",41,0.29
paired,2035,1000000,"bitcoin will reach 1 million by December 31, 2035",84,0.39
paired_paraphrase,2035,100000000,"bitcoin will reach 100 million by December 31, 2035",44,0.15
paired_paraphrase,no_date,100000000,bitcoin will reach 100 million,41,0.17
omitted,2035,1000000,"bitcoin will reach 1 million by December 31, 2035",13,0.12
paired,no_date,100000000,bitcoin will reach 100 million,95,0.33
empty,no_date,100000000,bitcoin will reach 100 million,89,0.37
paired_paraphrase,2035,20000000,"bitcoin will reach 20 million by December 31, 2035",4,0.16
paired,no_date,20000000,bitcoin will reach 20 million,74,0.35
paired,no_date,100000000,bitcoin will reach 100 million,22,0.36
empty,2035,20000000,"bitcoin will reach 20 million by December 31, 2035",37,0.64
empty,2035,100000000,"bitcoin will reach 100 million by December 31, 2035",22,0.25
true_only,no_date,20000000,bitcoin will reach 20 million,17,0.41
paired,no_date,1000000,bitcoin will reach 1 million,28,0.4
paired_paraphrase,2035,100000000,"bitcoin will reach 100 million by December 31, 2035",80,0.14
false_only,no_date,20000000,bitcoin will reach 20 million,65,0.41
false_only,2035,20000000,"bitcoin will reach 20 million by December 31, 2035",37,0.44
true_only,2035,1000000,"bitcoin will reach 1 million by December 31, 2035",46,0.4
true_only,no_date,1000000,bitcoin will reach 1 million,1,0.42
omitted,2035,20000000,"bitcoin will reach 20 million by December 31, 2035",37,0.58
false_only,2035,20000000,"bitcoin will reach 20 million by December 31, 2035",98,0.42
omitted,no_date,20000000,bitcoin will reach 20 million,24,0.45
paired_paraphrase,no_date,100000000,bitcoin will reach 100 million,70,0.19
false_only,2035,100000000,"bitcoin will reach 100 million by December 31, 2035",49,0.3
paired_paraphrase,no_date,100000000,bitcoin will reach 100 million,34,0.2
empty,no_date,20000000,bitcoin will reach 20 million,96,0.6
paired_paraphrase,2035,20000000,"bitcoin will reach 20 million by December 31, 2035",14,0.16
empty,no_date,100000000,bitcoin will reach 100 million,27,0.33
true_only,2035,20000000,"bitcoin will reach 20 million by December 31, 2035",45,0.54
paired_paraphrase,no_date,100000000,bitcoin will reach 100 million,29,0.2
empty,2035,20000000,"bitcoin will reach 20 million by December 31, 2035",26,0.61
false_only,no_date,20000000,bitcoin will reach 20 million,38,0.43
paired_paraphrase,no_date,100000000,bitcoin will reach 100 million,96,0.2
true_only,2035,20000000,"bitcoin will reach 20 million by December 31, 2035",69,0.52
omitted,no_date,1000000,bitcoin will reach 1 million,91,0.12
empty,2035,1000000,"bitcoin will reach 1 million by December 31, 2035",8,0.17
paired,no_date,1000000,bitcoin will reach 1 million,30,0.39
empty,no_date,1000000,bitcoin will reach 1 million,14,0.13
false_only,no_date,20000000,bitcoin will reach 20 million,69,0.39
omitted,2035,1000000,"bitcoin will reach 1 million by December 31, 2035",42,0.14
paired_paraphrase,2035,20000000,"bitcoin will reach 20 million by December 31, 2035",32,0.19
true_only,2035,100000000,"bitcoin will reach 100 million by December 31, 2035",29,0.56
empty,2035,100000000,"bitcoin will reach 100 million by December 31, 2035",63,0.22
paired_paraphrase,2035,100000000,"bitcoin will reach 100 million by December 31, 2035",73,0.11
false_only,no_date,20000000,bitcoin will reach 20 million,79,0.45
false_only,no_date,1000000,bitcoin will reach 1 million,63,0.28
paired_paraphrase,no_date,20000000,bitcoin will reach 20 million,66,0.26
empty,no_date,100000000,bitcoin will reach 100 million,87,0.37
false_only,no_date,100000000,bitcoin will reach 100 million,8,0.44
omitted,2035,100000000,"bitcoin will reach 100 million by December 31, 2035",49,0.43
paired,no_date,20000000,bitcoin will reach 20 million,32,0.38
paired,2035,1000000,"bitcoin will reach 1 million by December 31, 2035",33,0.38
false_only,no_date,1000000,bitcoin will reach 1 million,89,0.27
paired,no_date,100000000,bitcoin will reach 100 million,66,0.34
empty,no_date,1000000,bitcoin will reach 1 million,86,0.13
true_only,no_date,1000000,bitcoin will reach 1 million,86,0.42
false_only,no_date,100000000,bitcoin will reach 100 million,25,0.42
empty,2035,1000000,"bitcoin will reach 1 million by December 31, 2035",40,0.17
true_only,2035,100000000,"bitcoin will reach 100 million by December 31, 2035",70,0.55
omitted,2035,1000000,"bitcoin will reach 1 million by December 31, 2035",88,0.13
false_only,2035,20000000,"bitcoin will reach 20 million by December 31, 2035",28,0.41
false_only,no_date,1000000,bitcoin will reach 1 million,87,0.26
true_only,2035,1000000,"bitcoin will reach 1 million by December 31, 2035",14,0.41
empty,no_date,100000000,bitcoin will reach 100 million,17,0.32
omitted,no_date,20000000,bitcoin will reach 20 million,83,0.43
false_only,2035,100000000,"bitcoin will reach 100 million by December 31, 2035",71,0.3
true_only,no_date,100000000,bitcoin will reach 100 million,1,0.46
empty,no_date,1000000,bitcoin will reach 1 million,65,0.15
paired,2035,20000000,"bitcoin will reach 20 million by December 31, 2035",94,0.42
false_only,no_date,20000000,bitcoin will reach 20 million,74,0.39
true_only,2035,1000000,"bitcoin will reach 1 million by December 31, 2035",50,0.41
true_only,2035,20000000,"bitcoin will reach 20 million by December 31, 2035",73,0.47
empty,2035,20000000,"bitcoin will reach 20 million by December 31, 2035",76,0.63
omitted,2035,100000000,"bitcoin will reach 100 million by December 31, 2035",10,0.47
omitted,no_date,20000000,bitcoin will reach 20 million,82,0.44
false_only,2035,1000000,"bitcoin will reach 1 million by December 31, 2035",24,0.26
omitted,2035,1000000,"bitcoin will reach 1 million by December 31, 2035",91,0.16
omitted,no_date,1000000,bitcoin will reach 1 million,93,0.12
paired_paraphrase,2035,20000000,"bitcoin will reach 20 million by December 31, 2035",64,0.17
empty,2035,20000000,"bitcoin will reach 20 million by December 31, 2035",22,0.62
empty,2035,20000000,"bitcoin will reach 20 million by December 31, 2035",8,0.61
true_only,no_date,20000000,bitcoin will reach 20 million,51,0.37
false_only,no_date,1000000,bitcoin will reach 1 million,67,0.25
omitted,no_date,20000000,bitcoin will reach 20 million,71,0.41
false_only,no_date,20000000,bitcoin will reach 20 million,86,0.42
false_only,2035,100000000,"bitcoin will reach 100 million by December 31, 2035",4,0.32
empty,2035,1000000,"bitcoin will reach 1 million by December 31, 2035",99,0.17
empty,2035,1000000,"bitcoin will reach 1 million by December 31, 2035",61,0.19
paired,2035,1000000,"bitcoin will reach 1 million by December 31, 2035",77,0.38
paired_paraphrase,2035,100000000,"bitcoin will reach 100 million by December 31, 2035",21,0.14
empty,no_date,20000000,bitcoin will reach 20 million,23,0.6
true_only,2035,100000000,"bitcoin will reach 100 million by December 31, 2035",67,0.55
empty,no_date,20000000,bitcoin will reach 20 million,50,0.58
empty,2035,1000000,"bitcoin will reach 1 million by December 31, 2035",9,0.17
paired_paraphrase,no_date,100000000,bitcoin will reach 100 million,71,0.2
false_only,2035,1000000,"bitcoin will reach 1 million by December 31, 2035",54,0.29
paired,no_date,1000000,bitcoin will reach 1 million,8,0.41
paired_paraphrase,2035,1000000,"bitcoin will reach 1 million by December 31, 2035",20,0.41
false_only,no_date,20000000,bitcoin will reach 20 million,11,0.41
false_only,2035,100000000,"bitcoin will reach 100 million by December 31, 2035",60,0.31
empty,no_date,100000000,bitcoin will reach 100 million,16,0.34
false_only,no_date,1000000,bitcoin will reach 1 million,61,0.28
false_only,no_date,100000000,bitcoin will reach 100 million,98,0.41
empty,2035,1000000,"bitcoin will reach 1 million by December 31, 2035",1,0.19
paired_paraphrase,2035,100000000,"bitcoin will reach 100 million by December 31, 2035",24,0.13
true_only,2035,100000000,"bitcoin will reach 100 million by December 31, 2035",91,0.52
empty,2035,100000000,"bitcoin will reach 100 million by December 31, 2035",4,0.32
paired_paraphrase,no_date,100000000,bitcoin will reach 100 million,42,0.19
paired_paraphrase,no_date,100000000,bitcoin will reach 100 million,31,0.21
paired,2035,100000000,"bitcoin will reach 100 million by December 31, 2035",77,0.27
true_only,no_date,1000000,bitcoin will reach 1 million,50,0.4
omitted,2035,20000000,"bitcoin will reach 20 million by December 31, 2035",44,0.58
empty,2035,100000000,"bitcoin will reach 100 million by December 31, 2035",70,0.27
true_only,no_date,1000000,bitcoin will reach 1 million,74,0.38
true_only,2035,1000000,"bitcoin will reach 1 million by December 31, 2035",99,0.42
false_only,2035,1000000,"bitcoin will reach 1 million by December 31, 2035",57,0.29
omitted,no_date,20000000,bitcoin will reach 20 million,63,0.46
omitted,2035,20000000,"bitcoin will reach 20 million by December 31, 2035",95,0.65
true_only,2035,20000000,"bitcoin will reach 20 million by December 31, 2035",88,0.55
true_only,2035,1000000,"bitcoin will reach 1 million by December 31, 2035",33,0.4
true_only,no_date,100000000,bitcoin will reach 100 million,39,0.47
omitted,2035,20000000,"bitcoin will reach 20 million by December 31, 2035",3,0.6
empty,no_date,1000000,bitcoin will reach 1 million,39,0.14
paired,2035,20000000,"bitcoin will reach 20 million by December 31, 2035",31,0.42
empty,no_date,100000000,bitcoin will reach 100 million,60,0.33
true_only,2035,20000000,"bitcoin will reach 20 million by December 31, 2035",74,0.51
false_only,no_date,100000000,bitcoin will reach 100 million,89,0.44
true_only,2035,100000000,"bitcoin will reach 100 million by December 31, 2035",21,0.54
paired,no_date,100000000,bitcoin will reach 100 million,31,0.35
false_only,no_date,20000000,bitcoin will reach 20 million,40,0.38
false_only,2035,20000000,"bitcoin will reach 20 million by December 31, 2035",55,0.44
omitted,2035,20000000,"bitcoin will reach 20 million by December 31, 2035",17,0.61
empty,2035,20000000,"bitcoin will reach 20 million by December 31, 2035",30,0.6
empty,2035,20000000,"bitcoin will reach 20 million by December 31, 2035",79,0.64
paired_paraphrase,no_date,1000000,bitcoin will reach 1 million,55,0.45
paired,2035,100000000,"bitcoin will reach 100 million by December 31, 2035",5,0.26
omitted,no_date,100000000,bitcoin will reach 100 million,33,0.36
paired,2035,100000000,"bitcoin will reach 100 million by December 31, 2035",2,0.27
true_only,2035,20000000,"bitcoin will reach 20 million by December 31, 2035",96,0.54
empty,no_date,1000000,bitcoin will reach 1 million,55,0.14
paired_paraphrase,no_date,1000000,bitcoin will reach 1 million,33,0.45
paired_paraphrase,no_date,1000000,bitcoin will reach 1 million,98,0.44
omitted,no_date,100000000,bitcoin will reach 100 million,21,0.36
omitted,2035,1000000,"bitcoin will reach 1 million by December 31, 2035",66,0.12
omitted,no_date,20000000,bitcoin will reach 20 million,7,0.44
omitted,no_date,20000000,bitcoin will reach 20 million,38,0.42
omitted,2035,100000000,"bitcoin will reach 100 million by December 31, 2035",95,0.44
empty,2035,1000000,"bitcoin will reach 1 million by December 31, 2035",100,0.17
paired_paraphrase,no_date,100000000,bitcoin will reach 100 million,50,0.2
false_only,2035,100000000,"bitcoin will reach 100 million by December 31, 2035",62,0.33
paired,no_date,100000000,bitcoin will reach 100 million,90,0.32
omitted,no_date,100000000,bitcoin will reach 100 million,90,0.36
paired,2035,20000000,"bitcoin will reach 20 million by December 31, 2035",100,0.37
paired_paraphrase,no_date,20000000,bitcoin will reach 20 million,1,0.23
paired,no_date,100000000,bitcoin will reach 100 million,1,0.33
empty,no_date,1000000,bitcoin will reach 1 million,3,0.15
true_only,no_date,100000000,bitcoin will reach 100 million,99,0.45
paired,no_date,20000000,bitcoin will reach 20 million,75,0.38
empty,no_date,100000000,bitcoin will reach 100 million,63,0.34
paired_paraphrase,no_date,100000000,bitcoin will reach 100 million,27,0.19
true_only,2035,20000000,"bitcoin will reach 20 million by December 31, 2035",95,0.53
omitted,2035,100000000,"bitcoin will reach 100 million by December 31, 2035",32,0.45
omitted,2035,1000000,"bitcoin will reach 1 million by December 31, 2035",96,0.15
paired_paraphrase,no_date,20000000,bitcoin will reach 20 million,85,0.2
paired,2035,1000000,"bitcoin will reach 1 million by December 31, 2035",54,0.37
false_only,2035,20000000,"bitcoin will reach 20 million by December 31, 2035",93,0.44
true_only,2035,20000000,"bitcoin will reach 20 million by December 31, 2035",71,0.52
empty,2035,1000000,"bitcoin will reach 1 million by December 31, 2035",2,0.17
paired_paraphrase,2035,100000000,"bitcoin will reach 100 million by December 31, 2035",70,0.14
empty,no_date,20000000,bitcoin will reach 20 million,20,0.55
false_only,2035,20000000,"bitcoin will reach 20 million by December 31, 2035",4,0.44
omitted,2035,20000000,"bitcoin will reach 20 million by December 31, 2035",29,0.61
false_only,2035,100000000,"bitcoin will reach 100 million by December 31, 2035",29,0.35
paired,no_date,20000000,bitcoin will reach 20 million,71,0.41
paired,2035,20000000,"bitcoin will reach 20 million by December 31, 2035",62,0.41
paired,no_date,1000000,bitcoin will reach 1 million,88,0.39
paired_paraphrase,2035,20000000,"bitcoin will reach 20 million by December 31, 2035",88,0.17
paired,2035,1000000,"bitcoin will reach 1 million by December 31, 2035",2,0.39
paired,no_date,20000000,bitcoin will reach 20 million,6,0.42
false_only,2035,100000000,"bitcoin will reach 100 million by December 31, 2035",47,0.32
false_only,no_date,1000000,bitcoin will reach 1 million,97,0.28
omitted,no_date,100000000,bitcoin will reach 100 million,80,0.37
true_only,2035,1000000,"bitcoin will reach 1 million by December 31, 2035",16,0.4
paired_paraphrase,2035,100000000,"bitcoin will reach 100 million by December 31, 2035",15,0.13
empty,no_date,100000000,bitcoin will reach 100 million,97,0.39
empty,no_date,20000000,bitcoin will reach 20 million,26,0.58
omitted,no_date,1000000,bitcoin will reach 1 million,67,0.11
false_only,2035,100000000,"bitcoin will reach 100 million by December 31, 2035",33,0.33
empty,no_date,100000000,bitcoin will reach 100 million,19,0.36
omitted,no_date,100000000,bitcoin will reach 100 million,78,0.37
paired_paraphrase,2035,100000000,"bitcoin will reach 100 million by December 31, 2035",11,0.11
omitted,2035,20000000,"bitcoin will reach 20 million by December 31, 2035",89,0.64
paired,no_date,1000000,bitcoin will reach 1 million,14,0.38
true_only,2035,20000000,"bitcoin will reach 20 million by December 31, 2035",26,0.48
empty,2035,20000000,"bitcoin will reach 20 million by December 31, 2035",93,0.59
paired,no_date,1000000,bitcoin will reach 1 million,33,0.39
empty,no_date,100000000,bitcoin will reach 100 million,9,0.35
empty,2035,100000000,"bitcoin will reach 100 million by December 31, 2035",57,0.27
omitted,no_date,1000000,bitcoin will reach 1 million,86,0.12
paired_paraphrase,2035,100000000,"bitcoin will reach 100 million by December 31, 2035",47,0.13
false_only,no_date,1000000,bitcoin will reach 1 million,100,0.25
paired,2035,20000000,"bitcoin will reach 20 million by December 31, 2035",24,0.43
true_only,2035,100000000,"bitcoin will reach 100 million by December 31, 2035",16,0.54
false_only,no_date,1000000,bitcoin will reach 1 million,76,0.24
false_only,2035,100000000,"bitcoin will reach 100 million by December 31, 2035",93,0.32
paired,no_date,1000000,bitcoin will reach 1 million,77,0.38
paired_paraphrase,no_date,100000000,bitcoin will reach 100 million,100,0.18
true_only,2035,20000000,"bitcoin will reach 20 million by December 31, 2035",42,0.53
paired_paraphrase,no_date,1000000,bitcoin will reach 1 million,9,0.44
paired_paraphrase,2035,20000000,"bitcoin will reach 20 million by December 31, 2035",89,0.17
paired_paraphrase,no_date,20000000,bitcoin will reach 20 million,23,0.22
true_only,no_date,1000000,bitcoin will reach 1 million,87,0.38
true_only,no_date,1000000,bitcoin will reach 1 million,55,0.4
paired,2035,1000000,"bitcoin will reach 1 million by December 31, 2035",39,0.37
omitted,no_date,1000000,bitcoin will reach 1 million,40,0.12
empty,no_date,20000000,bitcoin will reach 20 million,30,0.57
paired,2035,20000000,"bitcoin will reach 20 million by December 31, 2035",82,0.41
omitted,no_date,20000000,bitcoin will reach 20 million,58,0.41
true_only,no_date,20000000,bitcoin will reach 20 million,96,0.38
paired_paraphrase,no_date,1000000,bitcoin will reach 1 million,69,0.47
paired_paraphrase,2035,100000000,"bitcoin will reach 100 million by December 31, 2035",91,0.14
empty,2035,100000000,"bitcoin will reach 100 million by December 31, 2035",27,0.22
empty,no_date,1000000,bitcoin will reach 1 million,51,0.13
false_only,no_date,1000000,bitcoin will reach 1 million,40,0.23
paired,2035,1000000,"bitcoin will reach 1 million by December 31, 2035",42,0.4
empty,no_date,20000000,bitcoin will reach 20 million,22,0.58
paired,no_date,1000000,bitcoin will reach 1 million,82,0.39
false_only,no_date,100000000,bitcoin will reach 100 million,100,0.39
false_only,no_date,100000000,bitcoin will reach 100 million,19,0.4
paired_paraphrase,2035,100000000,"bitcoin will reach 100 million by December 31, 2035",22,0.14
paired_paraphrase,no_date,1000000,bitcoin will reach 1 million,88,0.46
paired,2035,100000000,"bitcoin will reach 100 million by December 31, 2035",10,0.23
paired_paraphrase,2035,20000000,"bitcoin will reach 20 million by December 31, 2035",84,0.18
paired_paraphrase,no_date,100000000,bitcoin will reach 100 million,39,0.2
true_only,no_date,1000000,bitcoin will reach 1 million,26,0.4
omitted,no_date,1000000,bitcoin will reach 1 million,20,0.11
omitted,2035,20000000,"bitcoin will reach 20 million by December 31, 2035",34,0.59
paired_paraphrase,2035,1000000,"bitcoin will reach 1 million by December 31, 2035",47,0.41
omitted,no_date,1000000,bitcoin will reach 1 million,61,0.12
omitted,no_date,100000000,bitcoin will reach 100 million,75,0.35
omitted,no_date,20000000,bitcoin will reach 20 million,86,0.44
false_only,no_date,100000000,bitcoin will reach 100 million,57,0.42
omitted,2035,20000000,"bitcoin will reach 20 million by December 31, 2035",84,0.6
paired,2035,20000000,"bitcoin will reach 20 million by December 31, 2035",8,0.43
false_only,2035,1000000,"bitcoin will reach 1 million by December 31, 2035",75,0.27
false_only,no_date,100000000,bitcoin will reach 100 million,88,0.43
false_only,no_date,100000000,bitcoin will reach 100 million,3,0.43
false_only,2035,1000000,"bitcoin will reach 1 million by December 31, 2035",90,0.29
false_only,2035,1000000,"bitcoin will reach 1 million by December 31, 2035",89,0.28
false_only,2035,1000000,"bitcoin will reach 1 million by December 31, 2035",66,0.26
empty,2035,1000000,"bitcoin will reach 1 million by December 31, 2035",79,0.17
empty,2035,1000000,"bitcoin will reach 1 million by December 31, 2035",23,0.16
paired_paraphrase,no_date,100000000,bitcoin will reach 100 million,63,0.16
paired_paraphrase,no_date,20000000,bitcoin will reach 20 million,38,0.19
paired_paraphrase,no_date,1000000,bitcoin will reach 1 million,63,0.43
true_only,no_date,20000000,bitcoin will reach 20 million,98,0.39
false_only,no_date,1000000,bitcoin will reach 1 million,65,0.25
paired,no_date,1000000,bitcoin will reach 1 million,57,0.4
paired,2035,1000000,"bitcoin will reach 1 million by December 31, 2035",32,0.41
paired_paraphrase,2035,1000000,"bitcoin will reach 1 million by December 31, 2035",22,0.39
true_only,2035,100000000,"bitcoin will reach 100 million by December 31, 2035",28,0.55
paired_paraphrase,2035,20000000,"bitcoin will reach 20 million by December 31, 2035",93,0.15
paired_paraphrase,no_date,1000000,bitcoin will reach 1 million,27,0.46
paired,2035,20000000,"bitcoin will reach 20 million by December 31, 2035",88,0.38
empty,2035,100000000,"bitcoin will reach 100 million by December 31, 2035",56,0.23
false_only,2035,100000000,"bitcoin will reach 100 million by December 31, 2035",79,0.31
true_only,no_date,100000000,bitcoin will reach 100 million,55,0.47
paired_paraphrase,no_date,100000000,bitcoin will reach 100 million,18,0.19
omitted,no_date,100000000,bitcoin will reach 100 million,95,0.36
false_only,no_date,100000000,bitcoin will reach 100 million,73,0.38
true_only,2035,1000000,"bitcoin will reach 1 million by December 31, 2035",75,0.41
true_only,2035,20000000,"bitcoin will reach 20 million by December 31, 2035",57,0.52
empty,no_date,1000000,bitcoin will reach 1 million,88,0.13
false_only,2035,100000000,"bitcoin will reach 100 million by December 31, 2035",39,0.32
omitted,2035,1000000,"bitcoin will reach 1 million by December 31, 2035",52,0.17
paired,2035,1000000,"bitcoin will reach 1 million by December 31, 2035",67,0.38
paired,2035,100000000,"bitcoin will reach 100 million by December 31, 2035",55,0.27
false_only,2035,20000000,"bitcoin will reach 20 million by December 31, 2035",68,0.44
true_only,2035,100000000,"bitcoin will reach 100 million by December 31, 2035",56,0.56
true_only,2035,1000000,"bitcoin will reach 1 million by December 31, 2035",73,0.41
true_only,no_date,100000000,bitcoin will reach 100 million,4,0.46
true_only,2035,20000000,"bitcoin will reach 20 million by December 31, 2035",24,0.48
paired,2035,1000000,"bitcoin will reach 1 million by December 31, 2035",13,0.4
false_only,no_date,100000000,bitcoin will reach 100 million,37,0.42
paired_paraphrase,2035,20000000,"bitcoin will reach 20 million by December 31, 2035",50,0.17
paired,2035,100000000,"bitcoin will reach 100 million by December 31, 2035",60,0.26
empty,no_date,20000000,bitcoin will reach 20 million,60,0.59
true_only,2035,1000000,"bitcoin will reach 1 million by December 31, 2035",91,0.44
paired,no_date,20000000,bitcoin will reach 20 million,69,0.43
true_only,no_date,1000000,bitcoin will reach 1 million,73,0.38
false_only,no_date,1000000,bitcoin will reach 1 million,5,0.25
false_only,2035,100000000,"bitcoin will reach 100 million by December 31, 2035",17,0.33
empty,2035,100000000,"bitcoin will reach 100 million by December 31, 2035",11,0.23
empty,no_date,100000000,bitcoin will reach 100 million,10,0.34
paired_paraphrase,no_date,20000000,bitcoin will reach 20 million,62,0.21
false_only,no_date,1000000,bitcoin will reach 1 million,42,0.25
paired,2035,20000000,"bitcoin will reach 20 million by December 31, 2035",66,0.39
paired_paraphrase,2035,20000000,"bitcoin will reach 20 million by December 31, 2035",37,0.17
omitted,no_date,100000000,bitcoin will reach 100 million,51,0.36
true_only,2035,1000000,"bitcoin will reach 1 million by December 31, 2035",38,0.42
paired_paraphrase,no_date,20000000,bitcoin will reach 20 million,60,0.24
omitted,no_date,20000000,bitcoin will reach 20 million,10,0.45
empty,2035,20000000,"bitcoin will reach 20 million by December 31, 2035",17,0.57
paired_paraphrase,no_date,1000000,bitcoin will reach 1 million,49,0.43
omitted,no_date,1000000,bitcoin will reach 1 million,2,0.11
paired,2035,20000000,"bitcoin will reach 20 million by December 31, 2035",13,0.43
omitted,2035,100000000,"bitcoin will reach 100 million by December 31, 2035",63,0.43
false_only,no_date,1000000,bitcoin will reach 1 million,46,0.26
paired,no_date,1000000,bitcoin will reach 1 million,60,0.37
paired,2035,100000000,"bitcoin will reach 100 million by December 31, 2035",51,0.3
true_only,no_date,1000000,bitcoin will reach 1 million,65,0.39
true_only,no_date,1000000,bitcoin will reach 1 million,16,0.4
true_only,2035,1000000,"bitcoin will reach 1 million by December 31, 2035",60,0.42
omitted,no_date,100000000,bitcoin will reach 100 million,18,0.38
paired,no_date,100000000,bitcoin will reach 100 million,43,0.35
false_only,no_date,20000000,bitcoin will reach 20 million,44,0.41
empty,2035,20000000,"bitcoin will reach 20 million by December 31, 2035",100,0.65
empty,no_date,100000000,bitcoin will reach 100 million,70,0.36
empty,2035,1000000,"bitcoin will reach 1 million by December 31, 2035",76,0.17
false_only,2035,20000000,"bitcoin will reach 20 million by December 31, 2035",7,0.44
paired_paraphrase,2035,100000000,"bitcoin will reach 100 million by December 31, 2035",74,0.13
paired,2035,100000000,"bitcoin will reach 100 million by December 31, 2035",98,0.26
omitted,2035,100000000,"bitcoin will reach 100 million by December 31, 2035",61,0.41
paired_paraphrase,no_date,1000000,bitcoin will reach 1 million,100,0.43
omitted,no_date,100000000,bitcoin will reach 100 million,10,0.37
paired,2035,100000000,"bitcoin will reach 100 million by December 31, 2035",22,0.26
omitted,2035,20000000,"bitcoin will reach 20 million by December 31, 2035",67,0.62
paired,2035,1000000,"bitcoin will reach 1 million by December 31, 2035",57,0.4
paired,2035,1000000,"bitcoin will reach 1 million by December 31, 2035",72,0.37
omitted,no_date,100000000,bitcoin will reach 100 million,22,0.33
paired_paraphrase,no_date,20000000,bitcoin will reach 20 million,53,0.25
paired_paraphrase,2035,100000000,"bitcoin will reach 100 million by December 31, 2035",45,0.14
paired,2035,20000000,"bitcoin will reach 20 million by December 31, 2035",19,0.39
omitted,2035,20000000,"bitcoin will reach 20 million by December 31, 2035",18,0.61
true_only,no_date,20000000,bitcoin will reach 20 million,25,0.4
paired,no_date,100000000,bitcoin will reach 100 million,29,0.3
false_only,no_date,20000000,bitcoin will reach 20 million,60,0.39
paired_paraphrase,no_date,1000000,bitcoin will reach 1 million,51,0.45
paired,no_date,1000000,bitcoin will reach 1 million,11,0.41
empty,2035,100000000,"bitcoin will reach 100 million by December 31, 2035",65,0.23
false_only,no_date,100000000,bitcoin will reach 100 million,80,0.38
empty,no_date,1000000,bitcoin will reach 1 million,97,0.15
false_only,no_date,1000000,bitcoin will reach 1 million,10,0.26
paired_paraphrase,no_date,20000000,bitcoin will reach 20 million,18,0.21
omitted,no_date,100000000,bitcoin will reach 100 million,24,0.38
paired,no_date,100000000,bitcoin will reach 100 million,57,0.34
paired,2035,20000000,"bitcoin will reach 20 million by December 31, 2035",71,0.36
empty,2035,20000000,"bitcoin will reach 20 million by December 31, 2035",67,0.59
omitted,no_date,100000000,bitcoin will reach 100 million,65,0.39
paired,no_date,20000000,bitcoin will reach 20 million,91,0.37
empty,no_date,20000000,bitcoin will reach 20 million,86,0.61
empty,2035,100000000,"bitcoin will reach 100 million by December 31, 2035",66,0.21
false_only,2035,20000000,"bitcoin will reach 20 million by December 31, 2035",60,0.47
empty,2035,100000000,"bitcoin will reach 100 million by December 31, 2035",55,0.25
paired_paraphrase,no_date,1000000,bitcoin will reach 1 million,76,0.44
false_only,2035,20000000,"bitcoin will reach 20 million by December 31, 2035",82,0.41
paired,2035,1000000,"bitcoin will reach 1 million by December 31, 2035",29,0.38
omitted,2035,100000000,"bitcoin will reach 100 million by December 31, 2035",37,0.46
false_only,no_date,20000000,bitcoin will reach 20 million,85,0.39
true_only,2035,20000000,"bitcoin will reach 20 million by December 31, 2035",54,0.59
false_only,2035,100000000,"bitcoin will reach 100 million by December 31, 2035",70,0.33
paired,2035,20000000,"bitcoin will reach 20 million by December 31, 2035",15,0.42
false_only,no_date,1000000,bitcoin will reach 1 million,30,0.24
omitted,2035,20000000,"bitcoin will reach 20 million by December 31, 2035",46,0.63
paired,2035,1000000,"bitcoin will reach 1 million by December 31, 2035",85,0.38
empty,no_date,100000000,bitcoin will reach 100 million,46,0.34
paired_paraphrase,2035,1000000,"bitcoin will reach 1 million by December 31, 2035",92,0.41
omitted,2035,1000000,"bitcoin will reach 1 million by December 31, 2035",6,0.15
paired,no_date,20000000,bitcoin will reach 20 million,98,0.4
empty,2035,20000000,"bitcoin will reach 20 million by December 31, 2035",82,0.63
false_only,2035,20000000,"bitcoin will reach 20 million by December 31, 2035",9,0.44
false_only,2035,100000000,"bitcoin will reach 100 million by December 31, 2035",12,0.3
paired_paraphrase,2035,1000000,"bitcoin will reach 1 million by December 31, 2035",77,0.4
false_only,no_date,20000000,bitcoin will reach 20 million,33,0.38
false_only,no_date,1000000,bitcoin will reach 1 million,57,0.24
empty,2035,100000000,"bitcoin will reach 100 million by December 31, 2035",33,0.23
true_only,no_date,20000000,bitcoin will reach 20 million,18,0.42
false_only,2035,1000000,"bitcoin will reach 1 million by December 31, 2035",81,0.25
paired,2035,100000000,"bitcoin will reach 100 million by December 31, 2035",49,0.28
omitted,2035,20000000,"bitcoin will reach 20 million by December 31, 2035",58,0.63
true_only,no_date,100000000,bitcoin will reach 100 million,27,0.45
empty,no_date,1000000,bitcoin will reach 1 million,36,0.14
paired,no_date,100000000,bitcoin will reach 100 million,19,0.33
paired_paraphrase,2035,20000000,"bitcoin will reach 20 million by December 31, 2035",56,0.19
false_only,2035,100000000,"bitcoin will reach 100 million by December 31, 2035",81,0.3
paired,2035,1000000,"bitcoin will reach 1 million by December 31, 2035",10,0.37
paired_paraphrase,no_date,100000000,bitcoin will reach 100 million,93,0.18
paired_paraphrase,no_date,1000000,bitcoin will reach 1 million,28,0.46
paired_paraphrase,2035,1000000,"bitcoin will reach 1 million by December 31, 2035",26,0.39
omitted,no_date,1000000,bitcoin will reach 1 million,42,0.12
empty,2035,1000000,"bitcoin will reach 1 million by December 31, 2035",19,0.19
empty,no_date,20000000,bitcoin will reach 20 million,52,0.57
paired_paraphrase,no_date,20000000,bitcoin will reach 20 million,56,0.24
omitted,no_date,1000000,bitcoin will reach 1 million,84,0.11
paired_paraphrase,2035,20000000,"bitcoin will reach 20 million by December 31, 2035",65,0.18
empty,no_date,1000000,bitcoin will reach 1 million,22,0.14
empty,2035,20000000,"bitcoin will reach 20 million by December 31, 2035",92,0.61
true_only,2035,1000000,"bitcoin will reach 1 million by December 31, 2035",72,0.43
empty,2035,20000000,"bitcoin will reach 20 million by December 31, 2035",84,0.61
paired,no_date,1000000,bitcoin will reach 1 million,29,0.38
true_only,2035,1000000,"bitcoin will reach 1 million by December 31, 2035",74,0.43
false_only,2035,1000000,"bitcoin will reach 1 million by December 31, 2035",40,0.29
paired_paraphrase,2035,20000000,"bitcoin will reach 20 million by December 31, 2035",97,0.17
true_only,no_date,100000000,bitcoin will reach 100 million,15,0.45
omitted,2035,20000000,"bitcoin will reach 20 million by December 31, 2035",94,0.65
empty,no_date,20000000,bitcoin will reach 20 million,44,0.58
omitted,2035,100000000,"bitcoin will reach 100 million by December 31, 2035",56,0.4
true_only,2035,1000000,"bitcoin will reach 1 million by December 31, 2035",85,0.41
empty,no_date,1000000,bitcoin will reach 1 million,47,0.15
empty,2035,1000000,"bitcoin will reach 1 million by December 31, 2035",52,0.17
false_only,2035,1000000,"bitcoin will reach 1 million by December 31, 2035",100,0.27
paired_paraphrase,no_date,100000000,bitcoin will reach 100 million,6,0.2
paired_paraphrase,no_date,20000000,bitcoin will reach 20 million,8,0.22
false_only,no_date,1000000,bitcoin will reach 1 million,58,0.28
omitted,2035,100000000,"bitcoin will reach 100 million by December 31, 2035",17,0.44
omitted,no_date,1000000,bitcoin will reach 1 million,13,0.13
omitted,no_date,1000000,bitcoin will reach 1 million,34,0.09
true_only,2035,1000000,"bitcoin will reach 1 million by December 31, 2035",66,0.42
true_only,no_date,20000000,bitcoin will reach 20 million,5,0.4
empty,no_date,20000000,bitcoin will reach 20 million,57,0.59
omitted,no_date,20000000,bitcoin will reach 20 million,59,0.41
omitted,2035,100000000,"bitcoin will reach 100 million by December 31, 2035",48,0.42
true_only,2035,20000000,"bitcoin will reach 20 million by December 31, 2035",84,0.55
empty,no_date,20000000,bitcoin will reach 20 million,72,0.61
paired,2035,1000000,"bitcoin will reach 1 million by December 31, 2035",49,0.37
empty,2035,100000000,"bitcoin will reach 100 million by December 31, 2035",73,0.25
false_only,no_date,20000000,bitcoin will reach 20 million,35,0.4
paired,no_date,20000000,bitcoin will reach 20 million,22,0.41
paired_paraphrase,2035,100000000,"bitcoin will reach 100 million by December 31, 2035",29,0.13
paired,no_date,20000000,bitcoin will reach 20 million,88,0.4
false_only,no_date,20000000,bitcoin will reach 20 million,98,0.42
paired_paraphrase,2035,1000000,"bitcoin will reach 1 million by December 31, 2035",8,0.39
omitted,2035,100000000,"bitcoin will reach 100 million by December 31, 2035",5,0.42
paired,2035,100000000,"bitcoin will reach 100 million by December 31, 2035",93,0.26
false_only,no_date,1000000,bitcoin will reach 1 million,19,0.29
omitted,no_date,20000000,bitcoin will reach 20 million,68,0.45
paired,2035,100000000,"bitcoin will reach 100 million by December 31, 2035",31,0.25
empty,no_date,20000000,bitcoin will reach 20 million,95,0.58
paired_paraphrase,2035,20000000,"bitcoin will reach 20 million by December 31, 2035",57,0.19
empty,no_date,20000000,bitcoin will reach 20 million,91,0.58
paired_paraphrase,2035,100000000,"bitcoin will reach 100 million by December 31, 2035",94,0.13
true_only,2035,1000000,"bitcoin will reach 1 million by December 31, 2035",68,0.42
paired,2035,20000000,"bitcoin will reach 20 million by December 31, 2035",38,0.42
true_only,2035,20000000,"bitcoin will reach 20 million by December 31, 2035",23,0.5
true_only,no_date,20000000,bitcoin will reach 20 million,39,0.4
false_only,2035,1000000,"bitcoin will reach 1 million by December 31, 2035",73,0.28
omitted,2035,100000000,"bitcoin will reach 100 million by December 31, 2035",66,0.42
paired,2035,1000000,"bitcoin will reach 1 million by December 31, 2035",55,0.38
omitted,no_date,100000000,bitcoin will reach 100 million,55,0.36
paired,2035,100000000,"bitcoin will reach 100 million by December 31, 2035",7,0.27
empty,no_date,1000000,bitcoin will reach 1 million,98,0.13
paired_paraphrase,no_date,1000000,bitcoin will reach 1 million,15,0.48
paired,no_date,20000000,bitcoin will reach 20 million,52,0.42
empty,no_date,20000000,bitcoin will reach 20 million,49,0.6
empty,no_date,100000000,bitcoin will reach 100 million,36,0.37
false_only,no_date,100000000,bitcoin will reach 100 million,23,0.42
paired,no_date,1000000,bitcoin will reach 1 million,3,0.42
false_only,2035,100000000,"bitcoin will reach 100 million by December 31, 2035",34,0.32
false_only,2035,20000000,"bitcoin will reach 20 million by December 31, 2035",92,0.42
paired_paraphrase,no_date,1000000,bitcoin will reach 1 million,43,0.45
true_only,2035,100000000,"bitcoin will reach 100 million by December 31, 2035",38,0.54
false_only,2035,100000000,"bitcoin will reach 100 million by December 31, 2035",91,0.35
paired_paraphrase,2035,100000000,"bitcoin will reach 100 million by December 31, 2035",88,0.14
empty,2035,20000000,"bitcoin will reach 20 million by December 31, 2035",90,0.61
omitted,no_date,100000000,bitcoin will reach 100 million,31,0.4
true_only,2035,100000000,"bitcoin will reach 100 million by December 31, 2035",78,0.56
paired,no_date,1000000,bitcoin will reach 1 million,37,0.38
paired_paraphrase,2035,100000000,"bitcoin will reach 100 million by December 31, 2035",27,0.13
omitted,no_date,20000000,bitcoin will reach 20 million,44,0.46
omitted,2035,100000000,"bitcoin will reach 100 million by December 31, 2035",14,0.41
paired,no_date,100000000,bitcoin will reach 100 million,76,0.35
false_only,no_date,100000000,bitcoin will reach 100 million,87,0.4
false_only,2035,100000000,"bitcoin will reach 100 million by December 31, 2035",68,0.33
paired,2035,100000000,"bitcoin will reach 100 million by December 31, 2035",34,0.26
false_only,2035,1000000,"bitcoin will reach 1 million by December 31, 2035",97,0.28
false_only,no_date,20000000,bitcoin will reach 20 million,4,0.4
empty,2035,100000000,"bitcoin will reach 100 million by December 31, 2035",71,0.23
paired_paraphrase,2035,1000000,"bitcoin will reach 1 million by December 31, 2035",46,0.41
true_only,2035,100000000,"bitcoin will reach 100 million by December 31, 2035",39,0.55
paired_paraphrase,no_date,1000000,bitcoin will reach 1 million,91,0.46
paired,no_date,100000000,bitcoin will reach 100 million,26,0.32
empty,no_date,100000000,bitcoin will reach 100 million,12,0.35
false_only,no_date,100000000,bitcoin will reach 100 million,58,0.41
paired,no_date,100000000,bitcoin will reach 100 million,71,0.34
paired_paraphrase,2035,20000000,"bitcoin will reach 20 million by December 31, 2035",63,0.18
false_only,2035,20000000,"bitcoin will reach 20 million by December 31, 2035",47,0.44
omitted,no_date,20000000,bitcoin will reach 20 million,15,0.42
paired_paraphrase,2035,100000000,"bitcoin will reach 100 million by December 31, 2035",57,0.15
empty,no_date,100000000,bitcoin will reach 100 million,14,0.34
false_only,2035,100000000,"bitcoin will reach 100 million by December 31, 2035",16,0.34
true_only,2035,20000000,"bitcoin will reach 20 million by December 31, 2035",62,0.51
omitted,no_date,100000000,bitcoin will reach 100 million,85,0.37
paired,2035,20000000,"bitcoin will reach 20 million by December 31, 2035",75,0.38
empty,2035,100000000,"bitcoin will reach 100 million by December 31, 2035",75,0.23
true_only,no_date,100000000,bitcoin will reach 100 million,66,0.48
omitted,no_date,100000000,bitcoin will reach 100 million,89,0.35
true_only,no_date,20000000,bitcoin will reach 20 million,40,0.41
true_only,no_date,20000000,bitcoin will reach 20 million,55,0.36
paired,2035,100000000,"bitcoin will reach 100 million by December 31, 2035",52,0.31
empty,no_date,20000000,bitcoin will reach 20 million,71,0.59
true_only,no_date,100000000,bitcoin will reach 100 million,29,0.46
true_only,2035,1000000,"bitcoin will reach 1 million by December 31, 2035",53,0.42
empty,no_date,1000000,bitcoin will reach 1 million,46,0.14
paired,2035,100000000,"bitcoin will reach 100 million by December 31, 2035",40,0.25
paired_paraphrase,2035,100000000,"bitcoin will reach 100 million by December 31, 2035",55,0.13
omitted,no_date,20000000,bitcoin will reach 20 million,87,0.43
paired_paraphrase,2035,1000000,"bitcoin will reach 1 million by December 31, 2035",90,0.4
omitted,2035,1000000,"bitcoin will reach 1 million by December 31, 2035",19,0.13
empty,no_date,20000000,bitcoin will reach 20 million,81,0.59
omitted,no_date,20000000,bitcoin will reach 20 million,51,0.48
empty,2035,1000000,"bitcoin will reach 1 million by December 31, 2035",91,0.19
paired_paraphrase,2035,100000000,"bitcoin will reach 100 million by December 31, 2035",67,0.14
