criteria_mode,spec,qid,replicate,question,p
omitted,nested_threshold,lower,87,"Will Bitcoin reach $1,000,000 by December 31, 2035?",0.1
omitted,nested_threshold,higher,87,"Will Bitcoin reach $100,000,000 by December 31, 2035?",0.02
omitted,complement,yes,24,"Will Bitcoin reach $1,000,000 by December 31, 2035?",0.09
omitted,complement,no,24,"Will Bitcoin fail to reach $1,000,000 by December 31, 2035?",0.92
empty,partition,above,88,"Will Bitcoin's USD daily closing price on December 31, 2035 be above $1,000,000?",0.17
empty,partition,not_above,88,"Will Bitcoin's USD daily closing price on December 31, 2035 be at or below $1,000,000?",0.71
omitted,joint_bounds,one,68,"Will Bitcoin reach $1,000,000 by December 31, 2035?",0.11
omitted,joint_bounds,ten,68,"Will Bitcoin reach $10,000,000 by December 31, 2035?",0.03
omitted,joint_bounds,both,68,"Will Bitcoin reach both $1,000,000 and $10,000,000 by December 31, 2035?",0.04
empty,complement,yes,97,"Will Bitcoin reach $1,000,000 by December 31, 2035?",0.1
empty,complement,no,97,"Will Bitcoin fail to reach $1,000,000 by December 31, 2035?",0.83
empty,nested_time,short,61,"Will Bitcoin reach $1,000,000 by December 31, 2030?",0.07
empty,nested_time,long,61,"Will Bitcoin reach $1,000,000 by December 31, 2035?",0.13
omitted,nested_time,short,37,"Will Bitcoin reach $1,000,000 by December 31, 2030?",0.05
omitted,nested_time,long,37,"Will Bitcoin reach $1,000,000 by December 31, 2035?",0.09
paired,joint_bounds,one,18,"Will Bitcoin reach $1,000,000 by December 31, 2035?",0.21
paired,joint_bounds,ten,18,"Will Bitcoin reach $10,000,000 by December 31, 2035?",0.04
paired,joint_bounds,both,18,"Will Bitcoin reach both $1,000,000 and $10,000,000 by December 31, 2035?",0.07
empty,complement,yes,92,"Will Bitcoin reach $1,000,000 by December 31, 2035?",0.12
empty,complement,no,92,"Will Bitcoin fail to reach $1,000,000 by December 31, 2035?",0.8
paired,complement,yes,78,"Will Bitcoin reach $1,000,000 by December 31, 2035?",0.2
paired,complement,no,78,"Will Bitcoin fail to reach $1,000,000 by December 31, 2035?",0.78
omitted,nested_threshold,lower,100,"Will Bitcoin reach $1,000,000 by December 31, 2035?",0.11
omitted,nested_threshold,higher,100,"Will Bitcoin reach $100,000,000 by December 31, 2035?",0.03
omitted,complement,yes,3,"Will Bitcoin reach $1,000,000 by December 31, 2035?",0.11
omitted,complement,no,3,"Will Bitcoin fail to reach $1,000,000 by December 31, 2035?",0.92
empty,partition,above,59,"Will Bitcoin's USD daily closing price on December 31, 2035 be above $1,000,000?",0.2
empty,partition,not_above,59,"Will Bitcoin's USD daily closing price on December 31, 2035 be at or below $1,000,000?",0.71
omitted,nested_time,short,15,"Will Bitcoin reach $1,000,000 by December 31, 2030?",0.05
omitted,nested_time,long,15,"Will Bitcoin reach $1,000,000 by December 31, 2035?",0.09
paired,nested_time,short,93,"Will Bitcoin reach $1,000,000 by December 31, 2030?",0.05
paired,nested_time,long,93,"Will Bitcoin reach $1,000,000 by December 31, 2035?",0.11
omitted,nested_time,short,19,"Will Bitcoin reach $1,000,000 by December 31, 2030?",0.05
omitted,nested_time,long,19,"Will Bitcoin reach $1,000,000 by December 31, 2035?",0.11
omitted,joint_bounds,one,92,"Will Bitcoin reach $1,000,000 by December 31, 2035?",0.1
omitted,joint_bounds,ten,92,"Will Bitcoin reach $10,000,000 by December 31, 2035?",0.03
omitted,joint_bounds,both,92,"Will Bitcoin reach both $1,000,000 and $10,000,000 by December 31, 2035?",0.04
omitted,partition,above,54,"Will Bitcoin's USD daily closing price on December 31, 2035 be above $1,000,000?",0.21
omitted,partition,not_above,54,"Will Bitcoin's USD daily closing price on December 31, 2035 be at or below $1,000,000?",0.76
paired,nested_time,short,83,"Will Bitcoin reach $1,000,000 by December 31, 2030?",0.07
paired,nested_time,long,83,"Will Bitcoin reach $1,000,000 by December 31, 2035?",0.12
empty,partition,above,76,"Will Bitcoin's USD daily closing price on December 31, 2035 be above $1,000,000?",0.21
empty,partition,not_above,76,"Will Bitcoin's USD daily closing price on December 31, 2035 be at or below $1,000,000?",0.69
omitted,partition,above,4,"Will Bitcoin's USD daily closing price on December 31, 2035 be above $1,000,000?",0.22
omitted,partition,not_above,4,"Will Bitcoin's USD daily closing price on December 31, 2035 be at or below $1,000,000?",0.75
omitted,nested_threshold,lower,52,"Will Bitcoin reach $1,000,000 by December 31, 2035?",0.08
omitted,nested_threshold,higher,52,"Will Bitcoin reach $100,000,000 by December 31, 2035?",0.02
paired,nested_time,short,23,"Will Bitcoin reach $1,000,000 by December 31, 2030?",0.05
paired,nested_time,long,23,"Will Bitcoin reach $1,000,000 by December 31, 2035?",0.11
paired,joint_bounds,one,95,"Will Bitcoin reach $1,000,000 by December 31, 2035?",0.19
paired,joint_bounds,ten,95,"Will Bitcoin reach $10,000,000 by December 31, 2035?",0.05
paired,joint_bounds,both,95,"Will Bitcoin reach both $1,000,000 and $10,000,000 by December 31, 2035?",0.06
empty,partition,above,30,"Will Bitcoin's USD daily closing price on December 31, 2035 be above $1,000,000?",0.22
empty,partition,not_above,30,"Will Bitcoin's USD daily closing price on December 31, 2035 be at or below $1,000,000?",0.72
paired,nested_time,short,68,"Will Bitcoin reach $1,000,000 by December 31, 2030?",0.05
paired,nested_time,long,68,"Will Bitcoin reach $1,000,000 by December 31, 2035?",0.13
omitted,partition,above,66,"Will Bitcoin's USD daily closing price on December 31, 2035 be above $1,000,000?",0.22
omitted,partition,not_above,66,"Will Bitcoin's USD daily closing price on December 31, 2035 be at or below $1,000,000?",0.77
paired,partition,above,12,"Will Bitcoin's USD daily closing price on December 31, 2035 be above $1,000,000?",0.22
paired,partition,not_above,12,"Will Bitcoin's USD daily closing price on December 31, 2035 be at or below $1,000,000?",0.75
paired,partition,above,77,"Will Bitcoin's USD daily closing price on December 31, 2035 be above $1,000,000?",0.23
paired,partition,not_above,77,"Will Bitcoin's USD daily closing price on December 31, 2035 be at or below $1,000,000?",0.75
empty,nested_threshold,lower,76,"Will Bitcoin reach $1,000,000 by December 31, 2035?",0.11
empty,nested_threshold,higher,76,"Will Bitcoin reach $100,000,000 by December 31, 2035?",0.03
paired,joint_bounds,one,98,"Will Bitcoin reach $1,000,000 by December 31, 2035?",0.19
paired,joint_bounds,ten,98,"Will Bitcoin reach $10,000,000 by December 31, 2035?",0.04
paired,joint_bounds,both,98,"Will Bitcoin reach both $1,000,000 and $10,000,000 by December 31, 2035?",0.07
paired,nested_threshold,lower,30,"Will Bitcoin reach $1,000,000 by December 31, 2035?",0.13
paired,nested_threshold,higher,30,"Will Bitcoin reach $100,000,000 by December 31, 2035?",0.03
paired,nested_threshold,lower,51,"Will Bitcoin reach $1,000,000 by December 31, 2035?",0.13
paired,nested_threshold,higher,51,"Will Bitcoin reach $100,000,000 by December 31, 2035?",0.04
omitted,nested_threshold,lower,29,"Will Bitcoin reach $1,000,000 by December 31, 2035?",0.12
omitted,nested_threshold,higher,29,"Will Bitcoin reach $100,000,000 by December 31, 2035?",0.02
paired,joint_bounds,one,46,"Will Bitcoin reach $1,000,000 by December 31, 2035?",0.22
paired,joint_bounds,ten,46,"Will Bitcoin reach $10,000,000 by December 31, 2035?",0.04
paired,joint_bounds,both,46,"Will Bitcoin reach both $1,000,000 and $10,000,000 by December 31, 2035?",0.07
empty,partition,above,34,"Will Bitcoin's USD daily closing price on December 31, 2035 be above $1,000,000?",0.2
empty,partition,not_above,34,"Will Bitcoin's USD daily closing price on December 31, 2035 be at or below $1,000,000?",0.71
omitted,nested_time,short,22,"Will Bitcoin reach $1,000,000 by December 31, 2030?",0.04
omitted,nested_time,long,22,"Will Bitcoin reach $1,000,000 by December 31, 2035?",0.13
paired,partition,above,93,"Will Bitcoin's USD daily closing price on December 31, 2035 be above $1,000,000?",0.25
paired,partition,not_above,93,"Will Bitcoin's USD daily closing price on December 31, 2035 be at or below $1,000,000?",0.74
empty,complement,yes,40,"Will Bitcoin reach $1,000,000 by December 31, 2035?",0.1
empty,complement,no,40,"Will Bitcoin fail to reach $1,000,000 by December 31, 2035?",0.83
omitted,complement,yes,67,"Will Bitcoin reach $1,000,000 by December 31, 2035?",0.09
omitted,complement,no,67,"Will Bitcoin fail to reach $1,000,000 by December 31, 2035?",0.91
paired,nested_threshold,lower,84,"Will Bitcoin reach $1,000,000 by December 31, 2035?",0.11
paired,nested_threshold,higher,84,"Will Bitcoin reach $100,000,000 by December 31, 2035?",0.03
empty,partition,above,53,"Will Bitcoin's USD daily closing price on December 31, 2035 be above $1,000,000?",0.2
empty,partition,not_above,53,"Will Bitcoin's USD daily closing price on December 31, 2035 be at or below $1,000,000?",0.71
paired,joint_bounds,one,7,"Will Bitcoin reach $1,000,000 by December 31, 2035?",0.18
paired,joint_bounds,ten,7,"Will Bitcoin reach $10,000,000 by December 31, 2035?",0.04
paired,joint_bounds,both,7,"Will Bitcoin reach both $1,000,000 and $10,000,000 by December 31, 2035?",0.06
empty,partition,above,14,"Will Bitcoin's USD daily closing price on December 31, 2035 be above $1,000,000?",0.19
empty,partition,not_above,14,"Will Bitcoin's USD daily closing price on December 31, 2035 be at or below $1,000,000?",0.71
paired,nested_threshold,lower,39,"Will Bitcoin reach $1,000,000 by December 31, 2035?",0.13
paired,nested_threshold,higher,39,"Will Bitcoin reach $100,000,000 by December 31, 2035?",0.03
empty,nested_time,short,95,"Will Bitcoin reach $1,000,000 by December 31, 2030?",0.06
empty,nested_time,long,95,"Will Bitcoin reach $1,000,000 by December 31, 2035?",0.11
empty,partition,above,75,"Will Bitcoin's USD daily closing price on December 31, 2035 be above $1,000,000?",0.2
empty,partition,not_above,75,"Will Bitcoin's USD daily closing price on December 31, 2035 be at or below $1,000,000?",0.71
paired,complement,yes,72,"Will Bitcoin reach $1,000,000 by December 31, 2035?",0.19
paired,complement,no,72,"Will Bitcoin fail to reach $1,000,000 by December 31, 2035?",0.78
omitted,joint_bounds,one,2,"Will Bitcoin reach $1,000,000 by December 31, 2035?",0.1
omitted,joint_bounds,ten,2,"Will Bitcoin reach $10,000,000 by December 31, 2035?",0.02
omitted,joint_bounds,both,2,"Will Bitcoin reach both $1,000,000 and $10,000,000 by December 31, 2035?",0.04
paired,complement,yes,77,"Will Bitcoin reach $1,000,000 by December 31, 2035?",0.19
paired,complement,no,77,"Will Bitcoin fail to reach $1,000,000 by December 31, 2035?",0.76
empty,joint_bounds,one,17,"Will Bitcoin reach $1,000,000 by December 31, 2035?",0.1
empty,joint_bounds,ten,17,"Will Bitcoin reach $10,000,000 by December 31, 2035?",0.03
empty,joint_bounds,both,17,"Will Bitcoin reach both $1,000,000 and $10,000,000 by December 31, 2035?",0.07
empty,complement,yes,99,"Will Bitcoin reach $1,000,000 by December 31, 2035?",0.1
empty,complement,no,99,"Will Bitcoin fail to reach $1,000,000 by December 31, 2035?",0.84
omitted,joint_bounds,one,73,"Will Bitcoin reach $1,000,000 by December 31, 2035?",0.1
omitted,joint_bounds,ten,73,"Will Bitcoin reach $10,000,000 by December 31, 2035?",0.03
omitted,joint_bounds,both,73,"Will Bitcoin reach both $1,000,000 and $10,000,000 by December 31, 2035?",0.03
omitted,complement,yes,21,"Will Bitcoin reach $1,000,000 by December 31, 2035?",0.1
omitted,complement,no,21,"Will Bitcoin fail to reach $1,000,000 by December 31, 2035?",0.92
paired,partition,above,19,"Will Bitcoin's USD daily closing price on December 31, 2035 be above $1,000,000?",0.21
paired,partition,not_above,19,"Will Bitcoin's USD daily closing price on December 31, 2035 be at or below $1,000,000?",0.73
paired,partition,above,70,"Will Bitcoin's USD daily closing price on December 31, 2035 be above $1,000,000?",0.23
paired,partition,not_above,70,"Will Bitcoin's USD daily closing price on December 31, 2035 be at or below $1,000,000?",0.73
empty,nested_time,short,35,"Will Bitcoin reach $1,000,000 by December 31, 2030?",0.07
empty,nested_time,long,35,"Will Bitcoin reach $1,000,000 by December 31, 2035?",0.1
omitted,nested_time,short,7,"Will Bitcoin reach $1,000,000 by December 31, 2030?",0.05
omitted,nested_time,long,7,"Will Bitcoin reach $1,000,000 by December 31, 2035?",0.09
empty,complement,yes,49,"Will Bitcoin reach $1,000,000 by December 31, 2035?",0.11
empty,complement,no,49,"Will Bitcoin fail to reach $1,000,000 by December 31, 2035?",0.83
omitted,joint_bounds,one,57,"Will Bitcoin reach $1,000,000 by December 31, 2035?",0.09
omitted,joint_bounds,ten,57,"Will Bitcoin reach $10,000,000 by December 31, 2035?",0.03
omitted,joint_bounds,both,57,"Will Bitcoin reach both $1,000,000 and $10,000,000 by December 31, 2035?",0.03
empty,nested_time,short,50,"Will Bitcoin reach $1,000,000 by December 31, 2030?",0.06
empty,nested_time,long,50,"Will Bitcoin reach $1,000,000 by December 31, 2035?",0.1
omitted,partition,above,9,"Will Bitcoin's USD daily closing price on December 31, 2035 be above $1,000,000?",0.21
omitted,partition,not_above,9,"Will Bitcoin's USD daily closing price on December 31, 2035 be at or below $1,000,000?",0.74
paired,joint_bounds,one,33,"Will Bitcoin reach $1,000,000 by December 31, 2035?",0.21
paired,joint_bounds,ten,33,"Will Bitcoin reach $10,000,000 by December 31, 2035?",0.04
paired,joint_bounds,both,33,"Will Bitcoin reach both $1,000,000 and $10,000,000 by December 31, 2035?",0.06
empty,joint_bounds,one,86,"Will Bitcoin reach $1,000,000 by December 31, 2035?",0.11
empty,joint_bounds,ten,86,"Will Bitcoin reach $10,000,000 by December 31, 2035?",0.04
empty,joint_bounds,both,86,"Will Bitcoin reach both $1,000,000 and $10,000,000 by December 31, 2035?",0.06
paired,nested_threshold,lower,32,"Will Bitcoin reach $1,000,000 by December 31, 2035?",0.13
paired,nested_threshold,higher,32,"Will Bitcoin reach $100,000,000 by December 31, 2035?",0.03
omitted,partition,above,85,"Will Bitcoin's USD daily closing price on December 31, 2035 be above $1,000,000?",0.22
omitted,partition,not_above,85,"Will Bitcoin's USD daily closing price on December 31, 2035 be at or below $1,000,000?",0.76
empty,nested_threshold,lower,59,"Will Bitcoin reach $1,000,000 by December 31, 2035?",0.11
empty,nested_threshold,higher,59,"Will Bitcoin reach $100,000,000 by December 31, 2035?",0.03
paired,joint_bounds,one,20,"Will Bitcoin reach $1,000,000 by December 31, 2035?",0.22
paired,joint_bounds,ten,20,"Will Bitcoin reach $10,000,000 by December 31, 2035?",0.04
paired,joint_bounds,both,20,"Will Bitcoin reach both $1,000,000 and $10,000,000 by December 31, 2035?",0.06
paired,nested_time,short,87,"Will Bitcoin reach $1,000,000 by December 31, 2030?",0.05
paired,nested_time,long,87,"Will Bitcoin reach $1,000,000 by December 31, 2035?",0.14
empty,nested_time,short,87,"Will Bitcoin reach $1,000,000 by December 31, 2030?",0.08
empty,nested_time,long,87,"Will Bitcoin reach $1,000,000 by December 31, 2035?",0.12
paired,partition,above,7,"Will Bitcoin's USD daily closing price on December 31, 2035 be above $1,000,000?",0.21
paired,partition,not_above,7,"Will Bitcoin's USD daily closing price on December 31, 2035 be at or below $1,000,000?",0.73
omitted,complement,yes,18,"Will Bitcoin reach $1,000,000 by December 31, 2035?",0.09
omitted,complement,no,18,"Will Bitcoin fail to reach $1,000,000 by December 31, 2035?",0.91
omitted,joint_bounds,one,13,"Will Bitcoin reach $1,000,000 by December 31, 2035?",0.12
omitted,joint_bounds,ten,13,"Will Bitcoin reach $10,000,000 by December 31, 2035?",0.03
omitted,joint_bounds,both,13,"Will Bitcoin reach both $1,000,000 and $10,000,000 by December 31, 2035?",0.03
empty,joint_bounds,one,2,"Will Bitcoin reach $1,000,000 by December 31, 2035?",0.12
empty,joint_bounds,ten,2,"Will Bitcoin reach $10,000,000 by December 31, 2035?",0.03
empty,joint_bounds,both,2,"Will Bitcoin reach both $1,000,000 and $10,000,000 by December 31, 2035?",0.07
paired,joint_bounds,one,66,"Will Bitcoin reach $1,000,000 by December 31, 2035?",0.22
paired,joint_bounds,ten,66,"Will Bitcoin reach $10,000,000 by December 31, 2035?",0.05
paired,joint_bounds,both,66,"Will Bitcoin reach both $1,000,000 and $10,000,000 by December 31, 2035?",0.08
omitted,nested_threshold,lower,61,"Will Bitcoin reach $1,000,000 by December 31, 2035?",0.1
omitted,nested_threshold,higher,61,"Will Bitcoin reach $100,000,000 by December 31, 2035?",0.02
empty,joint_bounds,one,92,"Will Bitcoin reach $1,000,000 by December 31, 2035?",0.11
empty,joint_bounds,ten,92,"Will Bitcoin reach $10,000,000 by December 31, 2035?",0.04
empty,joint_bounds,both,92,"Will Bitcoin reach both $1,000,000 and $10,000,000 by December 31, 2035?",0.06
empty,partition,above,4,"Will Bitcoin's USD daily closing price on December 31, 2035 be above $1,000,000?",0.18
empty,partition,not_above,4,"Will Bitcoin's USD daily closing price on December 31, 2035 be at or below $1,000,000?",0.7
empty,joint_bounds,one,30,"Will Bitcoin reach $1,000,000 by December 31, 2035?",0.11
empty,joint_bounds,ten,30,"Will Bitcoin reach $10,000,000 by December 31, 2035?",0.03
empty,joint_bounds,both,30,"Will Bitcoin reach both $1,000,000 and $10,000,000 by December 31, 2035?",0.06
paired,partition,above,92,"Will Bitcoin's USD daily closing price on December 31, 2035 be above $1,000,000?",0.23
paired,partition,not_above,92,"Will Bitcoin's USD daily closing price on December 31, 2035 be at or below $1,000,000?",0.76
paired,partition,above,62,"Will Bitcoin's USD daily closing price on December 31, 2035 be above $1,000,000?",0.23
paired,partition,not_above,62,"Will Bitcoin's USD daily closing price on December 31, 2035 be at or below $1,000,000?",0.72
empty,complement,yes,85,"Will Bitcoin reach $1,000,000 by December 31, 2035?",0.11
empty,complement,no,85,"Will Bitcoin fail to reach $1,000,000 by December 31, 2035?",0.82
empty,partition,above,28,"Will Bitcoin's USD daily closing price on December 31, 2035 be above $1,000,000?",0.18
empty,partition,not_above,28,"Will Bitcoin's USD daily closing price on December 31, 2035 be at or below $1,000,000?",0.72
paired,joint_bounds,one,58,"Will Bitcoin reach $1,000,000 by December 31, 2035?",0.24
paired,joint_bounds,ten,58,"Will Bitcoin reach $10,000,000 by December 31, 2035?",0.04
paired,joint_bounds,both,58,"Will Bitcoin reach both $1,000,000 and $10,000,000 by December 31, 2035?",0.07
omitted,nested_time,short,75,"Will Bitcoin reach $1,000,000 by December 31, 2030?",0.05
omitted,nested_time,long,75,"Will Bitcoin reach $1,000,000 by December 31, 2035?",0.1
omitted,complement,yes,16,"Will Bitcoin reach $1,000,000 by December 31, 2035?",0.1
omitted,complement,no,16,"Will Bitcoin fail to reach $1,000,000 by December 31, 2035?",0.92
empty,nested_time,short,68,"Will Bitcoin reach $1,000,000 by December 31, 2030?",0.06
empty,nested_time,long,68,"Will Bitcoin reach $1,000,000 by December 31, 2035?",0.11
omitted,complement,yes,89,"Will Bitcoin reach $1,000,000 by December 31, 2035?",0.1
omitted,complement,no,89,"Will Bitcoin fail to reach $1,000,000 by December 31, 2035?",0.92
omitted,joint_bounds,one,97,"Will Bitcoin reach $1,000,000 by December 31, 2035?",0.11
omitted,joint_bounds,ten,97,"Will Bitcoin reach $10,000,000 by December 31, 2035?",0.03
omitted,joint_bounds,both,97,"Will Bitcoin reach both $1,000,000 and $10,000,000 by December 31, 2035?",0.05
empty,nested_time,short,27,"Will Bitcoin reach $1,000,000 by December 31, 2030?",0.06
empty,nested_time,long,27,"Will Bitcoin reach $1,000,000 by December 31, 2035?",0.11
empty,complement,yes,17,"Will Bitcoin reach $1,000,000 by December 31, 2035?",0.11
empty,complement,no,17,"Will Bitcoin fail to reach $1,000,000 by December 31, 2035?",0.83
paired,partition,above,97,"Will Bitcoin's USD daily closing price on December 31, 2035 be above $1,000,000?",0.23
paired,partition,not_above,97,"Will Bitcoin's USD daily closing price on December 31, 2035 be at or below $1,000,000?",0.74
empty,complement,yes,5,"Will Bitcoin reach $1,000,000 by December 31, 2035?",0.12
empty,complement,no,5,"Will Bitcoin fail to reach $1,000,000 by December 31, 2035?",0.79
omitted,nested_threshold,lower,66,"Will Bitcoin reach $1,000,000 by December 31, 2035?",0.1
omitted,nested_threshold,higher,66,"Will Bitcoin reach $100,000,000 by December 31, 2035?",0.02
omitted,partition,above,70,"Will Bitcoin's USD daily closing price on December 31, 2035 be above $1,000,000?",0.21
omitted,partition,not_above,70,"Will Bitcoin's USD daily closing price on December 31, 2035 be at or below $1,000,000?",0.78
empty,complement,yes,70,"Will Bitcoin reach $1,000,000 by December 31, 2035?",0.12
empty,complement,no,70,"Will Bitcoin fail to reach $1,000,000 by December 31, 2035?",0.81
paired,nested_threshold,lower,14,"Will Bitcoin reach $1,000,000 by December 31, 2035?",0.13
paired,nested_threshold,higher,14,"Will Bitcoin reach $100,000,000 by December 31, 2035?",0.03
empty,joint_bounds,one,81,"Will Bitcoin reach $1,000,000 by December 31, 2035?",0.11
empty,joint_bounds,ten,81,"Will Bitcoin reach $10,000,000 by December 31, 2035?",0.04
empty,joint_bounds,both,81,"Will Bitcoin reach both $1,000,000 and $10,000,000 by December 31, 2035?",0.06
paired,nested_threshold,lower,9,"Will Bitcoin reach $1,000,000 by December 31, 2035?",0.13
paired,nested_threshold,higher,9,"Will Bitcoin reach $100,000,000 by December 31, 2035?",0.04
omitted,joint_bounds,one,50,"Will Bitcoin reach $1,000,000 by December 31, 2035?",0.11
omitted,joint_bounds,ten,50,"Will Bitcoin reach $10,000,000 by December 31, 2035?",0.03
omitted,joint_bounds,both,50,"Will Bitcoin reach both $1,000,000 and $10,000,000 by December 31, 2035?",0.03
omitted,partition,above,82,"Will Bitcoin's USD daily closing price on December 31, 2035 be above $1,000,000?",0.2
omitted,partition,not_above,82,"Will Bitcoin's USD daily closing price on December 31, 2035 be at or below $1,000,000?",0.77
paired,complement,yes,1,"Will Bitcoin reach $1,000,000 by December 31, 2035?",0.22
paired,complement,no,1,"Will Bitcoin fail to reach $1,000,000 by December 31, 2035?",0.77
paired,nested_threshold,lower,33,"Will Bitcoin reach $1,000,000 by December 31, 2035?",0.12
paired,nested_threshold,higher,33,"Will Bitcoin reach $100,000,000 by December 31, 2035?",0.03
empty,complement,yes,62,"Will Bitcoin reach $1,000,000 by December 31, 2035?",0.1
empty,complement,no,62,"Will Bitcoin fail to reach $1,000,000 by December 31, 2035?",0.84
empty,partition,above,41,"Will Bitcoin's USD daily closing price on December 31, 2035 be above $1,000,000?",0.18
empty,partition,not_above,41,"Will Bitcoin's USD daily closing price on December 31, 2035 be at or below $1,000,000?",0.73
empty,nested_time,short,93,"Will Bitcoin reach $1,000,000 by December 31, 2030?",0.07
empty,nested_time,long,93,"Will Bitcoin reach $1,000,000 by December 31, 2035?",0.09
omitted,nested_threshold,lower,32,"Will Bitcoin reach $1,000,000 by December 31, 2035?",0.12
omitted,nested_threshold,higher,32,"Will Bitcoin reach $100,000,000 by December 31, 2035?",0.02
omitted,nested_time,short,67,"Will Bitcoin reach $1,000,000 by December 31, 2030?",0.06
omitted,nested_time,long,67,"Will Bitcoin reach $1,000,000 by December 31, 2035?",0.12
empty,joint_bounds,one,46,"Will Bitcoin reach $1,000,000 by December 31, 2035?",0.11
empty,joint_bounds,ten,46,"Will Bitcoin reach $10,000,000 by December 31, 2035?",0.03
empty,joint_bounds,both,46,"Will Bitcoin reach both $1,000,000 and $10,000,000 by December 31, 2035?",0.06
omitted,complement,yes,6,"Will Bitcoin reach $1,000,000 by December 31, 2035?",0.11
omitted,complement,no,6,"Will Bitcoin fail to reach $1,000,000 by December 31, 2035?",0.93
omitted,nested_time,short,95,"Will Bitcoin reach $1,000,000 by December 31, 2030?",0.05
omitted,nested_time,long,95,"Will Bitcoin reach $1,000,000 by December 31, 2035?",0.08
paired,nested_threshold,lower,75,"Will Bitcoin reach $1,000,000 by December 31, 2035?",0.12
paired,nested_threshold,higher,75,"Will Bitcoin reach $100,000,000 by December 31, 2035?",0.03
paired,partition,above,5,"Will Bitcoin's USD daily closing price on December 31, 2035 be above $1,000,000?",0.24
paired,partition,not_above,5,"Will Bitcoin's USD daily closing price on December 31, 2035 be at or below $1,000,000?",0.74
empty,joint_bounds,one,6,"Will Bitcoin reach $1,000,000 by December 31, 2035?",0.11
empty,joint_bounds,ten,6,"Will Bitcoin reach $10,000,000 by December 31, 2035?",0.03
empty,joint_bounds,both,6,"Will Bitcoin reach both $1,000,000 and $10,000,000 by December 31, 2035?",0.06
paired,complement,yes,12,"Will Bitcoin reach $1,000,000 by December 31, 2035?",0.21
paired,complement,no,12,"Will Bitcoin fail to reach $1,000,000 by December 31, 2035?",0.77
paired,complement,yes,8,"Will Bitcoin reach $1,000,000 by December 31, 2035?",0.19
paired,complement,no,8,"Will Bitcoin fail to reach $1,000,000 by December 31, 2035?",0.77
paired,complement,yes,11,"Will Bitcoin reach $1,000,000 by December 31, 2035?",0.18
paired,complement,no,11,"Will Bitcoin fail to reach $1,000,000 by December 31, 2035?",0.79
empty,partition,above,56,"Will Bitcoin's USD daily closing price on December 31, 2035 be above $1,000,000?",0.2
empty,partition,not_above,56,"Will Bitcoin's USD daily closing price on December 31, 2035 be at or below $1,000,000?",0.72
paired,nested_threshold,lower,34,"Will Bitcoin reach $1,000,000 by December 31, 2035?",0.14
paired,nested_threshold,higher,34,"Will Bitcoin reach $100,000,000 by December 31, 2035?",0.03
empty,nested_threshold,lower,51,"Will Bitcoin reach $1,000,000 by December 31, 2035?",0.1
empty,nested_threshold,higher,51,"Will Bitcoin reach $100,000,000 by December 31, 2035?",0.03
empty,complement,yes,25,"Will Bitcoin reach $1,000,000 by December 31, 2035?",0.12
empty,complement,no,25,"Will Bitcoin fail to reach $1,000,000 by December 31, 2035?",0.82
paired,nested_time,short,92,"Will Bitcoin reach $1,000,000 by December 31, 2030?",0.05
paired,nested_time,long,92,"Will Bitcoin reach $1,000,000 by December 31, 2035?",0.13
omitted,nested_time,short,24,"Will Bitcoin reach $1,000,000 by December 31, 2030?",0.05
omitted,nested_time,long,24,"Will Bitcoin reach $1,000,000 by December 31, 2035?",0.09
empty,joint_bounds,one,63,"Will Bitcoin reach $1,000,000 by December 31, 2035?",0.1
empty,joint_bounds,ten,63,"Will Bitcoin reach $10,000,000 by December 31, 2035?",0.03
empty,joint_bounds,both,63,"Will Bitcoin reach both $1,000,000 and $10,000,000 by December 31, 2035?",0.06
omitted,nested_time,short,88,"Will Bitcoin reach $1,000,000 by December 31, 2030?",0.05
omitted,nested_time,long,88,"Will Bitcoin reach $1,000,000 by December 31, 2035?",0.1
empty,partition,above,6,"Will Bitcoin's USD daily closing price on December 31, 2035 be above $1,000,000?",0.21
empty,partition,not_above,6,"Will Bitcoin's USD daily closing price on December 31, 2035 be at or below $1,000,000?",0.71
paired,nested_threshold,lower,63,"Will Bitcoin reach $1,000,000 by December 31, 2035?",0.12
paired,nested_threshold,higher,63,"Will Bitcoin reach $100,000,000 by December 31, 2035?",0.03
omitted,nested_threshold,lower,19,"Will Bitcoin reach $1,000,000 by December 31, 2035?",0.09
omitted,nested_threshold,higher,19,"Will Bitcoin reach $100,000,000 by December 31, 2035?",0.02
omitted,nested_threshold,lower,11,"Will Bitcoin reach $1,000,000 by December 31, 2035?",0.09
omitted,nested_threshold,higher,11,"Will Bitcoin reach $100,000,000 by December 31, 2035?",0.02
empty,nested_time,short,7,"Will Bitcoin reach $1,000,000 by December 31, 2030?",0.07
empty,nested_time,long,7,"Will Bitcoin reach $1,000,000 by December 31, 2035?",0.11
paired,nested_time,short,72,"Will Bitcoin reach $1,000,000 by December 31, 2030?",0.06
paired,nested_time,long,72,"Will Bitcoin reach $1,000,000 by December 31, 2035?",0.12
empty,complement,yes,27,"Will Bitcoin reach $1,000,000 by December 31, 2035?",0.1
empty,complement,no,27,"Will Bitcoin fail to reach $1,000,000 by December 31, 2035?",0.8
omitted,complement,yes,64,"Will Bitcoin reach $1,000,000 by December 31, 2035?",0.1
omitted,complement,no,64,"Will Bitcoin fail to reach $1,000,000 by December 31, 2035?",0.92
paired,partition,above,25,"Will Bitcoin's USD daily closing price on December 31, 2035 be above $1,000,000?",0.2
paired,partition,not_above,25,"Will Bitcoin's USD daily closing price on December 31, 2035 be at or below $1,000,000?",0.73
paired,joint_bounds,one,61,"Will Bitcoin reach $1,000,000 by December 31, 2035?",0.22
paired,joint_bounds,ten,61,"Will Bitcoin reach $10,000,000 by December 31, 2035?",0.03
paired,joint_bounds,both,61,"Will Bitcoin reach both $1,000,000 and $10,000,000 by December 31, 2035?",0.06
empty,complement,yes,12,"Will Bitcoin reach $1,000,000 by December 31, 2035?",0.1
empty,complement,no,12,"Will Bitcoin fail to reach $1,000,000 by December 31, 2035?",0.82
empty,joint_bounds,one,36,"Will Bitcoin reach $1,000,000 by December 31, 2035?",0.1
empty,joint_bounds,ten,36,"Will Bitcoin reach $10,000,000 by December 31, 2035?",0.03
empty,joint_bounds,both,36,"Will Bitcoin reach both $1,000,000 and $10,000,000 by December 31, 2035?",0.06
empty,partition,above,82,"Will Bitcoin's USD daily closing price on December 31, 2035 be above $1,000,000?",0.23
empty,partition,not_above,82,"Will Bitcoin's USD daily closing price on December 31, 2035 be at or below $1,000,000?",0.72
omitted,partition,above,83,"Will Bitcoin's USD daily closing price on December 31, 2035 be above $1,000,000?",0.22
omitted,partition,not_above,83,"Will Bitcoin's USD daily closing price on December 31, 2035 be at or below $1,000,000?",0.76
empty,nested_threshold,lower,10,"Will Bitcoin reach $1,000,000 by December 31, 2035?",0.1
empty,nested_threshold,higher,10,"Will Bitcoin reach $100,000,000 by December 31, 2035?",0.03
empty,nested_time,short,19,"Will Bitcoin reach $1,000,000 by December 31, 2030?",0.05
empty,nested_time,long,19,"Will Bitcoin reach $1,000,000 by December 31, 2035?",0.11
omitted,joint_bounds,one,19,"Will Bitcoin reach $1,000,000 by December 31, 2035?",0.1
omitted,joint_bounds,ten,19,"Will Bitcoin reach $10,000,000 by December 31, 2035?",0.03
omitted,joint_bounds,both,19,"Will Bitcoin reach both $1,000,000 and $10,000,000 by December 31, 2035?",0.04
omitted,complement,yes,99,"Will Bitcoin reach $1,000,000 by December 31, 2035?",0.09
omitted,complement,no,99,"Will Bitcoin fail to reach $1,000,000 by December 31, 2035?",0.92
omitted,joint_bounds,one,61,"Will Bitcoin reach $1,000,000 by December 31, 2035?",0.12
omitted,joint_bounds,ten,61,"Will Bitcoin reach $10,000,000 by December 31, 2035?",0.03
omitted,joint_bounds,both,61,"Will Bitcoin reach both $1,000,000 and $10,000,000 by December 31, 2035?",0.04
omitted,joint_bounds,one,67,"Will Bitcoin reach $1,000,000 by December 31, 2035?",0.1
omitted,joint_bounds,ten,67,"Will Bitcoin reach $10,000,000 by December 31, 2035?",0.03
omitted,joint_bounds,both,67,"Will Bitcoin reach both $1,000,000 and $10,000,000 by December 31, 2035?",0.03
omitted,partition,above,48,"Will Bitcoin's USD daily closing price on December 31, 2035 be above $1,000,000?",0.2
omitted,partition,not_above,48,"Will Bitcoin's USD daily closing price on December 31, 2035 be at or below $1,000,000?",0.75
omitted,joint_bounds,one,69,"Will Bitcoin reach $1,000,000 by December 31, 2035?",0.11
omitted,joint_bounds,ten,69,"Will Bitcoin reach $10,000,000 by December 31, 2035?",0.02
omitted,joint_bounds,both,69,"Will Bitcoin reach both $1,000,000 and $10,000,000 by December 31, 2035?",0.03
empty,complement,yes,95,"Will Bitcoin reach $1,000,000 by December 31, 2035?",0.12
empty,complement,no,95,"Will Bitcoin fail to reach $1,000,000 by December 31, 2035?",0.83
empty,joint_bounds,one,12,"Will Bitcoin reach $1,000,000 by December 31, 2035?",0.11
empty,joint_bounds,ten,12,"Will Bitcoin reach $10,000,000 by December 31, 2035?",0.03
empty,joint_bounds,both,12,"Will Bitcoin reach both $1,000,000 and $10,000,000 by December 31, 2035?",0.06
empty,nested_threshold,lower,14,"Will Bitcoin reach $1,000,000 by December 31, 2035?",0.11
empty,nested_threshold,higher,14,"Will Bitcoin reach $100,000,000 by December 31, 2035?",0.03
omitted,nested_time,short,82,"Will Bitcoin reach $1,000,000 by December 31, 2030?",0.06
omitted,nested_time,long,82,"Will Bitcoin reach $1,000,000 by December 31, 2035?",0.09
paired,nested_threshold,lower,31,"Will Bitcoin reach $1,000,000 by December 31, 2035?",0.14
paired,nested_threshold,higher,31,"Will Bitcoin reach $100,000,000 by December 31, 2035?",0.03
paired,complement,yes,25,"Will Bitcoin reach $1,000,000 by December 31, 2035?",0.19
paired,complement,no,25,"Will Bitcoin fail to reach $1,000,000 by December 31, 2035?",0.79
empty,nested_threshold,lower,18,"Will Bitcoin reach $1,000,000 by December 31, 2035?",0.11
empty,nested_threshold,higher,18,"Will Bitcoin reach $100,000,000 by December 31, 2035?",0.03
empty,complement,yes,78,"Will Bitcoin reach $1,000,000 by December 31, 2035?",0.1
empty,complement,no,78,"Will Bitcoin fail to reach $1,000,000 by December 31, 2035?",0.82
paired,nested_threshold,lower,11,"Will Bitcoin reach $1,000,000 by December 31, 2035?",0.11
paired,nested_threshold,higher,11,"Will Bitcoin reach $100,000,000 by December 31, 2035?",0.03
omitted,joint_bounds,one,98,"Will Bitcoin reach $1,000,000 by December 31, 2035?",0.12
omitted,joint_bounds,ten,98,"Will Bitcoin reach $10,000,000 by December 31, 2035?",0.03
omitted,joint_bounds,both,98,"Will Bitcoin reach both $1,000,000 and $10,000,000 by December 31, 2035?",0.03
empty,nested_time,short,48,"Will Bitcoin reach $1,000,000 by December 31, 2030?",0.06
empty,nested_time,long,48,"Will Bitcoin reach $1,000,000 by December 31, 2035?",0.11
omitted,complement,yes,91,"Will Bitcoin reach $1,000,000 by December 31, 2035?",0.12
omitted,complement,no,91,"Will Bitcoin fail to reach $1,000,000 by December 31, 2035?",0.92
empty,complement,yes,21,"Will Bitcoin reach $1,000,000 by December 31, 2035?",0.1
empty,complement,no,21,"Will Bitcoin fail to reach $1,000,000 by December 31, 2035?",0.81
paired,partition,above,63,"Will Bitcoin's USD daily closing price on December 31, 2035 be above $1,000,000?",0.22
paired,partition,not_above,63,"Will Bitcoin's USD daily closing price on December 31, 2035 be at or below $1,000,000?",0.73
paired,complement,yes,71,"Will Bitcoin reach $1,000,000 by December 31, 2035?",0.19
paired,complement,no,71,"Will Bitcoin fail to reach $1,000,000 by December 31, 2035?",0.77
empty,joint_bounds,one,84,"Will Bitcoin reach $1,000,000 by December 31, 2035?",0.12
empty,joint_bounds,ten,84,"Will Bitcoin reach $10,000,000 by December 31, 2035?",0.03
empty,joint_bounds,both,84,"Will Bitcoin reach both $1,000,000 and $10,000,000 by December 31, 2035?",0.06
paired,nested_threshold,lower,98,"Will Bitcoin reach $1,000,000 by December 31, 2035?",0.11
paired,nested_threshold,higher,98,"Will Bitcoin reach $100,000,000 by December 31, 2035?",0.03
omitted,complement,yes,36,"Will Bitcoin reach $1,000,000 by December 31, 2035?",0.11
omitted,complement,no,36,"Will Bitcoin fail to reach $1,000,000 by December 31, 2035?",0.91
omitted,partition,above,34,"Will Bitcoin's USD daily closing price on December 31, 2035 be above $1,000,000?",0.22
omitted,partition,not_above,34,"Will Bitcoin's USD daily closing price on December 31, 2035 be at or below $1,000,000?",0.77
paired,nested_threshold,lower,64,"Will Bitcoin reach $1,000,000 by December 31, 2035?",0.11
paired,nested_threshold,higher,64,"Will Bitcoin reach $100,000,000 by December 31, 2035?",0.03
empty,nested_time,short,40,"Will Bitcoin reach $1,000,000 by December 31, 2030?",0.06
empty,nested_time,long,40,"Will Bitcoin reach $1,000,000 by December 31, 2035?",0.1
omitted,nested_time,short,30,"Will Bitcoin reach $1,000,000 by December 31, 2030?",0.06
omitted,nested_time,long,30,"Will Bitcoin reach $1,000,000 by December 31, 2035?",0.13
omitted,nested_threshold,lower,83,"Will Bitcoin reach $1,000,000 by December 31, 2035?",0.1
omitted,nested_threshold,higher,83,"Will Bitcoin reach $100,000,000 by December 31, 2035?",0.02
paired,nested_time,short,86,"Will Bitcoin reach $1,000,000 by December 31, 2030?",0.06
paired,nested_time,long,86,"Will Bitcoin reach $1,000,000 by December 31, 2035?",0.14
empty,complement,yes,52,"Will Bitcoin reach $1,000,000 by December 31, 2035?",0.11
empty,complement,no,52,"Will Bitcoin fail to reach $1,000,000 by December 31, 2035?",0.84
omitted,complement,yes,54,"Will Bitcoin reach $1,000,000 by December 31, 2035?",0.12
omitted,complement,no,54,"Will Bitcoin fail to reach $1,000,000 by December 31, 2035?",0.92
paired,nested_time,short,7,"Will Bitcoin reach $1,000,000 by December 31, 2030?",0.06
paired,nested_time,long,7,"Will Bitcoin reach $1,000,000 by December 31, 2035?",0.13
empty,complement,yes,76,"Will Bitcoin reach $1,000,000 by December 31, 2035?",0.11
empty,complement,no,76,"Will Bitcoin fail to reach $1,000,000 by December 31, 2035?",0.82
omitted,complement,yes,96,"Will Bitcoin reach $1,000,000 by December 31, 2035?",0.11
omitted,complement,no,96,"Will Bitcoin fail to reach $1,000,000 by December 31, 2035?",0.92
empty,complement,yes,9,"Will Bitcoin reach $1,000,000 by December 31, 2035?",0.12
empty,complement,no,9,"Will Bitcoin fail to reach $1,000,000 by December 31, 2035?",0.82
empty,nested_threshold,lower,73,"Will Bitcoin reach $1,000,000 by December 31, 2035?",0.11
empty,nested_threshold,higher,73,"Will Bitcoin reach $100,000,000 by December 31, 2035?",0.03
paired,nested_time,short,16,"Will Bitcoin reach $1,000,000 by December 31, 2030?",0.06
paired,nested_time,long,16,"Will Bitcoin reach $1,000,000 by December 31, 2035?",0.13
omitted,joint_bounds,one,27,"Will Bitcoin reach $1,000,000 by December 31, 2035?",0.1
omitted,joint_bounds,ten,27,"Will Bitcoin reach $10,000,000 by December 31, 2035?",0.03
omitted,joint_bounds,both,27,"Will Bitcoin reach both $1,000,000 and $10,000,000 by December 31, 2035?",0.04
paired,joint_bounds,one,99,"Will Bitcoin reach $1,000,000 by December 31, 2035?",0.2
paired,joint_bounds,ten,99,"Will Bitcoin reach $10,000,000 by December 31, 2035?",0.04
paired,joint_bounds,both,99,"Will Bitcoin reach both $1,000,000 and $10,000,000 by December 31, 2035?",0.06
empty,partition,above,67,"Will Bitcoin's USD daily closing price on December 31, 2035 be above $1,000,000?",0.2
empty,partition,not_above,67,"Will Bitcoin's USD daily closing price on December 31, 2035 be at or below $1,000,000?",0.72
paired,nested_time,short,75,"Will Bitcoin reach $1,000,000 by December 31, 2030?",0.06
paired,nested_time,long,75,"Will Bitcoin reach $1,000,000 by December 31, 2035?",0.14
omitted,partition,above,42,"Will Bitcoin's USD daily closing price on December 31, 2035 be above $1,000,000?",0.2
omitted,partition,not_above,42,"Will Bitcoin's USD daily closing price on December 31, 2035 be at or below $1,000,000?",0.78
empty,complement,yes,54,"Will Bitcoin reach $1,000,000 by December 31, 2035?",0.1
empty,complement,no,54,"Will Bitcoin fail to reach $1,000,000 by December 31, 2035?",0.83
empty,complement,yes,59,"Will Bitcoin reach $1,000,000 by December 31, 2035?",0.11
empty,complement,no,59,"Will Bitcoin fail to reach $1,000,000 by December 31, 2035?",0.82
empty,partition,above,63,"Will Bitcoin's USD daily closing price on December 31, 2035 be above $1,000,000?",0.2
empty,partition,not_above,63,"Will Bitcoin's USD daily closing price on December 31, 2035 be at or below $1,000,000?",0.71
paired,complement,yes,26,"Will Bitcoin reach $1,000,000 by December 31, 2035?",0.2
paired,complement,no,26,"Will Bitcoin fail to reach $1,000,000 by December 31, 2035?",0.78
paired,nested_threshold,lower,65,"Will Bitcoin reach $1,000,000 by December 31, 2035?",0.13
paired,nested_threshold,higher,65,"Will Bitcoin reach $100,000,000 by December 31, 2035?",0.03
omitted,joint_bounds,one,22,"Will Bitcoin reach $1,000,000 by December 31, 2035?",0.1
omitted,joint_bounds,ten,22,"Will Bitcoin reach $10,000,000 by December 31, 2035?",0.03
omitted,joint_bounds,both,22,"Will Bitcoin reach both $1,000,000 and $10,000,000 by December 31, 2035?",0.04
omitted,nested_threshold,lower,67,"Will Bitcoin reach $1,000,000 by December 31, 2035?",0.09
omitted,nested_threshold,higher,67,"Will Bitcoin reach $100,000,000 by December 31, 2035?",0.02
omitted,complement,yes,30,"Will Bitcoin reach $1,000,000 by December 31, 2035?",0.09
omitted,complement,no,30,"Will Bitcoin fail to reach $1,000,000 by December 31, 2035?",0.92
empty,joint_bounds,one,13,"Will Bitcoin reach $1,000,000 by December 31, 2035?",0.11
empty,joint_bounds,ten,13,"Will Bitcoin reach $10,000,000 by December 31, 2035?",0.03
empty,joint_bounds,both,13,"Will Bitcoin reach both $1,000,000 and $10,000,000 by December 31, 2035?",0.06
omitted,partition,above,92,"Will Bitcoin's USD daily closing price on December 31, 2035 be above $1,000,000?",0.2
omitted,partition,not_above,92,"Will Bitcoin's USD daily closing price on December 31, 2035 be at or below $1,000,000?",0.77
empty,nested_threshold,lower,21,"Will Bitcoin reach $1,000,000 by December 31, 2035?",0.1
empty,nested_threshold,higher,21,"Will Bitcoin reach $100,000,000 by December 31, 2035?",0.03
empty,nested_threshold,lower,28,"Will Bitcoin reach $1,000,000 by December 31, 2035?",0.12
empty,nested_threshold,higher,28,"Will Bitcoin reach $100,000,000 by December 31, 2035?",0.03
omitted,complement,yes,62,"Will Bitcoin reach $1,000,000 by December 31, 2035?",0.09
omitted,complement,no,62,"Will Bitcoin fail to reach $1,000,000 by December 31, 2035?",0.92
empty,partition,above,62,"Will Bitcoin's USD daily closing price on December 31, 2035 be above $1,000,000?",0.19
empty,partition,not_above,62,"Will Bitcoin's USD daily closing price on December 31, 2035 be at or below $1,000,000?",0.71
empty,nested_threshold,lower,54,"Will Bitcoin reach $1,000,000 by December 31, 2035?",0.12
empty,nested_threshold,higher,54,"Will Bitcoin reach $100,000,000 by December 31, 2035?",0.04
empty,complement,yes,47,"Will Bitcoin reach $1,000,000 by December 31, 2035?",0.11
empty,complement,no,47,"Will Bitcoin fail to reach $1,000,000 by December 31, 2035?",0.82
omitted,partition,above,8,"Will Bitcoin's USD daily closing price on December 31, 2035 be above $1,000,000?",0.19
omitted,partition,not_above,8,"Will Bitcoin's USD daily closing price on December 31, 2035 be at or below $1,000,000?",0.75
empty,nested_time,short,62,"Will Bitcoin reach $1,000,000 by December 31, 2030?",0.06
empty,nested_time,long,62,"Will Bitcoin reach $1,000,000 by December 31, 2035?",0.12
omitted,complement,yes,73,"Will Bitcoin reach $1,000,000 by December 31, 2035?",0.09
omitted,complement,no,73,"Will Bitcoin fail to reach $1,000,000 by December 31, 2035?",0.91
empty,nested_threshold,lower,92,"Will Bitcoin reach $1,000,000 by December 31, 2035?",0.11
empty,nested_threshold,higher,92,"Will Bitcoin reach $100,000,000 by December 31, 2035?",0.03
omitted,nested_threshold,lower,74,"Will Bitcoin reach $1,000,000 by December 31, 2035?",0.13
omitted,nested_threshold,higher,74,"Will Bitcoin reach $100,000,000 by December 31, 2035?",0.02
paired,nested_time,short,37,"Will Bitcoin reach $1,000,000 by December 31, 2030?",0.05
paired,nested_time,long,37,"Will Bitcoin reach $1,000,000 by December 31, 2035?",0.13
empty,complement,yes,89,"Will Bitcoin reach $1,000,000 by December 31, 2035?",0.1
empty,complement,no,89,"Will Bitcoin fail to reach $1,000,000 by December 31, 2035?",0.83
paired,nested_time,short,8,"Will Bitcoin reach $1,000,000 by December 31, 2030?",0.05
paired,nested_time,long,8,"Will Bitcoin reach $1,000,000 by December 31, 2035?",0.12
empty,partition,above,16,"Will Bitcoin's USD daily closing price on December 31, 2035 be above $1,000,000?",0.21
empty,partition,not_above,16,"Will Bitcoin's USD daily closing price on December 31, 2035 be at or below $1,000,000?",0.7
empty,complement,yes,16,"Will Bitcoin reach $1,000,000 by December 31, 2035?",0.1
empty,complement,no,16,"Will Bitcoin fail to reach $1,000,000 by December 31, 2035?",0.81
omitted,nested_threshold,lower,99,"Will Bitcoin reach $1,000,000 by December 31, 2035?",0.11
omitted,nested_threshold,higher,99,"Will Bitcoin reach $100,000,000 by December 31, 2035?",0.02
empty,complement,yes,22,"Will Bitcoin reach $1,000,000 by December 31, 2035?",0.1
empty,complement,no,22,"Will Bitcoin fail to reach $1,000,000 by December 31, 2035?",0.83
paired,nested_time,short,33,"Will Bitcoin reach $1,000,000 by December 31, 2030?",0.06
paired,nested_time,long,33,"Will Bitcoin reach $1,000,000 by December 31, 2035?",0.13
empty,nested_time,short,29,"Will Bitcoin reach $1,000,000 by December 31, 2030?",0.05
empty,nested_time,long,29,"Will Bitcoin reach $1,000,000 by December 31, 2035?",0.1
omitted,nested_time,short,93,"Will Bitcoin reach $1,000,000 by December 31, 2030?",0.05
omitted,nested_time,long,93,"Will Bitcoin reach $1,000,000 by December 31, 2035?",0.09
omitted,nested_threshold,lower,56,"Will Bitcoin reach $1,000,000 by December 31, 2035?",0.1
omitted,nested_threshold,higher,56,"Will Bitcoin reach $100,000,000 by December 31, 2035?",0.03
empty,nested_time,short,100,"Will Bitcoin reach $1,000,000 by December 31, 2030?",0.07
empty,nested_time,long,100,"Will Bitcoin reach $1,000,000 by December 31, 2035?",0.11
empty,complement,yes,55,"Will Bitcoin reach $1,000,000 by December 31, 2035?",0.13
empty,complement,no,55,"Will Bitcoin fail to reach $1,000,000 by December 31, 2035?",0.82
empty,nested_threshold,lower,53,"Will Bitcoin reach $1,000,000 by December 31, 2035?",0.11
empty,nested_threshold,higher,53,"Will Bitcoin reach $100,000,000 by December 31, 2035?",0.03
paired,complement,yes,74,"Will Bitcoin reach $1,000,000 by December 31, 2035?",0.18
paired,complement,no,74,"Will Bitcoin fail to reach $1,000,000 by December 31, 2035?",0.79
omitted,nested_time,short,55,"Will Bitcoin reach $1,000,000 by December 31, 2030?",0.06
omitted,nested_time,long,55,"Will Bitcoin reach $1,000,000 by December 31, 2035?",0.12
empty,partition,above,66,"Will Bitcoin's USD daily closing price on December 31, 2035 be above $1,000,000?",0.18
empty,partition,not_above,66,"Will Bitcoin's USD daily closing price on December 31, 2035 be at or below $1,000,000?",0.71
paired,complement,yes,82,"Will Bitcoin reach $1,000,000 by December 31, 2035?",0.18
paired,complement,no,82,"Will Bitcoin fail to reach $1,000,000 by December 31, 2035?",0.76
empty,nested_threshold,lower,91,"Will Bitcoin reach $1,000,000 by December 31, 2035?",0.11
empty,nested_threshold,higher,91,"Will Bitcoin reach $100,000,000 by December 31, 2035?",0.03
paired,nested_threshold,lower,78,"Will Bitcoin reach $1,000,000 by December 31, 2035?",0.14
paired,nested_threshold,higher,78,"Will Bitcoin reach $100,000,000 by December 31, 2035?",0.03
omitted,partition,above,3,"Will Bitcoin's USD daily closing price on December 31, 2035 be above $1,000,000?",0.23
omitted,partition,not_above,3,"Will Bitcoin's USD daily closing price on December 31, 2035 be at or below $1,000,000?",0.75
paired,partition,above,46,"Will Bitcoin's USD daily closing price on December 31, 2035 be above $1,000,000?",0.25
paired,partition,not_above,46,"Will Bitcoin's USD daily closing price on December 31, 2035 be at or below $1,000,000?",0.73
omitted,joint_bounds,one,11,"Will Bitcoin reach $1,000,000 by December 31, 2035?",0.09
omitted,joint_bounds,ten,11,"Will Bitcoin reach $10,000,000 by December 31, 2035?",0.03
omitted,joint_bounds,both,11,"Will Bitcoin reach both $1,000,000 and $10,000,000 by December 31, 2035?",0.03
omitted,complement,yes,44,"Will Bitcoin reach $1,000,000 by December 31, 2035?",0.1
omitted,complement,no,44,"Will Bitcoin fail to reach $1,000,000 by December 31, 2035?",0.92
empty,joint_bounds,one,22,"Will Bitcoin reach $1,000,000 by December 31, 2035?",0.11
empty,joint_bounds,ten,22,"Will Bitcoin reach $10,000,000 by December 31, 2035?",0.03
empty,joint_bounds,both,22,"Will Bitcoin reach both $1,000,000 and $10,000,000 by December 31, 2035?",0.06
omitted,nested_threshold,lower,28,"Will Bitcoin reach $1,000,000 by December 31, 2035?",0.13
omitted,nested_threshold,higher,28,"Will Bitcoin reach $100,000,000 by December 31, 2035?",0.02
omitted,nested_threshold,lower,53,"Will Bitcoin reach $1,000,000 by December 31, 2035?",0.09
omitted,nested_threshold,higher,53,"Will Bitcoin reach $100,000,000 by December 31, 2035?",0.02
paired,nested_threshold,lower,82,"Will Bitcoin reach $1,000,000 by December 31, 2035?",0.12
paired,nested_threshold,higher,82,"Will Bitcoin reach $100,000,000 by December 31, 2035?",0.03
empty,nested_time,short,10,"Will Bitcoin reach $1,000,000 by December 31, 2030?",0.06
empty,nested_time,long,10,"Will Bitcoin reach $1,000,000 by December 31, 2035?",0.1
empty,nested_time,short,34,"Will Bitcoin reach $1,000,000 by December 31, 2030?",0.07
empty,nested_time,long,34,"Will Bitcoin reach $1,000,000 by December 31, 2035?",0.1
empty,nested_time,short,60,"Will Bitcoin reach $1,000,000 by December 31, 2030?",0.06
empty,nested_time,long,60,"Will Bitcoin reach $1,000,000 by December 31, 2035?",0.12
omitted,joint_bounds,one,21,"Will Bitcoin reach $1,000,000 by December 31, 2035?",0.11
omitted,joint_bounds,ten,21,"Will Bitcoin reach $10,000,000 by December 31, 2035?",0.03
omitted,joint_bounds,both,21,"Will Bitcoin reach both $1,000,000 and $10,000,000 by December 31, 2035?",0.04
paired,nested_threshold,lower,60,"Will Bitcoin reach $1,000,000 by December 31, 2035?",0.12
paired,nested_threshold,higher,60,"Will Bitcoin reach $100,000,000 by December 31, 2035?",0.03
omitted,nested_time,short,49,"Will Bitcoin reach $1,000,000 by December 31, 2030?",0.05
omitted,nested_time,long,49,"Will Bitcoin reach $1,000,000 by December 31, 2035?",0.1
paired,complement,yes,81,"Will Bitcoin reach $1,000,000 by December 31, 2035?",0.18
paired,complement,no,81,"Will Bitcoin fail to reach $1,000,000 by December 31, 2035?",0.76
omitted,complement,yes,58,"Will Bitcoin reach $1,000,000 by December 31, 2035?",0.1
omitted,complement,no,58,"Will Bitcoin fail to reach $1,000,000 by December 31, 2035?",0.92
paired,nested_time,short,38,"Will Bitcoin reach $1,000,000 by December 31, 2030?",0.06
paired,nested_time,long,38,"Will Bitcoin reach $1,000,000 by December 31, 2035?",0.12
empty,joint_bounds,one,96,"Will Bitcoin reach $1,000,000 by December 31, 2035?",0.12
empty,joint_bounds,ten,96,"Will Bitcoin reach $10,000,000 by December 31, 2035?",0.04
empty,joint_bounds,both,96,"Will Bitcoin reach both $1,000,000 and $10,000,000 by December 31, 2035?",0.07
paired,joint_bounds,one,74,"Will Bitcoin reach $1,000,000 by December 31, 2035?",0.18
paired,joint_bounds,ten,74,"Will Bitcoin reach $10,000,000 by December 31, 2035?",0.04
paired,joint_bounds,both,74,"Will Bitcoin reach both $1,000,000 and $10,000,000 by December 31, 2035?",0.06
empty,joint_bounds,one,4,"Will Bitcoin reach $1,000,000 by December 31, 2035?",0.11
empty,joint_bounds,ten,4,"Will Bitcoin reach $10,000,000 by December 31, 2035?",0.03
empty,joint_bounds,both,4,"Will Bitcoin reach both $1,000,000 and $10,000,000 by December 31, 2035?",0.05
paired,complement,yes,34,"Will Bitcoin reach $1,000,000 by December 31, 2035?",0.21
paired,complement,no,34,"Will Bitcoin fail to reach $1,000,000 by December 31, 2035?",0.77
paired,nested_threshold,lower,54,"Will Bitcoin reach $1,000,000 by December 31, 2035?",0.13
paired,nested_threshold,higher,54,"Will Bitcoin reach $100,000,000 by December 31, 2035?",0.03
empty,complement,yes,45,"Will Bitcoin reach $1,000,000 by December 31, 2035?",0.11
empty,complement,no,45,"Will Bitcoin fail to reach $1,000,000 by December 31, 2035?",0.83
paired,partition,above,61,"Will Bitcoin's USD daily closing price on December 31, 2035 be above $1,000,000?",0.23
paired,partition,not_above,61,"Will Bitcoin's USD daily closing price on December 31, 2035 be at or below $1,000,000?",0.75
paired,partition,above,85,"Will Bitcoin's USD daily closing price on December 31, 2035 be above $1,000,000?",0.22
paired,partition,not_above,85,"Will Bitcoin's USD daily closing price on December 31, 2035 be at or below $1,000,000?",0.74
omitted,nested_time,short,87,"Will Bitcoin reach $1,000,000 by December 31, 2030?",0.05
omitted,nested_time,long,87,"Will Bitcoin reach $1,000,000 by December 31, 2035?",0.1
paired,joint_bounds,one,52,"Will Bitcoin reach $1,000,000 by December 31, 2035?",0.21
paired,joint_bounds,ten,52,"Will Bitcoin reach $10,000,000 by December 31, 2035?",0.04
paired,joint_bounds,both,52,"Will Bitcoin reach both $1,000,000 and $10,000,000 by December 31, 2035?",0.07
empty,partition,above,8,"Will Bitcoin's USD daily closing price on December 31, 2035 be above $1,000,000?",0.21
empty,partition,not_above,8,"Will Bitcoin's USD daily closing price on December 31, 2035 be at or below $1,000,000?",0.71
paired,partition,above,72,"Will Bitcoin's USD daily closing price on December 31, 2035 be above $1,000,000?",0.22
paired,partition,not_above,72,"Will Bitcoin's USD daily closing price on December 31, 2035 be at or below $1,000,000?",0.73
omitted,joint_bounds,one,4,"Will Bitcoin reach $1,000,000 by December 31, 2035?",0.11
omitted,joint_bounds,ten,4,"Will Bitcoin reach $10,000,000 by December 31, 2035?",0.03
omitted,joint_bounds,both,4,"Will Bitcoin reach both $1,000,000 and $10,000,000 by December 31, 2035?",0.04
empty,complement,yes,82,"Will Bitcoin reach $1,000,000 by December 31, 2035?",0.12
empty,complement,no,82,"Will Bitcoin fail to reach $1,000,000 by December 31, 2035?",0.83
paired,complement,yes,73,"Will Bitcoin reach $1,000,000 by December 31, 2035?",0.2
paired,complement,no,73,"Will Bitcoin fail to reach $1,000,000 by December 31, 2035?",0.78
empty,nested_time,short,16,"Will Bitcoin reach $1,000,000 by December 31, 2030?",0.06
empty,nested_time,long,16,"Will Bitcoin reach $1,000,000 by December 31, 2035?",0.11
omitted,nested_time,short,1,"Will Bitcoin reach $1,000,000 by December 31, 2030?",0.05
omitted,nested_time,long,1,"Will Bitcoin reach $1,000,000 by December 31, 2035?",0.11
omitted,nested_time,short,100,"Will Bitcoin reach $1,000,000 by December 31, 2030?",0.04
omitted,nested_time,long,100,"Will Bitcoin reach $1,000,000 by December 31, 2035?",0.1
omitted,complement,yes,76,"Will Bitcoin reach $1,000,000 by December 31, 2035?",0.1
omitted,complement,no,76,"Will Bitcoin fail to reach $1,000,000 by December 31, 2035?",0.92
omitted,nested_time,short,27,"Will Bitcoin reach $1,000,000 by December 31, 2030?",0.05
omitted,nested_time,long,27,"Will Bitcoin reach $1,000,000 by December 31, 2035?",0.09
empty,nested_time,short,92,"Will Bitcoin reach $1,000,000 by December 31, 2030?",0.06
empty,nested_time,long,92,"Will Bitcoin reach $1,000,000 by December 31, 2035?",0.11
omitted,nested_threshold,lower,15,"Will Bitcoin reach $1,000,000 by December 31, 2035?",0.1
omitted,nested_threshold,higher,15,"Will Bitcoin reach $100,000,000 by December 31, 2035?",0.02
empty,joint_bounds,one,9,"Will Bitcoin reach $1,000,000 by December 31, 2035?",0.12
empty,joint_bounds,ten,9,"Will Bitcoin reach $10,000,000 by December 31, 2035?",0.03
empty,joint_bounds,both,9,"Will Bitcoin reach both $1,000,000 and $10,000,000 by December 31, 2035?",0.07
omitted,joint_bounds,one,72,"Will Bitcoin reach $1,000,000 by December 31, 2035?",0.11
omitted,joint_bounds,ten,72,"Will Bitcoin reach $10,000,000 by December 31, 2035?",0.02
omitted,joint_bounds,both,72,"Will Bitcoin reach both $1,000,000 and $10,000,000 by December 31, 2035?",0.04
empty,complement,yes,26,"Will Bitcoin reach $1,000,000 by December 31, 2035?",0.1
empty,complement,no,26,"Will Bitcoin fail to reach $1,000,000 by December 31, 2035?",0.84
omitted,nested_threshold,lower,70,"Will Bitcoin reach $1,000,000 by December 31, 2035?",0.09
omitted,nested_threshold,higher,70,"Will Bitcoin reach $100,000,000 by December 31, 2035?",0.02
empty,joint_bounds,one,71,"Will Bitcoin reach $1,000,000 by December 31, 2035?",0.09
empty,joint_bounds,ten,71,"Will Bitcoin reach $10,000,000 by December 31, 2035?",0.03
empty,joint_bounds,both,71,"Will Bitcoin reach both $1,000,000 and $10,000,000 by December 31, 2035?",0.06
empty,nested_time,short,47,"Will Bitcoin reach $1,000,000 by December 31, 2030?",0.06
empty,nested_time,long,47,"Will Bitcoin reach $1,000,000 by December 31, 2035?",0.11
paired,nested_time,short,88,"Will Bitcoin reach $1,000,000 by December 31, 2030?",0.06
paired,nested_time,long,88,"Will Bitcoin reach $1,000,000 by December 31, 2035?",0.13
omitted,complement,yes,68,"Will Bitcoin reach $1,000,000 by December 31, 2035?",0.13
omitted,complement,no,68,"Will Bitcoin fail to reach $1,000,000 by December 31, 2035?",0.91
empty,partition,above,40,"Will Bitcoin's USD daily closing price on December 31, 2035 be above $1,000,000?",0.19
empty,partition,not_above,40,"Will Bitcoin's USD daily closing price on December 31, 2035 be at or below $1,000,000?",0.71
empty,nested_threshold,lower,97,"Will Bitcoin reach $1,000,000 by December 31, 2035?",0.11
empty,nested_threshold,higher,97,"Will Bitcoin reach $100,000,000 by December 31, 2035?",0.03
paired,nested_threshold,lower,6,"Will Bitcoin reach $1,000,000 by December 31, 2035?",0.11
paired,nested_threshold,higher,6,"Will Bitcoin reach $100,000,000 by December 31, 2035?",0.03
paired,partition,above,33,"Will Bitcoin's USD daily closing price on December 31, 2035 be above $1,000,000?",0.24
paired,partition,not_above,33,"Will Bitcoin's USD daily closing price on December 31, 2035 be at or below $1,000,000?",0.74
empty,partition,above,50,"Will Bitcoin's USD daily closing price on December 31, 2035 be above $1,000,000?",0.2
empty,partition,not_above,50,"Will Bitcoin's USD daily closing price on December 31, 2035 be at or below $1,000,000?",0.69
omitted,joint_bounds,one,43,"Will Bitcoin reach $1,000,000 by December 31, 2035?",0.11
omitted,joint_bounds,ten,43,"Will Bitcoin reach $10,000,000 by December 31, 2035?",0.03
omitted,joint_bounds,both,43,"Will Bitcoin reach both $1,000,000 and $10,000,000 by December 31, 2035?",0.03
empty,complement,yes,3,"Will Bitcoin reach $1,000,000 by December 31, 2035?",0.1
empty,complement,no,3,"Will Bitcoin fail to reach $1,000,000 by December 31, 2035?",0.81
empty,nested_time,short,11,"Will Bitcoin reach $1,000,000 by December 31, 2030?",0.06
empty,nested_time,long,11,"Will Bitcoin reach $1,000,000 by December 31, 2035?",0.12
empty,joint_bounds,one,7,"Will Bitcoin reach $1,000,000 by December 31, 2035?",0.11
empty,joint_bounds,ten,7,"Will Bitcoin reach $10,000,000 by December 31, 2035?",0.03
empty,joint_bounds,both,7,"Will Bitcoin reach both $1,000,000 and $10,000,000 by December 31, 2035?",0.07
empty,nested_time,short,75,"Will Bitcoin reach $1,000,000 by December 31, 2030?",0.07
empty,nested_time,long,75,"Will Bitcoin reach $1,000,000 by December 31, 2035?",0.1
empty,nested_threshold,lower,66,"Will Bitcoin reach $1,000,000 by December 31, 2035?",0.1
empty,nested_threshold,higher,66,"Will Bitcoin reach $100,000,000 by December 31, 2035?",0.03
omitted,nested_threshold,lower,30,"Will Bitcoin reach $1,000,000 by December 31, 2035?",0.08
omitted,nested_threshold,higher,30,"Will Bitcoin reach $100,000,000 by December 31, 2035?",0.02
empty,complement,yes,74,"Will Bitcoin reach $1,000,000 by December 31, 2035?",0.11
empty,complement,no,74,"Will Bitcoin fail to reach $1,000,000 by December 31, 2035?",0.82
paired,joint_bounds,one,71,"Will Bitcoin reach $1,000,000 by December 31, 2035?",0.2
paired,joint_bounds,ten,71,"Will Bitcoin reach $10,000,000 by December 31, 2035?",0.04
paired,joint_bounds,both,71,"Will Bitcoin reach both $1,000,000 and $10,000,000 by December 31, 2035?",0.07
paired,nested_threshold,lower,16,"Will Bitcoin reach $1,000,000 by December 31, 2035?",0.12
paired,nested_threshold,higher,16,"Will Bitcoin reach $100,000,000 by December 31, 2035?",0.03
empty,nested_threshold,lower,71,"Will Bitcoin reach $1,000,000 by December 31, 2035?",0.12
empty,nested_threshold,higher,71,"Will Bitcoin reach $100,000,000 by December 31, 2035?",0.03
omitted,nested_threshold,lower,12,"Will Bitcoin reach $1,000,000 by December 31, 2035?",0.12
omitted,nested_threshold,higher,12,"Will Bitcoin reach $100,000,000 by December 31, 2035?",0.02
omitted,partition,above,17,"Will Bitcoin's USD daily closing price on December 31, 2035 be above $1,000,000?",0.19
omitted,partition,not_above,17,"Will Bitcoin's USD daily closing price on December 31, 2035 be at or below $1,000,000?",0.77
omitted,nested_threshold,lower,60,"Will Bitcoin reach $1,000,000 by December 31, 2035?",0.11
omitted,nested_threshold,higher,60,"Will Bitcoin reach $100,000,000 by December 31, 2035?",0.03
empty,nested_time,short,86,"Will Bitcoin reach $1,000,000 by December 31, 2030?",0.06
empty,nested_time,long,86,"Will Bitcoin reach $1,000,000 by December 31, 2035?",0.11
paired,partition,above,1,"Will Bitcoin's USD daily closing price on December 31, 2035 be above $1,000,000?",0.24
paired,partition,not_above,1,"Will Bitcoin's USD daily closing price on December 31, 2035 be at or below $1,000,000?",0.72
empty,joint_bounds,one,64,"Will Bitcoin reach $1,000,000 by December 31, 2035?",0.12
empty,joint_bounds,ten,64,"Will Bitcoin reach $10,000,000 by December 31, 2035?",0.03
empty,joint_bounds,both,64,"Will Bitcoin reach both $1,000,000 and $10,000,000 by December 31, 2035?",0.06
paired,complement,yes,100,"Will Bitcoin reach $1,000,000 by December 31, 2035?",0.2
paired,complement,no,100,"Will Bitcoin fail to reach $1,000,000 by December 31, 2035?",0.77
omitted,joint_bounds,one,3,"Will Bitcoin reach $1,000,000 by December 31, 2035?",0.09
omitted,joint_bounds,ten,3,"Will Bitcoin reach $10,000,000 by December 31, 2035?",0.03
omitted,joint_bounds,both,3,"Will Bitcoin reach both $1,000,000 and $10,000,000 by December 31, 2035?",0.04
paired,nested_threshold,lower,58,"Will Bitcoin reach $1,000,000 by December 31, 2035?",0.11
paired,nested_threshold,higher,58,"Will Bitcoin reach $100,000,000 by December 31, 2035?",0.03
empty,joint_bounds,one,59,"Will Bitcoin reach $1,000,000 by December 31, 2035?",0.1
empty,joint_bounds,ten,59,"Will Bitcoin reach $10,000,000 by December 31, 2035?",0.03
empty,joint_bounds,both,59,"Will Bitcoin reach both $1,000,000 and $10,000,000 by December 31, 2035?",0.06
empty,partition,above,86,"Will Bitcoin's USD daily closing price on December 31, 2035 be above $1,000,000?",0.2
empty,partition,not_above,86,"Will Bitcoin's USD daily closing price on December 31, 2035 be at or below $1,000,000?",0.71
omitted,partition,above,84,"Will Bitcoin's USD daily closing price on December 31, 2035 be above $1,000,000?",0.2
omitted,partition,not_above,84,"Will Bitcoin's USD daily closing price on December 31, 2035 be at or below $1,000,000?",0.75
omitted,complement,yes,88,"Will Bitcoin reach $1,000,000 by December 31, 2035?",0.1
omitted,complement,no,88,"Will Bitcoin fail to reach $1,000,000 by December 31, 2035?",0.92
empty,complement,yes,18,"Will Bitcoin reach $1,000,000 by December 31, 2035?",0.11
empty,complement,no,18,"Will Bitcoin fail to reach $1,000,000 by December 31, 2035?",0.83
paired,joint_bounds,one,77,"Will Bitcoin reach $1,000,000 by December 31, 2035?",0.21
paired,joint_bounds,ten,77,"Will Bitcoin reach $10,000,000 by December 31, 2035?",0.04
paired,joint_bounds,both,77,"Will Bitcoin reach both $1,000,000 and $10,000,000 by December 31, 2035?",0.06
empty,nested_threshold,lower,49,"Will Bitcoin reach $1,000,000 by December 31, 2035?",0.12
empty,nested_threshold,higher,49,"Will Bitcoin reach $100,000,000 by December 31, 2035?",0.03
paired,nested_threshold,lower,26,"Will Bitcoin reach $1,000,000 by December 31, 2035?",0.12
paired,nested_threshold,higher,26,"Will Bitcoin reach $100,000,000 by December 31, 2035?",0.03
empty,nested_time,short,55,"Will Bitcoin reach $1,000,000 by December 31, 2030?",0.06
empty,nested_time,long,55,"Will Bitcoin reach $1,000,000 by December 31, 2035?",0.11
paired,nested_threshold,lower,68,"Will Bitcoin reach $1,000,000 by December 31, 2035?",0.13
paired,nested_threshold,higher,68,"Will Bitcoin reach $100,000,000 by December 31, 2035?",0.03
omitted,complement,yes,52,"Will Bitcoin reach $1,000,000 by December 31, 2035?",0.11
omitted,complement,no,52,"Will Bitcoin fail to reach $1,000,000 by December 31, 2035?",0.92
omitted,nested_threshold,lower,40,"Will Bitcoin reach $1,000,000 by December 31, 2035?",0.11
omitted,nested_threshold,higher,40,"Will Bitcoin reach $100,000,000 by December 31, 2035?",0.02
omitted,partition,above,31,"Will Bitcoin's USD daily closing price on December 31, 2035 be above $1,000,000?",0.2
omitted,partition,not_above,31,"Will Bitcoin's USD daily closing price on December 31, 2035 be at or below $1,000,000?",0.76
paired,complement,yes,57,"Will Bitcoin reach $1,000,000 by December 31, 2035?",0.21
paired,complement,no,57,"Will Bitcoin fail to reach $1,000,000 by December 31, 2035?",0.78
empty,nested_threshold,lower,89,"Will Bitcoin reach $1,000,000 by December 31, 2035?",0.11
empty,nested_threshold,higher,89,"Will Bitcoin reach $100,000,000 by December 31, 2035?",0.03
empty,partition,above,22,"Will Bitcoin's USD daily closing price on December 31, 2035 be above $1,000,000?",0.2
empty,partition,not_above,22,"Will Bitcoin's USD daily closing price on December 31, 2035 be at or below $1,000,000?",0.71
omitted,complement,yes,71,"Will Bitcoin reach $1,000,000 by December 31, 2035?",0.12
omitted,complement,no,71,"Will Bitcoin fail to reach $1,000,000 by December 31, 2035?",0.91
omitted,joint_bounds,one,63,"Will Bitcoin reach $1,000,000 by December 31, 2035?",0.1
omitted,joint_bounds,ten,63,"Will Bitcoin reach $10,000,000 by December 31, 2035?",0.03
omitted,joint_bounds,both,63,"Will Bitcoin reach both $1,000,000 and $10,000,000 by December 31, 2035?",0.03
omitted,joint_bounds,one,84,"Will Bitcoin reach $1,000,000 by December 31, 2035?",0.11
omitted,joint_bounds,ten,84,"Will Bitcoin reach $10,000,000 by December 31, 2035?",0.03
omitted,joint_bounds,both,84,"Will Bitcoin reach both $1,000,000 and $10,000,000 by December 31, 2035?",0.04
paired,joint_bounds,one,82,"Will Bitcoin reach $1,000,000 by December 31, 2035?",0.2
paired,joint_bounds,ten,82,"Will Bitcoin reach $10,000,000 by December 31, 2035?",0.04
paired,joint_bounds,both,82,"Will Bitcoin reach both $1,000,000 and $10,000,000 by December 31, 2035?",0.06
omitted,partition,above,51,"Will Bitcoin's USD daily closing price on December 31, 2035 be above $1,000,000?",0.2
omitted,partition,not_above,51,"Will Bitcoin's USD daily closing price on December 31, 2035 be at or below $1,000,000?",0.78
empty,nested_time,short,88,"Will Bitcoin reach $1,000,000 by December 31, 2030?",0.06
empty,nested_time,long,88,"Will Bitcoin reach $1,000,000 by December 31, 2035?",0.12
empty,nested_threshold,lower,30,"Will Bitcoin reach $1,000,000 by December 31, 2035?",0.12
empty,nested_threshold,higher,30,"Will Bitcoin reach $100,000,000 by December 31, 2035?",0.03
omitted,joint_bounds,one,64,"Will Bitcoin reach $1,000,000 by December 31, 2035?",0.09
omitted,joint_bounds,ten,64,"Will Bitcoin reach $10,000,000 by December 31, 2035?",0.03
omitted,joint_bounds,both,64,"Will Bitcoin reach both $1,000,000 and $10,000,000 by December 31, 2035?",0.04
omitted,partition,above,81,"Will Bitcoin's USD daily closing price on December 31, 2035 be above $1,000,000?",0.22
omitted,partition,not_above,81,"Will Bitcoin's USD daily closing price on December 31, 2035 be at or below $1,000,000?",0.77
omitted,joint_bounds,one,59,"Will Bitcoin reach $1,000,000 by December 31, 2035?",0.12
omitted,joint_bounds,ten,59,"Will Bitcoin reach $10,000,000 by December 31, 2035?",0.02
omitted,joint_bounds,both,59,"Will Bitcoin reach both $1,000,000 and $10,000,000 by December 31, 2035?",0.04
paired,nested_time,short,57,"Will Bitcoin reach $1,000,000 by December 31, 2030?",0.06
paired,nested_time,long,57,"Will Bitcoin reach $1,000,000 by December 31, 2035?",0.12
paired,nested_threshold,lower,80,"Will Bitcoin reach $1,000,000 by December 31, 2035?",0.13
paired,nested_threshold,higher,80,"Will Bitcoin reach $100,000,000 by December 31, 2035?",0.04
empty,complement,yes,65,"Will Bitcoin reach $1,000,000 by December 31, 2035?",0.12
empty,complement,no,65,"Will Bitcoin fail to reach $1,000,000 by December 31, 2035?",0.84
empty,partition,above,91,"Will Bitcoin's USD daily closing price on December 31, 2035 be above $1,000,000?",0.21
empty,partition,not_above,91,"Will Bitcoin's USD daily closing price on December 31, 2035 be at or below $1,000,000?",0.72
empty,nested_threshold,lower,65,"Will Bitcoin reach $1,000,000 by December 31, 2035?",0.11
empty,nested_threshold,higher,65,"Will Bitcoin reach $100,000,000 by December 31, 2035?",0.03
paired,nested_threshold,lower,8,"Will Bitcoin reach $1,000,000 by December 31, 2035?",0.14
paired,nested_threshold,higher,8,"Will Bitcoin reach $100,000,000 by December 31, 2035?",0.03
omitted,nested_time,short,35,"Will Bitcoin reach $1,000,000 by December 31, 2030?",0.04
omitted,nested_time,long,35,"Will Bitcoin reach $1,000,000 by December 31, 2035?",0.1
paired,complement,yes,87,"Will Bitcoin reach $1,000,000 by December 31, 2035?",0.19
paired,complement,no,87,"Will Bitcoin fail to reach $1,000,000 by December 31, 2035?",0.78
paired,partition,above,91,"Will Bitcoin's USD daily closing price on December 31, 2035 be above $1,000,000?",0.21
paired,partition,not_above,91,"Will Bitcoin's USD daily closing price on December 31, 2035 be at or below $1,000,000?",0.75
paired,nested_time,short,73,"Will Bitcoin reach $1,000,000 by December 31, 2030?",0.05
paired,nested_time,long,73,"Will Bitcoin reach $1,000,000 by December 31, 2035?",0.13
empty,partition,above,19,"Will Bitcoin's USD daily closing price on December 31, 2035 be above $1,000,000?",0.19
empty,partition,not_above,19,"Will Bitcoin's USD daily closing price on December 31, 2035 be at or below $1,000,000?",0.71
omitted,joint_bounds,one,39,"Will Bitcoin reach $1,000,000 by December 31, 2035?",0.11
omitted,joint_bounds,ten,39,"Will Bitcoin reach $10,000,000 by December 31, 2035?",0.03
omitted,joint_bounds,both,39,"Will Bitcoin reach both $1,000,000 and $10,000,000 by December 31, 2035?",0.04
empty,joint_bounds,one,62,"Will Bitcoin reach $1,000,000 by December 31, 2035?",0.1
empty,joint_bounds,ten,62,"Will Bitcoin reach $10,000,000 by December 31, 2035?",0.04
empty,joint_bounds,both,62,"Will Bitcoin reach both $1,000,000 and $10,000,000 by December 31, 2035?",0.06
omitted,complement,yes,1,"Will Bitcoin reach $1,000,000 by December 31, 2035?",0.1
omitted,complement,no,1,"Will Bitcoin fail to reach $1,000,000 by December 31, 2035?",0.91
empty,nested_threshold,lower,43,"Will Bitcoin reach $1,000,000 by December 31, 2035?",0.13
empty,nested_threshold,higher,43,"Will Bitcoin reach $100,000,000 by December 31, 2035?",0.03
omitted,nested_time,short,78,"Will Bitcoin reach $1,000,000 by December 31, 2030?",0.05
omitted,nested_time,long,78,"Will Bitcoin reach $1,000,000 by December 31, 2035?",0.1
omitted,complement,yes,31,"Will Bitcoin reach $1,000,000 by December 31, 2035?",0.1
omitted,complement,no,31,"Will Bitcoin fail to reach $1,000,000 by December 31, 2035?",0.92
omitted,joint_bounds,one,56,"Will Bitcoin reach $1,000,000 by December 31, 2035?",0.11
omitted,joint_bounds,ten,56,"Will Bitcoin reach $10,000,000 by December 31, 2035?",0.03
omitted,joint_bounds,both,56,"Will Bitcoin reach both $1,000,000 and $10,000,000 by December 31, 2035?",0.03
paired,partition,above,35,"Will Bitcoin's USD daily closing price on December 31, 2035 be above $1,000,000?",0.23
paired,partition,not_above,35,"Will Bitcoin's USD daily closing price on December 31, 2035 be at or below $1,000,000?",0.73
empty,partition,above,72,"Will Bitcoin's USD daily closing price on December 31, 2035 be above $1,000,000?",0.17
empty,partition,not_above,72,"Will Bitcoin's USD daily closing price on December 31, 2035 be at or below $1,000,000?",0.72
empty,partition,above,60,"Will Bitcoin's USD daily closing price on December 31, 2035 be above $1,000,000?",0.19
empty,partition,not_above,60,"Will Bitcoin's USD daily closing price on December 31, 2035 be at or below $1,000,000?",0.71
paired,complement,yes,56,"Will Bitcoin reach $1,000,000 by December 31, 2035?",0.23
paired,complement,no,56,"Will Bitcoin fail to reach $1,000,000 by December 31, 2035?",0.76
omitted,nested_time,short,8,"Will Bitcoin reach $1,000,000 by December 31, 2030?",0.05
omitted,nested_time,long,8,"Will Bitcoin reach $1,000,000 by December 31, 2035?",0.12
empty,nested_threshold,lower,32,"Will Bitcoin reach $1,000,000 by December 31, 2035?",0.11
empty,nested_threshold,higher,32,"Will Bitcoin reach $100,000,000 by December 31, 2035?",0.03
paired,nested_threshold,lower,46,"Will Bitcoin reach $1,000,000 by December 31, 2035?",0.13
paired,nested_threshold,higher,46,"Will Bitcoin reach $100,000,000 by December 31, 2035?",0.03
paired,nested_threshold,lower,41,"Will Bitcoin reach $1,000,000 by December 31, 2035?",0.13
paired,nested_threshold,higher,41,"Will Bitcoin reach $100,000,000 by December 31, 2035?",0.03
empty,joint_bounds,one,55,"Will Bitcoin reach $1,000,000 by December 31, 2035?",0.1
empty,joint_bounds,ten,55,"Will Bitcoin reach $10,000,000 by December 31, 2035?",0.03
empty,joint_bounds,both,55,"Will Bitcoin reach both $1,000,000 and $10,000,000 by December 31, 2035?",0.06
empty,joint_bounds,one,28,"Will Bitcoin reach $1,000,000 by December 31, 2035?",0.13
empty,joint_bounds,ten,28,"Will Bitcoin reach $10,000,000 by December 31, 2035?",0.03
empty,joint_bounds,both,28,"Will Bitcoin reach both $1,000,000 and $10,000,000 by December 31, 2035?",0.06
empty,partition,above,10,"Will Bitcoin's USD daily closing price on December 31, 2035 be above $1,000,000?",0.2
empty,partition,not_above,10,"Will Bitcoin's USD daily closing price on December 31, 2035 be at or below $1,000,000?",0.7
empty,nested_threshold,lower,57,"Will Bitcoin reach $1,000,000 by December 31, 2035?",0.13
empty,nested_threshold,higher,57,"Will Bitcoin reach $100,000,000 by December 31, 2035?",0.03
empty,nested_time,short,32,"Will Bitcoin reach $1,000,000 by December 31, 2030?",0.06
empty,nested_time,long,32,"Will Bitcoin reach $1,000,000 by December 31, 2035?",0.11
paired,nested_time,short,89,"Will Bitcoin reach $1,000,000 by December 31, 2030?",0.05
paired,nested_time,long,89,"Will Bitcoin reach $1,000,000 by December 31, 2035?",0.14
omitted,partition,above,56,"Will Bitcoin's USD daily closing price on December 31, 2035 be above $1,000,000?",0.2
omitted,partition,not_above,56,"Will Bitcoin's USD daily closing price on December 31, 2035 be at or below $1,000,000?",0.76
paired,nested_time,short,22,"Will Bitcoin reach $1,000,000 by December 31, 2030?",0.06
paired,nested_time,long,22,"Will Bitcoin reach $1,000,000 by December 31, 2035?",0.13
paired,partition,above,57,"Will Bitcoin's USD daily closing price on December 31, 2035 be above $1,000,000?",0.2
paired,partition,not_above,57,"Will Bitcoin's USD daily closing price on December 31, 2035 be at or below $1,000,000?",0.73
paired,complement,yes,44,"Will Bitcoin reach $1,000,000 by December 31, 2035?",0.17
paired,complement,no,44,"Will Bitcoin fail to reach $1,000,000 by December 31, 2035?",0.74
paired,joint_bounds,one,13,"Will Bitcoin reach $1,000,000 by December 31, 2035?",0.19
paired,joint_bounds,ten,13,"Will Bitcoin reach $10,000,000 by December 31, 2035?",0.04
paired,joint_bounds,both,13,"Will Bitcoin reach both $1,000,000 and $10,000,000 by December 31, 2035?",0.07
empty,partition,above,93,"Will Bitcoin's USD daily closing price on December 31, 2035 be above $1,000,000?",0.19
empty,partition,not_above,93,"Will Bitcoin's USD daily closing price on December 31, 2035 be at or below $1,000,000?",0.72
empty,joint_bounds,one,41,"Will Bitcoin reach $1,000,000 by December 31, 2035?",0.1
empty,joint_bounds,ten,41,"Will Bitcoin reach $10,000,000 by December 31, 2035?",0.04
empty,joint_bounds,both,41,"Will Bitcoin reach both $1,000,000 and $10,000,000 by December 31, 2035?",0.06
omitted,partition,above,58,"Will Bitcoin's USD daily closing price on December 31, 2035 be above $1,000,000?",0.2
omitted,partition,not_above,58,"Will Bitcoin's USD daily closing price on December 31, 2035 be at or below $1,000,000?",0.75
empty,joint_bounds,one,18,"Will Bitcoin reach $1,000,000 by December 31, 2035?",0.1
empty,joint_bounds,ten,18,"Will Bitcoin reach $10,000,000 by December 31, 2035?",0.03
empty,joint_bounds,both,18,"Will Bitcoin reach both $1,000,000 and $10,000,000 by December 31, 2035?",0.06
paired,nested_time,short,20,"Will Bitcoin reach $1,000,000 by December 31, 2030?",0.06
paired,nested_time,long,20,"Will Bitcoin reach $1,000,000 by December 31, 2035?",0.13
omitted,partition,above,12,"Will Bitcoin's USD daily closing price on December 31, 2035 be above $1,000,000?",0.19
omitted,partition,not_above,12,"Will Bitcoin's USD daily closing price on December 31, 2035 be at or below $1,000,000?",0.76
paired,complement,yes,13,"Will Bitcoin reach $1,000,000 by December 31, 2035?",0.2
paired,complement,no,13,"Will Bitcoin fail to reach $1,000,000 by December 31, 2035?",0.75
paired,complement,yes,91,"Will Bitcoin reach $1,000,000 by December 31, 2035?",0.19
paired,complement,no,91,"Will Bitcoin fail to reach $1,000,000 by December 31, 2035?",0.76
paired,partition,above,79,"Will Bitcoin's USD daily closing price on December 31, 2035 be above $1,000,000?",0.26
paired,partition,not_above,79,"Will Bitcoin's USD daily closing price on December 31, 2035 be at or below $1,000,000?",0.74
omitted,complement,yes,94,"Will Bitcoin reach $1,000,000 by December 31, 2035?",0.1
omitted,complement,no,94,"Will Bitcoin fail to reach $1,000,000 by December 31, 2035?",0.91
omitted,joint_bounds,one,38,"Will Bitcoin reach $1,000,000 by December 31, 2035?",0.11
omitted,joint_bounds,ten,38,"Will Bitcoin reach $10,000,000 by December 31, 2035?",0.03
omitted,joint_bounds,both,38,"Will Bitcoin reach both $1,000,000 and $10,000,000 by December 31, 2035?",0.03
omitted,partition,above,88,"Will Bitcoin's USD daily closing price on December 31, 2035 be above $1,000,000?",0.21
omitted,partition,not_above,88,"Will Bitcoin's USD daily closing price on December 31, 2035 be at or below $1,000,000?",0.76
empty,complement,yes,13,"Will Bitcoin reach $1,000,000 by December 31, 2035?",0.1
empty,complement,no,13,"Will Bitcoin fail to reach $1,000,000 by December 31, 2035?",0.84
empty,nested_time,short,30,"Will Bitcoin reach $1,000,000 by December 31, 2030?",0.06
empty,nested_time,long,30,"Will Bitcoin reach $1,000,000 by December 31, 2035?",0.1
empty,complement,yes,41,"Will Bitcoin reach $1,000,000 by December 31, 2035?",0.12
empty,complement,no,41,"Will Bitcoin fail to reach $1,000,000 by December 31, 2035?",0.82
empty,nested_threshold,lower,62,"Will Bitcoin reach $1,000,000 by December 31, 2035?",0.1
empty,nested_threshold,higher,62,"Will Bitcoin reach $100,000,000 by December 31, 2035?",0.03
omitted,joint_bounds,one,79,"Will Bitcoin reach $1,000,000 by December 31, 2035?",0.12
omitted,joint_bounds,ten,79,"Will Bitcoin reach $10,000,000 by December 31, 2035?",0.02
omitted,joint_bounds,both,79,"Will Bitcoin reach both $1,000,000 and $10,000,000 by December 31, 2035?",0.04
paired,nested_time,short,76,"Will Bitcoin reach $1,000,000 by December 31, 2030?",0.06
paired,nested_time,long,76,"Will Bitcoin reach $1,000,000 by December 31, 2035?",0.11
paired,partition,above,34,"Will Bitcoin's USD daily closing price on December 31, 2035 be above $1,000,000?",0.21
paired,partition,not_above,34,"Will Bitcoin's USD daily closing price on December 31, 2035 be at or below $1,000,000?",0.73
omitted,nested_time,short,21,"Will Bitcoin reach $1,000,000 by December 31, 2030?",0.04
omitted,nested_time,long,21,"Will Bitcoin reach $1,000,000 by December 31, 2035?",0.11
paired,partition,above,30,"Will Bitcoin's USD daily closing price on December 31, 2035 be above $1,000,000?",0.23
paired,partition,not_above,30,"Will Bitcoin's USD daily closing price on December 31, 2035 be at or below $1,000,000?",0.73
empty,nested_threshold,lower,20,"Will Bitcoin reach $1,000,000 by December 31, 2035?",0.1
empty,nested_threshold,higher,20,"Will Bitcoin reach $100,000,000 by December 31, 2035?",0.03
empty,joint_bounds,one,26,"Will Bitcoin reach $1,000,000 by December 31, 2035?",0.09
empty,joint_bounds,ten,26,"Will Bitcoin reach $10,000,000 by December 31, 2035?",0.03
empty,joint_bounds,both,26,"Will Bitcoin reach both $1,000,000 and $10,000,000 by December 31, 2035?",0.05
omitted,partition,above,52,"Will Bitcoin's USD daily closing price on December 31, 2035 be above $1,000,000?",0.2
omitted,partition,not_above,52,"Will Bitcoin's USD daily closing price on December 31, 2035 be at or below $1,000,000?",0.77
paired,joint_bounds,one,22,"Will Bitcoin reach $1,000,000 by December 31, 2035?",0.2
paired,joint_bounds,ten,22,"Will Bitcoin reach $10,000,000 by December 31, 2035?",0.04
paired,joint_bounds,both,22,"Will Bitcoin reach both $1,000,000 and $10,000,000 by December 31, 2035?",0.07
omitted,partition,above,55,"Will Bitcoin's USD daily closing price on December 31, 2035 be above $1,000,000?",0.19
omitted,partition,not_above,55,"Will Bitcoin's USD daily closing price on December 31, 2035 be at or below $1,000,000?",0.77
empty,partition,above,15,"Will Bitcoin's USD daily closing price on December 31, 2035 be above $1,000,000?",0.19
empty,partition,not_above,15,"Will Bitcoin's USD daily closing price on December 31, 2035 be at or below $1,000,000?",0.71
empty,nested_time,short,45,"Will Bitcoin reach $1,000,000 by December 31, 2030?",0.06
empty,nested_time,long,45,"Will Bitcoin reach $1,000,000 by December 31, 2035?",0.1
empty,complement,yes,29,"Will Bitcoin reach $1,000,000 by December 31, 2035?",0.1
empty,complement,no,29,"Will Bitcoin fail to reach $1,000,000 by December 31, 2035?",0.83
paired,joint_bounds,one,41,"Will Bitcoin reach $1,000,000 by December 31, 2035?",0.17
paired,joint_bounds,ten,41,"Will Bitcoin reach $10,000,000 by December 31, 2035?",0.04
paired,joint_bounds,both,41,"Will Bitcoin reach both $1,000,000 and $10,000,000 by December 31, 2035?",0.07
omitted,nested_threshold,lower,96,"Will Bitcoin reach $1,000,000 by December 31, 2035?",0.12
omitted,nested_threshold,higher,96,"Will Bitcoin reach $100,000,000 by December 31, 2035?",0.02
empty,nested_threshold,lower,70,"Will Bitcoin reach $1,000,000 by December 31, 2035?",0.11
empty,nested_threshold,higher,70,"Will Bitcoin reach $100,000,000 by December 31, 2035?",0.03
paired,joint_bounds,one,47,"Will Bitcoin reach $1,000,000 by December 31, 2035?",0.2
paired,joint_bounds,ten,47,"Will Bitcoin reach $10,000,000 by December 31, 2035?",0.04
paired,joint_bounds,both,47,"Will Bitcoin reach both $1,000,000 and $10,000,000 by December 31, 2035?",0.08
omitted,nested_time,short,92,"Will Bitcoin reach $1,000,000 by December 31, 2030?",0.05
omitted,nested_time,long,92,"Will Bitcoin reach $1,000,000 by December 31, 2035?",0.09
omitted,partition,above,67,"Will Bitcoin's USD daily closing price on December 31, 2035 be above $1,000,000?",0.21
omitted,partition,not_above,67,"Will Bitcoin's USD daily closing price on December 31, 2035 be at or below $1,000,000?",0.76
omitted,nested_threshold,lower,24,"Will Bitcoin reach $1,000,000 by December 31, 2035?",0.1
omitted,nested_threshold,higher,24,"Will Bitcoin reach $100,000,000 by December 31, 2035?",0.03
omitted,joint_bounds,one,29,"Will Bitcoin reach $1,000,000 by December 31, 2035?",0.11
omitted,joint_bounds,ten,29,"Will Bitcoin reach $10,000,000 by December 31, 2035?",0.03
omitted,joint_bounds,both,29,"Will Bitcoin reach both $1,000,000 and $10,000,000 by December 31, 2035?",0.03
omitted,partition,above,35,"Will Bitcoin's USD daily closing price on December 31, 2035 be above $1,000,000?",0.22
omitted,partition,not_above,35,"Will Bitcoin's USD daily closing price on December 31, 2035 be at or below $1,000,000?",0.77
empty,partition,above,74,"Will Bitcoin's USD daily closing price on December 31, 2035 be above $1,000,000?",0.19
empty,partition,not_above,74,"Will Bitcoin's USD daily closing price on December 31, 2035 be at or below $1,000,000?",0.71
paired,complement,yes,62,"Will Bitcoin reach $1,000,000 by December 31, 2035?",0.17
paired,complement,no,62,"Will Bitcoin fail to reach $1,000,000 by December 31, 2035?",0.77
empty,nested_threshold,lower,16,"Will Bitcoin reach $1,000,000 by December 31, 2035?",0.1
empty,nested_threshold,higher,16,"Will Bitcoin reach $100,000,000 by December 31, 2035?",0.03
omitted,nested_threshold,lower,73,"Will Bitcoin reach $1,000,000 by December 31, 2035?",0.11
omitted,nested_threshold,higher,73,"Will Bitcoin reach $100,000,000 by December 31, 2035?",0.02
omitted,nested_threshold,lower,65,"Will Bitcoin reach $1,000,000 by December 31, 2035?",0.09
omitted,nested_threshold,higher,65,"Will Bitcoin reach $100,000,000 by December 31, 2035?",0.02
empty,partition,above,46,"Will Bitcoin's USD daily closing price on December 31, 2035 be above $1,000,000?",0.2
empty,partition,not_above,46,"Will Bitcoin's USD daily closing price on December 31, 2035 be at or below $1,000,000?",0.71
paired,joint_bounds,one,21,"Will Bitcoin reach $1,000,000 by December 31, 2035?",0.2
paired,joint_bounds,ten,21,"Will Bitcoin reach $10,000,000 by December 31, 2035?",0.04
paired,joint_bounds,both,21,"Will Bitcoin reach both $1,000,000 and $10,000,000 by December 31, 2035?",0.05
omitted,joint_bounds,one,66,"Will Bitcoin reach $1,000,000 by December 31, 2035?",0.09
omitted,joint_bounds,ten,66,"Will Bitcoin reach $10,000,000 by December 31, 2035?",0.03
omitted,joint_bounds,both,66,"Will Bitcoin reach both $1,000,000 and $10,000,000 by December 31, 2035?",0.03
omitted,nested_threshold,lower,75,"Will Bitcoin reach $1,000,000 by December 31, 2035?",0.11
omitted,nested_threshold,higher,75,"Will Bitcoin reach $100,000,000 by December 31, 2035?",0.03
empty,complement,yes,51,"Will Bitcoin reach $1,000,000 by December 31, 2035?",0.11
empty,complement,no,51,"Will Bitcoin fail to reach $1,000,000 by December 31, 2035?",0.84
paired,nested_time,short,100,"Will Bitcoin reach $1,000,000 by December 31, 2030?",0.05
paired,nested_time,long,100,"Will Bitcoin reach $1,000,000 by December 31, 2035?",0.11
empty,complement,yes,34,"Will Bitcoin reach $1,000,000 by December 31, 2035?",0.11
empty,complement,no,34,"Will Bitcoin fail to reach $1,000,000 by December 31, 2035?",0.84
paired,nested_threshold,lower,90,"Will Bitcoin reach $1,000,000 by December 31, 2035?",0.13
paired,nested_threshold,higher,90,"Will Bitcoin reach $100,000,000 by December 31, 2035?",0.03
omitted,nested_time,short,23,"Will Bitcoin reach $1,000,000 by December 31, 2030?",0.05
omitted,nested_time,long,23,"Will Bitcoin reach $1,000,000 by December 31, 2035?",0.11
empty,nested_time,short,24,"Will Bitcoin reach $1,000,000 by December 31, 2030?",0.07
empty,nested_time,long,24,"Will Bitcoin reach $1,000,000 by December 31, 2035?",0.12
empty,nested_time,short,56,"Will Bitcoin reach $1,000,000 by December 31, 2030?",0.06
empty,nested_time,long,56,"Will Bitcoin reach $1,000,000 by December 31, 2035?",0.11
empty,joint_bounds,one,14,"Will Bitcoin reach $1,000,000 by December 31, 2035?",0.13
empty,joint_bounds,ten,14,"Will Bitcoin reach $10,000,000 by December 31, 2035?",0.03
empty,joint_bounds,both,14,"Will Bitcoin reach both $1,000,000 and $10,000,000 by December 31, 2035?",0.06
omitted,complement,yes,95,"Will Bitcoin reach $1,000,000 by December 31, 2035?",0.12
omitted,complement,no,95,"Will Bitcoin fail to reach $1,000,000 by December 31, 2035?",0.92
empty,nested_time,short,81,"Will Bitcoin reach $1,000,000 by December 31, 2030?",0.06
empty,nested_time,long,81,"Will Bitcoin reach $1,000,000 by December 31, 2035?",0.12
empty,partition,above,24,"Will Bitcoin's USD daily closing price on December 31, 2035 be above $1,000,000?",0.2
empty,partition,not_above,24,"Will Bitcoin's USD daily closing price on December 31, 2035 be at or below $1,000,000?",0.7
paired,partition,above,51,"Will Bitcoin's USD daily closing price on December 31, 2035 be above $1,000,000?",0.24
paired,partition,not_above,51,"Will Bitcoin's USD daily closing price on December 31, 2035 be at or below $1,000,000?",0.73
paired,nested_threshold,lower,42,"Will Bitcoin reach $1,000,000 by December 31, 2035?",0.12
paired,nested_threshold,higher,42,"Will Bitcoin reach $100,000,000 by December 31, 2035?",0.04
empty,joint_bounds,one,43,"Will Bitcoin reach $1,000,000 by December 31, 2035?",0.11
empty,joint_bounds,ten,43,"Will Bitcoin reach $10,000,000 by December 31, 2035?",0.04
empty,joint_bounds,both,43,"Will Bitcoin reach both $1,000,000 and $10,000,000 by December 31, 2035?",0.06
empty,partition,above,55,"Will Bitcoin's USD daily closing price on December 31, 2035 be above $1,000,000?",0.19
empty,partition,not_above,55,"Will Bitcoin's USD daily closing price on December 31, 2035 be at or below $1,000,000?",0.72
omitted,nested_threshold,lower,14,"Will Bitcoin reach $1,000,000 by December 31, 2035?",0.1
omitted,nested_threshold,higher,14,"Will Bitcoin reach $100,000,000 by December 31, 2035?",0.03
omitted,nested_time,short,25,"Will Bitcoin reach $1,000,000 by December 31, 2030?",0.05
omitted,nested_time,long,25,"Will Bitcoin reach $1,000,000 by December 31, 2035?",0.11
paired,nested_time,short,40,"Will Bitcoin reach $1,000,000 by December 31, 2030?",0.05
paired,nested_time,long,40,"Will Bitcoin reach $1,000,000 by December 31, 2035?",0.13
paired,complement,yes,37,"Will Bitcoin reach $1,000,000 by December 31, 2035?",0.21
paired,complement,no,37,"Will Bitcoin fail to reach $1,000,000 by December 31, 2035?",0.77
omitted,joint_bounds,one,15,"Will Bitcoin reach $1,000,000 by December 31, 2035?",0.11
omitted,joint_bounds,ten,15,"Will Bitcoin reach $10,000,000 by December 31, 2035?",0.02
omitted,joint_bounds,both,15,"Will Bitcoin reach both $1,000,000 and $10,000,000 by December 31, 2035?",0.03
empty,nested_time,short,57,"Will Bitcoin reach $1,000,000 by December 31, 2030?",0.07
empty,nested_time,long,57,"Will Bitcoin reach $1,000,000 by December 31, 2035?",0.1
paired,complement,yes,46,"Will Bitcoin reach $1,000,000 by December 31, 2035?",0.2
paired,complement,no,46,"Will Bitcoin fail to reach $1,000,000 by December 31, 2035?",0.77
omitted,joint_bounds,one,94,"Will Bitcoin reach $1,000,000 by December 31, 2035?",0.12
omitted,joint_bounds,ten,94,"Will Bitcoin reach $10,000,000 by December 31, 2035?",0.03
omitted,joint_bounds,both,94,"Will Bitcoin reach both $1,000,000 and $10,000,000 by December 31, 2035?",0.04
omitted,complement,yes,12,"Will Bitcoin reach $1,000,000 by December 31, 2035?",0.1
omitted,complement,no,12,"Will Bitcoin fail to reach $1,000,000 by December 31, 2035?",0.91
paired,complement,yes,86,"Will Bitcoin reach $1,000,000 by December 31, 2035?",0.19
paired,complement,no,86,"Will Bitcoin fail to reach $1,000,000 by December 31, 2035?",0.78
omitted,complement,yes,86,"Will Bitcoin reach $1,000,000 by December 31, 2035?",0.1
omitted,complement,no,86,"Will Bitcoin fail to reach $1,000,000 by December 31, 2035?",0.92
omitted,nested_time,short,2,"Will Bitcoin reach $1,000,000 by December 31, 2030?",0.05
omitted,nested_time,long,2,"Will Bitcoin reach $1,000,000 by December 31, 2035?",0.11
empty,complement,yes,46,"Will Bitcoin reach $1,000,000 by December 31, 2035?",0.11
empty,complement,no,46,"Will Bitcoin fail to reach $1,000,000 by December 31, 2035?",0.83
empty,joint_bounds,one,58,"Will Bitcoin reach $1,000,000 by December 31, 2035?",0.11
empty,joint_bounds,ten,58,"Will Bitcoin reach $10,000,000 by December 31, 2035?",0.04
empty,joint_bounds,both,58,"Will Bitcoin reach both $1,000,000 and $10,000,000 by December 31, 2035?",0.06
paired,nested_time,short,12,"Will Bitcoin reach $1,000,000 by December 31, 2030?",0.06
paired,nested_time,long,12,"Will Bitcoin reach $1,000,000 by December 31, 2035?",0.13
paired,partition,above,47,"Will Bitcoin's USD daily closing price on December 31, 2035 be above $1,000,000?",0.23
paired,partition,not_above,47,"Will Bitcoin's USD daily closing price on December 31, 2035 be at or below $1,000,000?",0.72
omitted,nested_time,short,52,"Will Bitcoin reach $1,000,000 by December 31, 2030?",0.05
omitted,nested_time,long,52,"Will Bitcoin reach $1,000,000 by December 31, 2035?",0.09
omitted,joint_bounds,one,34,"Will Bitcoin reach $1,000,000 by December 31, 2035?",0.11
omitted,joint_bounds,ten,34,"Will Bitcoin reach $10,000,000 by December 31, 2035?",0.02
omitted,joint_bounds,both,34,"Will Bitcoin reach both $1,000,000 and $10,000,000 by December 31, 2035?",0.03
empty,joint_bounds,one,78,"Will Bitcoin reach $1,000,000 by December 31, 2035?",0.1
empty,joint_bounds,ten,78,"Will Bitcoin reach $10,000,000 by December 31, 2035?",0.03
empty,joint_bounds,both,78,"Will Bitcoin reach both $1,000,000 and $10,000,000 by December 31, 2035?",0.06
empty,complement,yes,63,"Will Bitcoin reach $1,000,000 by December 31, 2035?",0.11
empty,complement,no,63,"Will Bitcoin fail to reach $1,000,000 by December 31, 2035?",0.83
omitted,partition,above,57,"Will Bitcoin's USD daily closing price on December 31, 2035 be above $1,000,000?",0.22
omitted,partition,not_above,57,"Will Bitcoin's USD daily closing price on December 31, 2035 be at or below $1,000,000?",0.77
empty,nested_time,short,64,"Will Bitcoin reach $1,000,000 by December 31, 2030?",0.06
empty,nested_time,long,64,"Will Bitcoin reach $1,000,000 by December 31, 2035?",0.09
omitted,partition,above,87,"Will Bitcoin's USD daily closing price on December 31, 2035 be above $1,000,000?",0.21
omitted,partition,not_above,87,"Will Bitcoin's USD daily closing price on December 31, 2035 be at or below $1,000,000?",0.75
paired,partition,above,20,"Will Bitcoin's USD daily closing price on December 31, 2035 be above $1,000,000?",0.23
paired,partition,not_above,20,"Will Bitcoin's USD daily closing price on December 31, 2035 be at or below $1,000,000?",0.72
empty,partition,above,87,"Will Bitcoin's USD daily closing price on December 31, 2035 be above $1,000,000?",0.18
empty,partition,not_above,87,"Will Bitcoin's USD daily closing price on December 31, 2035 be at or below $1,000,000?",0.7
omitted,nested_threshold,lower,13,"Will Bitcoin reach $1,000,000 by December 31, 2035?",0.1
omitted,nested_threshold,higher,13,"Will Bitcoin reach $100,000,000 by December 31, 2035?",0.02
empty,joint_bounds,one,48,"Will Bitcoin reach $1,000,000 by December 31, 2035?",0.11
empty,joint_bounds,ten,48,"Will Bitcoin reach $10,000,000 by December 31, 2035?",0.03
empty,joint_bounds,both,48,"Will Bitcoin reach both $1,000,000 and $10,000,000 by December 31, 2035?",0.06
omitted,joint_bounds,one,82,"Will Bitcoin reach $1,000,000 by December 31, 2035?",0.11
omitted,joint_bounds,ten,82,"Will Bitcoin reach $10,000,000 by December 31, 2035?",0.03
omitted,joint_bounds,both,82,"Will Bitcoin reach both $1,000,000 and $10,000,000 by December 31, 2035?",0.04
paired,complement,yes,63,"Will Bitcoin reach $1,000,000 by December 31, 2035?",0.2
paired,complement,no,63,"Will Bitcoin fail to reach $1,000,000 by December 31, 2035?",0.78
omitted,nested_threshold,lower,3,"Will Bitcoin reach $1,000,000 by December 31, 2035?",0.1
omitted,nested_threshold,higher,3,"Will Bitcoin reach $100,000,000 by December 31, 2035?",0.02
paired,complement,yes,48,"Will Bitcoin reach $1,000,000 by December 31, 2035?",0.23
paired,complement,no,48,"Will Bitcoin fail to reach $1,000,000 by December 31, 2035?",0.76
empty,complement,yes,91,"Will Bitcoin reach $1,000,000 by December 31, 2035?",0.14
empty,complement,no,91,"Will Bitcoin fail to reach $1,000,000 by December 31, 2035?",0.83
empty,joint_bounds,one,1,"Will Bitcoin reach $1,000,000 by December 31, 2035?",0.11
empty,joint_bounds,ten,1,"Will Bitcoin reach $10,000,000 by December 31, 2035?",0.04
empty,joint_bounds,both,1,"Will Bitcoin reach both $1,000,000 and $10,000,000 by December 31, 2035?",0.06
empty,nested_threshold,lower,90,"Will Bitcoin reach $1,000,000 by December 31, 2035?",0.1
empty,nested_threshold,higher,90,"Will Bitcoin reach $100,000,000 by December 31, 2035?",0.03
empty,complement,yes,31,"Will Bitcoin reach $1,000,000 by December 31, 2035?",0.11
empty,complement,no,31,"Will Bitcoin fail to reach $1,000,000 by December 31, 2035?",0.84
empty,joint_bounds,one,60,"Will Bitcoin reach $1,000,000 by December 31, 2035?",0.12
empty,joint_bounds,ten,60,"Will Bitcoin reach $10,000,000 by December 31, 2035?",0.03
empty,joint_bounds,both,60,"Will Bitcoin reach both $1,000,000 and $10,000,000 by December 31, 2035?",0.06
empty,nested_time,short,6,"Will Bitcoin reach $1,000,000 by December 31, 2030?",0.06
empty,nested_time,long,6,"Will Bitcoin reach $1,000,000 by December 31, 2035?",0.1
omitted,complement,yes,38,"Will Bitcoin reach $1,000,000 by December 31, 2035?",0.12
omitted,complement,no,38,"Will Bitcoin fail to reach $1,000,000 by December 31, 2035?",0.93
empty,nested_time,short,12,"Will Bitcoin reach $1,000,000 by December 31, 2030?",0.07
empty,nested_time,long,12,"Will Bitcoin reach $1,000,000 by December 31, 2035?",0.1
omitted,nested_threshold,lower,35,"Will Bitcoin reach $1,000,000 by December 31, 2035?",0.11
omitted,nested_threshold,higher,35,"Will Bitcoin reach $100,000,000 by December 31, 2035?",0.02
empty,complement,yes,10,"Will Bitcoin reach $1,000,000 by December 31, 2035?",0.12
empty,complement,no,10,"Will Bitcoin fail to reach $1,000,000 by December 31, 2035?",0.81
paired,partition,above,21,"Will Bitcoin's USD daily closing price on December 31, 2035 be above $1,000,000?",0.24
paired,partition,not_above,21,"Will Bitcoin's USD daily closing price on December 31, 2035 be at or below $1,000,000?",0.73
omitted,partition,above,50,"Will Bitcoin's USD daily closing price on December 31, 2035 be above $1,000,000?",0.22
omitted,partition,not_above,50,"Will Bitcoin's USD daily closing price on December 31, 2035 be at or below $1,000,000?",0.75
paired,nested_threshold,lower,20,"Will Bitcoin reach $1,000,000 by December 31, 2035?",0.11
paired,nested_threshold,higher,20,"Will Bitcoin reach $100,000,000 by December 31, 2035?",0.03
empty,nested_threshold,lower,69,"Will Bitcoin reach $1,000,000 by December 31, 2035?",0.12
empty,nested_threshold,higher,69,"Will Bitcoin reach $100,000,000 by December 31, 2035?",0.03
omitted,nested_threshold,lower,8,"Will Bitcoin reach $1,000,000 by December 31, 2035?",0.11
omitted,nested_threshold,higher,8,"Will Bitcoin reach $100,000,000 by December 31, 2035?",0.02
omitted,partition,above,73,"Will Bitcoin's USD daily closing price on December 31, 2035 be above $1,000,000?",0.21
omitted,partition,not_above,73,"Will Bitcoin's USD daily closing price on December 31, 2035 be at or below $1,000,000?",0.77
paired,nested_time,short,26,"Will Bitcoin reach $1,000,000 by December 31, 2030?",0.06
paired,nested_time,long,26,"Will Bitcoin reach $1,000,000 by December 31, 2035?",0.13
empty,partition,above,9,"Will Bitcoin's USD daily closing price on December 31, 2035 be above $1,000,000?",0.2
empty,partition,not_above,9,"Will Bitcoin's USD daily closing price on December 31, 2035 be at or below $1,000,000?",0.7
omitted,complement,yes,7,"Will Bitcoin reach $1,000,000 by December 31, 2035?",0.11
omitted,complement,no,7,"Will Bitcoin fail to reach $1,000,000 by December 31, 2035?",0.91
omitted,complement,yes,56,"Will Bitcoin reach $1,000,000 by December 31, 2035?",0.11
omitted,complement,no,56,"Will Bitcoin fail to reach $1,000,000 by December 31, 2035?",0.91
paired,nested_threshold,lower,67,"Will Bitcoin reach $1,000,000 by December 31, 2035?",0.12
paired,nested_threshold,higher,67,"Will Bitcoin reach $100,000,000 by December 31, 2035?",0.04
paired,partition,above,99,"Will Bitcoin's USD daily closing price on December 31, 2035 be above $1,000,000?",0.21
paired,partition,not_above,99,"Will Bitcoin's USD daily closing price on December 31, 2035 be at or below $1,000,000?",0.72
omitted,joint_bounds,one,33,"Will Bitcoin reach $1,000,000 by December 31, 2035?",0.1
omitted,joint_bounds,ten,33,"Will Bitcoin reach $10,000,000 by December 31, 2035?",0.03
omitted,joint_bounds,both,33,"Will Bitcoin reach both $1,000,000 and $10,000,000 by December 31, 2035?",0.03
omitted,complement,yes,10,"Will Bitcoin reach $1,000,000 by December 31, 2035?",0.11
omitted,complement,no,10,"Will Bitcoin fail to reach $1,000,000 by December 31, 2035?",0.92
empty,complement,yes,79,"Will Bitcoin reach $1,000,000 by December 31, 2035?",0.1
empty,complement,no,79,"Will Bitcoin fail to reach $1,000,000 by December 31, 2035?",0.81
paired,joint_bounds,one,89,"Will Bitcoin reach $1,000,000 by December 31, 2035?",0.21
paired,joint_bounds,ten,89,"Will Bitcoin reach $10,000,000 by December 31, 2035?",0.04
paired,joint_bounds,both,89,"Will Bitcoin reach both $1,000,000 and $10,000,000 by December 31, 2035?",0.06
paired,nested_time,short,6,"Will Bitcoin reach $1,000,000 by December 31, 2030?",0.07
paired,nested_time,long,6,"Will Bitcoin reach $1,000,000 by December 31, 2035?",0.11
omitted,nested_time,short,10,"Will Bitcoin reach $1,000,000 by December 31, 2030?",0.05
omitted,nested_time,long,10,"Will Bitcoin reach $1,000,000 by December 31, 2035?",0.13
paired,partition,above,17,"Will Bitcoin's USD daily closing price on December 31, 2035 be above $1,000,000?",0.22
paired,partition,not_above,17,"Will Bitcoin's USD daily closing price on December 31, 2035 be at or below $1,000,000?",0.75
paired,joint_bounds,one,15,"Will Bitcoin reach $1,000,000 by December 31, 2035?",0.22
paired,joint_bounds,ten,15,"Will Bitcoin reach $10,000,000 by December 31, 2035?",0.04
paired,joint_bounds,both,15,"Will Bitcoin reach both $1,000,000 and $10,000,000 by December 31, 2035?",0.07
paired,nested_threshold,lower,93,"Will Bitcoin reach $1,000,000 by December 31, 2035?",0.13
paired,nested_threshold,higher,93,"Will Bitcoin reach $100,000,000 by December 31, 2035?",0.03
paired,joint_bounds,one,44,"Will Bitcoin reach $1,000,000 by December 31, 2035?",0.18
paired,joint_bounds,ten,44,"Will Bitcoin reach $10,000,000 by December 31, 2035?",0.04
paired,joint_bounds,both,44,"Will Bitcoin reach both $1,000,000 and $10,000,000 by December 31, 2035?",0.07
paired,nested_threshold,lower,94,"Will Bitcoin reach $1,000,000 by December 31, 2035?",0.12
paired,nested_threshold,higher,94,"Will Bitcoin reach $100,000,000 by December 31, 2035?",0.03
omitted,nested_time,short,74,"Will Bitcoin reach $1,000,000 by December 31, 2030?",0.05
omitted,nested_time,long,74,"Will Bitcoin reach $1,000,000 by December 31, 2035?",0.11
omitted,nested_threshold,lower,51,"Will Bitcoin reach $1,000,000 by December 31, 2035?",0.11
omitted,nested_threshold,higher,51,"Will Bitcoin reach $100,000,000 by December 31, 2035?",0.02
empty,partition,above,80,"Will Bitcoin's USD daily closing price on December 31, 2035 be above $1,000,000?",0.2
empty,partition,not_above,80,"Will Bitcoin's USD daily closing price on December 31, 2035 be at or below $1,000,000?",0.72
omitted,partition,above,90,"Will Bitcoin's USD daily closing price on December 31, 2035 be above $1,000,000?",0.22
omitted,partition,not_above,90,"Will Bitcoin's USD daily closing price on December 31, 2035 be at or below $1,000,000?",0.76
paired,nested_time,short,60,"Will Bitcoin reach $1,000,000 by December 31, 2030?",0.07
paired,nested_time,long,60,"Will Bitcoin reach $1,000,000 by December 31, 2035?",0.14
omitted,joint_bounds,one,41,"Will Bitcoin reach $1,000,000 by December 31, 2035?",0.09
omitted,joint_bounds,ten,41,"Will Bitcoin reach $10,000,000 by December 31, 2035?",0.02
omitted,joint_bounds,both,41,"Will Bitcoin reach both $1,000,000 and $10,000,000 by December 31, 2035?",0.04
empty,partition,above,2,"Will Bitcoin's USD daily closing price on December 31, 2035 be above $1,000,000?",0.21
empty,partition,not_above,2,"Will Bitcoin's USD daily closing price on December 31, 2035 be at or below $1,000,000?",0.7
empty,complement,yes,68,"Will Bitcoin reach $1,000,000 by December 31, 2035?",0.11
empty,complement,no,68,"Will Bitcoin fail to reach $1,000,000 by December 31, 2035?",0.81
paired,nested_time,short,53,"Will Bitcoin reach $1,000,000 by December 31, 2030?",0.06
paired,nested_time,long,53,"Will Bitcoin reach $1,000,000 by December 31, 2035?",0.13
paired,nested_time,short,64,"Will Bitcoin reach $1,000,000 by December 31, 2030?",0.07
paired,nested_time,long,64,"Will Bitcoin reach $1,000,000 by December 31, 2035?",0.13
empty,partition,above,45,"Will Bitcoin's USD daily closing price on December 31, 2035 be above $1,000,000?",0.21
empty,partition,not_above,45,"Will Bitcoin's USD daily closing price on December 31, 2035 be at or below $1,000,000?",0.69
empty,joint_bounds,one,35,"Will Bitcoin reach $1,000,000 by December 31, 2035?",0.11
empty,joint_bounds,ten,35,"Will Bitcoin reach $10,000,000 by December 31, 2035?",0.03
empty,joint_bounds,both,35,"Will Bitcoin reach both $1,000,000 and $10,000,000 by December 31, 2035?",0.06
omitted,joint_bounds,one,75,"Will Bitcoin reach $1,000,000 by December 31, 2035?",0.08
omitted,joint_bounds,ten,75,"Will Bitcoin reach $10,000,000 by December 31, 2035?",0.03
omitted,joint_bounds,both,75,"Will Bitcoin reach both $1,000,000 and $10,000,000 by December 31, 2035?",0.03
paired,complement,yes,93,"Will Bitcoin reach $1,000,000 by December 31, 2035?",0.21
paired,complement,no,93,"Will Bitcoin fail to reach $1,000,000 by December 31, 2035?",0.76
empty,nested_time,short,38,"Will Bitcoin reach $1,000,000 by December 31, 2030?",0.07
empty,nested_time,long,38,"Will Bitcoin reach $1,000,000 by December 31, 2035?",0.11
empty,complement,yes,44,"Will Bitcoin reach $1,000,000 by December 31, 2035?",0.12
empty,complement,no,44,"Will Bitcoin fail to reach $1,000,000 by December 31, 2035?",0.82
omitted,nested_time,short,41,"Will Bitcoin reach $1,000,000 by December 31, 2030?",0.05
omitted,nested_time,long,41,"Will Bitcoin reach $1,000,000 by December 31, 2035?",0.09
omitted,partition,above,97,"Will Bitcoin's USD daily closing price on December 31, 2035 be above $1,000,000?",0.21
omitted,partition,not_above,97,"Will Bitcoin's USD daily closing price on December 31, 2035 be at or below $1,000,000?",0.77
paired,partition,above,84,"Will Bitcoin's USD daily closing price on December 31, 2035 be above $1,000,000?",0.21
paired,partition,not_above,84,"Will Bitcoin's USD daily closing price on December 31, 2035 be at or below $1,000,000?",0.74
omitted,joint_bounds,one,47,"Will Bitcoin reach $1,000,000 by December 31, 2035?",0.09
omitted,joint_bounds,ten,47,"Will Bitcoin reach $10,000,000 by December 31, 2035?",0.03
omitted,joint_bounds,both,47,"Will Bitcoin reach both $1,000,000 and $10,000,000 by December 31, 2035?",0.04
paired,nested_time,short,10,"Will Bitcoin reach $1,000,000 by December 31, 2030?",0.06
paired,nested_time,long,10,"Will Bitcoin reach $1,000,000 by December 31, 2035?",0.12
paired,nested_threshold,lower,86,"Will Bitcoin reach $1,000,000 by December 31, 2035?",0.13
paired,nested_threshold,higher,86,"Will Bitcoin reach $100,000,000 by December 31, 2035?",0.03
empty,partition,above,81,"Will Bitcoin's USD daily closing price on December 31, 2035 be above $1,000,000?",0.2
empty,partition,not_above,81,"Will Bitcoin's USD daily closing price on December 31, 2035 be at or below $1,000,000?",0.72
paired,joint_bounds,one,24,"Will Bitcoin reach $1,000,000 by December 31, 2035?",0.21
paired,joint_bounds,ten,24,"Will Bitcoin reach $10,000,000 by December 31, 2035?",0.04
paired,joint_bounds,both,24,"Will Bitcoin reach both $1,000,000 and $10,000,000 by December 31, 2035?",0.07
omitted,complement,yes,84,"Will Bitcoin reach $1,000,000 by December 31, 2035?",0.11
omitted,complement,no,84,"Will Bitcoin fail to reach $1,000,000 by December 31, 2035?",0.92
paired,nested_threshold,lower,61,"Will Bitcoin reach $1,000,000 by December 31, 2035?",0.13
paired,nested_threshold,higher,61,"Will Bitcoin reach $100,000,000 by December 31, 2035?",0.03
paired,partition,above,98,"Will Bitcoin's USD daily closing price on December 31, 2035 be above $1,000,000?",0.24
paired,partition,not_above,98,"Will Bitcoin's USD daily closing price on December 31, 2035 be at or below $1,000,000?",0.74
paired,joint_bounds,one,2,"Will Bitcoin reach $1,000,000 by December 31, 2035?",0.2
paired,joint_bounds,ten,2,"Will Bitcoin reach $10,000,000 by December 31, 2035?",0.04
paired,joint_bounds,both,2,"Will Bitcoin reach both $1,000,000 and $10,000,000 by December 31, 2035?",0.05
empty,nested_threshold,lower,93,"Will Bitcoin reach $1,000,000 by December 31, 2035?",0.1
empty,nested_threshold,higher,93,"Will Bitcoin reach $100,000,000 by December 31, 2035?",0.03
paired,nested_time,short,11,"Will Bitcoin reach $1,000,000 by December 31, 2030?",0.06
paired,nested_time,long,11,"Will Bitcoin reach $1,000,000 by December 31, 2035?",0.13
empty,joint_bounds,one,19,"Will Bitcoin reach $1,000,000 by December 31, 2035?",0.1
empty,joint_bounds,ten,19,"Will Bitcoin reach $10,000,000 by December 31, 2035?",0.03
empty,joint_bounds,both,19,"Will Bitcoin reach both $1,000,000 and $10,000,000 by December 31, 2035?",0.05
paired,nested_time,short,1,"Will Bitcoin reach $1,000,000 by December 31, 2030?",0.05
paired,nested_time,long,1,"Will Bitcoin reach $1,000,000 by December 31, 2035?",0.12
empty,nested_threshold,lower,33,"Will Bitcoin reach $1,000,000 by December 31, 2035?",0.1
empty,nested_threshold,higher,33,"Will Bitcoin reach $100,000,000 by December 31, 2035?",0.03
empty,nested_threshold,lower,7,"Will Bitcoin reach $1,000,000 by December 31, 2035?",0.1
empty,nested_threshold,higher,7,"Will Bitcoin reach $100,000,000 by December 31, 2035?",0.03
omitted,joint_bounds,one,74,"Will Bitcoin reach $1,000,000 by December 31, 2035?",0.09
omitted,joint_bounds,ten,74,"Will Bitcoin reach $10,000,000 by December 31, 2035?",0.03
omitted,joint_bounds,both,74,"Will Bitcoin reach both $1,000,000 and $10,000,000 by December 31, 2035?",0.04
paired,complement,yes,89,"Will Bitcoin reach $1,000,000 by December 31, 2035?",0.2
paired,complement,no,89,"Will Bitcoin fail to reach $1,000,000 by December 31, 2035?",0.78
empty,nested_time,short,71,"Will Bitcoin reach $1,000,000 by December 31, 2030?",0.07
empty,nested_time,long,71,"Will Bitcoin reach $1,000,000 by December 31, 2035?",0.11
paired,nested_time,short,43,"Will Bitcoin reach $1,000,000 by December 31, 2030?",0.06
paired,nested_time,long,43,"Will Bitcoin reach $1,000,000 by December 31, 2035?",0.12
paired,joint_bounds,one,34,"Will Bitcoin reach $1,000,000 by December 31, 2035?",0.19
paired,joint_bounds,ten,34,"Will Bitcoin reach $10,000,000 by December 31, 2035?",0.04
paired,joint_bounds,both,34,"Will Bitcoin reach both $1,000,000 and $10,000,000 by December 31, 2035?",0.06
omitted,partition,above,14,"Will Bitcoin's USD daily closing price on December 31, 2035 be above $1,000,000?",0.22
omitted,partition,not_above,14,"Will Bitcoin's USD daily closing price on December 31, 2035 be at or below $1,000,000?",0.74
empty,complement,yes,36,"Will Bitcoin reach $1,000,000 by December 31, 2035?",0.12
empty,complement,no,36,"Will Bitcoin fail to reach $1,000,000 by December 31, 2035?",0.83
paired,nested_time,short,17,"Will Bitcoin reach $1,000,000 by December 31, 2030?",0.06
paired,nested_time,long,17,"Will Bitcoin reach $1,000,000 by December 31, 2035?",0.14
empty,nested_time,short,97,"Will Bitcoin reach $1,000,000 by December 31, 2030?",0.06
empty,nested_time,long,97,"Will Bitcoin reach $1,000,000 by December 31, 2035?",0.12
omitted,partition,above,32,"Will Bitcoin's USD daily closing price on December 31, 2035 be above $1,000,000?",0.24
omitted,partition,not_above,32,"Will Bitcoin's USD daily closing price on December 31, 2035 be at or below $1,000,000?",0.77
paired,complement,yes,59,"Will Bitcoin reach $1,000,000 by December 31, 2035?",0.21
paired,complement,no,59,"Will Bitcoin fail to reach $1,000,000 by December 31, 2035?",0.75
empty,nested_time,short,65,"Will Bitcoin reach $1,000,000 by December 31, 2030?",0.07
empty,nested_time,long,65,"Will Bitcoin reach $1,000,000 by December 31, 2035?",0.1
omitted,nested_threshold,lower,23,"Will Bitcoin reach $1,000,000 by December 31, 2035?",0.09
omitted,nested_threshold,higher,23,"Will Bitcoin reach $100,000,000 by December 31, 2035?",0.02
empty,nested_time,short,94,"Will Bitcoin reach $1,000,000 by December 31, 2030?",0.08
empty,nested_time,long,94,"Will Bitcoin reach $1,000,000 by December 31, 2035?",0.12
omitted,partition,above,10,"Will Bitcoin's USD daily closing price on December 31, 2035 be above $1,000,000?",0.24
omitted,partition,not_above,10,"Will Bitcoin's USD daily closing price on December 31, 2035 be at or below $1,000,000?",0.74
empty,complement,yes,35,"Will Bitcoin reach $1,000,000 by December 31, 2035?",0.1
empty,complement,no,35,"Will Bitcoin fail to reach $1,000,000 by December 31, 2035?",0.84
omitted,joint_bounds,one,12,"Will Bitcoin reach $1,000,000 by December 31, 2035?",0.1
omitted,joint_bounds,ten,12,"Will Bitcoin reach $10,000,000 by December 31, 2035?",0.03
omitted,joint_bounds,both,12,"Will Bitcoin reach both $1,000,000 and $10,000,000 by December 31, 2035?",0.04
empty,partition,above,68,"Will Bitcoin's USD daily closing price on December 31, 2035 be above $1,000,000?",0.19
empty,partition,not_above,68,"Will Bitcoin's USD daily closing price on December 31, 2035 be at or below $1,000,000?",0.71
empty,complement,yes,38,"Will Bitcoin reach $1,000,000 by December 31, 2035?",0.1
empty,complement,no,38,"Will Bitcoin fail to reach $1,000,000 by December 31, 2035?",0.82
paired,partition,above,50,"Will Bitcoin's USD daily closing price on December 31, 2035 be above $1,000,000?",0.25
paired,partition,not_above,50,"Will Bitcoin's USD daily closing price on December 31, 2035 be at or below $1,000,000?",0.72
paired,complement,yes,83,"Will Bitcoin reach $1,000,000 by December 31, 2035?",0.23
paired,complement,no,83,"Will Bitcoin fail to reach $1,000,000 by December 31, 2035?",0.76
omitted,nested_threshold,lower,37,"Will Bitcoin reach $1,000,000 by December 31, 2035?",0.11
omitted,nested_threshold,higher,37,"Will Bitcoin reach $100,000,000 by December 31, 2035?",0.02
paired,complement,yes,49,"Will Bitcoin reach $1,000,000 by December 31, 2035?",0.19
paired,complement,no,49,"Will Bitcoin fail to reach $1,000,000 by December 31, 2035?",0.78
paired,joint_bounds,one,4,"Will Bitcoin reach $1,000,000 by December 31, 2035?",0.2
paired,joint_bounds,ten,4,"Will Bitcoin reach $10,000,000 by December 31, 2035?",0.03
paired,joint_bounds,both,4,"Will Bitcoin reach both $1,000,000 and $10,000,000 by December 31, 2035?",0.07
omitted,complement,yes,60,"Will Bitcoin reach $1,000,000 by December 31, 2035?",0.09
omitted,complement,no,60,"Will Bitcoin fail to reach $1,000,000 by December 31, 2035?",0.92
paired,nested_time,short,61,"Will Bitcoin reach $1,000,000 by December 31, 2030?",0.06
paired,nested_time,long,61,"Will Bitcoin reach $1,000,000 by December 31, 2035?",0.13
paired,nested_threshold,lower,36,"Will Bitcoin reach $1,000,000 by December 31, 2035?",0.12
paired,nested_threshold,higher,36,"Will Bitcoin reach $100,000,000 by December 31, 2035?",0.03
omitted,joint_bounds,one,71,"Will Bitcoin reach $1,000,000 by December 31, 2035?",0.1
omitted,joint_bounds,ten,71,"Will Bitcoin reach $10,000,000 by December 31, 2035?",0.03
omitted,joint_bounds,both,71,"Will Bitcoin reach both $1,000,000 and $10,000,000 by December 31, 2035?",0.04
omitted,complement,yes,41,"Will Bitcoin reach $1,000,000 by December 31, 2035?",0.12
omitted,complement,no,41,"Will Bitcoin fail to reach $1,000,000 by December 31, 2035?",0.91
empty,joint_bounds,one,57,"Will Bitcoin reach $1,000,000 by December 31, 2035?",0.1
empty,joint_bounds,ten,57,"Will Bitcoin reach $10,000,000 by December 31, 2035?",0.03
empty,joint_bounds,both,57,"Will Bitcoin reach both $1,000,000 and $10,000,000 by December 31, 2035?",0.07
omitted,nested_threshold,lower,88,"Will Bitcoin reach $1,000,000 by December 31, 2035?",0.1
omitted,nested_threshold,higher,88,"Will Bitcoin reach $100,000,000 by December 31, 2035?",0.02
omitted,nested_time,short,73,"Will Bitcoin reach $1,000,000 by December 31, 2030?",0.05
omitted,nested_time,long,73,"Will Bitcoin reach $1,000,000 by December 31, 2035?",0.13
paired,nested_threshold,lower,56,"Will Bitcoin reach $1,000,000 by December 31, 2035?",0.14
paired,nested_threshold,higher,56,"Will Bitcoin reach $100,000,000 by December 31, 2035?",0.04
paired,nested_threshold,lower,72,"Will Bitcoin reach $1,000,000 by December 31, 2035?",0.12
paired,nested_threshold,higher,72,"Will Bitcoin reach $100,000,000 by December 31, 2035?",0.03
omitted,complement,yes,8,"Will Bitcoin reach $1,000,000 by December 31, 2035?",0.1
omitted,complement,no,8,"Will Bitcoin fail to reach $1,000,000 by December 31, 2035?",0.92
omitted,nested_threshold,lower,50,"Will Bitcoin reach $1,000,000 by December 31, 2035?",0.1
omitted,nested_threshold,higher,50,"Will Bitcoin reach $100,000,000 by December 31, 2035?",0.03
empty,complement,yes,37,"Will Bitcoin reach $1,000,000 by December 31, 2035?",0.1
empty,complement,no,37,"Will Bitcoin fail to reach $1,000,000 by December 31, 2035?",0.81
omitted,nested_time,short,86,"Will Bitcoin reach $1,000,000 by December 31, 2030?",0.05
omitted,nested_time,long,86,"Will Bitcoin reach $1,000,000 by December 31, 2035?",0.12
omitted,complement,yes,46,"Will Bitcoin reach $1,000,000 by December 31, 2035?",0.1
omitted,complement,no,46,"Will Bitcoin fail to reach $1,000,000 by December 31, 2035?",0.92
omitted,nested_time,short,31,"Will Bitcoin reach $1,000,000 by December 31, 2030?",0.05
omitted,nested_time,long,31,"Will Bitcoin reach $1,000,000 by December 31, 2035?",0.12
omitted,partition,above,95,"Will Bitcoin's USD daily closing price on December 31, 2035 be above $1,000,000?",0.22
omitted,partition,not_above,95,"Will Bitcoin's USD daily closing price on December 31, 2035 be at or below $1,000,000?",0.76
omitted,nested_time,short,20,"Will Bitcoin reach $1,000,000 by December 31, 2030?",0.04
omitted,nested_time,long,20,"Will Bitcoin reach $1,000,000 by December 31, 2035?",0.1
empty,nested_time,short,54,"Will Bitcoin reach $1,000,000 by December 31, 2030?",0.07
empty,nested_time,long,54,"Will Bitcoin reach $1,000,000 by December 31, 2035?",0.12
omitted,complement,yes,92,"Will Bitcoin reach $1,000,000 by December 31, 2035?",0.1
omitted,complement,no,92,"Will Bitcoin fail to reach $1,000,000 by December 31, 2035?",0.92
omitted,nested_time,short,56,"Will Bitcoin reach $1,000,000 by December 31, 2030?",0.04
omitted,nested_time,long,56,"Will Bitcoin reach $1,000,000 by December 31, 2035?",0.1
omitted,complement,yes,25,"Will Bitcoin reach $1,000,000 by December 31, 2035?",0.12
omitted,complement,no,25,"Will Bitcoin fail to reach $1,000,000 by December 31, 2035?",0.92
paired,joint_bounds,one,11,"Will Bitcoin reach $1,000,000 by December 31, 2035?",0.17
paired,joint_bounds,ten,11,"Will Bitcoin reach $10,000,000 by December 31, 2035?",0.04
paired,joint_bounds,both,11,"Will Bitcoin reach both $1,000,000 and $10,000,000 by December 31, 2035?",0.07
empty,nested_time,short,51,"Will Bitcoin reach $1,000,000 by December 31, 2030?",0.07
empty,nested_time,long,51,"Will Bitcoin reach $1,000,000 by December 31, 2035?",0.1
empty,nested_time,short,72,"Will Bitcoin reach $1,000,000 by December 31, 2030?",0.06
empty,nested_time,long,72,"Will Bitcoin reach $1,000,000 by December 31, 2035?",0.1
empty,nested_threshold,lower,96,"Will Bitcoin reach $1,000,000 by December 31, 2035?",0.12
empty,nested_threshold,higher,96,"Will Bitcoin reach $100,000,000 by December 31, 2035?",0.03
paired,nested_threshold,lower,23,"Will Bitcoin reach $1,000,000 by December 31, 2035?",0.14
paired,nested_threshold,higher,23,"Will Bitcoin reach $100,000,000 by December 31, 2035?",0.03
omitted,partition,above,47,"Will Bitcoin's USD daily closing price on December 31, 2035 be above $1,000,000?",0.21
omitted,partition,not_above,47,"Will Bitcoin's USD daily closing price on December 31, 2035 be at or below $1,000,000?",0.76
omitted,partition,above,74,"Will Bitcoin's USD daily closing price on December 31, 2035 be above $1,000,000?",0.22
omitted,partition,not_above,74,"Will Bitcoin's USD daily closing price on December 31, 2035 be at or below $1,000,000?",0.76
omitted,nested_time,short,99,"Will Bitcoin reach $1,000,000 by December 31, 2030?",0.05
omitted,nested_time,long,99,"Will Bitcoin reach $1,000,000 by December 31, 2035?",0.13
paired,joint_bounds,one,68,"Will Bitcoin reach $1,000,000 by December 31, 2035?",0.17
paired,joint_bounds,ten,68,"Will Bitcoin reach $10,000,000 by December 31, 2035?",0.04
paired,joint_bounds,both,68,"Will Bitcoin reach both $1,000,000 and $10,000,000 by December 31, 2035?",0.07
empty,complement,yes,60,"Will Bitcoin reach $1,000,000 by December 31, 2035?",0.12
empty,complement,no,60,"Will Bitcoin fail to reach $1,000,000 by December 31, 2035?",0.83
omitted,nested_threshold,lower,49,"Will Bitcoin reach $1,000,000 by December 31, 2035?",0.1
omitted,nested_threshold,higher,49,"Will Bitcoin reach $100,000,000 by December 31, 2035?",0.02
empty,complement,yes,71,"Will Bitcoin reach $1,000,000 by December 31, 2035?",0.11
empty,complement,no,71,"Will Bitcoin fail to reach $1,000,000 by December 31, 2035?",0.83
paired,nested_time,short,50,"Will Bitcoin reach $1,000,000 by December 31, 2030?",0.05
paired,nested_time,long,50,"Will Bitcoin reach $1,000,000 by December 31, 2035?",0.14
empty,nested_time,short,20,"Will Bitcoin reach $1,000,000 by December 31, 2030?",0.07
empty,nested_time,long,20,"Will Bitcoin reach $1,000,000 by December 31, 2035?",0.11
paired,complement,yes,53,"Will Bitcoin reach $1,000,000 by December 31, 2035?",0.21
paired,complement,no,53,"Will Bitcoin fail to reach $1,000,000 by December 31, 2035?",0.78
omitted,complement,yes,51,"Will Bitcoin reach $1,000,000 by December 31, 2035?",0.1
omitted,complement,no,51,"Will Bitcoin fail to reach $1,000,000 by December 31, 2035?",0.92
paired,complement,yes,14,"Will Bitcoin reach $1,000,000 by December 31, 2035?",0.21
paired,complement,no,14,"Will Bitcoin fail to reach $1,000,000 by December 31, 2035?",0.75
omitted,nested_time,short,80,"Will Bitcoin reach $1,000,000 by December 31, 2030?",0.06
omitted,nested_time,long,80,"Will Bitcoin reach $1,000,000 by December 31, 2035?",0.1
omitted,partition,above,6,"Will Bitcoin's USD daily closing price on December 31, 2035 be above $1,000,000?",0.25
omitted,partition,not_above,6,"Will Bitcoin's USD daily closing price on December 31, 2035 be at or below $1,000,000?",0.76
omitted,nested_time,short,68,"Will Bitcoin reach $1,000,000 by December 31, 2030?",0.05
omitted,nested_time,long,68,"Will Bitcoin reach $1,000,000 by December 31, 2035?",0.12
paired,partition,above,56,"Will Bitcoin's USD daily closing price on December 31, 2035 be above $1,000,000?",0.23
paired,partition,not_above,56,"Will Bitcoin's USD daily closing price on December 31, 2035 be at or below $1,000,000?",0.74
omitted,nested_time,short,84,"Will Bitcoin reach $1,000,000 by December 31, 2030?",0.05
omitted,nested_time,long,84,"Will Bitcoin reach $1,000,000 by December 31, 2035?",0.09
omitted,nested_time,short,46,"Will Bitcoin reach $1,000,000 by December 31, 2030?",0.06
omitted,nested_time,long,46,"Will Bitcoin reach $1,000,000 by December 31, 2035?",0.1
omitted,complement,yes,77,"Will Bitcoin reach $1,000,000 by December 31, 2035?",0.11
omitted,complement,no,77,"Will Bitcoin fail to reach $1,000,000 by December 31, 2035?",0.92
paired,nested_time,short,49,"Will Bitcoin reach $1,000,000 by December 31, 2030?",0.06
paired,nested_time,long,49,"Will Bitcoin reach $1,000,000 by December 31, 2035?",0.12
omitted,nested_threshold,lower,2,"Will Bitcoin reach $1,000,000 by December 31, 2035?",0.1
omitted,nested_threshold,higher,2,"Will Bitcoin reach $100,000,000 by December 31, 2035?",0.02
omitted,partition,above,45,"Will Bitcoin's USD daily closing price on December 31, 2035 be above $1,000,000?",0.2
omitted,partition,not_above,45,"Will Bitcoin's USD daily closing price on December 31, 2035 be at or below $1,000,000?",0.74
omitted,joint_bounds,one,91,"Will Bitcoin reach $1,000,000 by December 31, 2035?",0.11
omitted,joint_bounds,ten,91,"Will Bitcoin reach $10,000,000 by December 31, 2035?",0.03
omitted,joint_bounds,both,91,"Will Bitcoin reach both $1,000,000 and $10,000,000 by December 31, 2035?",0.04
omitted,nested_threshold,lower,33,"Will Bitcoin reach $1,000,000 by December 31, 2035?",0.11
omitted,nested_threshold,higher,33,"Will Bitcoin reach $100,000,000 by December 31, 2035?",0.02
empty,nested_threshold,lower,77,"Will Bitcoin reach $1,000,000 by December 31, 2035?",0.12
empty,nested_threshold,higher,77,"Will Bitcoin reach $100,000,000 by December 31, 2035?",0.03
paired,complement,yes,21,"Will Bitcoin reach $1,000,000 by December 31, 2035?",0.2
paired,complement,no,21,"Will Bitcoin fail to reach $1,000,000 by December 31, 2035?",0.76
empty,nested_time,short,26,"Will Bitcoin reach $1,000,000 by December 31, 2030?",0.06
empty,nested_time,long,26,"Will Bitcoin reach $1,000,000 by December 31, 2035?",0.09
paired,nested_threshold,lower,97,"Will Bitcoin reach $1,000,000 by December 31, 2035?",0.13
paired,nested_threshold,higher,97,"Will Bitcoin reach $100,000,000 by December 31, 2035?",0.03
empty,complement,yes,81,"Will Bitcoin reach $1,000,000 by December 31, 2035?",0.09
empty,complement,no,81,"Will Bitcoin fail to reach $1,000,000 by December 31, 2035?",0.84
empty,partition,above,39,"Will Bitcoin's USD daily closing price on December 31, 2035 be above $1,000,000?",0.22
empty,partition,not_above,39,"Will Bitcoin's USD daily closing price on December 31, 2035 be at or below $1,000,000?",0.71
paired,nested_threshold,lower,24,"Will Bitcoin reach $1,000,000 by December 31, 2035?",0.11
paired,nested_threshold,higher,24,"Will Bitcoin reach $100,000,000 by December 31, 2035?",0.03
omitted,nested_threshold,lower,9,"Will Bitcoin reach $1,000,000 by December 31, 2035?",0.1
omitted,nested_threshold,higher,9,"Will Bitcoin reach $100,000,000 by December 31, 2035?",0.02
omitted,joint_bounds,one,80,"Will Bitcoin reach $1,000,000 by December 31, 2035?",0.1
omitted,joint_bounds,ten,80,"Will Bitcoin reach $10,000,000 by December 31, 2035?",0.03
omitted,joint_bounds,both,80,"Will Bitcoin reach both $1,000,000 and $10,000,000 by December 31, 2035?",0.03
omitted,complement,yes,37,"Will Bitcoin reach $1,000,000 by December 31, 2035?",0.1
omitted,complement,no,37,"Will Bitcoin fail to reach $1,000,000 by December 31, 2035?",0.93
omitted,nested_threshold,lower,26,"Will Bitcoin reach $1,000,000 by December 31, 2035?",0.09
omitted,nested_threshold,higher,26,"Will Bitcoin reach $100,000,000 by December 31, 2035?",0.02
omitted,nested_threshold,lower,90,"Will Bitcoin reach $1,000,000 by December 31, 2035?",0.1
omitted,nested_threshold,higher,90,"Will Bitcoin reach $100,000,000 by December 31, 2035?",0.03
empty,nested_threshold,lower,12,"Will Bitcoin reach $1,000,000 by December 31, 2035?",0.11
empty,nested_threshold,higher,12,"Will Bitcoin reach $100,000,000 by December 31, 2035?",0.03
empty,partition,above,79,"Will Bitcoin's USD daily closing price on December 31, 2035 be above $1,000,000?",0.17
empty,partition,not_above,79,"Will Bitcoin's USD daily closing price on December 31, 2035 be at or below $1,000,000?",0.73
paired,nested_time,short,48,"Will Bitcoin reach $1,000,000 by December 31, 2030?",0.05
paired,nested_time,long,48,"Will Bitcoin reach $1,000,000 by December 31, 2035?",0.12
paired,joint_bounds,one,93,"Will Bitcoin reach $1,000,000 by December 31, 2035?",0.2
paired,joint_bounds,ten,93,"Will Bitcoin reach $10,000,000 by December 31, 2035?",0.04
paired,joint_bounds,both,93,"Will Bitcoin reach both $1,000,000 and $10,000,000 by December 31, 2035?",0.06
omitted,nested_time,short,47,"Will Bitcoin reach $1,000,000 by December 31, 2030?",0.05
omitted,nested_time,long,47,"Will Bitcoin reach $1,000,000 by December 31, 2035?",0.09
paired,nested_threshold,lower,7,"Will Bitcoin reach $1,000,000 by December 31, 2035?",0.11
paired,nested_threshold,higher,7,"Will Bitcoin reach $100,000,000 by December 31, 2035?",0.04
omitted,complement,yes,14,"Will Bitcoin reach $1,000,000 by December 31, 2035?",0.1
omitted,complement,no,14,"Will Bitcoin fail to reach $1,000,000 by December 31, 2035?",0.92
omitted,nested_time,short,54,"Will Bitcoin reach $1,000,000 by December 31, 2030?",0.05
omitted,nested_time,long,54,"Will Bitcoin reach $1,000,000 by December 31, 2035?",0.11
empty,nested_time,short,52,"Will Bitcoin reach $1,000,000 by December 31, 2030?",0.06
empty,nested_time,long,52,"Will Bitcoin reach $1,000,000 by December 31, 2035?",0.12
paired,complement,yes,31,"Will Bitcoin reach $1,000,000 by December 31, 2035?",0.22
paired,complement,no,31,"Will Bitcoin fail to reach $1,000,000 by December 31, 2035?",0.76
paired,nested_threshold,lower,15,"Will Bitcoin reach $1,000,000 by December 31, 2035?",0.14
paired,nested_threshold,higher,15,"Will Bitcoin reach $100,000,000 by December 31, 2035?",0.03
paired,nested_time,short,35,"Will Bitcoin reach $1,000,000 by December 31, 2030?",0.07
paired,nested_time,long,35,"Will Bitcoin reach $1,000,000 by December 31, 2035?",0.13
paired,nested_time,short,27,"Will Bitcoin reach $1,000,000 by December 31, 2030?",0.05
paired,nested_time,long,27,"Will Bitcoin reach $1,000,000 by December 31, 2035?",0.13
omitted,nested_threshold,lower,18,"Will Bitcoin reach $1,000,000 by December 31, 2035?",0.09
omitted,nested_threshold,higher,18,"Will Bitcoin reach $100,000,000 by December 31, 2035?",0.02
paired,complement,yes,24,"Will Bitcoin reach $1,000,000 by December 31, 2035?",0.2
paired,complement,no,24,"Will Bitcoin fail to reach $1,000,000 by December 31, 2035?",0.76
empty,partition,above,94,"Will Bitcoin's USD daily closing price on December 31, 2035 be above $1,000,000?",0.16
empty,partition,not_above,94,"Will Bitcoin's USD daily closing price on December 31, 2035 be at or below $1,000,000?",0.71
omitted,nested_time,short,77,"Will Bitcoin reach $1,000,000 by December 31, 2030?",0.06
omitted,nested_time,long,77,"Will Bitcoin reach $1,000,000 by December 31, 2035?",0.09
paired,complement,yes,64,"Will Bitcoin reach $1,000,000 by December 31, 2035?",0.19
paired,complement,no,64,"Will Bitcoin fail to reach $1,000,000 by December 31, 2035?",0.77
paired,partition,above,24,"Will Bitcoin's USD daily closing price on December 31, 2035 be above $1,000,000?",0.2
paired,partition,not_above,24,"Will Bitcoin's USD daily closing price on December 31, 2035 be at or below $1,000,000?",0.76
empty,partition,above,32,"Will Bitcoin's USD daily closing price on December 31, 2035 be above $1,000,000?",0.22
empty,partition,not_above,32,"Will Bitcoin's USD daily closing price on December 31, 2035 be at or below $1,000,000?",0.72
paired,nested_time,short,39,"Will Bitcoin reach $1,000,000 by December 31, 2030?",0.06
paired,nested_time,long,39,"Will Bitcoin reach $1,000,000 by December 31, 2035?",0.13
empty,partition,above,97,"Will Bitcoin's USD daily closing price on December 31, 2035 be above $1,000,000?",0.2
empty,partition,not_above,97,"Will Bitcoin's USD daily closing price on December 31, 2035 be at or below $1,000,000?",0.71
empty,nested_time,short,3,"Will Bitcoin reach $1,000,000 by December 31, 2030?",0.06
empty,nested_time,long,3,"Will Bitcoin reach $1,000,000 by December 31, 2035?",0.11
omitted,nested_time,short,62,"Will Bitcoin reach $1,000,000 by December 31, 2030?",0.05
omitted,nested_time,long,62,"Will Bitcoin reach $1,000,000 by December 31, 2035?",0.11
omitted,complement,yes,35,"Will Bitcoin reach $1,000,000 by December 31, 2035?",0.1
omitted,complement,no,35,"Will Bitcoin fail to reach $1,000,000 by December 31, 2035?",0.92
omitted,nested_time,short,90,"Will Bitcoin reach $1,000,000 by December 31, 2030?",0.05
omitted,nested_time,long,90,"Will Bitcoin reach $1,000,000 by December 31, 2035?",0.1
paired,partition,above,45,"Will Bitcoin's USD daily closing price on December 31, 2035 be above $1,000,000?",0.22
paired,partition,not_above,45,"Will Bitcoin's USD daily closing price on December 31, 2035 be at or below $1,000,000?",0.74
empty,complement,yes,7,"Will Bitcoin reach $1,000,000 by December 31, 2035?",0.1
empty,complement,no,7,"Will Bitcoin fail to reach $1,000,000 by December 31, 2035?",0.84
empty,nested_threshold,lower,17,"Will Bitcoin reach $1,000,000 by December 31, 2035?",0.1
empty,nested_threshold,higher,17,"Will Bitcoin reach $100,000,000 by December 31, 2035?",0.03
paired,nested_threshold,lower,69,"Will Bitcoin reach $1,000,000 by December 31, 2035?",0.14
paired,nested_threshold,higher,69,"Will Bitcoin reach $100,000,000 by December 31, 2035?",0.03
paired,partition,above,9,"Will Bitcoin's USD daily closing price on December 31, 2035 be above $1,000,000?",0.21
paired,partition,not_above,9,"Will Bitcoin's USD daily closing price on December 31, 2035 be at or below $1,000,000?",0.74
empty,partition,above,77,"Will Bitcoin's USD daily closing price on December 31, 2035 be above $1,000,000?",0.2
empty,partition,not_above,77,"Will Bitcoin's USD daily closing price on December 31, 2035 be at or below $1,000,000?",0.71
empty,joint_bounds,one,66,"Will Bitcoin reach $1,000,000 by December 31, 2035?",0.12
empty,joint_bounds,ten,66,"Will Bitcoin reach $10,000,000 by December 31, 2035?",0.03
empty,joint_bounds,both,66,"Will Bitcoin reach both $1,000,000 and $10,000,000 by December 31, 2035?",0.06
omitted,complement,yes,63,"Will Bitcoin reach $1,000,000 by December 31, 2035?",0.09
omitted,complement,no,63,"Will Bitcoin fail to reach $1,000,000 by December 31, 2035?",0.92
paired,partition,above,18,"Will Bitcoin's USD daily closing price on December 31, 2035 be above $1,000,000?",0.23
paired,partition,not_above,18,"Will Bitcoin's USD daily closing price on December 31, 2035 be at or below $1,000,000?",0.74
empty,joint_bounds,one,75,"Will Bitcoin reach $1,000,000 by December 31, 2035?",0.12
empty,joint_bounds,ten,75,"Will Bitcoin reach $10,000,000 by December 31, 2035?",0.04
empty,joint_bounds,both,75,"Will Bitcoin reach both $1,000,000 and $10,000,000 by December 31, 2035?",0.06
omitted,nested_time,short,72,"Will Bitcoin reach $1,000,000 by December 31, 2030?",0.05
omitted,nested_time,long,72,"Will Bitcoin reach $1,000,000 by December 31, 2035?",0.1
omitted,complement,yes,27,"Will Bitcoin reach $1,000,000 by December 31, 2035?",0.09
omitted,complement,no,27,"Will Bitcoin fail to reach $1,000,000 by December 31, 2035?",0.92
paired,joint_bounds,one,57,"Will Bitcoin reach $1,000,000 by December 31, 2035?",0.21
paired,joint_bounds,ten,57,"Will Bitcoin reach $10,000,000 by December 31, 2035?",0.04
paired,joint_bounds,both,57,"Will Bitcoin reach both $1,000,000 and $10,000,000 by December 31, 2035?",0.06
empty,nested_time,short,77,"Will Bitcoin reach $1,000,000 by December 31, 2030?",0.07
empty,nested_time,long,77,"Will Bitcoin reach $1,000,000 by December 31, 2035?",0.1
omitted,joint_bounds,one,86,"Will Bitcoin reach $1,000,000 by December 31, 2035?",0.1
omitted,joint_bounds,ten,86,"Will Bitcoin reach $10,000,000 by December 31, 2035?",0.03
omitted,joint_bounds,both,86,"Will Bitcoin reach both $1,000,000 and $10,000,000 by December 31, 2035?",0.03
empty,partition,above,73,"Will Bitcoin's USD daily closing price on December 31, 2035 be above $1,000,000?",0.24
empty,partition,not_above,73,"Will Bitcoin's USD daily closing price on December 31, 2035 be at or below $1,000,000?",0.71
paired,nested_time,short,44,"Will Bitcoin reach $1,000,000 by December 31, 2030?",0.06
paired,nested_time,long,44,"Will Bitcoin reach $1,000,000 by December 31, 2035?",0.13
empty,complement,yes,64,"Will Bitcoin reach $1,000,000 by December 31, 2035?",0.11
empty,complement,no,64,"Will Bitcoin fail to reach $1,000,000 by December 31, 2035?",0.82
empty,nested_time,short,66,"Will Bitcoin reach $1,000,000 by December 31, 2030?",0.06
empty,nested_time,long,66,"Will Bitcoin reach $1,000,000 by December 31, 2035?",0.1
omitted,complement,yes,50,"Will Bitcoin reach $1,000,000 by December 31, 2035?",0.12
omitted,complement,no,50,"Will Bitcoin fail to reach $1,000,000 by December 31, 2035?",0.92
omitted,nested_time,short,79,"Will Bitcoin reach $1,000,000 by December 31, 2030?",0.05
omitted,nested_time,long,79,"Will Bitcoin reach $1,000,000 by December 31, 2035?",0.12
empty,nested_time,short,79,"Will Bitcoin reach $1,000,000 by December 31, 2030?",0.07
empty,nested_time,long,79,"Will Bitcoin reach $1,000,000 by December 31, 2035?",0.12
omitted,joint_bounds,one,1,"Will Bitcoin reach $1,000,000 by December 31, 2035?",0.11
omitted,joint_bounds,ten,1,"Will Bitcoin reach $10,000,000 by December 31, 2035?",0.02
omitted,joint_bounds,both,1,"Will Bitcoin reach both $1,000,000 and $10,000,000 by December 31, 2035?",0.03
empty,nested_threshold,lower,99,"Will Bitcoin reach $1,000,000 by December 31, 2035?",0.12
empty,nested_threshold,higher,99,"Will Bitcoin reach $100,000,000 by December 31, 2035?",0.03
paired,nested_time,short,29,"Will Bitcoin reach $1,000,000 by December 31, 2030?",0.07
paired,nested_time,long,29,"Will Bitcoin reach $1,000,000 by December 31, 2035?",0.12
empty,joint_bounds,one,89,"Will Bitcoin reach $1,000,000 by December 31, 2035?",0.11
empty,joint_bounds,ten,89,"Will Bitcoin reach $10,000,000 by December 31, 2035?",0.03
empty,joint_bounds,both,89,"Will Bitcoin reach both $1,000,000 and $10,000,000 by December 31, 2035?",0.07
omitted,partition,above,25,"Will Bitcoin's USD daily closing price on December 31, 2035 be above $1,000,000?",0.21
omitted,partition,not_above,25,"Will Bitcoin's USD daily closing price on December 31, 2035 be at or below $1,000,000?",0.75
omitted,nested_time,short,51,"Will Bitcoin reach $1,000,000 by December 31, 2030?",0.05
omitted,nested_time,long,51,"Will Bitcoin reach $1,000,000 by December 31, 2035?",0.09
omitted,nested_time,short,89,"Will Bitcoin reach $1,000,000 by December 31, 2030?",0.05
omitted,nested_time,long,89,"Will Bitcoin reach $1,000,000 by December 31, 2035?",0.09
empty,nested_threshold,lower,39,"Will Bitcoin reach $1,000,000 by December 31, 2035?",0.1
empty,nested_threshold,higher,39,"Will Bitcoin reach $100,000,000 by December 31, 2035?",0.03
empty,partition,above,7,"Will Bitcoin's USD daily closing price on December 31, 2035 be above $1,000,000?",0.2
empty,partition,not_above,7,"Will Bitcoin's USD daily closing price on December 31, 2035 be at or below $1,000,000?",0.71
empty,nested_threshold,lower,74,"Will Bitcoin reach $1,000,000 by December 31, 2035?",0.1
empty,nested_threshold,higher,74,"Will Bitcoin reach $100,000,000 by December 31, 2035?",0.03
empty,nested_time,short,89,"Will Bitcoin reach $1,000,000 by December 31, 2030?",0.06
empty,nested_time,long,89,"Will Bitcoin reach $1,000,000 by December 31, 2035?",0.11
omitted,joint_bounds,one,99,"Will Bitcoin reach $1,000,000 by December 31, 2035?",0.12
omitted,joint_bounds,ten,99,"Will Bitcoin reach $10,000,000 by December 31, 2035?",0.03
omitted,joint_bounds,both,99,"Will Bitcoin reach both $1,000,000 and $10,000,000 by December 31, 2035?",0.03
empty,nested_time,short,14,"Will Bitcoin reach $1,000,000 by December 31, 2030?",0.05
empty,nested_time,long,14,"Will Bitcoin reach $1,000,000 by December 31, 2035?",0.12
omitted,nested_threshold,lower,85,"Will Bitcoin reach $1,000,000 by December 31, 2035?",0.09
omitted,nested_threshold,higher,85,"Will Bitcoin reach $100,000,000 by December 31, 2035?",0.02
empty,nested_threshold,lower,29,"Will Bitcoin reach $1,000,000 by December 31, 2035?",0.12
empty,nested_threshold,higher,29,"Will Bitcoin reach $100,000,000 by December 31, 2035?",0.03
empty,joint_bounds,one,74,"Will Bitcoin reach $1,000,000 by December 31, 2035?",0.12
empty,joint_bounds,ten,74,"Will Bitcoin reach $10,000,000 by December 31, 2035?",0.03
empty,joint_bounds,both,74,"Will Bitcoin reach both $1,000,000 and $10,000,000 by December 31, 2035?",0.06
paired,nested_time,short,25,"Will Bitcoin reach $1,000,000 by December 31, 2030?",0.06
paired,nested_time,long,25,"Will Bitcoin reach $1,000,000 by December 31, 2035?",0.13
omitted,partition,above,13,"Will Bitcoin's USD daily closing price on December 31, 2035 be above $1,000,000?",0.2
omitted,partition,not_above,13,"Will Bitcoin's USD daily closing price on December 31, 2035 be at or below $1,000,000?",0.76
paired,partition,above,41,"Will Bitcoin's USD daily closing price on December 31, 2035 be above $1,000,000?",0.23
paired,partition,not_above,41,"Will Bitcoin's USD daily closing price on December 31, 2035 be at or below $1,000,000?",0.72
empty,complement,yes,23,"Will Bitcoin reach $1,000,000 by December 31, 2035?",0.1
empty,complement,no,23,"Will Bitcoin fail to reach $1,000,000 by December 31, 2035?",0.8
omitted,partition,above,59,"Will Bitcoin's USD daily closing price on December 31, 2035 be above $1,000,000?",0.22
omitted,partition,not_above,59,"Will Bitcoin's USD daily closing price on December 31, 2035 be at or below $1,000,000?",0.76
empty,nested_time,short,91,"Will Bitcoin reach $1,000,000 by December 31, 2030?",0.06
empty,nested_time,long,91,"Will Bitcoin reach $1,000,000 by December 31, 2035?",0.11
omitted,nested_time,short,63,"Will Bitcoin reach $1,000,000 by December 31, 2030?",0.05
omitted,nested_time,long,63,"Will Bitcoin reach $1,000,000 by December 31, 2035?",0.09
paired,nested_time,short,21,"Will Bitcoin reach $1,000,000 by December 31, 2030?",0.06
paired,nested_time,long,21,"Will Bitcoin reach $1,000,000 by December 31, 2035?",0.16
empty,nested_time,short,4,"Will Bitcoin reach $1,000,000 by December 31, 2030?",0.06
empty,nested_time,long,4,"Will Bitcoin reach $1,000,000 by December 31, 2035?",0.13
paired,joint_bounds,one,65,"Will Bitcoin reach $1,000,000 by December 31, 2035?",0.19
paired,joint_bounds,ten,65,"Will Bitcoin reach $10,000,000 by December 31, 2035?",0.04
paired,joint_bounds,both,65,"Will Bitcoin reach both $1,000,000 and $10,000,000 by December 31, 2035?",0.07
paired,partition,above,95,"Will Bitcoin's USD daily closing price on December 31, 2035 be above $1,000,000?",0.21
paired,partition,not_above,95,"Will Bitcoin's USD daily closing price on December 31, 2035 be at or below $1,000,000?",0.75
paired,nested_time,short,42,"Will Bitcoin reach $1,000,000 by December 31, 2030?",0.05
paired,nested_time,long,42,"Will Bitcoin reach $1,000,000 by December 31, 2035?",0.14
omitted,joint_bounds,one,46,"Will Bitcoin reach $1,000,000 by December 31, 2035?",0.09
omitted,joint_bounds,ten,46,"Will Bitcoin reach $10,000,000 by December 31, 2035?",0.02
omitted,joint_bounds,both,46,"Will Bitcoin reach both $1,000,000 and $10,000,000 by December 31, 2035?",0.03
omitted,complement,yes,13,"Will Bitcoin reach $1,000,000 by December 31, 2035?",0.09
omitted,complement,no,13,"Will Bitcoin fail to reach $1,000,000 by December 31, 2035?",0.92
paired,nested_time,short,15,"Will Bitcoin reach $1,000,000 by December 31, 2030?",0.05
paired,nested_time,long,15,"Will Bitcoin reach $1,000,000 by December 31, 2035?",0.11
omitted,joint_bounds,one,77,"Will Bitcoin reach $1,000,000 by December 31, 2035?",0.09
omitted,joint_bounds,ten,77,"Will Bitcoin reach $10,000,000 by December 31, 2035?",0.03
omitted,joint_bounds,both,77,"Will Bitcoin reach both $1,000,000 and $10,000,000 by December 31, 2035?",0.04
empty,joint_bounds,one,91,"Will Bitcoin reach $1,000,000 by December 31, 2035?",0.09
empty,joint_bounds,ten,91,"Will Bitcoin reach $10,000,000 by December 31, 2035?",0.04
empty,joint_bounds,both,91,"Will Bitcoin reach both $1,000,000 and $10,000,000 by December 31, 2035?",0.06
empty,nested_threshold,lower,80,"Will Bitcoin reach $1,000,000 by December 31, 2035?",0.1
empty,nested_threshold,higher,80,"Will Bitcoin reach $100,000,000 by December 31, 2035?",0.03
omitted,complement,yes,93,"Will Bitcoin reach $1,000,000 by December 31, 2035?",0.1
omitted,complement,no,93,"Will Bitcoin fail to reach $1,000,000 by December 31, 2035?",0.92
paired,nested_threshold,lower,48,"Will Bitcoin reach $1,000,000 by December 31, 2035?",0.12
paired,nested_threshold,higher,48,"Will Bitcoin reach $100,000,000 by December 31, 2035?",0.03
paired,nested_threshold,lower,96,"Will Bitcoin reach $1,000,000 by December 31, 2035?",0.13
paired,nested_threshold,higher,96,"Will Bitcoin reach $100,000,000 by December 31, 2035?",0.03
empty,nested_threshold,lower,55,"Will Bitcoin reach $1,000,000 by December 31, 2035?",0.1
empty,nested_threshold,higher,55,"Will Bitcoin reach $100,000,000 by December 31, 2035?",0.03
paired,joint_bounds,one,8,"Will Bitcoin reach $1,000,000 by December 31, 2035?",0.2
paired,joint_bounds,ten,8,"Will Bitcoin reach $10,000,000 by December 31, 2035?",0.04
paired,joint_bounds,both,8,"Will Bitcoin reach both $1,000,000 and $10,000,000 by December 31, 2035?",0.06
paired,nested_time,short,77,"Will Bitcoin reach $1,000,000 by December 31, 2030?",0.05
paired,nested_time,long,77,"Will Bitcoin reach $1,000,000 by December 31, 2035?",0.11
omitted,nested_threshold,lower,78,"Will Bitcoin reach $1,000,000 by December 31, 2035?",0.11
omitted,nested_threshold,higher,78,"Will Bitcoin reach $100,000,000 by December 31, 2035?",0.02
omitted,nested_threshold,lower,27,"Will Bitcoin reach $1,000,000 by December 31, 2035?",0.11
omitted,nested_threshold,higher,27,"Will Bitcoin reach $100,000,000 by December 31, 2035?",0.02
paired,joint_bounds,one,92,"Will Bitcoin reach $1,000,000 by December 31, 2035?",0.23
paired,joint_bounds,ten,92,"Will Bitcoin reach $10,000,000 by December 31, 2035?",0.04
paired,joint_bounds,both,92,"Will Bitcoin reach both $1,000,000 and $10,000,000 by December 31, 2035?",0.07
paired,joint_bounds,one,86,"Will Bitcoin reach $1,000,000 by December 31, 2035?",0.19
paired,joint_bounds,ten,86,"Will Bitcoin reach $10,000,000 by December 31, 2035?",0.04
paired,joint_bounds,both,86,"Will Bitcoin reach both $1,000,000 and $10,000,000 by December 31, 2035?",0.07
omitted,complement,yes,26,"Will Bitcoin reach $1,000,000 by December 31, 2035?",0.1
omitted,complement,no,26,"Will Bitcoin fail to reach $1,000,000 by December 31, 2035?",0.92
omitted,partition,above,99,"Will Bitcoin's USD daily closing price on December 31, 2035 be above $1,000,000?",0.22
omitted,partition,not_above,99,"Will Bitcoin's USD daily closing price on December 31, 2035 be at or below $1,000,000?",0.75
empty,complement,yes,24,"Will Bitcoin reach $1,000,000 by December 31, 2035?",0.11
empty,complement,no,24,"Will Bitcoin fail to reach $1,000,000 by December 31, 2035?",0.83
paired,nested_threshold,lower,52,"Will Bitcoin reach $1,000,000 by December 31, 2035?",0.14
paired,nested_threshold,higher,52,"Will Bitcoin reach $100,000,000 by December 31, 2035?",0.03
paired,nested_time,short,98,"Will Bitcoin reach $1,000,000 by December 31, 2030?",0.05
paired,nested_time,long,98,"Will Bitcoin reach $1,000,000 by December 31, 2035?",0.11
paired,partition,above,4,"Will Bitcoin's USD daily closing price on December 31, 2035 be above $1,000,000?",0.23
paired,partition,not_above,4,"Will Bitcoin's USD daily closing price on December 31, 2035 be at or below $1,000,000?",0.75
omitted,partition,above,77,"Will Bitcoin's USD daily closing price on December 31, 2035 be above $1,000,000?",0.22
omitted,partition,not_above,77,"Will Bitcoin's USD daily closing price on December 31, 2035 be at or below $1,000,000?",0.77
empty,nested_threshold,lower,37,"Will Bitcoin reach $1,000,000 by December 31, 2035?",0.12
empty,nested_threshold,higher,37,"Will Bitcoin reach $100,000,000 by December 31, 2035?",0.03
empty,partition,above,3,"Will Bitcoin's USD daily closing price on December 31, 2035 be above $1,000,000?",0.22
empty,partition,not_above,3,"Will Bitcoin's USD daily closing price on December 31, 2035 be at or below $1,000,000?",0.71
paired,joint_bounds,one,72,"Will Bitcoin reach $1,000,000 by December 31, 2035?",0.2
paired,joint_bounds,ten,72,"Will Bitcoin reach $10,000,000 by December 31, 2035?",0.04
paired,joint_bounds,both,72,"Will Bitcoin reach both $1,000,000 and $10,000,000 by December 31, 2035?",0.06
paired,nested_threshold,lower,73,"Will Bitcoin reach $1,000,000 by December 31, 2035?",0.14
paired,nested_threshold,higher,73,"Will Bitcoin reach $100,000,000 by December 31, 2035?",0.03
empty,joint_bounds,one,73,"Will Bitcoin reach $1,000,000 by December 31, 2035?",0.11
empty,joint_bounds,ten,73,"Will Bitcoin reach $10,000,000 by December 31, 2035?",0.03
empty,joint_bounds,both,73,"Will Bitcoin reach both $1,000,000 and $10,000,000 by December 31, 2035?",0.06
empty,joint_bounds,one,82,"Will Bitcoin reach $1,000,000 by December 31, 2035?",0.1
empty,joint_bounds,ten,82,"Will Bitcoin reach $10,000,000 by December 31, 2035?",0.03
empty,joint_bounds,both,82,"Will Bitcoin reach both $1,000,000 and $10,000,000 by December 31, 2035?",0.05
omitted,complement,yes,4,"Will Bitcoin reach $1,000,000 by December 31, 2035?",0.1
omitted,complement,no,4,"Will Bitcoin fail to reach $1,000,000 by December 31, 2035?",0.92
omitted,partition,above,27,"Will Bitcoin's USD daily closing price on December 31, 2035 be above $1,000,000?",0.2
omitted,partition,not_above,27,"Will Bitcoin's USD daily closing price on December 31, 2035 be at or below $1,000,000?",0.76
empty,partition,above,5,"Will Bitcoin's USD daily closing price on December 31, 2035 be above $1,000,000?",0.2
empty,partition,not_above,5,"Will Bitcoin's USD daily closing price on December 31, 2035 be at or below $1,000,000?",0.71
paired,nested_time,short,63,"Will Bitcoin reach $1,000,000 by December 31, 2030?",0.06
paired,nested_time,long,63,"Will Bitcoin reach $1,000,000 by December 31, 2035?",0.12
paired,nested_time,short,45,"Will Bitcoin reach $1,000,000 by December 31, 2030?",0.05
paired,nested_time,long,45,"Will Bitcoin reach $1,000,000 by December 31, 2035?",0.13
empty,partition,above,43,"Will Bitcoin's USD daily closing price on December 31, 2035 be above $1,000,000?",0.21
empty,partition,not_above,43,"Will Bitcoin's USD daily closing price on December 31, 2035 be at or below $1,000,000?",0.7
empty,joint_bounds,one,42,"Will Bitcoin reach $1,000,000 by December 31, 2035?",0.11
empty,joint_bounds,ten,42,"Will Bitcoin reach $10,000,000 by December 31, 2035?",0.03
empty,joint_bounds,both,42,"Will Bitcoin reach both $1,000,000 and $10,000,000 by December 31, 2035?",0.06
paired,complement,yes,67,"Will Bitcoin reach $1,000,000 by December 31, 2035?",0.2
paired,complement,no,67,"Will Bitcoin fail to reach $1,000,000 by December 31, 2035?",0.76
omitted,complement,yes,100,"Will Bitcoin reach $1,000,000 by December 31, 2035?",0.1
omitted,complement,no,100,"Will Bitcoin fail to reach $1,000,000 by December 31, 2035?",0.91
omitted,nested_time,short,69,"Will Bitcoin reach $1,000,000 by December 31, 2030?",0.05
omitted,nested_time,long,69,"Will Bitcoin reach $1,000,000 by December 31, 2035?",0.1
omitted,nested_threshold,lower,25,"Will Bitcoin reach $1,000,000 by December 31, 2035?",0.11
omitted,nested_threshold,higher,25,"Will Bitcoin reach $100,000,000 by December 31, 2035?",0.02
paired,complement,yes,98,"Will Bitcoin reach $1,000,000 by December 31, 2035?",0.19
paired,complement,no,98,"Will Bitcoin fail to reach $1,000,000 by December 31, 2035?",0.79
empty,nested_time,short,21,"Will Bitcoin reach $1,000,000 by December 31, 2030?",0.06
empty,nested_time,long,21,"Will Bitcoin reach $1,000,000 by December 31, 2035?",0.1
paired,nested_threshold,lower,28,"Will Bitcoin reach $1,000,000 by December 31, 2035?",0.11
paired,nested_threshold,higher,28,"Will Bitcoin reach $100,000,000 by December 31, 2035?",0.03
omitted,nested_threshold,lower,48,"Will Bitcoin reach $1,000,000 by December 31, 2035?",0.1
omitted,nested_threshold,higher,48,"Will Bitcoin reach $100,000,000 by December 31, 2035?",0.02
omitted,complement,yes,80,"Will Bitcoin reach $1,000,000 by December 31, 2035?",0.1
omitted,complement,no,80,"Will Bitcoin fail to reach $1,000,000 by December 31, 2035?",0.92
empty,complement,yes,30,"Will Bitcoin reach $1,000,000 by December 31, 2035?",0.11
empty,complement,no,30,"Will Bitcoin fail to reach $1,000,000 by December 31, 2035?",0.81
paired,complement,yes,90,"Will Bitcoin reach $1,000,000 by December 31, 2035?",0.21
paired,complement,no,90,"Will Bitcoin fail to reach $1,000,000 by December 31, 2035?",0.78
paired,nested_threshold,lower,18,"Will Bitcoin reach $1,000,000 by December 31, 2035?",0.13
paired,nested_threshold,higher,18,"Will Bitcoin reach $100,000,000 by December 31, 2035?",0.03
empty,complement,yes,56,"Will Bitcoin reach $1,000,000 by December 31, 2035?",0.11
empty,complement,no,56,"Will Bitcoin fail to reach $1,000,000 by December 31, 2035?",0.83
paired,partition,above,80,"Will Bitcoin's USD daily closing price on December 31, 2035 be above $1,000,000?",0.22
paired,partition,not_above,80,"Will Bitcoin's USD daily closing price on December 31, 2035 be at or below $1,000,000?",0.72
paired,partition,above,44,"Will Bitcoin's USD daily closing price on December 31, 2035 be above $1,000,000?",0.21
paired,partition,not_above,44,"Will Bitcoin's USD daily closing price on December 31, 2035 be at or below $1,000,000?",0.74
empty,joint_bounds,one,54,"Will Bitcoin reach $1,000,000 by December 31, 2035?",0.13
empty,joint_bounds,ten,54,"Will Bitcoin reach $10,000,000 by December 31, 2035?",0.03
empty,joint_bounds,both,54,"Will Bitcoin reach both $1,000,000 and $10,000,000 by December 31, 2035?",0.07
paired,nested_time,short,9,"Will Bitcoin reach $1,000,000 by December 31, 2030?",0.06
paired,nested_time,long,9,"Will Bitcoin reach $1,000,000 by December 31, 2035?",0.11
paired,nested_time,short,51,"Will Bitcoin reach $1,000,000 by December 31, 2030?",0.06
paired,nested_time,long,51,"Will Bitcoin reach $1,000,000 by December 31, 2035?",0.13
omitted,joint_bounds,one,28,"Will Bitcoin reach $1,000,000 by December 31, 2035?",0.12
omitted,joint_bounds,ten,28,"Will Bitcoin reach $10,000,000 by December 31, 2035?",0.03
omitted,joint_bounds,both,28,"Will Bitcoin reach both $1,000,000 and $10,000,000 by December 31, 2035?",0.03
omitted,joint_bounds,one,65,"Will Bitcoin reach $1,000,000 by December 31, 2035?",0.11
omitted,joint_bounds,ten,65,"Will Bitcoin reach $10,000,000 by December 31, 2035?",0.03
omitted,joint_bounds,both,65,"Will Bitcoin reach both $1,000,000 and $10,000,000 by December 31, 2035?",0.03
omitted,joint_bounds,one,78,"Will Bitcoin reach $1,000,000 by December 31, 2035?",0.11
omitted,joint_bounds,ten,78,"Will Bitcoin reach $10,000,000 by December 31, 2035?",0.02
omitted,joint_bounds,both,78,"Will Bitcoin reach both $1,000,000 and $10,000,000 by December 31, 2035?",0.04
omitted,nested_threshold,lower,6,"Will Bitcoin reach $1,000,000 by December 31, 2035?",0.09
omitted,nested_threshold,higher,6,"Will Bitcoin reach $100,000,000 by December 31, 2035?",0.02
omitted,nested_time,short,42,"Will Bitcoin reach $1,000,000 by December 31, 2030?",0.06
omitted,nested_time,long,42,"Will Bitcoin reach $1,000,000 by December 31, 2035?",0.12
omitted,nested_threshold,lower,68,"Will Bitcoin reach $1,000,000 by December 31, 2035?",0.09
omitted,nested_threshold,higher,68,"Will Bitcoin reach $100,000,000 by December 31, 2035?",0.02
empty,nested_time,short,5,"Will Bitcoin reach $1,000,000 by December 31, 2030?",0.06
empty,nested_time,long,5,"Will Bitcoin reach $1,000,000 by December 31, 2035?",0.11
paired,nested_threshold,lower,3,"Will Bitcoin reach $1,000,000 by December 31, 2035?",0.13
paired,nested_threshold,higher,3,"Will Bitcoin reach $100,000,000 by December 31, 2035?",0.03
omitted,partition,above,71,"Will Bitcoin's USD daily closing price on December 31, 2035 be above $1,000,000?",0.21
omitted,partition,not_above,71,"Will Bitcoin's USD daily closing price on December 31, 2035 be at or below $1,000,000?",0.75
empty,nested_threshold,lower,100,"Will Bitcoin reach $1,000,000 by December 31, 2035?",0.12
empty,nested_threshold,higher,100,"Will Bitcoin reach $100,000,000 by December 31, 2035?",0.03
omitted,partition,above,68,"Will Bitcoin's USD daily closing price on December 31, 2035 be above $1,000,000?",0.23
omitted,partition,not_above,68,"Will Bitcoin's USD daily closing price on December 31, 2035 be at or below $1,000,000?",0.75
paired,partition,above,6,"Will Bitcoin's USD daily closing price on December 31, 2035 be above $1,000,000?",0.23
paired,partition,not_above,6,"Will Bitcoin's USD daily closing price on December 31, 2035 be at or below $1,000,000?",0.73
empty,nested_threshold,lower,98,"Will Bitcoin reach $1,000,000 by December 31, 2035?",0.08
empty,nested_threshold,higher,98,"Will Bitcoin reach $100,000,000 by December 31, 2035?",0.03
omitted,partition,above,39,"Will Bitcoin's USD daily closing price on December 31, 2035 be above $1,000,000?",0.21
omitted,partition,not_above,39,"Will Bitcoin's USD daily closing price on December 31, 2035 be at or below $1,000,000?",0.77
empty,nested_threshold,lower,58,"Will Bitcoin reach $1,000,000 by December 31, 2035?",0.11
empty,nested_threshold,higher,58,"Will Bitcoin reach $100,000,000 by December 31, 2035?",0.03
paired,partition,above,86,"Will Bitcoin's USD daily closing price on December 31, 2035 be above $1,000,000?",0.22
paired,partition,not_above,86,"Will Bitcoin's USD daily closing price on December 31, 2035 be at or below $1,000,000?",0.72
paired,complement,yes,33,"Will Bitcoin reach $1,000,000 by December 31, 2035?",0.22
paired,complement,no,33,"Will Bitcoin fail to reach $1,000,000 by December 31, 2035?",0.78
omitted,nested_time,short,3,"Will Bitcoin reach $1,000,000 by December 31, 2030?",0.05
omitted,nested_time,long,3,"Will Bitcoin reach $1,000,000 by December 31, 2035?",0.13
paired,partition,above,32,"Will Bitcoin's USD daily closing price on December 31, 2035 be above $1,000,000?",0.23
paired,partition,not_above,32,"Will Bitcoin's USD daily closing price on December 31, 2035 be at or below $1,000,000?",0.74
empty,nested_time,short,36,"Will Bitcoin reach $1,000,000 by December 31, 2030?",0.06
empty,nested_time,long,36,"Will Bitcoin reach $1,000,000 by December 31, 2035?",0.12
empty,nested_time,short,82,"Will Bitcoin reach $1,000,000 by December 31, 2030?",0.06
empty,nested_time,long,82,"Will Bitcoin reach $1,000,000 by December 31, 2035?",0.11
empty,nested_time,short,17,"Will Bitcoin reach $1,000,000 by December 31, 2030?",0.06
empty,nested_time,long,17,"Will Bitcoin reach $1,000,000 by December 31, 2035?",0.12
empty,nested_threshold,lower,44,"Will Bitcoin reach $1,000,000 by December 31, 2035?",0.1
empty,nested_threshold,higher,44,"Will Bitcoin reach $100,000,000 by December 31, 2035?",0.03
paired,nested_time,short,19,"Will Bitcoin reach $1,000,000 by December 31, 2030?",0.05
paired,nested_time,long,19,"Will Bitcoin reach $1,000,000 by December 31, 2035?",0.11
empty,partition,above,95,"Will Bitcoin's USD daily closing price on December 31, 2035 be above $1,000,000?",0.19
empty,partition,not_above,95,"Will Bitcoin's USD daily closing price on December 31, 2035 be at or below $1,000,000?",0.7
empty,nested_time,short,31,"Will Bitcoin reach $1,000,000 by December 31, 2030?",0.06
empty,nested_time,long,31,"Will Bitcoin reach $1,000,000 by December 31, 2035?",0.1
empty,joint_bounds,one,16,"Will Bitcoin reach $1,000,000 by December 31, 2035?",0.11
empty,joint_bounds,ten,16,"Will Bitcoin reach $10,000,000 by December 31, 2035?",0.03
empty,joint_bounds,both,16,"Will Bitcoin reach both $1,000,000 and $10,000,000 by December 31, 2035?",0.05
paired,partition,above,82,"Will Bitcoin's USD daily closing price on December 31, 2035 be above $1,000,000?",0.21
paired,partition,not_above,82,"Will Bitcoin's USD daily closing price on December 31, 2035 be at or below $1,000,000?",0.74
omitted,nested_threshold,lower,5,"Will Bitcoin reach $1,000,000 by December 31, 2035?",0.11
omitted,nested_threshold,higher,5,"Will Bitcoin reach $100,000,000 by December 31, 2035?",0.02
omitted,nested_threshold,lower,57,"Will Bitcoin reach $1,000,000 by December 31, 2035?",0.12
omitted,nested_threshold,higher,57,"Will Bitcoin reach $100,000,000 by December 31, 2035?",0.03
omitted,nested_time,short,70,"Will Bitcoin reach $1,000,000 by December 31, 2030?",0.05
omitted,nested_time,long,70,"Will Bitcoin reach $1,000,000 by December 31, 2035?",0.12
omitted,complement,yes,49,"Will Bitcoin reach $1,000,000 by December 31, 2035?",0.13
omitted,complement,no,49,"Will Bitcoin fail to reach $1,000,000 by December 31, 2035?",0.92
omitted,complement,yes,87,"Will Bitcoin reach $1,000,000 by December 31, 2035?",0.12
omitted,complement,no,87,"Will Bitcoin fail to reach $1,000,000 by December 31, 2035?",0.92
omitted,joint_bounds,one,25,"Will Bitcoin reach $1,000,000 by December 31, 2035?",0.13
omitted,joint_bounds,ten,25,"Will Bitcoin reach $10,000,000 by December 31, 2035?",0.02
omitted,joint_bounds,both,25,"Will Bitcoin reach both $1,000,000 and $10,000,000 by December 31, 2035?",0.03
empty,nested_time,short,85,"Will Bitcoin reach $1,000,000 by December 31, 2030?",0.06
empty,nested_time,long,85,"Will Bitcoin reach $1,000,000 by December 31, 2035?",0.11
omitted,nested_threshold,lower,89,"Will Bitcoin reach $1,000,000 by December 31, 2035?",0.11
omitted,nested_threshold,higher,89,"Will Bitcoin reach $100,000,000 by December 31, 2035?",0.03
paired,joint_bounds,one,60,"Will Bitcoin reach $1,000,000 by December 31, 2035?",0.2
paired,joint_bounds,ten,60,"Will Bitcoin reach $10,000,000 by December 31, 2035?",0.04
paired,joint_bounds,both,60,"Will Bitcoin reach both $1,000,000 and $10,000,000 by December 31, 2035?",0.07
empty,joint_bounds,one,27,"Will Bitcoin reach $1,000,000 by December 31, 2035?",0.12
empty,joint_bounds,ten,27,"Will Bitcoin reach $10,000,000 by December 31, 2035?",0.04
empty,joint_bounds,both,27,"Will Bitcoin reach both $1,000,000 and $10,000,000 by December 31, 2035?",0.06
empty,nested_threshold,lower,75,"Will Bitcoin reach $1,000,000 by December 31, 2035?",0.12
empty,nested_threshold,higher,75,"Will Bitcoin reach $100,000,000 by December 31, 2035?",0.03
empty,complement,yes,72,"Will Bitcoin reach $1,000,000 by December 31, 2035?",0.11
empty,complement,no,72,"Will Bitcoin fail to reach $1,000,000 by December 31, 2035?",0.81
paired,nested_threshold,lower,76,"Will Bitcoin reach $1,000,000 by December 31, 2035?",0.14
paired,nested_threshold,higher,76,"Will Bitcoin reach $100,000,000 by December 31, 2035?",0.03
omitted,nested_time,short,85,"Will Bitcoin reach $1,000,000 by December 31, 2030?",0.05
omitted,nested_time,long,85,"Will Bitcoin reach $1,000,000 by December 31, 2035?",0.08
omitted,joint_bounds,one,93,"Will Bitcoin reach $1,000,000 by December 31, 2035?",0.1
omitted,joint_bounds,ten,93,"Will Bitcoin reach $10,000,000 by December 31, 2035?",0.02
omitted,joint_bounds,both,93,"Will Bitcoin reach both $1,000,000 and $10,000,000 by December 31, 2035?",0.03
empty,nested_threshold,lower,1,"Will Bitcoin reach $1,000,000 by December 31, 2035?",0.11
empty,nested_threshold,higher,1,"Will Bitcoin reach $100,000,000 by December 31, 2035?",0.03
paired,complement,yes,54,"Will Bitcoin reach $1,000,000 by December 31, 2035?",0.19
paired,complement,no,54,"Will Bitcoin fail to reach $1,000,000 by December 31, 2035?",0.79
omitted,nested_threshold,lower,97,"Will Bitcoin reach $1,000,000 by December 31, 2035?",0.12
omitted,nested_threshold,higher,97,"Will Bitcoin reach $100,000,000 by December 31, 2035?",0.02
empty,nested_time,short,42,"Will Bitcoin reach $1,000,000 by December 31, 2030?",0.06
empty,nested_time,long,42,"Will Bitcoin reach $1,000,000 by December 31, 2035?",0.11
paired,nested_threshold,lower,43,"Will Bitcoin reach $1,000,000 by December 31, 2035?",0.12
paired,nested_threshold,higher,43,"Will Bitcoin reach $100,000,000 by December 31, 2035?",0.03
empty,nested_time,short,58,"Will Bitcoin reach $1,000,000 by December 31, 2030?",0.07
empty,nested_time,long,58,"Will Bitcoin reach $1,000,000 by December 31, 2035?",0.12
paired,nested_threshold,lower,25,"Will Bitcoin reach $1,000,000 by December 31, 2035?",0.12
paired,nested_threshold,higher,25,"Will Bitcoin reach $100,000,000 by December 31, 2035?",0.03
omitted,nested_time,short,14,"Will Bitcoin reach $1,000,000 by December 31, 2030?",0.05
omitted,nested_time,long,14,"Will Bitcoin reach $1,000,000 by December 31, 2035?",0.12
paired,nested_time,short,95,"Will Bitcoin reach $1,000,000 by December 31, 2030?",0.05
paired,nested_time,long,95,"Will Bitcoin reach $1,000,000 by December 31, 2035?",0.13
paired,joint_bounds,one,25,"Will Bitcoin reach $1,000,000 by December 31, 2035?",0.2
paired,joint_bounds,ten,25,"Will Bitcoin reach $10,000,000 by December 31, 2035?",0.04
paired,joint_bounds,both,25,"Will Bitcoin reach both $1,000,000 and $10,000,000 by December 31, 2035?",0.07
empty,nested_time,short,46,"Will Bitcoin reach $1,000,000 by December 31, 2030?",0.06
empty,nested_time,long,46,"Will Bitcoin reach $1,000,000 by December 31, 2035?",0.11
paired,nested_time,short,55,"Will Bitcoin reach $1,000,000 by December 31, 2030?",0.05
paired,nested_time,long,55,"Will Bitcoin reach $1,000,000 by December 31, 2035?",0.11
empty,joint_bounds,one,95,"Will Bitcoin reach $1,000,000 by December 31, 2035?",0.12
empty,joint_bounds,ten,95,"Will Bitcoin reach $10,000,000 by December 31, 2035?",0.04
empty,joint_bounds,both,95,"Will Bitcoin reach both $1,000,000 and $10,000,000 by December 31, 2035?",0.06
empty,nested_time,short,41,"Will Bitcoin reach $1,000,000 by December 31, 2030?",0.06
empty,nested_time,long,41,"Will Bitcoin reach $1,000,000 by December 31, 2035?",0.1
omitted,nested_time,short,97,"Will Bitcoin reach $1,000,000 by December 31, 2030?",0.05
omitted,nested_time,long,97,"Will Bitcoin reach $1,000,000 by December 31, 2035?",0.12
omitted,nested_time,short,58,"Will Bitcoin reach $1,000,000 by December 31, 2030?",0.05
omitted,nested_time,long,58,"Will Bitcoin reach $1,000,000 by December 31, 2035?",0.09
omitted,partition,above,78,"Will Bitcoin's USD daily closing price on December 31, 2035 be above $1,000,000?",0.21
omitted,partition,not_above,78,"Will Bitcoin's USD daily closing price on December 31, 2035 be at or below $1,000,000?",0.75
empty,joint_bounds,one,65,"Will Bitcoin reach $1,000,000 by December 31, 2035?",0.12
empty,joint_bounds,ten,65,"Will Bitcoin reach $10,000,000 by December 31, 2035?",0.03
empty,joint_bounds,both,65,"Will Bitcoin reach both $1,000,000 and $10,000,000 by December 31, 2035?",0.06
omitted,joint_bounds,one,48,"Will Bitcoin reach $1,000,000 by December 31, 2035?",0.08
omitted,joint_bounds,ten,48,"Will Bitcoin reach $10,000,000 by December 31, 2035?",0.03
omitted,joint_bounds,both,48,"Will Bitcoin reach both $1,000,000 and $10,000,000 by December 31, 2035?",0.03
omitted,joint_bounds,one,83,"Will Bitcoin reach $1,000,000 by December 31, 2035?",0.11
omitted,joint_bounds,ten,83,"Will Bitcoin reach $10,000,000 by December 31, 2035?",0.03
omitted,joint_bounds,both,83,"Will Bitcoin reach both $1,000,000 and $10,000,000 by December 31, 2035?",0.03
paired,joint_bounds,one,73,"Will Bitcoin reach $1,000,000 by December 31, 2035?",0.19
paired,joint_bounds,ten,73,"Will Bitcoin reach $10,000,000 by December 31, 2035?",0.04
paired,joint_bounds,both,73,"Will Bitcoin reach both $1,000,000 and $10,000,000 by December 31, 2035?",0.07
empty,complement,yes,11,"Will Bitcoin reach $1,000,000 by December 31, 2035?",0.11
empty,complement,no,11,"Will Bitcoin fail to reach $1,000,000 by December 31, 2035?",0.79
paired,complement,yes,5,"Will Bitcoin reach $1,000,000 by December 31, 2035?",0.19
paired,complement,no,5,"Will Bitcoin fail to reach $1,000,000 by December 31, 2035?",0.77
empty,joint_bounds,one,61,"Will Bitcoin reach $1,000,000 by December 31, 2035?",0.12
empty,joint_bounds,ten,61,"Will Bitcoin reach $10,000,000 by December 31, 2035?",0.03
empty,joint_bounds,both,61,"Will Bitcoin reach both $1,000,000 and $10,000,000 by December 31, 2035?",0.06
paired,partition,above,81,"Will Bitcoin's USD daily closing price on December 31, 2035 be above $1,000,000?",0.21
paired,partition,not_above,81,"Will Bitcoin's USD daily closing price on December 31, 2035 be at or below $1,000,000?",0.72
empty,complement,yes,48,"Will Bitcoin reach $1,000,000 by December 31, 2035?",0.11
empty,complement,no,48,"Will Bitcoin fail to reach $1,000,000 by December 31, 2035?",0.82
paired,joint_bounds,one,12,"Will Bitcoin reach $1,000,000 by December 31, 2035?",0.21
paired,joint_bounds,ten,12,"Will Bitcoin reach $10,000,000 by December 31, 2035?",0.04
paired,joint_bounds,both,12,"Will Bitcoin reach both $1,000,000 and $10,000,000 by December 31, 2035?",0.07
empty,partition,above,18,"Will Bitcoin's USD daily closing price on December 31, 2035 be above $1,000,000?",0.22
empty,partition,not_above,18,"Will Bitcoin's USD daily closing price on December 31, 2035 be at or below $1,000,000?",0.7
omitted,nested_threshold,lower,45,"Will Bitcoin reach $1,000,000 by December 31, 2035?",0.1
omitted,nested_threshold,higher,45,"Will Bitcoin reach $100,000,000 by December 31, 2035?",0.02
paired,joint_bounds,one,29,"Will Bitcoin reach $1,000,000 by December 31, 2035?",0.2
paired,joint_bounds,ten,29,"Will Bitcoin reach $10,000,000 by December 31, 2035?",0.04
paired,joint_bounds,both,29,"Will Bitcoin reach both $1,000,000 and $10,000,000 by December 31, 2035?",0.06
paired,joint_bounds,one,9,"Will Bitcoin reach $1,000,000 by December 31, 2035?",0.2
paired,joint_bounds,ten,9,"Will Bitcoin reach $10,000,000 by December 31, 2035?",0.04
paired,joint_bounds,both,9,"Will Bitcoin reach both $1,000,000 and $10,000,000 by December 31, 2035?",0.06
paired,nested_threshold,lower,89,"Will Bitcoin reach $1,000,000 by December 31, 2035?",0.12
paired,nested_threshold,higher,89,"Will Bitcoin reach $100,000,000 by December 31, 2035?",0.03
omitted,complement,yes,32,"Will Bitcoin reach $1,000,000 by December 31, 2035?",0.13
omitted,complement,no,32,"Will Bitcoin fail to reach $1,000,000 by December 31, 2035?",0.91
omitted,complement,yes,97,"Will Bitcoin reach $1,000,000 by December 31, 2035?",0.1
omitted,complement,no,97,"Will Bitcoin fail to reach $1,000,000 by December 31, 2035?",0.91
paired,complement,yes,45,"Will Bitcoin reach $1,000,000 by December 31, 2035?",0.2
paired,complement,no,45,"Will Bitcoin fail to reach $1,000,000 by December 31, 2035?",0.77
omitted,joint_bounds,one,36,"Will Bitcoin reach $1,000,000 by December 31, 2035?",0.1
omitted,joint_bounds,ten,36,"Will Bitcoin reach $10,000,000 by December 31, 2035?",0.03
omitted,joint_bounds,both,36,"Will Bitcoin reach both $1,000,000 and $10,000,000 by December 31, 2035?",0.04
omitted,joint_bounds,one,95,"Will Bitcoin reach $1,000,000 by December 31, 2035?",0.1
omitted,joint_bounds,ten,95,"Will Bitcoin reach $10,000,000 by December 31, 2035?",0.03
omitted,joint_bounds,both,95,"Will Bitcoin reach both $1,000,000 and $10,000,000 by December 31, 2035?",0.03
empty,nested_time,short,83,"Will Bitcoin reach $1,000,000 by December 31, 2030?",0.06
empty,nested_time,long,83,"Will Bitcoin reach $1,000,000 by December 31, 2035?",0.11
omitted,complement,yes,61,"Will Bitcoin reach $1,000,000 by December 31, 2035?",0.1
omitted,complement,no,61,"Will Bitcoin fail to reach $1,000,000 by December 31, 2035?",0.93
empty,joint_bounds,one,25,"Will Bitcoin reach $1,000,000 by December 31, 2035?",0.12
empty,joint_bounds,ten,25,"Will Bitcoin reach $10,000,000 by December 31, 2035?",0.04
empty,joint_bounds,both,25,"Will Bitcoin reach both $1,000,000 and $10,000,000 by December 31, 2035?",0.06
paired,partition,above,73,"Will Bitcoin's USD daily closing price on December 31, 2035 be above $1,000,000?",0.22
paired,partition,not_above,73,"Will Bitcoin's USD daily closing price on December 31, 2035 be at or below $1,000,000?",0.72
empty,complement,yes,32,"Will Bitcoin reach $1,000,000 by December 31, 2035?",0.1
empty,complement,no,32,"Will Bitcoin fail to reach $1,000,000 by December 31, 2035?",0.82
empty,joint_bounds,one,11,"Will Bitcoin reach $1,000,000 by December 31, 2035?",0.11
empty,joint_bounds,ten,11,"Will Bitcoin reach $10,000,000 by December 31, 2035?",0.03
empty,joint_bounds,both,11,"Will Bitcoin reach both $1,000,000 and $10,000,000 by December 31, 2035?",0.06
paired,complement,yes,55,"Will Bitcoin reach $1,000,000 by December 31, 2035?",0.19
paired,complement,no,55,"Will Bitcoin fail to reach $1,000,000 by December 31, 2035?",0.76
empty,nested_time,short,84,"Will Bitcoin reach $1,000,000 by December 31, 2030?",0.07
empty,nested_time,long,84,"Will Bitcoin reach $1,000,000 by December 31, 2035?",0.13
paired,nested_threshold,lower,53,"Will Bitcoin reach $1,000,000 by December 31, 2035?",0.13
paired,nested_threshold,higher,53,"Will Bitcoin reach $100,000,000 by December 31, 2035?",0.03
paired,nested_threshold,lower,27,"Will Bitcoin reach $1,000,000 by December 31, 2035?",0.13
paired,nested_threshold,higher,27,"Will Bitcoin reach $100,000,000 by December 31, 2035?",0.03
paired,nested_threshold,lower,5,"Will Bitcoin reach $1,000,000 by December 31, 2035?",0.13
paired,nested_threshold,higher,5,"Will Bitcoin reach $100,000,000 by December 31, 2035?",0.03
paired,joint_bounds,one,16,"Will Bitcoin reach $1,000,000 by December 31, 2035?",0.21
paired,joint_bounds,ten,16,"Will Bitcoin reach $10,000,000 by December 31, 2035?",0.04
paired,joint_bounds,both,16,"Will Bitcoin reach both $1,000,000 and $10,000,000 by December 31, 2035?",0.06
omitted,complement,yes,90,"Will Bitcoin reach $1,000,000 by December 31, 2035?",0.09
omitted,complement,no,90,"Will Bitcoin fail to reach $1,000,000 by December 31, 2035?",0.92
empty,complement,yes,53,"Will Bitcoin reach $1,000,000 by December 31, 2035?",0.12
empty,complement,no,53,"Will Bitcoin fail to reach $1,000,000 by December 31, 2035?",0.83
paired,nested_threshold,lower,66,"Will Bitcoin reach $1,000,000 by December 31, 2035?",0.1
paired,nested_threshold,higher,66,"Will Bitcoin reach $100,000,000 by December 31, 2035?",0.03
paired,partition,above,68,"Will Bitcoin's USD daily closing price on December 31, 2035 be above $1,000,000?",0.22
paired,partition,not_above,68,"Will Bitcoin's USD daily closing price on December 31, 2035 be at or below $1,000,000?",0.72
empty,nested_time,short,90,"Will Bitcoin reach $1,000,000 by December 31, 2030?",0.07
empty,nested_time,long,90,"Will Bitcoin reach $1,000,000 by December 31, 2035?",0.1
omitted,joint_bounds,one,26,"Will Bitcoin reach $1,000,000 by December 31, 2035?",0.09
omitted,joint_bounds,ten,26,"Will Bitcoin reach $10,000,000 by December 31, 2035?",0.03
omitted,joint_bounds,both,26,"Will Bitcoin reach both $1,000,000 and $10,000,000 by December 31, 2035?",0.03
paired,partition,above,26,"Will Bitcoin's USD daily closing price on December 31, 2035 be above $1,000,000?",0.21
paired,partition,not_above,26,"Will Bitcoin's USD daily closing price on December 31, 2035 be at or below $1,000,000?",0.72
omitted,nested_threshold,lower,98,"Will Bitcoin reach $1,000,000 by December 31, 2035?",0.07
omitted,nested_threshold,higher,98,"Will Bitcoin reach $100,000,000 by December 31, 2035?",0.02
omitted,nested_time,short,44,"Will Bitcoin reach $1,000,000 by December 31, 2030?",0.05
omitted,nested_time,long,44,"Will Bitcoin reach $1,000,000 by December 31, 2035?",0.11
paired,partition,above,59,"Will Bitcoin's USD daily closing price on December 31, 2035 be above $1,000,000?",0.19
paired,partition,not_above,59,"Will Bitcoin's USD daily closing price on December 31, 2035 be at or below $1,000,000?",0.72
paired,complement,yes,58,"Will Bitcoin reach $1,000,000 by December 31, 2035?",0.19
paired,complement,no,58,"Will Bitcoin fail to reach $1,000,000 by December 31, 2035?",0.78
empty,nested_threshold,lower,6,"Will Bitcoin reach $1,000,000 by December 31, 2035?",0.11
empty,nested_threshold,higher,6,"Will Bitcoin reach $100,000,000 by December 31, 2035?",0.03
omitted,partition,above,16,"Will Bitcoin's USD daily closing price on December 31, 2035 be above $1,000,000?",0.2
omitted,partition,not_above,16,"Will Bitcoin's USD daily closing price on December 31, 2035 be at or below $1,000,000?",0.77
empty,nested_threshold,lower,27,"Will Bitcoin reach $1,000,000 by December 31, 2035?",0.11
empty,nested_threshold,higher,27,"Will Bitcoin reach $100,000,000 by December 31, 2035?",0.03
paired,complement,yes,16,"Will Bitcoin reach $1,000,000 by December 31, 2035?",0.16
paired,complement,no,16,"Will Bitcoin fail to reach $1,000,000 by December 31, 2035?",0.76
omitted,joint_bounds,one,37,"Will Bitcoin reach $1,000,000 by December 31, 2035?",0.1
omitted,joint_bounds,ten,37,"Will Bitcoin reach $10,000,000 by December 31, 2035?",0.03
omitted,joint_bounds,both,37,"Will Bitcoin reach both $1,000,000 and $10,000,000 by December 31, 2035?",0.03
omitted,partition,above,37,"Will Bitcoin's USD daily closing price on December 31, 2035 be above $1,000,000?",0.21
omitted,partition,not_above,37,"Will Bitcoin's USD daily closing price on December 31, 2035 be at or below $1,000,000?",0.75
empty,partition,above,17,"Will Bitcoin's USD daily closing price on December 31, 2035 be above $1,000,000?",0.19
empty,partition,not_above,17,"Will Bitcoin's USD daily closing price on December 31, 2035 be at or below $1,000,000?",0.71
omitted,nested_time,short,81,"Will Bitcoin reach $1,000,000 by December 31, 2030?",0.05
omitted,nested_time,long,81,"Will Bitcoin reach $1,000,000 by December 31, 2035?",0.13
empty,complement,yes,98,"Will Bitcoin reach $1,000,000 by December 31, 2035?",0.12
empty,complement,no,98,"Will Bitcoin fail to reach $1,000,000 by December 31, 2035?",0.83
paired,nested_threshold,lower,85,"Will Bitcoin reach $1,000,000 by December 31, 2035?",0.12
paired,nested_threshold,higher,85,"Will Bitcoin reach $100,000,000 by December 31, 2035?",0.03
empty,partition,above,26,"Will Bitcoin's USD daily closing price on December 31, 2035 be above $1,000,000?",0.21
empty,partition,not_above,26,"Will Bitcoin's USD daily closing price on December 31, 2035 be at or below $1,000,000?",0.71
paired,complement,yes,92,"Will Bitcoin reach $1,000,000 by December 31, 2035?",0.18
paired,complement,no,92,"Will Bitcoin fail to reach $1,000,000 by December 31, 2035?",0.79
empty,nested_threshold,lower,84,"Will Bitcoin reach $1,000,000 by December 31, 2035?",0.11
empty,nested_threshold,higher,84,"Will Bitcoin reach $100,000,000 by December 31, 2035?",0.03
paired,joint_bounds,one,45,"Will Bitcoin reach $1,000,000 by December 31, 2035?",0.2
paired,joint_bounds,ten,45,"Will Bitcoin reach $10,000,000 by December 31, 2035?",0.03
paired,joint_bounds,both,45,"Will Bitcoin reach both $1,000,000 and $10,000,000 by December 31, 2035?",0.07
paired,nested_time,short,79,"Will Bitcoin reach $1,000,000 by December 31, 2030?",0.06
paired,nested_time,long,79,"Will Bitcoin reach $1,000,000 by December 31, 2035?",0.13
paired,complement,yes,75,"Will Bitcoin reach $1,000,000 by December 31, 2035?",0.22
paired,complement,no,75,"Will Bitcoin fail to reach $1,000,000 by December 31, 2035?",0.77
paired,joint_bounds,one,27,"Will Bitcoin reach $1,000,000 by December 31, 2035?",0.2
paired,joint_bounds,ten,27,"Will Bitcoin reach $10,000,000 by December 31, 2035?",0.04
paired,joint_bounds,both,27,"Will Bitcoin reach both $1,000,000 and $10,000,000 by December 31, 2035?",0.08
paired,partition,above,64,"Will Bitcoin's USD daily closing price on December 31, 2035 be above $1,000,000?",0.22
paired,partition,not_above,64,"Will Bitcoin's USD daily closing price on December 31, 2035 be at or below $1,000,000?",0.75
paired,joint_bounds,one,50,"Will Bitcoin reach $1,000,000 by December 31, 2035?",0.2
paired,joint_bounds,ten,50,"Will Bitcoin reach $10,000,000 by December 31, 2035?",0.04
paired,joint_bounds,both,50,"Will Bitcoin reach both $1,000,000 and $10,000,000 by December 31, 2035?",0.07
paired,joint_bounds,one,31,"Will Bitcoin reach $1,000,000 by December 31, 2035?",0.2
paired,joint_bounds,ten,31,"Will Bitcoin reach $10,000,000 by December 31, 2035?",0.04
paired,joint_bounds,both,31,"Will Bitcoin reach both $1,000,000 and $10,000,000 by December 31, 2035?",0.07
empty,nested_threshold,lower,48,"Will Bitcoin reach $1,000,000 by December 31, 2035?",0.12
empty,nested_threshold,higher,48,"Will Bitcoin reach $100,000,000 by December 31, 2035?",0.04
paired,partition,above,39,"Will Bitcoin's USD daily closing price on December 31, 2035 be above $1,000,000?",0.23
paired,partition,not_above,39,"Will Bitcoin's USD daily closing price on December 31, 2035 be at or below $1,000,000?",0.74
paired,joint_bounds,one,42,"Will Bitcoin reach $1,000,000 by December 31, 2035?",0.19
paired,joint_bounds,ten,42,"Will Bitcoin reach $10,000,000 by December 31, 2035?",0.04
paired,joint_bounds,both,42,"Will Bitcoin reach both $1,000,000 and $10,000,000 by December 31, 2035?",0.07
omitted,nested_time,short,29,"Will Bitcoin reach $1,000,000 by December 31, 2030?",0.05
omitted,nested_time,long,29,"Will Bitcoin reach $1,000,000 by December 31, 2035?",0.1
paired,nested_threshold,lower,38,"Will Bitcoin reach $1,000,000 by December 31, 2035?",0.12
paired,nested_threshold,higher,38,"Will Bitcoin reach $100,000,000 by December 31, 2035?",0.03
omitted,nested_time,short,4,"Will Bitcoin reach $1,000,000 by December 31, 2030?",0.05
omitted,nested_time,long,4,"Will Bitcoin reach $1,000,000 by December 31, 2035?",0.09
empty,nested_time,short,23,"Will Bitcoin reach $1,000,000 by December 31, 2030?",0.06
empty,nested_time,long,23,"Will Bitcoin reach $1,000,000 by December 31, 2035?",0.12
empty,joint_bounds,one,39,"Will Bitcoin reach $1,000,000 by December 31, 2035?",0.12
empty,joint_bounds,ten,39,"Will Bitcoin reach $10,000,000 by December 31, 2035?",0.04
empty,joint_bounds,both,39,"Will Bitcoin reach both $1,000,000 and $10,000,000 by December 31, 2035?",0.06
omitted,joint_bounds,one,58,"Will Bitcoin reach $1,000,000 by December 31, 2035?",0.1
omitted,joint_bounds,ten,58,"Will Bitcoin reach $10,000,000 by December 31, 2035?",0.03
omitted,joint_bounds,both,58,"Will Bitcoin reach both $1,000,000 and $10,000,000 by December 31, 2035?",0.03
empty,joint_bounds,one,37,"Will Bitcoin reach $1,000,000 by December 31, 2035?",0.11
empty,joint_bounds,ten,37,"Will Bitcoin reach $10,000,000 by December 31, 2035?",0.03
empty,joint_bounds,both,37,"Will Bitcoin reach both $1,000,000 and $10,000,000 by December 31, 2035?",0.06
omitted,joint_bounds,one,85,"Will Bitcoin reach $1,000,000 by December 31, 2035?",0.11
omitted,joint_bounds,ten,85,"Will Bitcoin reach $10,000,000 by December 31, 2035?",0.03
omitted,joint_bounds,both,85,"Will Bitcoin reach both $1,000,000 and $10,000,000 by December 31, 2035?",0.03
paired,nested_time,short,66,"Will Bitcoin reach $1,000,000 by December 31, 2030?",0.06
paired,nested_time,long,66,"Will Bitcoin reach $1,000,000 by December 31, 2035?",0.13
omitted,partition,above,22,"Will Bitcoin's USD daily closing price on December 31, 2035 be above $1,000,000?",0.2
omitted,partition,not_above,22,"Will Bitcoin's USD daily closing price on December 31, 2035 be at or below $1,000,000?",0.75
paired,nested_threshold,lower,57,"Will Bitcoin reach $1,000,000 by December 31, 2035?",0.12
paired,nested_threshold,higher,57,"Will Bitcoin reach $100,000,000 by December 31, 2035?",0.03
empty,complement,yes,19,"Will Bitcoin reach $1,000,000 by December 31, 2035?",0.1
empty,complement,no,19,"Will Bitcoin fail to reach $1,000,000 by December 31, 2035?",0.83
omitted,nested_threshold,lower,38,"Will Bitcoin reach $1,000,000 by December 31, 2035?",0.1
omitted,nested_threshold,higher,38,"Will Bitcoin reach $100,000,000 by December 31, 2035?",0.02
empty,nested_time,short,80,"Will Bitcoin reach $1,000,000 by December 31, 2030?",0.06
empty,nested_time,long,80,"Will Bitcoin reach $1,000,000 by December 31, 2035?",0.11
omitted,complement,yes,79,"Will Bitcoin reach $1,000,000 by December 31, 2035?",0.12
omitted,complement,no,79,"Will Bitcoin fail to reach $1,000,000 by December 31, 2035?",0.92
empty,joint_bounds,one,77,"Will Bitcoin reach $1,000,000 by December 31, 2035?",0.11
empty,joint_bounds,ten,77,"Will Bitcoin reach $10,000,000 by December 31, 2035?",0.03
empty,joint_bounds,both,77,"Will Bitcoin reach both $1,000,000 and $10,000,000 by December 31, 2035?",0.08
omitted,nested_threshold,lower,16,"Will Bitcoin reach $1,000,000 by December 31, 2035?",0.09
omitted,nested_threshold,higher,16,"Will Bitcoin reach $100,000,000 by December 31, 2035?",0.02
omitted,partition,above,100,"Will Bitcoin's USD daily closing price on December 31, 2035 be above $1,000,000?",0.2
omitted,partition,not_above,100,"Will Bitcoin's USD daily closing price on December 31, 2035 be at or below $1,000,000?",0.77
omitted,complement,yes,85,"Will Bitcoin reach $1,000,000 by December 31, 2035?",0.09
omitted,complement,no,85,"Will Bitcoin fail to reach $1,000,000 by December 31, 2035?",0.9
empty,joint_bounds,one,24,"Will Bitcoin reach $1,000,000 by December 31, 2035?",0.13
empty,joint_bounds,ten,24,"Will Bitcoin reach $10,000,000 by December 31, 2035?",0.03
empty,joint_bounds,both,24,"Will Bitcoin reach both $1,000,000 and $10,000,000 by December 31, 2035?",0.06
omitted,joint_bounds,one,42,"Will Bitcoin reach $1,000,000 by December 31, 2035?",0.13
omitted,joint_bounds,ten,42,"Will Bitcoin reach $10,000,000 by December 31, 2035?",0.03
omitted,joint_bounds,both,42,"Will Bitcoin reach both $1,000,000 and $10,000,000 by December 31, 2035?",0.04
paired,complement,yes,10,"Will Bitcoin reach $1,000,000 by December 31, 2035?",0.21
paired,complement,no,10,"Will Bitcoin fail to reach $1,000,000 by December 31, 2035?",0.76
empty,nested_threshold,lower,24,"Will Bitcoin reach $1,000,000 by December 31, 2035?",0.1
empty,nested_threshold,higher,24,"Will Bitcoin reach $100,000,000 by December 31, 2035?",0.03
paired,partition,above,94,"Will Bitcoin's USD daily closing price on December 31, 2035 be above $1,000,000?",0.25
paired,partition,not_above,94,"Will Bitcoin's USD daily closing price on December 31, 2035 be at or below $1,000,000?",0.73
paired,partition,above,74,"Will Bitcoin's USD daily closing price on December 31, 2035 be above $1,000,000?",0.24
paired,partition,not_above,74,"Will Bitcoin's USD daily closing price on December 31, 2035 be at or below $1,000,000?",0.73
empty,joint_bounds,one,76,"Will Bitcoin reach $1,000,000 by December 31, 2035?",0.11
empty,joint_bounds,ten,76,"Will Bitcoin reach $10,000,000 by December 31, 2035?",0.03
empty,joint_bounds,both,76,"Will Bitcoin reach both $1,000,000 and $10,000,000 by December 31, 2035?",0.06
paired,joint_bounds,one,79,"Will Bitcoin reach $1,000,000 by December 31, 2035?",0.17
paired,joint_bounds,ten,79,"Will Bitcoin reach $10,000,000 by December 31, 2035?",0.04
paired,joint_bounds,both,79,"Will Bitcoin reach both $1,000,000 and $10,000,000 by December 31, 2035?",0.07
omitted,nested_time,short,6,"Will Bitcoin reach $1,000,000 by December 31, 2030?",0.05
omitted,nested_time,long,6,"Will Bitcoin reach $1,000,000 by December 31, 2035?",0.1
paired,nested_threshold,lower,17,"Will Bitcoin reach $1,000,000 by December 31, 2035?",0.13
paired,nested_threshold,higher,17,"Will Bitcoin reach $100,000,000 by December 31, 2035?",0.03
empty,partition,above,20,"Will Bitcoin's USD daily closing price on December 31, 2035 be above $1,000,000?",0.2
empty,partition,not_above,20,"Will Bitcoin's USD daily closing price on December 31, 2035 be at or below $1,000,000?",0.72
paired,joint_bounds,one,81,"Will Bitcoin reach $1,000,000 by December 31, 2035?",0.2
paired,joint_bounds,ten,81,"Will Bitcoin reach $10,000,000 by December 31, 2035?",0.04
paired,joint_bounds,both,81,"Will Bitcoin reach both $1,000,000 and $10,000,000 by December 31, 2035?",0.07
empty,partition,above,25,"Will Bitcoin's USD daily closing price on December 31, 2035 be above $1,000,000?",0.21
empty,partition,not_above,25,"Will Bitcoin's USD daily closing price on December 31, 2035 be at or below $1,000,000?",0.71
empty,partition,above,92,"Will Bitcoin's USD daily closing price on December 31, 2035 be above $1,000,000?",0.19
empty,partition,not_above,92,"Will Bitcoin's USD daily closing price on December 31, 2035 be at or below $1,000,000?",0.71
omitted,nested_threshold,lower,59,"Will Bitcoin reach $1,000,000 by December 31, 2035?",0.1
omitted,nested_threshold,higher,59,"Will Bitcoin reach $100,000,000 by December 31, 2035?",0.02
paired,nested_time,short,13,"Will Bitcoin reach $1,000,000 by December 31, 2030?",0.06
paired,nested_time,long,13,"Will Bitcoin reach $1,000,000 by December 31, 2035?",0.12
omitted,complement,yes,70,"Will Bitcoin reach $1,000,000 by December 31, 2035?",0.09
omitted,complement,no,70,"Will Bitcoin fail to reach $1,000,000 by December 31, 2035?",0.91
omitted,joint_bounds,one,40,"Will Bitcoin reach $1,000,000 by December 31, 2035?",0.11
omitted,joint_bounds,ten,40,"Will Bitcoin reach $10,000,000 by December 31, 2035?",0.03
omitted,joint_bounds,both,40,"Will Bitcoin reach both $1,000,000 and $10,000,000 by December 31, 2035?",0.03
omitted,joint_bounds,one,31,"Will Bitcoin reach $1,000,000 by December 31, 2035?",0.1
omitted,joint_bounds,ten,31,"Will Bitcoin reach $10,000,000 by December 31, 2035?",0.03
omitted,joint_bounds,both,31,"Will Bitcoin reach both $1,000,000 and $10,000,000 by December 31, 2035?",0.03
paired,complement,yes,9,"Will Bitcoin reach $1,000,000 by December 31, 2035?",0.19
paired,complement,no,9,"Will Bitcoin fail to reach $1,000,000 by December 31, 2035?",0.77
empty,nested_time,short,39,"Will Bitcoin reach $1,000,000 by December 31, 2030?",0.06
empty,nested_time,long,39,"Will Bitcoin reach $1,000,000 by December 31, 2035?",0.11
empty,partition,above,1,"Will Bitcoin's USD daily closing price on December 31, 2035 be above $1,000,000?",0.17
empty,partition,not_above,1,"Will Bitcoin's USD daily closing price on December 31, 2035 be at or below $1,000,000?",0.72
empty,joint_bounds,one,98,"Will Bitcoin reach $1,000,000 by December 31, 2035?",0.11
empty,joint_bounds,ten,98,"Will Bitcoin reach $10,000,000 by December 31, 2035?",0.04
empty,joint_bounds,both,98,"Will Bitcoin reach both $1,000,000 and $10,000,000 by December 31, 2035?",0.05
empty,nested_threshold,lower,2,"Will Bitcoin reach $1,000,000 by December 31, 2035?",0.11
empty,nested_threshold,higher,2,"Will Bitcoin reach $100,000,000 by December 31, 2035?",0.03
paired,partition,above,40,"Will Bitcoin's USD daily closing price on December 31, 2035 be above $1,000,000?",0.24
paired,partition,not_above,40,"Will Bitcoin's USD daily closing price on December 31, 2035 be at or below $1,000,000?",0.73
omitted,partition,above,89,"Will Bitcoin's USD daily closing price on December 31, 2035 be above $1,000,000?",0.21
omitted,partition,not_above,89,"Will Bitcoin's USD daily closing price on December 31, 2035 be at or below $1,000,000?",0.78
empty,nested_time,short,22,"Will Bitcoin reach $1,000,000 by December 31, 2030?",0.06
empty,nested_time,long,22,"Will Bitcoin reach $1,000,000 by December 31, 2035?",0.11
empty,partition,above,33,"Will Bitcoin's USD daily closing price on December 31, 2035 be above $1,000,000?",0.23
empty,partition,not_above,33,"Will Bitcoin's USD daily closing price on December 31, 2035 be at or below $1,000,000?",0.72
omitted,joint_bounds,one,53,"Will Bitcoin reach $1,000,000 by December 31, 2035?",0.1
omitted,joint_bounds,ten,53,"Will Bitcoin reach $10,000,000 by December 31, 2035?",0.03
omitted,joint_bounds,both,53,"Will Bitcoin reach both $1,000,000 and $10,000,000 by December 31, 2035?",0.03
paired,joint_bounds,one,97,"Will Bitcoin reach $1,000,000 by December 31, 2035?",0.21
paired,joint_bounds,ten,97,"Will Bitcoin reach $10,000,000 by December 31, 2035?",0.04
paired,joint_bounds,both,97,"Will Bitcoin reach both $1,000,000 and $10,000,000 by December 31, 2035?",0.06
empty,nested_threshold,lower,81,"Will Bitcoin reach $1,000,000 by December 31, 2035?",0.11
empty,nested_threshold,higher,81,"Will Bitcoin reach $100,000,000 by December 31, 2035?",0.03
paired,nested_threshold,lower,81,"Will Bitcoin reach $1,000,000 by December 31, 2035?",0.13
paired,nested_threshold,higher,81,"Will Bitcoin reach $100,000,000 by December 31, 2035?",0.03
omitted,nested_time,short,36,"Will Bitcoin reach $1,000,000 by December 31, 2030?",0.05
omitted,nested_time,long,36,"Will Bitcoin reach $1,000,000 by December 31, 2035?",0.11
paired,nested_time,short,71,"Will Bitcoin reach $1,000,000 by December 31, 2030?",0.06
paired,nested_time,long,71,"Will Bitcoin reach $1,000,000 by December 31, 2035?",0.13
empty,nested_threshold,lower,23,"Will Bitcoin reach $1,000,000 by December 31, 2035?",0.09
empty,nested_threshold,higher,23,"Will Bitcoin reach $100,000,000 by December 31, 2035?",0.03
paired,complement,yes,97,"Will Bitcoin reach $1,000,000 by December 31, 2035?",0.18
paired,complement,no,97,"Will Bitcoin fail to reach $1,000,000 by December 31, 2035?",0.77
omitted,complement,yes,20,"Will Bitcoin reach $1,000,000 by December 31, 2035?",0.09
omitted,complement,no,20,"Will Bitcoin fail to reach $1,000,000 by December 31, 2035?",0.93
paired,complement,yes,3,"Will Bitcoin reach $1,000,000 by December 31, 2035?",0.19
paired,complement,no,3,"Will Bitcoin fail to reach $1,000,000 by December 31, 2035?",0.76
empty,nested_threshold,lower,72,"Will Bitcoin reach $1,000,000 by December 31, 2035?",0.09
empty,nested_threshold,higher,72,"Will Bitcoin reach $100,000,000 by December 31, 2035?",0.04
omitted,complement,yes,5,"Will Bitcoin reach $1,000,000 by December 31, 2035?",0.11
omitted,complement,no,5,"Will Bitcoin fail to reach $1,000,000 by December 31, 2035?",0.92
omitted,joint_bounds,one,20,"Will Bitcoin reach $1,000,000 by December 31, 2035?",0.09
omitted,joint_bounds,ten,20,"Will Bitcoin reach $10,000,000 by December 31, 2035?",0.02
omitted,joint_bounds,both,20,"Will Bitcoin reach both $1,000,000 and $10,000,000 by December 31, 2035?",0.03
omitted,partition,above,69,"Will Bitcoin's USD daily closing price on December 31, 2035 be above $1,000,000?",0.21
omitted,partition,not_above,69,"Will Bitcoin's USD daily closing price on December 31, 2035 be at or below $1,000,000?",0.79
paired,joint_bounds,one,3,"Will Bitcoin reach $1,000,000 by December 31, 2035?",0.21
paired,joint_bounds,ten,3,"Will Bitcoin reach $10,000,000 by December 31, 2035?",0.04
paired,joint_bounds,both,3,"Will Bitcoin reach both $1,000,000 and $10,000,000 by December 31, 2035?",0.06
paired,partition,above,49,"Will Bitcoin's USD daily closing price on December 31, 2035 be above $1,000,000?",0.22
paired,partition,not_above,49,"Will Bitcoin's USD daily closing price on December 31, 2035 be at or below $1,000,000?",0.73
omitted,nested_threshold,lower,22,"Will Bitcoin reach $1,000,000 by December 31, 2035?",0.1
omitted,nested_threshold,higher,22,"Will Bitcoin reach $100,000,000 by December 31, 2035?",0.02
omitted,partition,above,94,"Will Bitcoin's USD daily closing price on December 31, 2035 be above $1,000,000?",0.2
omitted,partition,not_above,94,"Will Bitcoin's USD daily closing price on December 31, 2035 be at or below $1,000,000?",0.78
omitted,nested_threshold,lower,44,"Will Bitcoin reach $1,000,000 by December 31, 2035?",0.1
omitted,nested_threshold,higher,44,"Will Bitcoin reach $100,000,000 by December 31, 2035?",0.02
empty,complement,yes,66,"Will Bitcoin reach $1,000,000 by December 31, 2035?",0.1
empty,complement,no,66,"Will Bitcoin fail to reach $1,000,000 by December 31, 2035?",0.84
paired,partition,above,83,"Will Bitcoin's USD daily closing price on December 31, 2035 be above $1,000,000?",0.23
paired,partition,not_above,83,"Will Bitcoin's USD daily closing price on December 31, 2035 be at or below $1,000,000?",0.73
omitted,joint_bounds,one,24,"Will Bitcoin reach $1,000,000 by December 31, 2035?",0.1
omitted,joint_bounds,ten,24,"Will Bitcoin reach $10,000,000 by December 31, 2035?",0.03
omitted,joint_bounds,both,24,"Will Bitcoin reach both $1,000,000 and $10,000,000 by December 31, 2035?",0.04
paired,partition,above,8,"Will Bitcoin's USD daily closing price on December 31, 2035 be above $1,000,000?",0.21
paired,partition,not_above,8,"Will Bitcoin's USD daily closing price on December 31, 2035 be at or below $1,000,000?",0.74
empty,complement,yes,4,"Will Bitcoin reach $1,000,000 by December 31, 2035?",0.11
empty,complement,no,4,"Will Bitcoin fail to reach $1,000,000 by December 31, 2035?",0.83
paired,nested_threshold,lower,47,"Will Bitcoin reach $1,000,000 by December 31, 2035?",0.13
paired,nested_threshold,higher,47,"Will Bitcoin reach $100,000,000 by December 31, 2035?",0.03
paired,complement,yes,47,"Will Bitcoin reach $1,000,000 by December 31, 2035?",0.18
paired,complement,no,47,"Will Bitcoin fail to reach $1,000,000 by December 31, 2035?",0.77
omitted,nested_threshold,lower,4,"Will Bitcoin reach $1,000,000 by December 31, 2035?",0.13
omitted,nested_threshold,higher,4,"Will Bitcoin reach $100,000,000 by December 31, 2035?",0.02
empty,complement,yes,61,"Will Bitcoin reach $1,000,000 by December 31, 2035?",0.11
empty,complement,no,61,"Will Bitcoin fail to reach $1,000,000 by December 31, 2035?",0.83
empty,nested_threshold,lower,94,"Will Bitcoin reach $1,000,000 by December 31, 2035?",0.12
empty,nested_threshold,higher,94,"Will Bitcoin reach $100,000,000 by December 31, 2035?",0.04
omitted,nested_threshold,lower,64,"Will Bitcoin reach $1,000,000 by December 31, 2035?",0.1
omitted,nested_threshold,higher,64,"Will Bitcoin reach $100,000,000 by December 31, 2035?",0.02
empty,nested_threshold,lower,35,"Will Bitcoin reach $1,000,000 by December 31, 2035?",0.11
empty,nested_threshold,higher,35,"Will Bitcoin reach $100,000,000 by December 31, 2035?",0.03
paired,nested_threshold,lower,59,"Will Bitcoin reach $1,000,000 by December 31, 2035?",0.13
paired,nested_threshold,higher,59,"Will Bitcoin reach $100,000,000 by December 31, 2035?",0.03
paired,partition,above,96,"Will Bitcoin's USD daily closing price on December 31, 2035 be above $1,000,000?",0.24
paired,partition,not_above,96,"Will Bitcoin's USD daily closing price on December 31, 2035 be at or below $1,000,000?",0.74
empty,partition,above,11,"Will Bitcoin's USD daily closing price on December 31, 2035 be above $1,000,000?",0.2
empty,partition,not_above,11,"Will Bitcoin's USD daily closing price on December 31, 2035 be at or below $1,000,000?",0.72
empty,nested_threshold,lower,22,"Will Bitcoin reach $1,000,000 by December 31, 2035?",0.1
empty,nested_threshold,higher,22,"Will Bitcoin reach $100,000,000 by December 31, 2035?",0.03
empty,nested_threshold,lower,60,"Will Bitcoin reach $1,000,000 by December 31, 2035?",0.11
empty,nested_threshold,higher,60,"Will Bitcoin reach $100,000,000 by December 31, 2035?",0.03
empty,complement,yes,90,"Will Bitcoin reach $1,000,000 by December 31, 2035?",0.12
empty,complement,no,90,"Will Bitcoin fail to reach $1,000,000 by December 31, 2035?",0.81
paired,complement,yes,80,"Will Bitcoin reach $1,000,000 by December 31, 2035?",0.21
paired,complement,no,80,"Will Bitcoin fail to reach $1,000,000 by December 31, 2035?",0.78
empty,joint_bounds,one,47,"Will Bitcoin reach $1,000,000 by December 31, 2035?",0.1
empty,joint_bounds,ten,47,"Will Bitcoin reach $10,000,000 by December 31, 2035?",0.03
empty,joint_bounds,both,47,"Will Bitcoin reach both $1,000,000 and $10,000,000 by December 31, 2035?",0.06
paired,complement,yes,52,"Will Bitcoin reach $1,000,000 by December 31, 2035?",0.21
paired,complement,no,52,"Will Bitcoin fail to reach $1,000,000 by December 31, 2035?",0.76
empty,partition,above,52,"Will Bitcoin's USD daily closing price on December 31, 2035 be above $1,000,000?",0.19
empty,partition,not_above,52,"Will Bitcoin's USD daily closing price on December 31, 2035 be at or below $1,000,000?",0.73
empty,partition,above,83,"Will Bitcoin's USD daily closing price on December 31, 2035 be above $1,000,000?",0.19
empty,partition,not_above,83,"Will Bitcoin's USD daily closing price on December 31, 2035 be at or below $1,000,000?",0.72
omitted,nested_time,short,91,"Will Bitcoin reach $1,000,000 by December 31, 2030?",0.05
omitted,nested_time,long,91,"Will Bitcoin reach $1,000,000 by December 31, 2035?",0.12
paired,partition,above,58,"Will Bitcoin's USD daily closing price on December 31, 2035 be above $1,000,000?",0.24
paired,partition,not_above,58,"Will Bitcoin's USD daily closing price on December 31, 2035 be at or below $1,000,000?",0.73
empty,joint_bounds,one,53,"Will Bitcoin reach $1,000,000 by December 31, 2035?",0.11
empty,joint_bounds,ten,53,"Will Bitcoin reach $10,000,000 by December 31, 2035?",0.03
empty,joint_bounds,both,53,"Will Bitcoin reach both $1,000,000 and $10,000,000 by December 31, 2035?",0.07
omitted,partition,above,19,"Will Bitcoin's USD daily closing price on December 31, 2035 be above $1,000,000?",0.22
omitted,partition,not_above,19,"Will Bitcoin's USD daily closing price on December 31, 2035 be at or below $1,000,000?",0.77
empty,joint_bounds,one,51,"Will Bitcoin reach $1,000,000 by December 31, 2035?",0.12
empty,joint_bounds,ten,51,"Will Bitcoin reach $10,000,000 by December 31, 2035?",0.03
empty,joint_bounds,both,51,"Will Bitcoin reach both $1,000,000 and $10,000,000 by December 31, 2035?",0.06
empty,nested_threshold,lower,95,"Will Bitcoin reach $1,000,000 by December 31, 2035?",0.1
empty,nested_threshold,higher,95,"Will Bitcoin reach $100,000,000 by December 31, 2035?",0.03
paired,complement,yes,35,"Will Bitcoin reach $1,000,000 by December 31, 2035?",0.16
paired,complement,no,35,"Will Bitcoin fail to reach $1,000,000 by December 31, 2035?",0.77
empty,complement,yes,43,"Will Bitcoin reach $1,000,000 by December 31, 2035?",0.11
empty,complement,no,43,"Will Bitcoin fail to reach $1,000,000 by December 31, 2035?",0.82
empty,partition,above,54,"Will Bitcoin's USD daily closing price on December 31, 2035 be above $1,000,000?",0.19
empty,partition,not_above,54,"Will Bitcoin's USD daily closing price on December 31, 2035 be at or below $1,000,000?",0.71
omitted,nested_threshold,lower,39,"Will Bitcoin reach $1,000,000 by December 31, 2035?",0.09
omitted,nested_threshold,higher,39,"Will Bitcoin reach $100,000,000 by December 31, 2035?",0.02
omitted,complement,yes,72,"Will Bitcoin reach $1,000,000 by December 31, 2035?",0.1
omitted,complement,no,72,"Will Bitcoin fail to reach $1,000,000 by December 31, 2035?",0.93
paired,nested_time,short,99,"Will Bitcoin reach $1,000,000 by December 31, 2030?",0.06
paired,nested_time,long,99,"Will Bitcoin reach $1,000,000 by December 31, 2035?",0.14
paired,joint_bounds,one,80,"Will Bitcoin reach $1,000,000 by December 31, 2035?",0.22
paired,joint_bounds,ten,80,"Will Bitcoin reach $10,000,000 by December 31, 2035?",0.05
paired,joint_bounds,both,80,"Will Bitcoin reach both $1,000,000 and $10,000,000 by December 31, 2035?",0.06
empty,nested_time,short,67,"Will Bitcoin reach $1,000,000 by December 31, 2030?",0.06
empty,nested_time,long,67,"Will Bitcoin reach $1,000,000 by December 31, 2035?",0.12
empty,nested_threshold,lower,63,"Will Bitcoin reach $1,000,000 by December 31, 2035?",0.1
empty,nested_threshold,higher,63,"Will Bitcoin reach $100,000,000 by December 31, 2035?",0.03
paired,nested_time,short,18,"Will Bitcoin reach $1,000,000 by December 31, 2030?",0.06
paired,nested_time,long,18,"Will Bitcoin reach $1,000,000 by December 31, 2035?",0.14
paired,nested_threshold,lower,35,"Will Bitcoin reach $1,000,000 by December 31, 2035?",0.12
paired,nested_threshold,higher,35,"Will Bitcoin reach $100,000,000 by December 31, 2035?",0.03
empty,complement,yes,42,"Will Bitcoin reach $1,000,000 by December 31, 2035?",0.12
empty,complement,no,42,"Will Bitcoin fail to reach $1,000,000 by December 31, 2035?",0.83
paired,joint_bounds,one,23,"Will Bitcoin reach $1,000,000 by December 31, 2035?",0.21
paired,joint_bounds,ten,23,"Will Bitcoin reach $10,000,000 by December 31, 2035?",0.04
paired,joint_bounds,both,23,"Will Bitcoin reach both $1,000,000 and $10,000,000 by December 31, 2035?",0.07
omitted,nested_time,short,50,"Will Bitcoin reach $1,000,000 by December 31, 2030?",0.05
omitted,nested_time,long,50,"Will Bitcoin reach $1,000,000 by December 31, 2035?",0.11
paired,partition,above,90,"Will Bitcoin's USD daily closing price on December 31, 2035 be above $1,000,000?",0.22
paired,partition,not_above,90,"Will Bitcoin's USD daily closing price on December 31, 2035 be at or below $1,000,000?",0.75
paired,partition,above,28,"Will Bitcoin's USD daily closing price on December 31, 2035 be above $1,000,000?",0.23
paired,partition,not_above,28,"Will Bitcoin's USD daily closing price on December 31, 2035 be at or below $1,000,000?",0.72
paired,partition,above,76,"Will Bitcoin's USD daily closing price on December 31, 2035 be above $1,000,000?",0.21
paired,partition,not_above,76,"Will Bitcoin's USD daily closing price on December 31, 2035 be at or below $1,000,000?",0.74
omitted,partition,above,36,"Will Bitcoin's USD daily closing price on December 31, 2035 be above $1,000,000?",0.19
omitted,partition,not_above,36,"Will Bitcoin's USD daily closing price on December 31, 2035 be at or below $1,000,000?",0.74
paired,complement,yes,69,"Will Bitcoin reach $1,000,000 by December 31, 2035?",0.2
paired,complement,no,69,"Will Bitcoin fail to reach $1,000,000 by December 31, 2035?",0.78
paired,joint_bounds,one,85,"Will Bitcoin reach $1,000,000 by December 31, 2035?",0.2
paired,joint_bounds,ten,85,"Will Bitcoin reach $10,000,000 by December 31, 2035?",0.04
paired,joint_bounds,both,85,"Will Bitcoin reach both $1,000,000 and $10,000,000 by December 31, 2035?",0.07
omitted,partition,above,41,"Will Bitcoin's USD daily closing price on December 31, 2035 be above $1,000,000?",0.2
omitted,partition,not_above,41,"Will Bitcoin's USD daily closing price on December 31, 2035 be at or below $1,000,000?",0.77
empty,nested_time,short,49,"Will Bitcoin reach $1,000,000 by December 31, 2030?",0.08
empty,nested_time,long,49,"Will Bitcoin reach $1,000,000 by December 31, 2035?",0.12
omitted,complement,yes,65,"Will Bitcoin reach $1,000,000 by December 31, 2035?",0.1
omitted,complement,no,65,"Will Bitcoin fail to reach $1,000,000 by December 31, 2035?",0.92
empty,nested_threshold,lower,68,"Will Bitcoin reach $1,000,000 by December 31, 2035?",0.1
empty,nested_threshold,higher,68,"Will Bitcoin reach $100,000,000 by December 31, 2035?",0.03
omitted,nested_threshold,lower,36,"Will Bitcoin reach $1,000,000 by December 31, 2035?",0.11
omitted,nested_threshold,higher,36,"Will Bitcoin reach $100,000,000 by December 31, 2035?",0.02
empty,complement,yes,6,"Will Bitcoin reach $1,000,000 by December 31, 2035?",0.11
empty,complement,no,6,"Will Bitcoin fail to reach $1,000,000 by December 31, 2035?",0.83
paired,nested_threshold,lower,55,"Will Bitcoin reach $1,000,000 by December 31, 2035?",0.13
paired,nested_threshold,higher,55,"Will Bitcoin reach $100,000,000 by December 31, 2035?",0.03
empty,complement,yes,39,"Will Bitcoin reach $1,000,000 by December 31, 2035?",0.1
empty,complement,no,39,"Will Bitcoin fail to reach $1,000,000 by December 31, 2035?",0.82
omitted,nested_threshold,lower,81,"Will Bitcoin reach $1,000,000 by December 31, 2035?",0.09
omitted,nested_threshold,higher,81,"Will Bitcoin reach $100,000,000 by December 31, 2035?",0.02
omitted,complement,yes,28,"Will Bitcoin reach $1,000,000 by December 31, 2035?",0.09
omitted,complement,no,28,"Will Bitcoin fail to reach $1,000,000 by December 31, 2035?",0.92
empty,partition,above,47,"Will Bitcoin's USD daily closing price on December 31, 2035 be above $1,000,000?",0.19
empty,partition,not_above,47,"Will Bitcoin's USD daily closing price on December 31, 2035 be at or below $1,000,000?",0.7
paired,joint_bounds,one,100,"Will Bitcoin reach $1,000,000 by December 31, 2035?",0.19
paired,joint_bounds,ten,100,"Will Bitcoin reach $10,000,000 by December 31, 2035?",0.04
paired,joint_bounds,both,100,"Will Bitcoin reach both $1,000,000 and $10,000,000 by December 31, 2035?",0.07
paired,joint_bounds,one,48,"Will Bitcoin reach $1,000,000 by December 31, 2035?",0.19
paired,joint_bounds,ten,48,"Will Bitcoin reach $10,000,000 by December 31, 2035?",0.05
paired,joint_bounds,both,48,"Will Bitcoin reach both $1,000,000 and $10,000,000 by December 31, 2035?",0.06
empty,partition,above,90,"Will Bitcoin's USD daily closing price on December 31, 2035 be above $1,000,000?",0.18
empty,partition,not_above,90,"Will Bitcoin's USD daily closing price on December 31, 2035 be at or below $1,000,000?",0.71
omitted,partition,above,21,"Will Bitcoin's USD daily closing price on December 31, 2035 be above $1,000,000?",0.24
omitted,partition,not_above,21,"Will Bitcoin's USD daily closing price on December 31, 2035 be at or below $1,000,000?",0.75
omitted,complement,yes,11,"Will Bitcoin reach $1,000,000 by December 31, 2035?",0.09
omitted,complement,no,11,"Will Bitcoin fail to reach $1,000,000 by December 31, 2035?",0.92
paired,complement,yes,70,"Will Bitcoin reach $1,000,000 by December 31, 2035?",0.19
paired,complement,no,70,"Will Bitcoin fail to reach $1,000,000 by December 31, 2035?",0.77
omitted,complement,yes,39,"Will Bitcoin reach $1,000,000 by December 31, 2035?",0.11
omitted,complement,no,39,"Will Bitcoin fail to reach $1,000,000 by December 31, 2035?",0.92
empty,nested_threshold,lower,5,"Will Bitcoin reach $1,000,000 by December 31, 2035?",0.1
empty,nested_threshold,higher,5,"Will Bitcoin reach $100,000,000 by December 31, 2035?",0.03
paired,complement,yes,23,"Will Bitcoin reach $1,000,000 by December 31, 2035?",0.21
paired,complement,no,23,"Will Bitcoin fail to reach $1,000,000 by December 31, 2035?",0.78
empty,joint_bounds,one,94,"Will Bitcoin reach $1,000,000 by December 31, 2035?",0.12
empty,joint_bounds,ten,94,"Will Bitcoin reach $10,000,000 by December 31, 2035?",0.04
empty,joint_bounds,both,94,"Will Bitcoin reach both $1,000,000 and $10,000,000 by December 31, 2035?",0.06
omitted,nested_threshold,lower,95,"Will Bitcoin reach $1,000,000 by December 31, 2035?",0.11
omitted,nested_threshold,higher,95,"Will Bitcoin reach $100,000,000 by December 31, 2035?",0.02
paired,partition,above,100,"Will Bitcoin's USD daily closing price on December 31, 2035 be above $1,000,000?",0.22
paired,partition,not_above,100,"Will Bitcoin's USD daily closing price on December 31, 2035 be at or below $1,000,000?",0.74
omitted,complement,yes,43,"Will Bitcoin reach $1,000,000 by December 31, 2035?",0.09
omitted,complement,no,43,"Will Bitcoin fail to reach $1,000,000 by December 31, 2035?",0.92
paired,joint_bounds,one,36,"Will Bitcoin reach $1,000,000 by December 31, 2035?",0.2
paired,joint_bounds,ten,36,"Will Bitcoin reach $10,000,000 by December 31, 2035?",0.04
paired,joint_bounds,both,36,"Will Bitcoin reach both $1,000,000 and $10,000,000 by December 31, 2035?",0.07
omitted,partition,above,1,"Will Bitcoin's USD daily closing price on December 31, 2035 be above $1,000,000?",0.23
omitted,partition,not_above,1,"Will Bitcoin's USD daily closing price on December 31, 2035 be at or below $1,000,000?",0.77
paired,joint_bounds,one,39,"Will Bitcoin reach $1,000,000 by December 31, 2035?",0.19
paired,joint_bounds,ten,39,"Will Bitcoin reach $10,000,000 by December 31, 2035?",0.04
paired,joint_bounds,both,39,"Will Bitcoin reach both $1,000,000 and $10,000,000 by December 31, 2035?",0.07
omitted,partition,above,5,"Will Bitcoin's USD daily closing price on December 31, 2035 be above $1,000,000?",0.22
omitted,partition,not_above,5,"Will Bitcoin's USD daily closing price on December 31, 2035 be at or below $1,000,000?",0.76
omitted,joint_bounds,one,17,"Will Bitcoin reach $1,000,000 by December 31, 2035?",0.1
omitted,joint_bounds,ten,17,"Will Bitcoin reach $10,000,000 by December 31, 2035?",0.03
omitted,joint_bounds,both,17,"Will Bitcoin reach both $1,000,000 and $10,000,000 by December 31, 2035?",0.04
paired,partition,above,67,"Will Bitcoin's USD daily closing price on December 31, 2035 be above $1,000,000?",0.23
paired,partition,not_above,67,"Will Bitcoin's USD daily closing price on December 31, 2035 be at or below $1,000,000?",0.75
omitted,joint_bounds,one,16,"Will Bitcoin reach $1,000,000 by December 31, 2035?",0.12
omitted,joint_bounds,ten,16,"Will Bitcoin reach $10,000,000 by December 31, 2035?",0.03
omitted,joint_bounds,both,16,"Will Bitcoin reach both $1,000,000 and $10,000,000 by December 31, 2035?",0.03
empty,nested_time,short,73,"Will Bitcoin reach $1,000,000 by December 31, 2030?",0.06
empty,nested_time,long,73,"Will Bitcoin reach $1,000,000 by December 31, 2035?",0.1
paired,nested_time,short,78,"Will Bitcoin reach $1,000,000 by December 31, 2030?",0.06
paired,nested_time,long,78,"Will Bitcoin reach $1,000,000 by December 31, 2035?",0.11
empty,nested_threshold,lower,3,"Will Bitcoin reach $1,000,000 by December 31, 2035?",0.1
empty,nested_threshold,higher,3,"Will Bitcoin reach $100,000,000 by December 31, 2035?",0.03
omitted,nested_time,short,34,"Will Bitcoin reach $1,000,000 by December 31, 2030?",0.05
omitted,nested_time,long,34,"Will Bitcoin reach $1,000,000 by December 31, 2035?",0.12
omitted,nested_threshold,lower,71,"Will Bitcoin reach $1,000,000 by December 31, 2035?",0.09
omitted,nested_threshold,higher,71,"Will Bitcoin reach $100,000,000 by December 31, 2035?",0.03
omitted,nested_time,short,18,"Will Bitcoin reach $1,000,000 by December 31, 2030?",0.05
omitted,nested_time,long,18,"Will Bitcoin reach $1,000,000 by December 31, 2035?",0.11
omitted,partition,above,30,"Will Bitcoin's USD daily closing price on December 31, 2035 be above $1,000,000?",0.21
omitted,partition,not_above,30,"Will Bitcoin's USD daily closing price on December 31, 2035 be at or below $1,000,000?",0.77
paired,partition,above,53,"Will Bitcoin's USD daily closing price on December 31, 2035 be above $1,000,000?",0.22
paired,partition,not_above,53,"Will Bitcoin's USD daily closing price on December 31, 2035 be at or below $1,000,000?",0.72
omitted,partition,above,15,"Will Bitcoin's USD daily closing price on December 31, 2035 be above $1,000,000?",0.23
omitted,partition,not_above,15,"Will Bitcoin's USD daily closing price on December 31, 2035 be at or below $1,000,000?",0.76
omitted,nested_threshold,lower,63,"Will Bitcoin reach $1,000,000 by December 31, 2035?",0.1
omitted,nested_threshold,higher,63,"Will Bitcoin reach $100,000,000 by December 31, 2035?",0.03
empty,joint_bounds,one,40,"Will Bitcoin reach $1,000,000 by December 31, 2035?",0.11
empty,joint_bounds,ten,40,"Will Bitcoin reach $10,000,000 by December 31, 2035?",0.03
empty,joint_bounds,both,40,"Will Bitcoin reach both $1,000,000 and $10,000,000 by December 31, 2035?",0.07
paired,complement,yes,50,"Will Bitcoin reach $1,000,000 by December 31, 2035?",0.2
paired,complement,no,50,"Will Bitcoin fail to reach $1,000,000 by December 31, 2035?",0.75
paired,complement,yes,88,"Will Bitcoin reach $1,000,000 by December 31, 2035?",0.2
paired,complement,no,88,"Will Bitcoin fail to reach $1,000,000 by December 31, 2035?",0.77
paired,complement,yes,22,"Will Bitcoin reach $1,000,000 by December 31, 2035?",0.21
paired,complement,no,22,"Will Bitcoin fail to reach $1,000,000 by December 31, 2035?",0.77
empty,joint_bounds,one,88,"Will Bitcoin reach $1,000,000 by December 31, 2035?",0.1
empty,joint_bounds,ten,88,"Will Bitcoin reach $10,000,000 by December 31, 2035?",0.03
empty,joint_bounds,both,88,"Will Bitcoin reach both $1,000,000 and $10,000,000 by December 31, 2035?",0.06
paired,partition,above,14,"Will Bitcoin's USD daily closing price on December 31, 2035 be above $1,000,000?",0.23
paired,partition,not_above,14,"Will Bitcoin's USD daily closing price on December 31, 2035 be at or below $1,000,000?",0.73
paired,nested_threshold,lower,21,"Will Bitcoin reach $1,000,000 by December 31, 2035?",0.11
paired,nested_threshold,higher,21,"Will Bitcoin reach $100,000,000 by December 31, 2035?",0.03
empty,nested_threshold,lower,31,"Will Bitcoin reach $1,000,000 by December 31, 2035?",0.11
empty,nested_threshold,higher,31,"Will Bitcoin reach $100,000,000 by December 31, 2035?",0.03
empty,partition,above,51,"Will Bitcoin's USD daily closing price on December 31, 2035 be above $1,000,000?",0.19
empty,partition,not_above,51,"Will Bitcoin's USD daily closing price on December 31, 2035 be at or below $1,000,000?",0.71
empty,nested_time,short,9,"Will Bitcoin reach $1,000,000 by December 31, 2030?",0.07
empty,nested_time,long,9,"Will Bitcoin reach $1,000,000 by December 31, 2035?",0.13
paired,partition,above,3,"Will Bitcoin's USD daily closing price on December 31, 2035 be above $1,000,000?",0.23
paired,partition,not_above,3,"Will Bitcoin's USD daily closing price on December 31, 2035 be at or below $1,000,000?",0.75
empty,nested_time,short,96,"Will Bitcoin reach $1,000,000 by December 31, 2030?",0.06
empty,nested_time,long,96,"Will Bitcoin reach $1,000,000 by December 31, 2035?",0.1
omitted,joint_bounds,one,87,"Will Bitcoin reach $1,000,000 by December 31, 2035?",0.11
omitted,joint_bounds,ten,87,"Will Bitcoin reach $10,000,000 by December 31, 2035?",0.03
omitted,joint_bounds,both,87,"Will Bitcoin reach both $1,000,000 and $10,000,000 by December 31, 2035?",0.04
omitted,nested_time,short,66,"Will Bitcoin reach $1,000,000 by December 31, 2030?",0.05
omitted,nested_time,long,66,"Will Bitcoin reach $1,000,000 by December 31, 2035?",0.11
omitted,partition,above,38,"Will Bitcoin's USD daily closing price on December 31, 2035 be above $1,000,000?",0.22
omitted,partition,not_above,38,"Will Bitcoin's USD daily closing price on December 31, 2035 be at or below $1,000,000?",0.78
omitted,partition,above,46,"Will Bitcoin's USD daily closing price on December 31, 2035 be above $1,000,000?",0.2
omitted,partition,not_above,46,"Will Bitcoin's USD daily closing price on December 31, 2035 be at or below $1,000,000?",0.76
paired,partition,above,42,"Will Bitcoin's USD daily closing price on December 31, 2035 be above $1,000,000?",0.22
paired,partition,not_above,42,"Will Bitcoin's USD daily closing price on December 31, 2035 be at or below $1,000,000?",0.76
empty,partition,above,57,"Will Bitcoin's USD daily closing price on December 31, 2035 be above $1,000,000?",0.19
empty,partition,not_above,57,"Will Bitcoin's USD daily closing price on December 31, 2035 be at or below $1,000,000?",0.7
paired,nested_threshold,lower,1,"Will Bitcoin reach $1,000,000 by December 31, 2035?",0.12
paired,nested_threshold,higher,1,"Will Bitcoin reach $100,000,000 by December 31, 2035?",0.03
paired,complement,yes,43,"Will Bitcoin reach $1,000,000 by December 31, 2035?",0.21
paired,complement,no,43,"Will Bitcoin fail to reach $1,000,000 by December 31, 2035?",0.78
omitted,joint_bounds,one,89,"Will Bitcoin reach $1,000,000 by December 31, 2035?",0.09
omitted,joint_bounds,ten,89,"Will Bitcoin reach $10,000,000 by December 31, 2035?",0.03
omitted,joint_bounds,both,89,"Will Bitcoin reach both $1,000,000 and $10,000,000 by December 31, 2035?",0.03
omitted,nested_time,short,59,"Will Bitcoin reach $1,000,000 by December 31, 2030?",0.05
omitted,nested_time,long,59,"Will Bitcoin reach $1,000,000 by December 31, 2035?",0.1
paired,partition,above,60,"Will Bitcoin's USD daily closing price on December 31, 2035 be above $1,000,000?",0.23
paired,partition,not_above,60,"Will Bitcoin's USD daily closing price on December 31, 2035 be at or below $1,000,000?",0.72
paired,nested_time,short,94,"Will Bitcoin reach $1,000,000 by December 31, 2030?",0.06
paired,nested_time,long,94,"Will Bitcoin reach $1,000,000 by December 31, 2035?",0.12
paired,complement,yes,36,"Will Bitcoin reach $1,000,000 by December 31, 2035?",0.19
paired,complement,no,36,"Will Bitcoin fail to reach $1,000,000 by December 31, 2035?",0.77
empty,nested_threshold,lower,25,"Will Bitcoin reach $1,000,000 by December 31, 2035?",0.12
empty,nested_threshold,higher,25,"Will Bitcoin reach $100,000,000 by December 31, 2035?",0.03
paired,joint_bounds,one,32,"Will Bitcoin reach $1,000,000 by December 31, 2035?",0.2
paired,joint_bounds,ten,32,"Will Bitcoin reach $10,000,000 by December 31, 2035?",0.05
paired,joint_bounds,both,32,"Will Bitcoin reach both $1,000,000 and $10,000,000 by December 31, 2035?",0.06
paired,nested_time,short,36,"Will Bitcoin reach $1,000,000 by December 31, 2030?",0.05
paired,nested_time,long,36,"Will Bitcoin reach $1,000,000 by December 31, 2035?",0.11
omitted,nested_time,short,61,"Will Bitcoin reach $1,000,000 by December 31, 2030?",0.04
omitted,nested_time,long,61,"Will Bitcoin reach $1,000,000 by December 31, 2035?",0.11
empty,partition,above,100,"Will Bitcoin's USD daily closing price on December 31, 2035 be above $1,000,000?",0.18
empty,partition,not_above,100,"Will Bitcoin's USD daily closing price on December 31, 2035 be at or below $1,000,000?",0.7
empty,nested_threshold,lower,8,"Will Bitcoin reach $1,000,000 by December 31, 2035?",0.11
empty,nested_threshold,higher,8,"Will Bitcoin reach $100,000,000 by December 31, 2035?",0.03
paired,complement,yes,84,"Will Bitcoin reach $1,000,000 by December 31, 2035?",0.21
paired,complement,no,84,"Will Bitcoin fail to reach $1,000,000 by December 31, 2035?",0.78
paired,nested_time,short,31,"Will Bitcoin reach $1,000,000 by December 31, 2030?",0.07
paired,nested_time,long,31,"Will Bitcoin reach $1,000,000 by December 31, 2035?",0.14
omitted,complement,yes,40,"Will Bitcoin reach $1,000,000 by December 31, 2035?",0.12
omitted,complement,no,40,"Will Bitcoin fail to reach $1,000,000 by December 31, 2035?",0.92
empty,joint_bounds,one,8,"Will Bitcoin reach $1,000,000 by December 31, 2035?",0.1
empty,joint_bounds,ten,8,"Will Bitcoin reach $10,000,000 by December 31, 2035?",0.03
empty,joint_bounds,both,8,"Will Bitcoin reach both $1,000,000 and $10,000,000 by December 31, 2035?",0.06
omitted,joint_bounds,one,52,"Will Bitcoin reach $1,000,000 by December 31, 2035?",0.13
omitted,joint_bounds,ten,52,"Will Bitcoin reach $10,000,000 by December 31, 2035?",0.03
omitted,joint_bounds,both,52,"Will Bitcoin reach both $1,000,000 and $10,000,000 by December 31, 2035?",0.04
empty,nested_threshold,lower,26,"Will Bitcoin reach $1,000,000 by December 31, 2035?",0.1
empty,nested_threshold,higher,26,"Will Bitcoin reach $100,000,000 by December 31, 2035?",0.03
empty,nested_time,short,18,"Will Bitcoin reach $1,000,000 by December 31, 2030?",0.06
empty,nested_time,long,18,"Will Bitcoin reach $1,000,000 by December 31, 2035?",0.11
empty,partition,above,71,"Will Bitcoin's USD daily closing price on December 31, 2035 be above $1,000,000?",0.23
empty,partition,not_above,71,"Will Bitcoin's USD daily closing price on December 31, 2035 be at or below $1,000,000?",0.7
omitted,nested_time,short,32,"Will Bitcoin reach $1,000,000 by December 31, 2030?",0.05
omitted,nested_time,long,32,"Will Bitcoin reach $1,000,000 by December 31, 2035?",0.11
empty,partition,above,99,"Will Bitcoin's USD daily closing price on December 31, 2035 be above $1,000,000?",0.2
empty,partition,not_above,99,"Will Bitcoin's USD daily closing price on December 31, 2035 be at or below $1,000,000?",0.71
empty,nested_threshold,lower,36,"Will Bitcoin reach $1,000,000 by December 31, 2035?",0.12
empty,nested_threshold,higher,36,"Will Bitcoin reach $100,000,000 by December 31, 2035?",0.03
empty,complement,yes,94,"Will Bitcoin reach $1,000,000 by December 31, 2035?",0.09
empty,complement,no,94,"Will Bitcoin fail to reach $1,000,000 by December 31, 2035?",0.83
omitted,nested_time,short,64,"Will Bitcoin reach $1,000,000 by December 31, 2030?",0.06
omitted,nested_time,long,64,"Will Bitcoin reach $1,000,000 by December 31, 2035?",0.11
paired,joint_bounds,one,64,"Will Bitcoin reach $1,000,000 by December 31, 2035?",0.21
paired,joint_bounds,ten,64,"Will Bitcoin reach $10,000,000 by December 31, 2035?",0.04
paired,joint_bounds,both,64,"Will Bitcoin reach both $1,000,000 and $10,000,000 by December 31, 2035?",0.07
omitted,partition,above,29,"Will Bitcoin's USD daily closing price on December 31, 2035 be above $1,000,000?",0.2
omitted,partition,not_above,29,"Will Bitcoin's USD daily closing price on December 31, 2035 be at or below $1,000,000?",0.75
paired,complement,yes,65,"Will Bitcoin reach $1,000,000 by December 31, 2035?",0.17
paired,complement,no,65,"Will Bitcoin fail to reach $1,000,000 by December 31, 2035?",0.77
paired,nested_threshold,lower,92,"Will Bitcoin reach $1,000,000 by December 31, 2035?",0.12
paired,nested_threshold,higher,92,"Will Bitcoin reach $100,000,000 by December 31, 2035?",0.03
paired,complement,yes,40,"Will Bitcoin reach $1,000,000 by December 31, 2035?",0.21
paired,complement,no,40,"Will Bitcoin fail to reach $1,000,000 by December 31, 2035?",0.78
empty,partition,above,98,"Will Bitcoin's USD daily closing price on December 31, 2035 be above $1,000,000?",0.2
empty,partition,not_above,98,"Will Bitcoin's USD daily closing price on December 31, 2035 be at or below $1,000,000?",0.72
empty,nested_time,short,74,"Will Bitcoin reach $1,000,000 by December 31, 2030?",0.06
empty,nested_time,long,74,"Will Bitcoin reach $1,000,000 by December 31, 2035?",0.1
paired,complement,yes,60,"Will Bitcoin reach $1,000,000 by December 31, 2035?",0.21
paired,complement,no,60,"Will Bitcoin fail to reach $1,000,000 by December 31, 2035?",0.77
omitted,partition,above,64,"Will Bitcoin's USD daily closing price on December 31, 2035 be above $1,000,000?",0.19
omitted,partition,not_above,64,"Will Bitcoin's USD daily closing price on December 31, 2035 be at or below $1,000,000?",0.75
omitted,nested_time,short,65,"Will Bitcoin reach $1,000,000 by December 31, 2030?",0.04
omitted,nested_time,long,65,"Will Bitcoin reach $1,000,000 by December 31, 2035?",0.1
paired,nested_time,short,82,"Will Bitcoin reach $1,000,000 by December 31, 2030?",0.06
paired,nested_time,long,82,"Will Bitcoin reach $1,000,000 by December 31, 2035?",0.12
empty,nested_time,short,15,"Will Bitcoin reach $1,000,000 by December 31, 2030?",0.06
empty,nested_time,long,15,"Will Bitcoin reach $1,000,000 by December 31, 2035?",0.1
paired,partition,above,2,"Will Bitcoin's USD daily closing price on December 31, 2035 be above $1,000,000?",0.22
paired,partition,not_above,2,"Will Bitcoin's USD daily closing price on December 31, 2035 be at or below $1,000,000?",0.72
paired,nested_time,short,54,"Will Bitcoin reach $1,000,000 by December 31, 2030?",0.05
paired,nested_time,long,54,"Will Bitcoin reach $1,000,000 by December 31, 2035?",0.14
paired,partition,above,37,"Will Bitcoin's USD daily closing price on December 31, 2035 be above $1,000,000?",0.22
paired,partition,not_above,37,"Will Bitcoin's USD daily closing price on December 31, 2035 be at or below $1,000,000?",0.72
paired,complement,yes,51,"Will Bitcoin reach $1,000,000 by December 31, 2035?",0.22
paired,complement,no,51,"Will Bitcoin fail to reach $1,000,000 by December 31, 2035?",0.77
empty,nested_time,short,69,"Will Bitcoin reach $1,000,000 by December 31, 2030?",0.06
empty,nested_time,long,69,"Will Bitcoin reach $1,000,000 by December 31, 2035?",0.1
omitted,partition,above,40,"Will Bitcoin's USD daily closing price on December 31, 2035 be above $1,000,000?",0.19
omitted,partition,not_above,40,"Will Bitcoin's USD daily closing price on December 31, 2035 be at or below $1,000,000?",0.76
paired,nested_time,short,69,"Will Bitcoin reach $1,000,000 by December 31, 2030?",0.06
paired,nested_time,long,69,"Will Bitcoin reach $1,000,000 by December 31, 2035?",0.14
paired,nested_threshold,lower,74,"Will Bitcoin reach $1,000,000 by December 31, 2035?",0.12
paired,nested_threshold,higher,74,"Will Bitcoin reach $100,000,000 by December 31, 2035?",0.03
paired,joint_bounds,one,62,"Will Bitcoin reach $1,000,000 by December 31, 2035?",0.19
paired,joint_bounds,ten,62,"Will Bitcoin reach $10,000,000 by December 31, 2035?",0.04
paired,joint_bounds,both,62,"Will Bitcoin reach both $1,000,000 and $10,000,000 by December 31, 2035?",0.06
empty,joint_bounds,one,97,"Will Bitcoin reach $1,000,000 by December 31, 2035?",0.09
empty,joint_bounds,ten,97,"Will Bitcoin reach $10,000,000 by December 31, 2035?",0.03
empty,joint_bounds,both,97,"Will Bitcoin reach both $1,000,000 and $10,000,000 by December 31, 2035?",0.07
empty,nested_time,short,2,"Will Bitcoin reach $1,000,000 by December 31, 2030?",0.07
empty,nested_time,long,2,"Will Bitcoin reach $1,000,000 by December 31, 2035?",0.1
paired,nested_threshold,lower,22,"Will Bitcoin reach $1,000,000 by December 31, 2035?",0.14
paired,nested_threshold,higher,22,"Will Bitcoin reach $100,000,000 by December 31, 2035?",0.03
paired,partition,above,48,"Will Bitcoin's USD daily closing price on December 31, 2035 be above $1,000,000?",0.19
paired,partition,not_above,48,"Will Bitcoin's USD daily closing price on December 31, 2035 be at or below $1,000,000?",0.73
empty,joint_bounds,one,79,"Will Bitcoin reach $1,000,000 by December 31, 2035?",0.11
empty,joint_bounds,ten,79,"Will Bitcoin reach $10,000,000 by December 31, 2035?",0.04
empty,joint_bounds,both,79,"Will Bitcoin reach both $1,000,000 and $10,000,000 by December 31, 2035?",0.06
omitted,nested_threshold,lower,41,"Will Bitcoin reach $1,000,000 by December 31, 2035?",0.12
omitted,nested_threshold,higher,41,"Will Bitcoin reach $100,000,000 by December 31, 2035?",0.02
omitted,partition,above,53,"Will Bitcoin's USD daily closing price on December 31, 2035 be above $1,000,000?",0.24
omitted,partition,not_above,53,"Will Bitcoin's USD daily closing price on December 31, 2035 be at or below $1,000,000?",0.76
paired,partition,above,11,"Will Bitcoin's USD daily closing price on December 31, 2035 be above $1,000,000?",0.26
paired,partition,not_above,11,"Will Bitcoin's USD daily closing price on December 31, 2035 be at or below $1,000,000?",0.72
paired,nested_threshold,lower,71,"Will Bitcoin reach $1,000,000 by December 31, 2035?",0.14
paired,nested_threshold,higher,71,"Will Bitcoin reach $100,000,000 by December 31, 2035?",0.03
omitted,complement,yes,33,"Will Bitcoin reach $1,000,000 by December 31, 2035?",0.11
omitted,complement,no,33,"Will Bitcoin fail to reach $1,000,000 by December 31, 2035?",0.91
paired,joint_bounds,one,63,"Will Bitcoin reach $1,000,000 by December 31, 2035?",0.18
paired,joint_bounds,ten,63,"Will Bitcoin reach $10,000,000 by December 31, 2035?",0.04
paired,joint_bounds,both,63,"Will Bitcoin reach both $1,000,000 and $10,000,000 by December 31, 2035?",0.06
paired,nested_time,short,32,"Will Bitcoin reach $1,000,000 by December 31, 2030?",0.06
paired,nested_time,long,32,"Will Bitcoin reach $1,000,000 by December 31, 2035?",0.14
paired,nested_time,short,3,"Will Bitcoin reach $1,000,000 by December 31, 2030?",0.06
paired,nested_time,long,3,"Will Bitcoin reach $1,000,000 by December 31, 2035?",0.12
empty,partition,above,49,"Will Bitcoin's USD daily closing price on December 31, 2035 be above $1,000,000?",0.18
empty,partition,not_above,49,"Will Bitcoin's USD daily closing price on December 31, 2035 be at or below $1,000,000?",0.71
paired,joint_bounds,one,53,"Will Bitcoin reach $1,000,000 by December 31, 2035?",0.2
paired,joint_bounds,ten,53,"Will Bitcoin reach $10,000,000 by December 31, 2035?",0.04
paired,joint_bounds,both,53,"Will Bitcoin reach both $1,000,000 and $10,000,000 by December 31, 2035?",0.06
empty,partition,above,38,"Will Bitcoin's USD daily closing price on December 31, 2035 be above $1,000,000?",0.19
empty,partition,not_above,38,"Will Bitcoin's USD daily closing price on December 31, 2035 be at or below $1,000,000?",0.68
omitted,nested_time,short,57,"Will Bitcoin reach $1,000,000 by December 31, 2030?",0.05
omitted,nested_time,long,57,"Will Bitcoin reach $1,000,000 by December 31, 2035?",0.1
omitted,joint_bounds,one,45,"Will Bitcoin reach $1,000,000 by December 31, 2035?",0.11
omitted,joint_bounds,ten,45,"Will Bitcoin reach $10,000,000 by December 31, 2035?",0.03
omitted,joint_bounds,both,45,"Will Bitcoin reach both $1,000,000 and $10,000,000 by December 31, 2035?",0.04
paired,partition,above,43,"Will Bitcoin's USD daily closing price on December 31, 2035 be above $1,000,000?",0.22
paired,partition,not_above,43,"Will Bitcoin's USD daily closing price on December 31, 2035 be at or below $1,000,000?",0.74
empty,nested_threshold,lower,19,"Will Bitcoin reach $1,000,000 by December 31, 2035?",0.11
empty,nested_threshold,higher,19,"Will Bitcoin reach $100,000,000 by December 31, 2035?",0.03
empty,nested_threshold,lower,61,"Will Bitcoin reach $1,000,000 by December 31, 2035?",0.12
empty,nested_threshold,higher,61,"Will Bitcoin reach $100,000,000 by December 31, 2035?",0.03
paired,partition,above,89,"Will Bitcoin's USD daily closing price on December 31, 2035 be above $1,000,000?",0.24
paired,partition,not_above,89,"Will Bitcoin's USD daily closing price on December 31, 2035 be at or below $1,000,000?",0.73
empty,joint_bounds,one,83,"Will Bitcoin reach $1,000,000 by December 31, 2035?",0.1
empty,joint_bounds,ten,83,"Will Bitcoin reach $10,000,000 by December 31, 2035?",0.03
empty,joint_bounds,both,83,"Will Bitcoin reach both $1,000,000 and $10,000,000 by December 31, 2035?",0.06
paired,joint_bounds,one,83,"Will Bitcoin reach $1,000,000 by December 31, 2035?",0.17
paired,joint_bounds,ten,83,"Will Bitcoin reach $10,000,000 by December 31, 2035?",0.04
paired,joint_bounds,both,83,"Will Bitcoin reach both $1,000,000 and $10,000,000 by December 31, 2035?",0.06
empty,complement,yes,73,"Will Bitcoin reach $1,000,000 by December 31, 2035?",0.11
empty,complement,no,73,"Will Bitcoin fail to reach $1,000,000 by December 31, 2035?",0.82
empty,nested_time,short,1,"Will Bitcoin reach $1,000,000 by December 31, 2030?",0.07
empty,nested_time,long,1,"Will Bitcoin reach $1,000,000 by December 31, 2035?",0.1
omitted,nested_threshold,lower,62,"Will Bitcoin reach $1,000,000 by December 31, 2035?",0.1
omitted,nested_threshold,higher,62,"Will Bitcoin reach $100,000,000 by December 31, 2035?",0.03
omitted,complement,yes,19,"Will Bitcoin reach $1,000,000 by December 31, 2035?",0.11
omitted,complement,no,19,"Will Bitcoin fail to reach $1,000,000 by December 31, 2035?",0.92
paired,complement,yes,79,"Will Bitcoin reach $1,000,000 by December 31, 2035?",0.2
paired,complement,no,79,"Will Bitcoin fail to reach $1,000,000 by December 31, 2035?",0.77
paired,complement,yes,18,"Will Bitcoin reach $1,000,000 by December 31, 2035?",0.2
paired,complement,no,18,"Will Bitcoin fail to reach $1,000,000 by December 31, 2035?",0.78
paired,joint_bounds,one,84,"Will Bitcoin reach $1,000,000 by December 31, 2035?",0.19
paired,joint_bounds,ten,84,"Will Bitcoin reach $10,000,000 by December 31, 2035?",0.04
paired,joint_bounds,both,84,"Will Bitcoin reach both $1,000,000 and $10,000,000 by December 31, 2035?",0.07
omitted,joint_bounds,one,14,"Will Bitcoin reach $1,000,000 by December 31, 2035?",0.1
omitted,joint_bounds,ten,14,"Will Bitcoin reach $10,000,000 by December 31, 2035?",0.02
omitted,joint_bounds,both,14,"Will Bitcoin reach both $1,000,000 and $10,000,000 by December 31, 2035?",0.04
empty,partition,above,23,"Will Bitcoin's USD daily closing price on December 31, 2035 be above $1,000,000?",0.19
empty,partition,not_above,23,"Will Bitcoin's USD daily closing price on December 31, 2035 be at or below $1,000,000?",0.71
empty,nested_threshold,lower,13,"Will Bitcoin reach $1,000,000 by December 31, 2035?",0.11
empty,nested_threshold,higher,13,"Will Bitcoin reach $100,000,000 by December 31, 2035?",0.03
empty,joint_bounds,one,69,"Will Bitcoin reach $1,000,000 by December 31, 2035?",0.11
empty,joint_bounds,ten,69,"Will Bitcoin reach $10,000,000 by December 31, 2035?",0.04
empty,joint_bounds,both,69,"Will Bitcoin reach both $1,000,000 and $10,000,000 by December 31, 2035?",0.06
omitted,nested_threshold,lower,46,"Will Bitcoin reach $1,000,000 by December 31, 2035?",0.1
omitted,nested_threshold,higher,46,"Will Bitcoin reach $100,000,000 by December 31, 2035?",0.02
paired,complement,yes,66,"Will Bitcoin reach $1,000,000 by December 31, 2035?",0.21
paired,complement,no,66,"Will Bitcoin fail to reach $1,000,000 by December 31, 2035?",0.77
empty,partition,above,35,"Will Bitcoin's USD daily closing price on December 31, 2035 be above $1,000,000?",0.2
empty,partition,not_above,35,"Will Bitcoin's USD daily closing price on December 31, 2035 be at or below $1,000,000?",0.71
omitted,joint_bounds,one,54,"Will Bitcoin reach $1,000,000 by December 31, 2035?",0.11
omitted,joint_bounds,ten,54,"Will Bitcoin reach $10,000,000 by December 31, 2035?",0.02
omitted,joint_bounds,both,54,"Will Bitcoin reach both $1,000,000 and $10,000,000 by December 31, 2035?",0.03
omitted,partition,above,7,"Will Bitcoin's USD daily closing price on December 31, 2035 be above $1,000,000?",0.2
omitted,partition,not_above,7,"Will Bitcoin's USD daily closing price on December 31, 2035 be at or below $1,000,000?",0.77
empty,joint_bounds,one,85,"Will Bitcoin reach $1,000,000 by December 31, 2035?",0.12
empty,joint_bounds,ten,85,"Will Bitcoin reach $10,000,000 by December 31, 2035?",0.03
empty,joint_bounds,both,85,"Will Bitcoin reach both $1,000,000 and $10,000,000 by December 31, 2035?",0.06
omitted,nested_time,short,71,"Will Bitcoin reach $1,000,000 by December 31, 2030?",0.05
omitted,nested_time,long,71,"Will Bitcoin reach $1,000,000 by December 31, 2035?",0.12
empty,partition,above,65,"Will Bitcoin's USD daily closing price on December 31, 2035 be above $1,000,000?",0.19
empty,partition,not_above,65,"Will Bitcoin's USD daily closing price on December 31, 2035 be at or below $1,000,000?",0.7
paired,partition,above,87,"Will Bitcoin's USD daily closing price on December 31, 2035 be above $1,000,000?",0.22
paired,partition,not_above,87,"Will Bitcoin's USD daily closing price on December 31, 2035 be at or below $1,000,000?",0.71
empty,nested_threshold,lower,82,"Will Bitcoin reach $1,000,000 by December 31, 2035?",0.1
empty,nested_threshold,higher,82,"Will Bitcoin reach $100,000,000 by December 31, 2035?",0.03
empty,joint_bounds,one,90,"Will Bitcoin reach $1,000,000 by December 31, 2035?",0.11
empty,joint_bounds,ten,90,"Will Bitcoin reach $10,000,000 by December 31, 2035?",0.03
empty,joint_bounds,both,90,"Will Bitcoin reach both $1,000,000 and $10,000,000 by December 31, 2035?",0.06
empty,joint_bounds,one,32,"Will Bitcoin reach $1,000,000 by December 31, 2035?",0.11
empty,joint_bounds,ten,32,"Will Bitcoin reach $10,000,000 by December 31, 2035?",0.03
empty,joint_bounds,both,32,"Will Bitcoin reach both $1,000,000 and $10,000,000 by December 31, 2035?",0.06
paired,nested_time,short,62,"Will Bitcoin reach $1,000,000 by December 31, 2030?",0.07
paired,nested_time,long,62,"Will Bitcoin reach $1,000,000 by December 31, 2035?",0.13
omitted,joint_bounds,one,44,"Will Bitcoin reach $1,000,000 by December 31, 2035?",0.12
omitted,joint_bounds,ten,44,"Will Bitcoin reach $10,000,000 by December 31, 2035?",0.03
omitted,joint_bounds,both,44,"Will Bitcoin reach both $1,000,000 and $10,000,000 by December 31, 2035?",0.03
paired,nested_threshold,lower,4,"Will Bitcoin reach $1,000,000 by December 31, 2035?",0.11
paired,nested_threshold,higher,4,"Will Bitcoin reach $100,000,000 by December 31, 2035?",0.03
omitted,complement,yes,75,"Will Bitcoin reach $1,000,000 by December 31, 2035?",0.1
omitted,complement,no,75,"Will Bitcoin fail to reach $1,000,000 by December 31, 2035?",0.92
omitted,partition,above,43,"Will Bitcoin's USD daily closing price on December 31, 2035 be above $1,000,000?",0.22
omitted,partition,not_above,43,"Will Bitcoin's USD daily closing price on December 31, 2035 be at or below $1,000,000?",0.74
empty,joint_bounds,one,45,"Will Bitcoin reach $1,000,000 by December 31, 2035?",0.1
empty,joint_bounds,ten,45,"Will Bitcoin reach $10,000,000 by December 31, 2035?",0.03
empty,joint_bounds,both,45,"Will Bitcoin reach both $1,000,000 and $10,000,000 by December 31, 2035?",0.06
empty,nested_time,short,43,"Will Bitcoin reach $1,000,000 by December 31, 2030?",0.06
empty,nested_time,long,43,"Will Bitcoin reach $1,000,000 by December 31, 2035?",0.11
paired,nested_threshold,lower,13,"Will Bitcoin reach $1,000,000 by December 31, 2035?",0.12
paired,nested_threshold,higher,13,"Will Bitcoin reach $100,000,000 by December 31, 2035?",0.03
omitted,joint_bounds,one,70,"Will Bitcoin reach $1,000,000 by December 31, 2035?",0.11
omitted,joint_bounds,ten,70,"Will Bitcoin reach $10,000,000 by December 31, 2035?",0.03
omitted,joint_bounds,both,70,"Will Bitcoin reach both $1,000,000 and $10,000,000 by December 31, 2035?",0.03
empty,partition,above,85,"Will Bitcoin's USD daily closing price on December 31, 2035 be above $1,000,000?",0.18
empty,partition,not_above,85,"Will Bitcoin's USD daily closing price on December 31, 2035 be at or below $1,000,000?",0.7
omitted,nested_time,short,94,"Will Bitcoin reach $1,000,000 by December 31, 2030?",0.04
omitted,nested_time,long,94,"Will Bitcoin reach $1,000,000 by December 31, 2035?",0.11
paired,nested_time,short,14,"Will Bitcoin reach $1,000,000 by December 31, 2030?",0.05
paired,nested_time,long,14,"Will Bitcoin reach $1,000,000 by December 31, 2035?",0.12
empty,joint_bounds,one,44,"Will Bitcoin reach $1,000,000 by December 31, 2035?",0.1
empty,joint_bounds,ten,44,"Will Bitcoin reach $10,000,000 by December 31, 2035?",0.03
empty,joint_bounds,both,44,"Will Bitcoin reach both $1,000,000 and $10,000,000 by December 31, 2035?",0.05
empty,complement,yes,57,"Will Bitcoin reach $1,000,000 by December 31, 2035?",0.1
empty,complement,no,57,"Will Bitcoin fail to reach $1,000,000 by December 31, 2035?",0.82
omitted,nested_threshold,lower,92,"Will Bitcoin reach $1,000,000 by December 31, 2035?",0.09
omitted,nested_threshold,higher,92,"Will Bitcoin reach $100,000,000 by December 31, 2035?",0.02
omitted,joint_bounds,one,9,"Will Bitcoin reach $1,000,000 by December 31, 2035?",0.1
omitted,joint_bounds,ten,9,"Will Bitcoin reach $10,000,000 by December 31, 2035?",0.03
omitted,joint_bounds,both,9,"Will Bitcoin reach both $1,000,000 and $10,000,000 by December 31, 2035?",0.03
omitted,partition,above,33,"Will Bitcoin's USD daily closing price on December 31, 2035 be above $1,000,000?",0.21
omitted,partition,not_above,33,"Will Bitcoin's USD daily closing price on December 31, 2035 be at or below $1,000,000?",0.75
empty,complement,yes,1,"Will Bitcoin reach $1,000,000 by December 31, 2035?",0.12
empty,complement,no,1,"Will Bitcoin fail to reach $1,000,000 by December 31, 2035?",0.8
empty,joint_bounds,one,87,"Will Bitcoin reach $1,000,000 by December 31, 2035?",0.13
empty,joint_bounds,ten,87,"Will Bitcoin reach $10,000,000 by December 31, 2035?",0.03
empty,joint_bounds,both,87,"Will Bitcoin reach both $1,000,000 and $10,000,000 by December 31, 2035?",0.05
empty,complement,yes,75,"Will Bitcoin reach $1,000,000 by December 31, 2035?",0.1
empty,complement,no,75,"Will Bitcoin fail to reach $1,000,000 by December 31, 2035?",0.84
paired,complement,yes,4,"Will Bitcoin reach $1,000,000 by December 31, 2035?",0.22
paired,complement,no,4,"Will Bitcoin fail to reach $1,000,000 by December 31, 2035?",0.78
empty,nested_threshold,lower,38,"Will Bitcoin reach $1,000,000 by December 31, 2035?",0.12
empty,nested_threshold,higher,38,"Will Bitcoin reach $100,000,000 by December 31, 2035?",0.03
omitted,complement,yes,55,"Will Bitcoin reach $1,000,000 by December 31, 2035?",0.09
omitted,complement,no,55,"Will Bitcoin fail to reach $1,000,000 by December 31, 2035?",0.92
omitted,nested_threshold,lower,91,"Will Bitcoin reach $1,000,000 by December 31, 2035?",0.09
omitted,nested_threshold,higher,91,"Will Bitcoin reach $100,000,000 by December 31, 2035?",0.02
omitted,nested_time,short,96,"Will Bitcoin reach $1,000,000 by December 31, 2030?",0.05
omitted,nested_time,long,96,"Will Bitcoin reach $1,000,000 by December 31, 2035?",0.11
paired,nested_threshold,lower,62,"Will Bitcoin reach $1,000,000 by December 31, 2035?",0.13
paired,nested_threshold,higher,62,"Will Bitcoin reach $100,000,000 by December 31, 2035?",0.03
paired,partition,above,88,"Will Bitcoin's USD daily closing price on December 31, 2035 be above $1,000,000?",0.22
paired,partition,not_above,88,"Will Bitcoin's USD daily closing price on December 31, 2035 be at or below $1,000,000?",0.75
omitted,nested_threshold,lower,47,"Will Bitcoin reach $1,000,000 by December 31, 2035?",0.08
omitted,nested_threshold,higher,47,"Will Bitcoin reach $100,000,000 by December 31, 2035?",0.02
empty,nested_threshold,lower,4,"Will Bitcoin reach $1,000,000 by December 31, 2035?",0.1
empty,nested_threshold,higher,4,"Will Bitcoin reach $100,000,000 by December 31, 2035?",0.03
empty,nested_threshold,lower,11,"Will Bitcoin reach $1,000,000 by December 31, 2035?",0.1
empty,nested_threshold,higher,11,"Will Bitcoin reach $100,000,000 by December 31, 2035?",0.03
empty,nested_time,short,76,"Will Bitcoin reach $1,000,000 by December 31, 2030?",0.07
empty,nested_time,long,76,"Will Bitcoin reach $1,000,000 by December 31, 2035?",0.11
empty,joint_bounds,one,34,"Will Bitcoin reach $1,000,000 by December 31, 2035?",0.12
empty,joint_bounds,ten,34,"Will Bitcoin reach $10,000,000 by December 31, 2035?",0.03
empty,joint_bounds,both,34,"Will Bitcoin reach both $1,000,000 and $10,000,000 by December 31, 2035?",0.06
omitted,nested_threshold,lower,86,"Will Bitcoin reach $1,000,000 by December 31, 2035?",0.11
omitted,nested_threshold,higher,86,"Will Bitcoin reach $100,000,000 by December 31, 2035?",0.02
paired,joint_bounds,one,28,"Will Bitcoin reach $1,000,000 by December 31, 2035?",0.17
paired,joint_bounds,ten,28,"Will Bitcoin reach $10,000,000 by December 31, 2035?",0.04
paired,joint_bounds,both,28,"Will Bitcoin reach both $1,000,000 and $10,000,000 by December 31, 2035?",0.06
paired,nested_time,short,52,"Will Bitcoin reach $1,000,000 by December 31, 2030?",0.06
paired,nested_time,long,52,"Will Bitcoin reach $1,000,000 by December 31, 2035?",0.13
paired,complement,yes,20,"Will Bitcoin reach $1,000,000 by December 31, 2035?",0.2
paired,complement,no,20,"Will Bitcoin fail to reach $1,000,000 by December 31, 2035?",0.75
omitted,joint_bounds,one,81,"Will Bitcoin reach $1,000,000 by December 31, 2035?",0.13
omitted,joint_bounds,ten,81,"Will Bitcoin reach $10,000,000 by December 31, 2035?",0.02
omitted,joint_bounds,both,81,"Will Bitcoin reach both $1,000,000 and $10,000,000 by December 31, 2035?",0.03
paired,joint_bounds,one,35,"Will Bitcoin reach $1,000,000 by December 31, 2035?",0.19
paired,joint_bounds,ten,35,"Will Bitcoin reach $10,000,000 by December 31, 2035?",0.04
paired,joint_bounds,both,35,"Will Bitcoin reach both $1,000,000 and $10,000,000 by December 31, 2035?",0.06
empty,partition,above,84,"Will Bitcoin's USD daily closing price on December 31, 2035 be above $1,000,000?",0.2
empty,partition,not_above,84,"Will Bitcoin's USD daily closing price on December 31, 2035 be at or below $1,000,000?",0.71
omitted,partition,above,62,"Will Bitcoin's USD daily closing price on December 31, 2035 be above $1,000,000?",0.22
omitted,partition,not_above,62,"Will Bitcoin's USD daily closing price on December 31, 2035 be at or below $1,000,000?",0.76
paired,joint_bounds,one,51,"Will Bitcoin reach $1,000,000 by December 31, 2035?",0.21
paired,joint_bounds,ten,51,"Will Bitcoin reach $10,000,000 by December 31, 2035?",0.04
paired,joint_bounds,both,51,"Will Bitcoin reach both $1,000,000 and $10,000,000 by December 31, 2035?",0.06
omitted,joint_bounds,one,55,"Will Bitcoin reach $1,000,000 by December 31, 2035?",0.11
omitted,joint_bounds,ten,55,"Will Bitcoin reach $10,000,000 by December 31, 2035?",0.02
omitted,joint_bounds,both,55,"Will Bitcoin reach both $1,000,000 and $10,000,000 by December 31, 2035?",0.03
paired,nested_threshold,lower,77,"Will Bitcoin reach $1,000,000 by December 31, 2035?",0.12
paired,nested_threshold,higher,77,"Will Bitcoin reach $100,000,000 by December 31, 2035?",0.03
empty,joint_bounds,one,56,"Will Bitcoin reach $1,000,000 by December 31, 2035?",0.12
empty,joint_bounds,ten,56,"Will Bitcoin reach $10,000,000 by December 31, 2035?",0.03
empty,joint_bounds,both,56,"Will Bitcoin reach both $1,000,000 and $10,000,000 by December 31, 2035?",0.07
paired,nested_time,short,80,"Will Bitcoin reach $1,000,000 by December 31, 2030?",0.06
paired,nested_time,long,80,"Will Bitcoin reach $1,000,000 by December 31, 2035?",0.15
paired,complement,yes,42,"Will Bitcoin reach $1,000,000 by December 31, 2035?",0.2
paired,complement,no,42,"Will Bitcoin fail to reach $1,000,000 by December 31, 2035?",0.77
omitted,joint_bounds,one,8,"Will Bitcoin reach $1,000,000 by December 31, 2035?",0.09
omitted,joint_bounds,ten,8,"Will Bitcoin reach $10,000,000 by December 31, 2035?",0.03
omitted,joint_bounds,both,8,"Will Bitcoin reach both $1,000,000 and $10,000,000 by December 31, 2035?",0.04
empty,joint_bounds,one,31,"Will Bitcoin reach $1,000,000 by December 31, 2035?",0.11
empty,joint_bounds,ten,31,"Will Bitcoin reach $10,000,000 by December 31, 2035?",0.03
empty,joint_bounds,both,31,"Will Bitcoin reach both $1,000,000 and $10,000,000 by December 31, 2035?",0.06
paired,complement,yes,32,"Will Bitcoin reach $1,000,000 by December 31, 2035?",0.22
paired,complement,no,32,"Will Bitcoin fail to reach $1,000,000 by December 31, 2035?",0.76
paired,joint_bounds,one,37,"Will Bitcoin reach $1,000,000 by December 31, 2035?",0.21
paired,joint_bounds,ten,37,"Will Bitcoin reach $10,000,000 by December 31, 2035?",0.04
paired,joint_bounds,both,37,"Will Bitcoin reach both $1,000,000 and $10,000,000 by December 31, 2035?",0.06
paired,nested_threshold,lower,49,"Will Bitcoin reach $1,000,000 by December 31, 2035?",0.14
paired,nested_threshold,higher,49,"Will Bitcoin reach $100,000,000 by December 31, 2035?",0.03
empty,partition,above,96,"Will Bitcoin's USD daily closing price on December 31, 2035 be above $1,000,000?",0.19
empty,partition,not_above,96,"Will Bitcoin's USD daily closing price on December 31, 2035 be at or below $1,000,000?",0.72
paired,complement,yes,38,"Will Bitcoin reach $1,000,000 by December 31, 2035?",0.22
paired,complement,no,38,"Will Bitcoin fail to reach $1,000,000 by December 31, 2035?",0.78
empty,nested_time,short,25,"Will Bitcoin reach $1,000,000 by December 31, 2030?",0.06
empty,nested_time,long,25,"Will Bitcoin reach $1,000,000 by December 31, 2035?",0.1
omitted,complement,yes,22,"Will Bitcoin reach $1,000,000 by December 31, 2035?",0.1
omitted,complement,no,22,"Will Bitcoin fail to reach $1,000,000 by December 31, 2035?",0.91
empty,nested_threshold,lower,52,"Will Bitcoin reach $1,000,000 by December 31, 2035?",0.11
empty,nested_threshold,higher,52,"Will Bitcoin reach $100,000,000 by December 31, 2035?",0.03
empty,nested_threshold,lower,85,"Will Bitcoin reach $1,000,000 by December 31, 2035?",0.12
empty,nested_threshold,higher,85,"Will Bitcoin reach $100,000,000 by December 31, 2035?",0.03
paired,partition,above,23,"Will Bitcoin's USD daily closing price on December 31, 2035 be above $1,000,000?",0.21
paired,partition,not_above,23,"Will Bitcoin's USD daily closing price on December 31, 2035 be at or below $1,000,000?",0.73
paired,nested_threshold,lower,79,"Will Bitcoin reach $1,000,000 by December 31, 2035?",0.11
paired,nested_threshold,higher,79,"Will Bitcoin reach $100,000,000 by December 31, 2035?",0.03
empty,complement,yes,100,"Will Bitcoin reach $1,000,000 by December 31, 2035?",0.11
empty,complement,no,100,"Will Bitcoin fail to reach $1,000,000 by December 31, 2035?",0.82
omitted,nested_threshold,lower,82,"Will Bitcoin reach $1,000,000 by December 31, 2035?",0.12
omitted,nested_threshold,higher,82,"Will Bitcoin reach $100,000,000 by December 31, 2035?",0.02
omitted,complement,yes,48,"Will Bitcoin reach $1,000,000 by December 31, 2035?",0.1
omitted,complement,no,48,"Will Bitcoin fail to reach $1,000,000 by December 31, 2035?",0.92
empty,complement,yes,67,"Will Bitcoin reach $1,000,000 by December 31, 2035?",0.11
empty,complement,no,67,"Will Bitcoin fail to reach $1,000,000 by December 31, 2035?",0.81
empty,partition,above,44,"Will Bitcoin's USD daily closing price on December 31, 2035 be above $1,000,000?",0.22
empty,partition,not_above,44,"Will Bitcoin's USD daily closing price on December 31, 2035 be at or below $1,000,000?",0.71
empty,complement,yes,20,"Will Bitcoin reach $1,000,000 by December 31, 2035?",0.11
empty,complement,no,20,"Will Bitcoin fail to reach $1,000,000 by December 31, 2035?",0.83
omitted,complement,yes,2,"Will Bitcoin reach $1,000,000 by December 31, 2035?",0.11
omitted,complement,no,2,"Will Bitcoin fail to reach $1,000,000 by December 31, 2035?",0.92
omitted,partition,above,20,"Will Bitcoin's USD daily closing price on December 31, 2035 be above $1,000,000?",0.22
omitted,partition,not_above,20,"Will Bitcoin's USD daily closing price on December 31, 2035 be at or below $1,000,000?",0.78
omitted,joint_bounds,one,30,"Will Bitcoin reach $1,000,000 by December 31, 2035?",0.1
omitted,joint_bounds,ten,30,"Will Bitcoin reach $10,000,000 by December 31, 2035?",0.03
omitted,joint_bounds,both,30,"Will Bitcoin reach both $1,000,000 and $10,000,000 by December 31, 2035?",0.04
paired,nested_threshold,lower,45,"Will Bitcoin reach $1,000,000 by December 31, 2035?",0.13
paired,nested_threshold,higher,45,"Will Bitcoin reach $100,000,000 by December 31, 2035?",0.03
empty,partition,above,37,"Will Bitcoin's USD daily closing price on December 31, 2035 be above $1,000,000?",0.18
empty,partition,not_above,37,"Will Bitcoin's USD daily closing price on December 31, 2035 be at or below $1,000,000?",0.7
empty,partition,above,61,"Will Bitcoin's USD daily closing price on December 31, 2035 be above $1,000,000?",0.19
empty,partition,not_above,61,"Will Bitcoin's USD daily closing price on December 31, 2035 be at or below $1,000,000?",0.72
empty,joint_bounds,one,70,"Will Bitcoin reach $1,000,000 by December 31, 2035?",0.11
empty,joint_bounds,ten,70,"Will Bitcoin reach $10,000,000 by December 31, 2035?",0.03
empty,joint_bounds,both,70,"Will Bitcoin reach both $1,000,000 and $10,000,000 by December 31, 2035?",0.07
paired,nested_time,short,28,"Will Bitcoin reach $1,000,000 by December 31, 2030?",0.07
paired,nested_time,long,28,"Will Bitcoin reach $1,000,000 by December 31, 2035?",0.14
paired,partition,above,54,"Will Bitcoin's USD daily closing price on December 31, 2035 be above $1,000,000?",0.21
paired,partition,not_above,54,"Will Bitcoin's USD daily closing price on December 31, 2035 be at or below $1,000,000?",0.73
empty,nested_threshold,lower,15,"Will Bitcoin reach $1,000,000 by December 31, 2035?",0.1
empty,nested_threshold,higher,15,"Will Bitcoin reach $100,000,000 by December 31, 2035?",0.03
omitted,nested_time,short,17,"Will Bitcoin reach $1,000,000 by December 31, 2030?",0.04
omitted,nested_time,long,17,"Will Bitcoin reach $1,000,000 by December 31, 2035?",0.11
empty,nested_threshold,lower,40,"Will Bitcoin reach $1,000,000 by December 31, 2035?",0.1
empty,nested_threshold,higher,40,"Will Bitcoin reach $100,000,000 by December 31, 2035?",0.03
paired,complement,yes,27,"Will Bitcoin reach $1,000,000 by December 31, 2035?",0.19
paired,complement,no,27,"Will Bitcoin fail to reach $1,000,000 by December 31, 2035?",0.77
omitted,partition,above,28,"Will Bitcoin's USD daily closing price on December 31, 2035 be above $1,000,000?",0.2
omitted,partition,not_above,28,"Will Bitcoin's USD daily closing price on December 31, 2035 be at or below $1,000,000?",0.76
omitted,nested_time,short,83,"Will Bitcoin reach $1,000,000 by December 31, 2030?",0.06
omitted,nested_time,long,83,"Will Bitcoin reach $1,000,000 by December 31, 2035?",0.11
paired,partition,above,52,"Will Bitcoin's USD daily closing price on December 31, 2035 be above $1,000,000?",0.21
paired,partition,not_above,52,"Will Bitcoin's USD daily closing price on December 31, 2035 be at or below $1,000,000?",0.73
omitted,nested_threshold,lower,69,"Will Bitcoin reach $1,000,000 by December 31, 2035?",0.1
omitted,nested_threshold,higher,69,"Will Bitcoin reach $100,000,000 by December 31, 2035?",0.02
omitted,nested_threshold,lower,54,"Will Bitcoin reach $1,000,000 by December 31, 2035?",0.09
omitted,nested_threshold,higher,54,"Will Bitcoin reach $100,000,000 by December 31, 2035?",0.02
omitted,complement,yes,98,"Will Bitcoin reach $1,000,000 by December 31, 2035?",0.11
omitted,complement,no,98,"Will Bitcoin fail to reach $1,000,000 by December 31, 2035?",0.93
omitted,joint_bounds,one,100,"Will Bitcoin reach $1,000,000 by December 31, 2035?",0.09
omitted,joint_bounds,ten,100,"Will Bitcoin reach $10,000,000 by December 31, 2035?",0.03
omitted,joint_bounds,both,100,"Will Bitcoin reach both $1,000,000 and $10,000,000 by December 31, 2035?",0.03
paired,nested_time,short,81,"Will Bitcoin reach $1,000,000 by December 31, 2030?",0.06
paired,nested_time,long,81,"Will Bitcoin reach $1,000,000 by December 31, 2035?",0.12
paired,complement,yes,28,"Will Bitcoin reach $1,000,000 by December 31, 2035?",0.17
paired,complement,no,28,"Will Bitcoin fail to reach $1,000,000 by December 31, 2035?",0.76
omitted,partition,above,2,"Will Bitcoin's USD daily closing price on December 31, 2035 be above $1,000,000?",0.2
omitted,partition,not_above,2,"Will Bitcoin's USD daily closing price on December 31, 2035 be at or below $1,000,000?",0.75
paired,joint_bounds,one,87,"Will Bitcoin reach $1,000,000 by December 31, 2035?",0.19
paired,joint_bounds,ten,87,"Will Bitcoin reach $10,000,000 by December 31, 2035?",0.04
paired,joint_bounds,both,87,"Will Bitcoin reach both $1,000,000 and $10,000,000 by December 31, 2035?",0.07
empty,complement,yes,50,"Will Bitcoin reach $1,000,000 by December 31, 2035?",0.12
empty,complement,no,50,"Will Bitcoin fail to reach $1,000,000 by December 31, 2035?",0.83
omitted,joint_bounds,one,32,"Will Bitcoin reach $1,000,000 by December 31, 2035?",0.09
omitted,joint_bounds,ten,32,"Will Bitcoin reach $10,000,000 by December 31, 2035?",0.03
omitted,joint_bounds,both,32,"Will Bitcoin reach both $1,000,000 and $10,000,000 by December 31, 2035?",0.03
empty,partition,above,48,"Will Bitcoin's USD daily closing price on December 31, 2035 be above $1,000,000?",0.2
empty,partition,not_above,48,"Will Bitcoin's USD daily closing price on December 31, 2035 be at or below $1,000,000?",0.7
omitted,complement,yes,66,"Will Bitcoin reach $1,000,000 by December 31, 2035?",0.11
omitted,complement,no,66,"Will Bitcoin fail to reach $1,000,000 by December 31, 2035?",0.92
paired,nested_time,short,47,"Will Bitcoin reach $1,000,000 by December 31, 2030?",0.06
paired,nested_time,long,47,"Will Bitcoin reach $1,000,000 by December 31, 2035?",0.12
omitted,nested_time,short,98,"Will Bitcoin reach $1,000,000 by December 31, 2030?",0.06
omitted,nested_time,long,98,"Will Bitcoin reach $1,000,000 by December 31, 2035?",0.1
empty,partition,above,36,"Will Bitcoin's USD daily closing price on December 31, 2035 be above $1,000,000?",0.2
empty,partition,not_above,36,"Will Bitcoin's USD daily closing price on December 31, 2035 be at or below $1,000,000?",0.71
omitted,joint_bounds,one,51,"Will Bitcoin reach $1,000,000 by December 31, 2035?",0.1
omitted,joint_bounds,ten,51,"Will Bitcoin reach $10,000,000 by December 31, 2035?",0.03
omitted,joint_bounds,both,51,"Will Bitcoin reach both $1,000,000 and $10,000,000 by December 31, 2035?",0.04
omitted,partition,above,60,"Will Bitcoin's USD daily closing price on December 31, 2035 be above $1,000,000?",0.22
omitted,partition,not_above,60,"Will Bitcoin's USD daily closing price on December 31, 2035 be at or below $1,000,000?",0.77
paired,joint_bounds,one,75,"Will Bitcoin reach $1,000,000 by December 31, 2035?",0.2
paired,joint_bounds,ten,75,"Will Bitcoin reach $10,000,000 by December 31, 2035?",0.05
paired,joint_bounds,both,75,"Will Bitcoin reach both $1,000,000 and $10,000,000 by December 31, 2035?",0.07
paired,nested_time,short,2,"Will Bitcoin reach $1,000,000 by December 31, 2030?",0.07
paired,nested_time,long,2,"Will Bitcoin reach $1,000,000 by December 31, 2035?",0.14
omitted,complement,yes,15,"Will Bitcoin reach $1,000,000 by December 31, 2035?",0.1
omitted,complement,no,15,"Will Bitcoin fail to reach $1,000,000 by December 31, 2035?",0.91
paired,nested_time,short,65,"Will Bitcoin reach $1,000,000 by December 31, 2030?",0.05
paired,nested_time,long,65,"Will Bitcoin reach $1,000,000 by December 31, 2035?",0.13
paired,joint_bounds,one,5,"Will Bitcoin reach $1,000,000 by December 31, 2035?",0.2
paired,joint_bounds,ten,5,"Will Bitcoin reach $10,000,000 by December 31, 2035?",0.04
paired,joint_bounds,both,5,"Will Bitcoin reach both $1,000,000 and $10,000,000 by December 31, 2035?",0.07
paired,nested_time,short,74,"Will Bitcoin reach $1,000,000 by December 31, 2030?",0.07
paired,nested_time,long,74,"Will Bitcoin reach $1,000,000 by December 31, 2035?",0.12
empty,joint_bounds,one,49,"Will Bitcoin reach $1,000,000 by December 31, 2035?",0.11
empty,joint_bounds,ten,49,"Will Bitcoin reach $10,000,000 by December 31, 2035?",0.04
empty,joint_bounds,both,49,"Will Bitcoin reach both $1,000,000 and $10,000,000 by December 31, 2035?",0.06
omitted,nested_time,short,40,"Will Bitcoin reach $1,000,000 by December 31, 2030?",0.04
omitted,nested_time,long,40,"Will Bitcoin reach $1,000,000 by December 31, 2035?",0.12
empty,complement,yes,58,"Will Bitcoin reach $1,000,000 by December 31, 2035?",0.11
empty,complement,no,58,"Will Bitcoin fail to reach $1,000,000 by December 31, 2035?",0.84
paired,joint_bounds,one,30,"Will Bitcoin reach $1,000,000 by December 31, 2035?",0.2
paired,joint_bounds,ten,30,"Will Bitcoin reach $10,000,000 by December 31, 2035?",0.04
paired,joint_bounds,both,30,"Will Bitcoin reach both $1,000,000 and $10,000,000 by December 31, 2035?",0.06
omitted,joint_bounds,one,49,"Will Bitcoin reach $1,000,000 by December 31, 2035?",0.13
omitted,joint_bounds,ten,49,"Will Bitcoin reach $10,000,000 by December 31, 2035?",0.03
omitted,joint_bounds,both,49,"Will Bitcoin reach both $1,000,000 and $10,000,000 by December 31, 2035?",0.04
omitted,nested_threshold,lower,34,"Will Bitcoin reach $1,000,000 by December 31, 2035?",0.09
omitted,nested_threshold,higher,34,"Will Bitcoin reach $100,000,000 by December 31, 2035?",0.02
omitted,partition,above,63,"Will Bitcoin's USD daily closing price on December 31, 2035 be above $1,000,000?",0.21
omitted,partition,not_above,63,"Will Bitcoin's USD daily closing price on December 31, 2035 be at or below $1,000,000?",0.77
omitted,joint_bounds,one,10,"Will Bitcoin reach $1,000,000 by December 31, 2035?",0.11
omitted,joint_bounds,ten,10,"Will Bitcoin reach $10,000,000 by December 31, 2035?",0.03
omitted,joint_bounds,both,10,"Will Bitcoin reach both $1,000,000 and $10,000,000 by December 31, 2035?",0.04
paired,joint_bounds,one,55,"Will Bitcoin reach $1,000,000 by December 31, 2035?",0.19
paired,joint_bounds,ten,55,"Will Bitcoin reach $10,000,000 by December 31, 2035?",0.04
paired,joint_bounds,both,55,"Will Bitcoin reach both $1,000,000 and $10,000,000 by December 31, 2035?",0.06
paired,joint_bounds,one,26,"Will Bitcoin reach $1,000,000 by December 31, 2035?",0.21
paired,joint_bounds,ten,26,"Will Bitcoin reach $10,000,000 by December 31, 2035?",0.05
paired,joint_bounds,both,26,"Will Bitcoin reach both $1,000,000 and $10,000,000 by December 31, 2035?",0.05
omitted,complement,yes,45,"Will Bitcoin reach $1,000,000 by December 31, 2035?",0.11
omitted,complement,no,45,"Will Bitcoin fail to reach $1,000,000 by December 31, 2035?",0.91
omitted,nested_time,short,39,"Will Bitcoin reach $1,000,000 by December 31, 2030?",0.05
omitted,nested_time,long,39,"Will Bitcoin reach $1,000,000 by December 31, 2035?",0.09
paired,complement,yes,7,"Will Bitcoin reach $1,000,000 by December 31, 2035?",0.19
paired,complement,no,7,"Will Bitcoin fail to reach $1,000,000 by December 31, 2035?",0.76
empty,partition,above,13,"Will Bitcoin's USD daily closing price on December 31, 2035 be above $1,000,000?",0.21
empty,partition,not_above,13,"Will Bitcoin's USD daily closing price on December 31, 2035 be at or below $1,000,000?",0.71
paired,partition,above,27,"Will Bitcoin's USD daily closing price on December 31, 2035 be above $1,000,000?",0.21
paired,partition,not_above,27,"Will Bitcoin's USD daily closing price on December 31, 2035 be at or below $1,000,000?",0.73
paired,complement,yes,17,"Will Bitcoin reach $1,000,000 by December 31, 2035?",0.18
paired,complement,no,17,"Will Bitcoin fail to reach $1,000,000 by December 31, 2035?",0.76
empty,nested_threshold,lower,47,"Will Bitcoin reach $1,000,000 by December 31, 2035?",0.1
empty,nested_threshold,higher,47,"Will Bitcoin reach $100,000,000 by December 31, 2035?",0.03
empty,nested_threshold,lower,79,"Will Bitcoin reach $1,000,000 by December 31, 2035?",0.1
empty,nested_threshold,higher,79,"Will Bitcoin reach $100,000,000 by December 31, 2035?",0.03
paired,joint_bounds,one,56,"Will Bitcoin reach $1,000,000 by December 31, 2035?",0.2
paired,joint_bounds,ten,56,"Will Bitcoin reach $10,000,000 by December 31, 2035?",0.04
paired,joint_bounds,both,56,"Will Bitcoin reach both $1,000,000 and $10,000,000 by December 31, 2035?",0.06
omitted,nested_threshold,lower,43,"Will Bitcoin reach $1,000,000 by December 31, 2035?",0.11
omitted,nested_threshold,higher,43,"Will Bitcoin reach $100,000,000 by December 31, 2035?",0.03
empty,joint_bounds,one,50,"Will Bitcoin reach $1,000,000 by December 31, 2035?",0.11
empty,joint_bounds,ten,50,"Will Bitcoin reach $10,000,000 by December 31, 2035?",0.03
empty,joint_bounds,both,50,"Will Bitcoin reach both $1,000,000 and $10,000,000 by December 31, 2035?",0.07
empty,partition,above,58,"Will Bitcoin's USD daily closing price on December 31, 2035 be above $1,000,000?",0.19
empty,partition,not_above,58,"Will Bitcoin's USD daily closing price on December 31, 2035 be at or below $1,000,000?",0.73
paired,nested_time,short,97,"Will Bitcoin reach $1,000,000 by December 31, 2030?",0.05
paired,nested_time,long,97,"Will Bitcoin reach $1,000,000 by December 31, 2035?",0.14
empty,joint_bounds,one,38,"Will Bitcoin reach $1,000,000 by December 31, 2035?",0.11
empty,joint_bounds,ten,38,"Will Bitcoin reach $10,000,000 by December 31, 2035?",0.03
empty,joint_bounds,both,38,"Will Bitcoin reach both $1,000,000 and $10,000,000 by December 31, 2035?",0.07
paired,complement,yes,39,"Will Bitcoin reach $1,000,000 by December 31, 2035?",0.22
paired,complement,no,39,"Will Bitcoin fail to reach $1,000,000 by December 31, 2035?",0.74
paired,complement,yes,68,"Will Bitcoin reach $1,000,000 by December 31, 2035?",0.21
paired,complement,no,68,"Will Bitcoin fail to reach $1,000,000 by December 31, 2035?",0.78
empty,partition,above,21,"Will Bitcoin's USD daily closing price on December 31, 2035 be above $1,000,000?",0.19
empty,partition,not_above,21,"Will Bitcoin's USD daily closing price on December 31, 2035 be at or below $1,000,000?",0.7
paired,partition,above,16,"Will Bitcoin's USD daily closing price on December 31, 2035 be above $1,000,000?",0.21
paired,partition,not_above,16,"Will Bitcoin's USD daily closing price on December 31, 2035 be at or below $1,000,000?",0.73
empty,nested_time,short,44,"Will Bitcoin reach $1,000,000 by December 31, 2030?",0.07
empty,nested_time,long,44,"Will Bitcoin reach $1,000,000 by December 31, 2035?",0.11
omitted,nested_threshold,lower,20,"Will Bitcoin reach $1,000,000 by December 31, 2035?",0.1
omitted,nested_threshold,higher,20,"Will Bitcoin reach $100,000,000 by December 31, 2035?",0.02
omitted,partition,above,65,"Will Bitcoin's USD daily closing price on December 31, 2035 be above $1,000,000?",0.21
omitted,partition,not_above,65,"Will Bitcoin's USD daily closing price on December 31, 2035 be at or below $1,000,000?",0.73
empty,nested_time,short,28,"Will Bitcoin reach $1,000,000 by December 31, 2030?",0.05
empty,nested_time,long,28,"Will Bitcoin reach $1,000,000 by December 31, 2035?",0.11
omitted,nested_threshold,lower,79,"Will Bitcoin reach $1,000,000 by December 31, 2035?",0.1
omitted,nested_threshold,higher,79,"Will Bitcoin reach $100,000,000 by December 31, 2035?",0.03
empty,nested_threshold,lower,64,"Will Bitcoin reach $1,000,000 by December 31, 2035?",0.11
empty,nested_threshold,higher,64,"Will Bitcoin reach $100,000,000 by December 31, 2035?",0.03
empty,nested_time,short,98,"Will Bitcoin reach $1,000,000 by December 31, 2030?",0.06
empty,nested_time,long,98,"Will Bitcoin reach $1,000,000 by December 31, 2035?",0.1
paired,joint_bounds,one,94,"Will Bitcoin reach $1,000,000 by December 31, 2035?",0.22
paired,joint_bounds,ten,94,"Will Bitcoin reach $10,000,000 by December 31, 2035?",0.05
paired,joint_bounds,both,94,"Will Bitcoin reach both $1,000,000 and $10,000,000 by December 31, 2035?",0.06
omitted,partition,above,26,"Will Bitcoin's USD daily closing price on December 31, 2035 be above $1,000,000?",0.21
omitted,partition,not_above,26,"Will Bitcoin's USD daily closing price on December 31, 2035 be at or below $1,000,000?",0.75
paired,nested_threshold,lower,50,"Will Bitcoin reach $1,000,000 by December 31, 2035?",0.14
paired,nested_threshold,higher,50,"Will Bitcoin reach $100,000,000 by December 31, 2035?",0.03
paired,complement,yes,41,"Will Bitcoin reach $1,000,000 by December 31, 2035?",0.19
paired,complement,no,41,"Will Bitcoin fail to reach $1,000,000 by December 31, 2035?",0.76
omitted,partition,above,61,"Will Bitcoin's USD daily closing price on December 31, 2035 be above $1,000,000?",0.2
omitted,partition,not_above,61,"Will Bitcoin's USD daily closing price on December 31, 2035 be at or below $1,000,000?",0.79
empty,joint_bounds,one,20,"Will Bitcoin reach $1,000,000 by December 31, 2035?",0.11
empty,joint_bounds,ten,20,"Will Bitcoin reach $10,000,000 by December 31, 2035?",0.04
empty,joint_bounds,both,20,"Will Bitcoin reach both $1,000,000 and $10,000,000 by December 31, 2035?",0.05
paired,joint_bounds,one,1,"Will Bitcoin reach $1,000,000 by December 31, 2035?",0.21
paired,joint_bounds,ten,1,"Will Bitcoin reach $10,000,000 by December 31, 2035?",0.05
paired,joint_bounds,both,1,"Will Bitcoin reach both $1,000,000 and $10,000,000 by December 31, 2035?",0.07
empty,nested_time,short,13,"Will Bitcoin reach $1,000,000 by December 31, 2030?",0.06
empty,nested_time,long,13,"Will Bitcoin reach $1,000,000 by December 31, 2035?",0.1
omitted,nested_threshold,lower,10,"Will Bitcoin reach $1,000,000 by December 31, 2035?",0.09
omitted,nested_threshold,higher,10,"Will Bitcoin reach $100,000,000 by December 31, 2035?",0.02
paired,nested_threshold,lower,10,"Will Bitcoin reach $1,000,000 by December 31, 2035?",0.13
paired,nested_threshold,higher,10,"Will Bitcoin reach $100,000,000 by December 31, 2035?",0.03
omitted,nested_threshold,lower,31,"Will Bitcoin reach $1,000,000 by December 31, 2035?",0.09
omitted,nested_threshold,higher,31,"Will Bitcoin reach $100,000,000 by December 31, 2035?",0.02
omitted,complement,yes,17,"Will Bitcoin reach $1,000,000 by December 31, 2035?",0.13
omitted,complement,no,17,"Will Bitcoin fail to reach $1,000,000 by December 31, 2035?",0.92
omitted,nested_time,short,38,"Will Bitcoin reach $1,000,000 by December 31, 2030?",0.05
omitted,nested_time,long,38,"Will Bitcoin reach $1,000,000 by December 31, 2035?",0.09
omitted,nested_threshold,lower,93,"Will Bitcoin reach $1,000,000 by December 31, 2035?",0.09
omitted,nested_threshold,higher,93,"Will Bitcoin reach $100,000,000 by December 31, 2035?",0.03
omitted,complement,yes,42,"Will Bitcoin reach $1,000,000 by December 31, 2035?",0.12
omitted,complement,no,42,"Will Bitcoin fail to reach $1,000,000 by December 31, 2035?",0.92
paired,nested_threshold,lower,88,"Will Bitcoin reach $1,000,000 by December 31, 2035?",0.13
paired,nested_threshold,higher,88,"Will Bitcoin reach $100,000,000 by December 31, 2035?",0.03
paired,joint_bounds,one,90,"Will Bitcoin reach $1,000,000 by December 31, 2035?",0.19
paired,joint_bounds,ten,90,"Will Bitcoin reach $10,000,000 by December 31, 2035?",0.04
paired,joint_bounds,both,90,"Will Bitcoin reach both $1,000,000 and $10,000,000 by December 31, 2035?",0.06
paired,joint_bounds,one,69,"Will Bitcoin reach $1,000,000 by December 31, 2035?",0.22
paired,joint_bounds,ten,69,"Will Bitcoin reach $10,000,000 by December 31, 2035?",0.04
paired,joint_bounds,both,69,"Will Bitcoin reach both $1,000,000 and $10,000,000 by December 31, 2035?",0.08
paired,nested_threshold,lower,2,"Will Bitcoin reach $1,000,000 by December 31, 2035?",0.13
paired,nested_threshold,higher,2,"Will Bitcoin reach $100,000,000 by December 31, 2035?",0.03
paired,complement,yes,95,"Will Bitcoin reach $1,000,000 by December 31, 2035?",0.18
paired,complement,no,95,"Will Bitcoin fail to reach $1,000,000 by December 31, 2035?",0.78
paired,nested_threshold,lower,95,"Will Bitcoin reach $1,000,000 by December 31, 2035?",0.12
paired,nested_threshold,higher,95,"Will Bitcoin reach $100,000,000 by December 31, 2035?",0.03
paired,nested_threshold,lower,83,"Will Bitcoin reach $1,000,000 by December 31, 2035?",0.13
paired,nested_threshold,higher,83,"Will Bitcoin reach $100,000,000 by December 31, 2035?",0.03
omitted,joint_bounds,one,90,"Will Bitcoin reach $1,000,000 by December 31, 2035?",0.12
omitted,joint_bounds,ten,90,"Will Bitcoin reach $10,000,000 by December 31, 2035?",0.03
omitted,joint_bounds,both,90,"Will Bitcoin reach both $1,000,000 and $10,000,000 by December 31, 2035?",0.03
omitted,joint_bounds,one,62,"Will Bitcoin reach $1,000,000 by December 31, 2035?",0.1
omitted,joint_bounds,ten,62,"Will Bitcoin reach $10,000,000 by December 31, 2035?",0.03
omitted,joint_bounds,both,62,"Will Bitcoin reach both $1,000,000 and $10,000,000 by December 31, 2035?",0.04
empty,nested_time,short,99,"Will Bitcoin reach $1,000,000 by December 31, 2030?",0.06
empty,nested_time,long,99,"Will Bitcoin reach $1,000,000 by December 31, 2035?",0.13
empty,joint_bounds,one,33,"Will Bitcoin reach $1,000,000 by December 31, 2035?",0.11
empty,joint_bounds,ten,33,"Will Bitcoin reach $10,000,000 by December 31, 2035?",0.03
empty,joint_bounds,both,33,"Will Bitcoin reach both $1,000,000 and $10,000,000 by December 31, 2035?",0.05
paired,complement,yes,29,"Will Bitcoin reach $1,000,000 by December 31, 2035?",0.19
paired,complement,no,29,"Will Bitcoin fail to reach $1,000,000 by December 31, 2035?",0.76
empty,partition,above,64,"Will Bitcoin's USD daily closing price on December 31, 2035 be above $1,000,000?",0.19
empty,partition,not_above,64,"Will Bitcoin's USD daily closing price on December 31, 2035 be at or below $1,000,000?",0.71
paired,joint_bounds,one,10,"Will Bitcoin reach $1,000,000 by December 31, 2035?",0.23
paired,joint_bounds,ten,10,"Will Bitcoin reach $10,000,000 by December 31, 2035?",0.05
paired,joint_bounds,both,10,"Will Bitcoin reach both $1,000,000 and $10,000,000 by December 31, 2035?",0.07
paired,partition,above,71,"Will Bitcoin's USD daily closing price on December 31, 2035 be above $1,000,000?",0.24
paired,partition,not_above,71,"Will Bitcoin's USD daily closing price on December 31, 2035 be at or below $1,000,000?",0.73
paired,nested_time,short,90,"Will Bitcoin reach $1,000,000 by December 31, 2030?",0.05
paired,nested_time,long,90,"Will Bitcoin reach $1,000,000 by December 31, 2035?",0.14
empty,complement,yes,28,"Will Bitcoin reach $1,000,000 by December 31, 2035?",0.1
empty,complement,no,28,"Will Bitcoin fail to reach $1,000,000 by December 31, 2035?",0.83
paired,nested_threshold,lower,37,"Will Bitcoin reach $1,000,000 by December 31, 2035?",0.13
paired,nested_threshold,higher,37,"Will Bitcoin reach $100,000,000 by December 31, 2035?",0.03
omitted,nested_time,short,48,"Will Bitcoin reach $1,000,000 by December 31, 2030?",0.05
omitted,nested_time,long,48,"Will Bitcoin reach $1,000,000 by December 31, 2035?",0.1
empty,complement,yes,88,"Will Bitcoin reach $1,000,000 by December 31, 2035?",0.09
empty,complement,no,88,"Will Bitcoin fail to reach $1,000,000 by December 31, 2035?",0.8
empty,partition,above,29,"Will Bitcoin's USD daily closing price on December 31, 2035 be above $1,000,000?",0.19
empty,partition,not_above,29,"Will Bitcoin's USD daily closing price on December 31, 2035 be at or below $1,000,000?",0.71
paired,nested_time,short,70,"Will Bitcoin reach $1,000,000 by December 31, 2030?",0.06
paired,nested_time,long,70,"Will Bitcoin reach $1,000,000 by December 31, 2035?",0.13
omitted,partition,above,44,"Will Bitcoin's USD daily closing price on December 31, 2035 be above $1,000,000?",0.2
omitted,partition,not_above,44,"Will Bitcoin's USD daily closing price on December 31, 2035 be at or below $1,000,000?",0.77
omitted,nested_time,short,76,"Will Bitcoin reach $1,000,000 by December 31, 2030?",0.05
omitted,nested_time,long,76,"Will Bitcoin reach $1,000,000 by December 31, 2035?",0.1
paired,joint_bounds,one,6,"Will Bitcoin reach $1,000,000 by December 31, 2035?",0.17
paired,joint_bounds,ten,6,"Will Bitcoin reach $10,000,000 by December 31, 2035?",0.05
paired,joint_bounds,both,6,"Will Bitcoin reach both $1,000,000 and $10,000,000 by December 31, 2035?",0.06
paired,nested_time,short,34,"Will Bitcoin reach $1,000,000 by December 31, 2030?",0.05
paired,nested_time,long,34,"Will Bitcoin reach $1,000,000 by December 31, 2035?",0.12
empty,partition,above,78,"Will Bitcoin's USD daily closing price on December 31, 2035 be above $1,000,000?",0.17
empty,partition,not_above,78,"Will Bitcoin's USD daily closing price on December 31, 2035 be at or below $1,000,000?",0.72
empty,complement,yes,2,"Will Bitcoin reach $1,000,000 by December 31, 2035?",0.11
empty,complement,no,2,"Will Bitcoin fail to reach $1,000,000 by December 31, 2035?",0.81
paired,nested_threshold,lower,19,"Will Bitcoin reach $1,000,000 by December 31, 2035?",0.12
paired,nested_threshold,higher,19,"Will Bitcoin reach $100,000,000 by December 31, 2035?",0.03
empty,complement,yes,96,"Will Bitcoin reach $1,000,000 by December 31, 2035?",0.1
empty,complement,no,96,"Will Bitcoin fail to reach $1,000,000 by December 31, 2035?",0.83
paired,joint_bounds,one,43,"Will Bitcoin reach $1,000,000 by December 31, 2035?",0.19
paired,joint_bounds,ten,43,"Will Bitcoin reach $10,000,000 by December 31, 2035?",0.03
paired,joint_bounds,both,43,"Will Bitcoin reach both $1,000,000 and $10,000,000 by December 31, 2035?",0.07
omitted,partition,above,80,"Will Bitcoin's USD daily closing price on December 31, 2035 be above $1,000,000?",0.19
omitted,partition,not_above,80,"Will Bitcoin's USD daily closing price on December 31, 2035 be at or below $1,000,000?",0.75
empty,nested_time,short,37,"Will Bitcoin reach $1,000,000 by December 31, 2030?",0.06
empty,nested_time,long,37,"Will Bitcoin reach $1,000,000 by December 31, 2035?",0.09
paired,complement,yes,85,"Will Bitcoin reach $1,000,000 by December 31, 2035?",0.21
paired,complement,no,85,"Will Bitcoin fail to reach $1,000,000 by December 31, 2035?",0.78
paired,nested_time,short,59,"Will Bitcoin reach $1,000,000 by December 31, 2030?",0.06
paired,nested_time,long,59,"Will Bitcoin reach $1,000,000 by December 31, 2035?",0.13
empty,joint_bounds,one,3,"Will Bitcoin reach $1,000,000 by December 31, 2035?",0.1
empty,joint_bounds,ten,3,"Will Bitcoin reach $10,000,000 by December 31, 2035?",0.03
empty,joint_bounds,both,3,"Will Bitcoin reach both $1,000,000 and $10,000,000 by December 31, 2035?",0.06
empty,nested_threshold,lower,56,"Will Bitcoin reach $1,000,000 by December 31, 2035?",0.11
empty,nested_threshold,higher,56,"Will Bitcoin reach $100,000,000 by December 31, 2035?",0.03
paired,partition,above,66,"Will Bitcoin's USD daily closing price on December 31, 2035 be above $1,000,000?",0.2
paired,partition,not_above,66,"Will Bitcoin's USD daily closing price on December 31, 2035 be at or below $1,000,000?",0.75
empty,joint_bounds,one,21,"Will Bitcoin reach $1,000,000 by December 31, 2035?",0.11
empty,joint_bounds,ten,21,"Will Bitcoin reach $10,000,000 by December 31, 2035?",0.03
empty,joint_bounds,both,21,"Will Bitcoin reach both $1,000,000 and $10,000,000 by December 31, 2035?",0.06
omitted,joint_bounds,one,5,"Will Bitcoin reach $1,000,000 by December 31, 2035?",0.12
omitted,joint_bounds,ten,5,"Will Bitcoin reach $10,000,000 by December 31, 2035?",0.03
omitted,joint_bounds,both,5,"Will Bitcoin reach both $1,000,000 and $10,000,000 by December 31, 2035?",0.03
omitted,nested_time,short,26,"Will Bitcoin reach $1,000,000 by December 31, 2030?",0.04
omitted,nested_time,long,26,"Will Bitcoin reach $1,000,000 by December 31, 2035?",0.1
empty,complement,yes,69,"Will Bitcoin reach $1,000,000 by December 31, 2035?",0.09
empty,complement,no,69,"Will Bitcoin fail to reach $1,000,000 by December 31, 2035?",0.83
empty,nested_threshold,lower,9,"Will Bitcoin reach $1,000,000 by December 31, 2035?",0.12
empty,nested_threshold,higher,9,"Will Bitcoin reach $100,000,000 by December 31, 2035?",0.03
omitted,nested_threshold,lower,55,"Will Bitcoin reach $1,000,000 by December 31, 2035?",0.11
omitted,nested_threshold,higher,55,"Will Bitcoin reach $100,000,000 by December 31, 2035?",0.02
omitted,nested_threshold,lower,1,"Will Bitcoin reach $1,000,000 by December 31, 2035?",0.08
omitted,nested_threshold,higher,1,"Will Bitcoin reach $100,000,000 by December 31, 2035?",0.02
omitted,complement,yes,82,"Will Bitcoin reach $1,000,000 by December 31, 2035?",0.11
omitted,complement,no,82,"Will Bitcoin fail to reach $1,000,000 by December 31, 2035?",0.91
paired,complement,yes,30,"Will Bitcoin reach $1,000,000 by December 31, 2035?",0.21
paired,complement,no,30,"Will Bitcoin fail to reach $1,000,000 by December 31, 2035?",0.78
empty,joint_bounds,one,23,"Will Bitcoin reach $1,000,000 by December 31, 2035?",0.11
empty,joint_bounds,ten,23,"Will Bitcoin reach $10,000,000 by December 31, 2035?",0.03
empty,joint_bounds,both,23,"Will Bitcoin reach both $1,000,000 and $10,000,000 by December 31, 2035?",0.06
empty,nested_time,short,33,"Will Bitcoin reach $1,000,000 by December 31, 2030?",0.07
empty,nested_time,long,33,"Will Bitcoin reach $1,000,000 by December 31, 2035?",0.12
empty,complement,yes,80,"Will Bitcoin reach $1,000,000 by December 31, 2035?",0.11
empty,complement,no,80,"Will Bitcoin fail to reach $1,000,000 by December 31, 2035?",0.84
empty,nested_time,short,8,"Will Bitcoin reach $1,000,000 by December 31, 2030?",0.06
empty,nested_time,long,8,"Will Bitcoin reach $1,000,000 by December 31, 2035?",0.11
omitted,nested_time,short,9,"Will Bitcoin reach $1,000,000 by December 31, 2030?",0.06
omitted,nested_time,long,9,"Will Bitcoin reach $1,000,000 by December 31, 2035?",0.11
paired,partition,above,22,"Will Bitcoin's USD daily closing price on December 31, 2035 be above $1,000,000?",0.23
paired,partition,not_above,22,"Will Bitcoin's USD daily closing price on December 31, 2035 be at or below $1,000,000?",0.74
empty,joint_bounds,one,72,"Will Bitcoin reach $1,000,000 by December 31, 2035?",0.11
empty,joint_bounds,ten,72,"Will Bitcoin reach $10,000,000 by December 31, 2035?",0.03
empty,joint_bounds,both,72,"Will Bitcoin reach both $1,000,000 and $10,000,000 by December 31, 2035?",0.06
empty,nested_threshold,lower,50,"Will Bitcoin reach $1,000,000 by December 31, 2035?",0.1
empty,nested_threshold,higher,50,"Will Bitcoin reach $100,000,000 by December 31, 2035?",0.03
omitted,joint_bounds,one,35,"Will Bitcoin reach $1,000,000 by December 31, 2035?",0.11
omitted,joint_bounds,ten,35,"Will Bitcoin reach $10,000,000 by December 31, 2035?",0.03
omitted,joint_bounds,both,35,"Will Bitcoin reach both $1,000,000 and $10,000,000 by December 31, 2035?",0.03
omitted,joint_bounds,one,88,"Will Bitcoin reach $1,000,000 by December 31, 2035?",0.09
omitted,joint_bounds,ten,88,"Will Bitcoin reach $10,000,000 by December 31, 2035?",0.03
omitted,joint_bounds,both,88,"Will Bitcoin reach both $1,000,000 and $10,000,000 by December 31, 2035?",0.03
paired,nested_time,short,4,"Will Bitcoin reach $1,000,000 by December 31, 2030?",0.07
paired,nested_time,long,4,"Will Bitcoin reach $1,000,000 by December 31, 2035?",0.13
paired,joint_bounds,one,78,"Will Bitcoin reach $1,000,000 by December 31, 2035?",0.18
paired,joint_bounds,ten,78,"Will Bitcoin reach $10,000,000 by December 31, 2035?",0.04
paired,joint_bounds,both,78,"Will Bitcoin reach both $1,000,000 and $10,000,000 by December 31, 2035?",0.06
omitted,complement,yes,81,"Will Bitcoin reach $1,000,000 by December 31, 2035?",0.11
omitted,complement,no,81,"Will Bitcoin fail to reach $1,000,000 by December 31, 2035?",0.92
omitted,nested_time,short,5,"Will Bitcoin reach $1,000,000 by December 31, 2030?",0.05
omitted,nested_time,long,5,"Will Bitcoin reach $1,000,000 by December 31, 2035?",0.11
omitted,complement,yes,34,"Will Bitcoin reach $1,000,000 by December 31, 2035?",0.09
omitted,complement,no,34,"Will Bitcoin fail to reach $1,000,000 by December 31, 2035?",0.92
omitted,nested_time,short,11,"Will Bitcoin reach $1,000,000 by December 31, 2030?",0.05
omitted,nested_time,long,11,"Will Bitcoin reach $1,000,000 by December 31, 2035?",0.12
omitted,complement,yes,9,"Will Bitcoin reach $1,000,000 by December 31, 2035?",0.1
omitted,complement,no,9,"Will Bitcoin fail to reach $1,000,000 by December 31, 2035?",0.91
paired,joint_bounds,one,54,"Will Bitcoin reach $1,000,000 by December 31, 2035?",0.2
paired,joint_bounds,ten,54,"Will Bitcoin reach $10,000,000 by December 31, 2035?",0.04
paired,joint_bounds,both,54,"Will Bitcoin reach both $1,000,000 and $10,000,000 by December 31, 2035?",0.06
empty,nested_time,short,63,"Will Bitcoin reach $1,000,000 by December 31, 2030?",0.06
empty,nested_time,long,63,"Will Bitcoin reach $1,000,000 by December 31, 2035?",0.1
paired,partition,above,15,"Will Bitcoin's USD daily closing price on December 31, 2035 be above $1,000,000?",0.24
paired,partition,not_above,15,"Will Bitcoin's USD daily closing price on December 31, 2035 be at or below $1,000,000?",0.71
empty,joint_bounds,one,80,"Will Bitcoin reach $1,000,000 by December 31, 2035?",0.12
empty,joint_bounds,ten,80,"Will Bitcoin reach $10,000,000 by December 31, 2035?",0.03
empty,joint_bounds,both,80,"Will Bitcoin reach both $1,000,000 and $10,000,000 by December 31, 2035?",0.06
paired,partition,above,69,"Will Bitcoin's USD daily closing price on December 31, 2035 be above $1,000,000?",0.23
paired,partition,not_above,69,"Will Bitcoin's USD daily closing price on December 31, 2035 be at or below $1,000,000?",0.73
paired,complement,yes,6,"Will Bitcoin reach $1,000,000 by December 31, 2035?",0.19
paired,complement,no,6,"Will Bitcoin fail to reach $1,000,000 by December 31, 2035?",0.78
paired,nested_threshold,lower,40,"Will Bitcoin reach $1,000,000 by December 31, 2035?",0.12
paired,nested_threshold,higher,40,"Will Bitcoin reach $100,000,000 by December 31, 2035?",0.03
paired,joint_bounds,one,49,"Will Bitcoin reach $1,000,000 by December 31, 2035?",0.16
paired,joint_bounds,ten,49,"Will Bitcoin reach $10,000,000 by December 31, 2035?",0.04
paired,joint_bounds,both,49,"Will Bitcoin reach both $1,000,000 and $10,000,000 by December 31, 2035?",0.07
empty,joint_bounds,one,5,"Will Bitcoin reach $1,000,000 by December 31, 2035?",0.11
empty,joint_bounds,ten,5,"Will Bitcoin reach $10,000,000 by December 31, 2035?",0.03
empty,joint_bounds,both,5,"Will Bitcoin reach both $1,000,000 and $10,000,000 by December 31, 2035?",0.06
paired,partition,above,29,"Will Bitcoin's USD daily closing price on December 31, 2035 be above $1,000,000?",0.2
paired,partition,not_above,29,"Will Bitcoin's USD daily closing price on December 31, 2035 be at or below $1,000,000?",0.73
empty,nested_threshold,lower,34,"Will Bitcoin reach $1,000,000 by December 31, 2035?",0.11
empty,nested_threshold,higher,34,"Will Bitcoin reach $100,000,000 by December 31, 2035?",0.03
omitted,nested_time,short,12,"Will Bitcoin reach $1,000,000 by December 31, 2030?",0.05
omitted,nested_time,long,12,"Will Bitcoin reach $1,000,000 by December 31, 2035?",0.13
paired,complement,yes,96,"Will Bitcoin reach $1,000,000 by December 31, 2035?",0.2
paired,complement,no,96,"Will Bitcoin fail to reach $1,000,000 by December 31, 2035?",0.76
omitted,nested_time,short,33,"Will Bitcoin reach $1,000,000 by December 31, 2030?",0.05
omitted,nested_time,long,33,"Will Bitcoin reach $1,000,000 by December 31, 2035?",0.11
empty,nested_threshold,lower,83,"Will Bitcoin reach $1,000,000 by December 31, 2035?",0.11
empty,nested_threshold,higher,83,"Will Bitcoin reach $100,000,000 by December 31, 2035?",0.03
omitted,partition,above,93,"Will Bitcoin's USD daily closing price on December 31, 2035 be above $1,000,000?",0.2
omitted,partition,not_above,93,"Will Bitcoin's USD daily closing price on December 31, 2035 be at or below $1,000,000?",0.76
empty,nested_threshold,lower,78,"Will Bitcoin reach $1,000,000 by December 31, 2035?",0.11
empty,nested_threshold,higher,78,"Will Bitcoin reach $100,000,000 by December 31, 2035?",0.03
paired,nested_time,short,30,"Will Bitcoin reach $1,000,000 by December 31, 2030?",0.07
paired,nested_time,long,30,"Will Bitcoin reach $1,000,000 by December 31, 2035?",0.14
paired,nested_time,short,41,"Will Bitcoin reach $1,000,000 by December 31, 2030?",0.07
paired,nested_time,long,41,"Will Bitcoin reach $1,000,000 by December 31, 2035?",0.13
paired,partition,above,65,"Will Bitcoin's USD daily closing price on December 31, 2035 be above $1,000,000?",0.19
paired,partition,not_above,65,"Will Bitcoin's USD daily closing price on December 31, 2035 be at or below $1,000,000?",0.73
empty,joint_bounds,one,93,"Will Bitcoin reach $1,000,000 by December 31, 2035?",0.1
empty,joint_bounds,ten,93,"Will Bitcoin reach $10,000,000 by December 31, 2035?",0.03
empty,joint_bounds,both,93,"Will Bitcoin reach both $1,000,000 and $10,000,000 by December 31, 2035?",0.06
omitted,complement,yes,69,"Will Bitcoin reach $1,000,000 by December 31, 2035?",0.11
omitted,complement,no,69,"Will Bitcoin fail to reach $1,000,000 by December 31, 2035?",0.92
empty,partition,above,27,"Will Bitcoin's USD daily closing price on December 31, 2035 be above $1,000,000?",0.2
empty,partition,not_above,27,"Will Bitcoin's USD daily closing price on December 31, 2035 be at or below $1,000,000?",0.71
paired,nested_time,short,85,"Will Bitcoin reach $1,000,000 by December 31, 2030?",0.06
paired,nested_time,long,85,"Will Bitcoin reach $1,000,000 by December 31, 2035?",0.12
omitted,complement,yes,23,"Will Bitcoin reach $1,000,000 by December 31, 2035?",0.11
omitted,complement,no,23,"Will Bitcoin fail to reach $1,000,000 by December 31, 2035?",0.91
empty,joint_bounds,one,15,"Will Bitcoin reach $1,000,000 by December 31, 2035?",0.1
empty,joint_bounds,ten,15,"Will Bitcoin reach $10,000,000 by December 31, 2035?",0.03
empty,joint_bounds,both,15,"Will Bitcoin reach both $1,000,000 and $10,000,000 by December 31, 2035?",0.06
omitted,joint_bounds,one,23,"Will Bitcoin reach $1,000,000 by December 31, 2035?",0.1
omitted,joint_bounds,ten,23,"Will Bitcoin reach $10,000,000 by December 31, 2035?",0.02
omitted,joint_bounds,both,23,"Will Bitcoin reach both $1,000,000 and $10,000,000 by December 31, 2035?",0.03
omitted,nested_time,short,53,"Will Bitcoin reach $1,000,000 by December 31, 2030?",0.05
omitted,nested_time,long,53,"Will Bitcoin reach $1,000,000 by December 31, 2035?",0.13
paired,complement,yes,99,"Will Bitcoin reach $1,000,000 by December 31, 2035?",0.19
paired,complement,no,99,"Will Bitcoin fail to reach $1,000,000 by December 31, 2035?",0.77
empty,nested_threshold,lower,41,"Will Bitcoin reach $1,000,000 by December 31, 2035?",0.11
empty,nested_threshold,higher,41,"Will Bitcoin reach $100,000,000 by December 31, 2035?",0.03
paired,nested_time,short,5,"Will Bitcoin reach $1,000,000 by December 31, 2030?",0.05
paired,nested_time,long,5,"Will Bitcoin reach $1,000,000 by December 31, 2035?",0.13
paired,nested_time,short,56,"Will Bitcoin reach $1,000,000 by December 31, 2030?",0.06
paired,nested_time,long,56,"Will Bitcoin reach $1,000,000 by December 31, 2035?",0.14
empty,joint_bounds,one,67,"Will Bitcoin reach $1,000,000 by December 31, 2035?",0.11
empty,joint_bounds,ten,67,"Will Bitcoin reach $10,000,000 by December 31, 2035?",0.03
empty,joint_bounds,both,67,"Will Bitcoin reach both $1,000,000 and $10,000,000 by December 31, 2035?",0.06
paired,joint_bounds,one,17,"Will Bitcoin reach $1,000,000 by December 31, 2035?",0.22
paired,joint_bounds,ten,17,"Will Bitcoin reach $10,000,000 by December 31, 2035?",0.04
paired,joint_bounds,both,17,"Will Bitcoin reach both $1,000,000 and $10,000,000 by December 31, 2035?",0.06
empty,nested_time,short,59,"Will Bitcoin reach $1,000,000 by December 31, 2030?",0.06
empty,nested_time,long,59,"Will Bitcoin reach $1,000,000 by December 31, 2035?",0.11
empty,nested_threshold,lower,67,"Will Bitcoin reach $1,000,000 by December 31, 2035?",0.1
empty,nested_threshold,higher,67,"Will Bitcoin reach $100,000,000 by December 31, 2035?",0.03
paired,nested_threshold,lower,91,"Will Bitcoin reach $1,000,000 by December 31, 2035?",0.11
paired,nested_threshold,higher,91,"Will Bitcoin reach $100,000,000 by December 31, 2035?",0.03
omitted,complement,yes,29,"Will Bitcoin reach $1,000,000 by December 31, 2035?",0.08
omitted,complement,no,29,"Will Bitcoin fail to reach $1,000,000 by December 31, 2035?",0.92
omitted,partition,above,18,"Will Bitcoin's USD daily closing price on December 31, 2035 be above $1,000,000?",0.23
omitted,partition,not_above,18,"Will Bitcoin's USD daily closing price on December 31, 2035 be at or below $1,000,000?",0.74
empty,complement,yes,14,"Will Bitcoin reach $1,000,000 by December 31, 2035?",0.09
empty,complement,no,14,"Will Bitcoin fail to reach $1,000,000 by December 31, 2035?",0.84
paired,partition,above,10,"Will Bitcoin's USD daily closing price on December 31, 2035 be above $1,000,000?",0.23
paired,partition,not_above,10,"Will Bitcoin's USD daily closing price on December 31, 2035 be at or below $1,000,000?",0.75
paired,partition,above,55,"Will Bitcoin's USD daily closing price on December 31, 2035 be above $1,000,000?",0.23
paired,partition,not_above,55,"Will Bitcoin's USD daily closing price on December 31, 2035 be at or below $1,000,000?",0.73
paired,nested_time,short,91,"Will Bitcoin reach $1,000,000 by December 31, 2030?",0.07
paired,nested_time,long,91,"Will Bitcoin reach $1,000,000 by December 31, 2035?",0.11
omitted,nested_threshold,lower,21,"Will Bitcoin reach $1,000,000 by December 31, 2035?",0.12
omitted,nested_threshold,higher,21,"Will Bitcoin reach $100,000,000 by December 31, 2035?",0.02
omitted,partition,above,76,"Will Bitcoin's USD daily closing price on December 31, 2035 be above $1,000,000?",0.18
omitted,partition,not_above,76,"Will Bitcoin's USD daily closing price on December 31, 2035 be at or below $1,000,000?",0.75
omitted,joint_bounds,one,60,"Will Bitcoin reach $1,000,000 by December 31, 2035?",0.12
omitted,joint_bounds,ten,60,"Will Bitcoin reach $10,000,000 by December 31, 2035?",0.03
omitted,joint_bounds,both,60,"Will Bitcoin reach both $1,000,000 and $10,000,000 by December 31, 2035?",0.04
omitted,partition,above,11,"Will Bitcoin's USD daily closing price on December 31, 2035 be above $1,000,000?",0.23
omitted,partition,not_above,11,"Will Bitcoin's USD daily closing price on December 31, 2035 be at or below $1,000,000?",0.76
omitted,nested_threshold,lower,42,"Will Bitcoin reach $1,000,000 by December 31, 2035?",0.09
omitted,nested_threshold,higher,42,"Will Bitcoin reach $100,000,000 by December 31, 2035?",0.02
empty,complement,yes,86,"Will Bitcoin reach $1,000,000 by December 31, 2035?",0.1
empty,complement,no,86,"Will Bitcoin fail to reach $1,000,000 by December 31, 2035?",0.83
empty,nested_threshold,lower,46,"Will Bitcoin reach $1,000,000 by December 31, 2035?",0.1
empty,nested_threshold,higher,46,"Will Bitcoin reach $100,000,000 by December 31, 2035?",0.03
empty,nested_threshold,lower,42,"Will Bitcoin reach $1,000,000 by December 31, 2035?",0.12
empty,nested_threshold,higher,42,"Will Bitcoin reach $100,000,000 by December 31, 2035?",0.03
paired,complement,yes,15,"Will Bitcoin reach $1,000,000 by December 31, 2035?",0.19
paired,complement,no,15,"Will Bitcoin fail to reach $1,000,000 by December 31, 2035?",0.78
empty,complement,yes,87,"Will Bitcoin reach $1,000,000 by December 31, 2035?",0.12
empty,complement,no,87,"Will Bitcoin fail to reach $1,000,000 by December 31, 2035?",0.81
paired,nested_threshold,lower,70,"Will Bitcoin reach $1,000,000 by December 31, 2035?",0.12
paired,nested_threshold,higher,70,"Will Bitcoin reach $100,000,000 by December 31, 2035?",0.03
empty,complement,yes,8,"Will Bitcoin reach $1,000,000 by December 31, 2035?",0.11
empty,complement,no,8,"Will Bitcoin fail to reach $1,000,000 by December 31, 2035?",0.83
paired,joint_bounds,one,14,"Will Bitcoin reach $1,000,000 by December 31, 2035?",0.21
paired,joint_bounds,ten,14,"Will Bitcoin reach $10,000,000 by December 31, 2035?",0.04
paired,joint_bounds,both,14,"Will Bitcoin reach both $1,000,000 and $10,000,000 by December 31, 2035?",0.06
omitted,complement,yes,47,"Will Bitcoin reach $1,000,000 by December 31, 2035?",0.09
omitted,complement,no,47,"Will Bitcoin fail to reach $1,000,000 by December 31, 2035?",0.91
omitted,partition,above,72,"Will Bitcoin's USD daily closing price on December 31, 2035 be above $1,000,000?",0.21
omitted,partition,not_above,72,"Will Bitcoin's USD daily closing price on December 31, 2035 be at or below $1,000,000?",0.75
empty,complement,yes,93,"Will Bitcoin reach $1,000,000 by December 31, 2035?",0.11
empty,complement,no,93,"Will Bitcoin fail to reach $1,000,000 by December 31, 2035?",0.83
omitted,complement,yes,78,"Will Bitcoin reach $1,000,000 by December 31, 2035?",0.11
omitted,complement,no,78,"Will Bitcoin fail to reach $1,000,000 by December 31, 2035?",0.93
omitted,partition,above,24,"Will Bitcoin's USD daily closing price on December 31, 2035 be above $1,000,000?",0.2
omitted,partition,not_above,24,"Will Bitcoin's USD daily closing price on December 31, 2035 be at or below $1,000,000?",0.73
omitted,joint_bounds,one,76,"Will Bitcoin reach $1,000,000 by December 31, 2035?",0.12
omitted,joint_bounds,ten,76,"Will Bitcoin reach $10,000,000 by December 31, 2035?",0.02
omitted,joint_bounds,both,76,"Will Bitcoin reach both $1,000,000 and $10,000,000 by December 31, 2035?",0.03
paired,nested_threshold,lower,100,"Will Bitcoin reach $1,000,000 by December 31, 2035?",0.12
paired,nested_threshold,higher,100,"Will Bitcoin reach $100,000,000 by December 31, 2035?",0.03
empty,joint_bounds,one,29,"Will Bitcoin reach $1,000,000 by December 31, 2035?",0.11
empty,joint_bounds,ten,29,"Will Bitcoin reach $10,000,000 by December 31, 2035?",0.03
empty,joint_bounds,both,29,"Will Bitcoin reach both $1,000,000 and $10,000,000 by December 31, 2035?",0.07
omitted,nested_threshold,lower,7,"Will Bitcoin reach $1,000,000 by December 31, 2035?",0.11
omitted,nested_threshold,higher,7,"Will Bitcoin reach $100,000,000 by December 31, 2035?",0.02
omitted,complement,yes,59,"Will Bitcoin reach $1,000,000 by December 31, 2035?",0.11
omitted,complement,no,59,"Will Bitcoin fail to reach $1,000,000 by December 31, 2035?",0.92
omitted,nested_threshold,lower,17,"Will Bitcoin reach $1,000,000 by December 31, 2035?",0.12
omitted,nested_threshold,higher,17,"Will Bitcoin reach $100,000,000 by December 31, 2035?",0.02
empty,complement,yes,83,"Will Bitcoin reach $1,000,000 by December 31, 2035?",0.1
empty,complement,no,83,"Will Bitcoin fail to reach $1,000,000 by December 31, 2035?",0.82
omitted,partition,above,79,"Will Bitcoin's USD daily closing price on December 31, 2035 be above $1,000,000?",0.21
omitted,partition,not_above,79,"Will Bitcoin's USD daily closing price on December 31, 2035 be at or below $1,000,000?",0.76
empty,nested_time,short,53,"Will Bitcoin reach $1,000,000 by December 31, 2030?",0.07
empty,nested_time,long,53,"Will Bitcoin reach $1,000,000 by December 31, 2035?",0.11
omitted,nested_threshold,lower,80,"Will Bitcoin reach $1,000,000 by December 31, 2035?",0.13
omitted,nested_threshold,higher,80,"Will Bitcoin reach $100,000,000 by December 31, 2035?",0.02
omitted,complement,yes,74,"Will Bitcoin reach $1,000,000 by December 31, 2035?",0.11
omitted,complement,no,74,"Will Bitcoin fail to reach $1,000,000 by December 31, 2035?",0.93
empty,partition,above,42,"Will Bitcoin's USD daily closing price on December 31, 2035 be above $1,000,000?",0.19
empty,partition,not_above,42,"Will Bitcoin's USD daily closing price on December 31, 2035 be at or below $1,000,000?",0.72
paired,partition,above,75,"Will Bitcoin's USD daily closing price on December 31, 2035 be above $1,000,000?",0.22
paired,partition,not_above,75,"Will Bitcoin's USD daily closing price on December 31, 2035 be at or below $1,000,000?",0.74
empty,nested_threshold,lower,87,"Will Bitcoin reach $1,000,000 by December 31, 2035?",0.11
empty,nested_threshold,higher,87,"Will Bitcoin reach $100,000,000 by December 31, 2035?",0.03
paired,joint_bounds,one,59,"Will Bitcoin reach $1,000,000 by December 31, 2035?",0.22
paired,joint_bounds,ten,59,"Will Bitcoin reach $10,000,000 by December 31, 2035?",0.04
paired,joint_bounds,both,59,"Will Bitcoin reach both $1,000,000 and $10,000,000 by December 31, 2035?",0.07
empty,joint_bounds,one,68,"Will Bitcoin reach $1,000,000 by December 31, 2035?",0.12
empty,joint_bounds,ten,68,"Will Bitcoin reach $10,000,000 by December 31, 2035?",0.04
empty,joint_bounds,both,68,"Will Bitcoin reach both $1,000,000 and $10,000,000 by December 31, 2035?",0.06
paired,complement,yes,61,"Will Bitcoin reach $1,000,000 by December 31, 2035?",0.2
paired,complement,no,61,"Will Bitcoin fail to reach $1,000,000 by December 31, 2035?",0.78
paired,joint_bounds,one,40,"Will Bitcoin reach $1,000,000 by December 31, 2035?",0.17
paired,joint_bounds,ten,40,"Will Bitcoin reach $10,000,000 by December 31, 2035?",0.04
paired,joint_bounds,both,40,"Will Bitcoin reach both $1,000,000 and $10,000,000 by December 31, 2035?",0.07
paired,complement,yes,94,"Will Bitcoin reach $1,000,000 by December 31, 2035?",0.19
paired,complement,no,94,"Will Bitcoin fail to reach $1,000,000 by December 31, 2035?",0.77
empty,joint_bounds,one,99,"Will Bitcoin reach $1,000,000 by December 31, 2035?",0.1
empty,joint_bounds,ten,99,"Will Bitcoin reach $10,000,000 by December 31, 2035?",0.03
empty,joint_bounds,both,99,"Will Bitcoin reach both $1,000,000 and $10,000,000 by December 31, 2035?",0.06
omitted,complement,yes,53,"Will Bitcoin reach $1,000,000 by December 31, 2035?",0.11
omitted,complement,no,53,"Will Bitcoin fail to reach $1,000,000 by December 31, 2035?",0.92
empty,joint_bounds,one,10,"Will Bitcoin reach $1,000,000 by December 31, 2035?",0.1
empty,joint_bounds,ten,10,"Will Bitcoin reach $10,000,000 by December 31, 2035?",0.04
empty,joint_bounds,both,10,"Will Bitcoin reach both $1,000,000 and $10,000,000 by December 31, 2035?",0.07
omitted,nested_threshold,lower,84,"Will Bitcoin reach $1,000,000 by December 31, 2035?",0.1
omitted,nested_threshold,higher,84,"Will Bitcoin reach $100,000,000 by December 31, 2035?",0.02
omitted,partition,above,98,"Will Bitcoin's USD daily closing price on December 31, 2035 be above $1,000,000?",0.2
omitted,partition,not_above,98,"Will Bitcoin's USD daily closing price on December 31, 2035 be at or below $1,000,000?",0.75
omitted,partition,above,96,"Will Bitcoin's USD daily closing price on December 31, 2035 be above $1,000,000?",0.2
omitted,partition,not_above,96,"Will Bitcoin's USD daily closing price on December 31, 2035 be at or below $1,000,000?",0.77
paired,joint_bounds,one,96,"Will Bitcoin reach $1,000,000 by December 31, 2035?",0.2
paired,joint_bounds,ten,96,"Will Bitcoin reach $10,000,000 by December 31, 2035?",0.04
paired,joint_bounds,both,96,"Will Bitcoin reach both $1,000,000 and $10,000,000 by December 31, 2035?",0.06
empty,complement,yes,84,"Will Bitcoin reach $1,000,000 by December 31, 2035?",0.1
empty,complement,no,84,"Will Bitcoin fail to reach $1,000,000 by December 31, 2035?",0.84
paired,joint_bounds,one,19,"Will Bitcoin reach $1,000,000 by December 31, 2035?",0.22
paired,joint_bounds,ten,19,"Will Bitcoin reach $10,000,000 by December 31, 2035?",0.05
paired,joint_bounds,both,19,"Will Bitcoin reach both $1,000,000 and $10,000,000 by December 31, 2035?",0.07
empty,partition,above,12,"Will Bitcoin's USD daily closing price on December 31, 2035 be above $1,000,000?",0.19
empty,partition,not_above,12,"Will Bitcoin's USD daily closing price on December 31, 2035 be at or below $1,000,000?",0.72
paired,joint_bounds,one,88,"Will Bitcoin reach $1,000,000 by December 31, 2035?",0.22
paired,joint_bounds,ten,88,"Will Bitcoin reach $10,000,000 by December 31, 2035?",0.04
paired,joint_bounds,both,88,"Will Bitcoin reach both $1,000,000 and $10,000,000 by December 31, 2035?",0.06
paired,nested_threshold,lower,87,"Will Bitcoin reach $1,000,000 by December 31, 2035?",0.11
paired,nested_threshold,higher,87,"Will Bitcoin reach $100,000,000 by December 31, 2035?",0.03
omitted,complement,yes,83,"Will Bitcoin reach $1,000,000 by December 31, 2035?",0.1
omitted,complement,no,83,"Will Bitcoin fail to reach $1,000,000 by December 31, 2035?",0.91
paired,partition,above,78,"Will Bitcoin's USD daily closing price on December 31, 2035 be above $1,000,000?",0.23
paired,partition,not_above,78,"Will Bitcoin's USD daily closing price on December 31, 2035 be at or below $1,000,000?",0.72
omitted,nested_time,short,28,"Will Bitcoin reach $1,000,000 by December 31, 2030?",0.04
omitted,nested_time,long,28,"Will Bitcoin reach $1,000,000 by December 31, 2035?",0.09
omitted,partition,above,49,"Will Bitcoin's USD daily closing price on December 31, 2035 be above $1,000,000?",0.22
omitted,partition,not_above,49,"Will Bitcoin's USD daily closing price on December 31, 2035 be at or below $1,000,000?",0.77
paired,complement,yes,76,"Will Bitcoin reach $1,000,000 by December 31, 2035?",0.19
paired,complement,no,76,"Will Bitcoin fail to reach $1,000,000 by December 31, 2035?",0.75
omitted,partition,above,75,"Will Bitcoin's USD daily closing price on December 31, 2035 be above $1,000,000?",0.21
omitted,partition,not_above,75,"Will Bitcoin's USD daily closing price on December 31, 2035 be at or below $1,000,000?",0.75
paired,nested_threshold,lower,12,"Will Bitcoin reach $1,000,000 by December 31, 2035?",0.12
paired,nested_threshold,higher,12,"Will Bitcoin reach $100,000,000 by December 31, 2035?",0.03
paired,complement,yes,2,"Will Bitcoin reach $1,000,000 by December 31, 2035?",0.2
paired,complement,no,2,"Will Bitcoin fail to reach $1,000,000 by December 31, 2035?",0.79
omitted,joint_bounds,one,18,"Will Bitcoin reach $1,000,000 by December 31, 2035?",0.13
omitted,joint_bounds,ten,18,"Will Bitcoin reach $10,000,000 by December 31, 2035?",0.03
omitted,joint_bounds,both,18,"Will Bitcoin reach both $1,000,000 and $10,000,000 by December 31, 2035?",0.04
paired,nested_time,short,67,"Will Bitcoin reach $1,000,000 by December 31, 2030?",0.06
paired,nested_time,long,67,"Will Bitcoin reach $1,000,000 by December 31, 2035?",0.13
empty,partition,above,69,"Will Bitcoin's USD daily closing price on December 31, 2035 be above $1,000,000?",0.18
empty,partition,not_above,69,"Will Bitcoin's USD daily closing price on December 31, 2035 be at or below $1,000,000?",0.72
paired,joint_bounds,one,91,"Will Bitcoin reach $1,000,000 by December 31, 2035?",0.2
paired,joint_bounds,ten,91,"Will Bitcoin reach $10,000,000 by December 31, 2035?",0.04
paired,joint_bounds,both,91,"Will Bitcoin reach both $1,000,000 and $10,000,000 by December 31, 2035?",0.06
paired,nested_time,short,46,"Will Bitcoin reach $1,000,000 by December 31, 2030?",0.05
paired,nested_time,long,46,"Will Bitcoin reach $1,000,000 by December 31, 2035?",0.12
paired,nested_time,short,96,"Will Bitcoin reach $1,000,000 by December 31, 2030?",0.07
paired,nested_time,long,96,"Will Bitcoin reach $1,000,000 by December 31, 2035?",0.12
empty,nested_threshold,lower,45,"Will Bitcoin reach $1,000,000 by December 31, 2035?",0.1
empty,nested_threshold,higher,45,"Will Bitcoin reach $100,000,000 by December 31, 2035?",0.03
empty,partition,above,89,"Will Bitcoin's USD daily closing price on December 31, 2035 be above $1,000,000?",0.18
empty,partition,not_above,89,"Will Bitcoin's USD daily closing price on December 31, 2035 be at or below $1,000,000?",0.7
paired,complement,yes,19,"Will Bitcoin reach $1,000,000 by December 31, 2035?",0.22
paired,complement,no,19,"Will Bitcoin fail to reach $1,000,000 by December 31, 2035?",0.77
omitted,nested_time,short,16,"Will Bitcoin reach $1,000,000 by December 31, 2030?",0.05
omitted,nested_time,long,16,"Will Bitcoin reach $1,000,000 by December 31, 2035?",0.12
omitted,nested_threshold,lower,72,"Will Bitcoin reach $1,000,000 by December 31, 2035?",0.09
omitted,nested_threshold,higher,72,"Will Bitcoin reach $100,000,000 by December 31, 2035?",0.02
omitted,complement,yes,57,"Will Bitcoin reach $1,000,000 by December 31, 2035?",0.1
omitted,complement,no,57,"Will Bitcoin fail to reach $1,000,000 by December 31, 2035?",0.92
paired,partition,above,38,"Will Bitcoin's USD daily closing price on December 31, 2035 be above $1,000,000?",0.22
paired,partition,not_above,38,"Will Bitcoin's USD daily closing price on December 31, 2035 be at or below $1,000,000?",0.74
paired,nested_threshold,lower,44,"Will Bitcoin reach $1,000,000 by December 31, 2035?",0.14
paired,nested_threshold,higher,44,"Will Bitcoin reach $100,000,000 by December 31, 2035?",0.03
paired,nested_time,short,84,"Will Bitcoin reach $1,000,000 by December 31, 2030?",0.06
paired,nested_time,long,84,"Will Bitcoin reach $1,000,000 by December 31, 2035?",0.13
paired,joint_bounds,one,67,"Will Bitcoin reach $1,000,000 by December 31, 2035?",0.21
paired,joint_bounds,ten,67,"Will Bitcoin reach $10,000,000 by December 31, 2035?",0.04
paired,joint_bounds,both,67,"Will Bitcoin reach both $1,000,000 and $10,000,000 by December 31, 2035?",0.06
paired,nested_threshold,lower,99,"Will Bitcoin reach $1,000,000 by December 31, 2035?",0.11
paired,nested_threshold,higher,99,"Will Bitcoin reach $100,000,000 by December 31, 2035?",0.03
empty,joint_bounds,one,52,"Will Bitcoin reach $1,000,000 by December 31, 2035?",0.12
empty,joint_bounds,ten,52,"Will Bitcoin reach $10,000,000 by December 31, 2035?",0.03
empty,joint_bounds,both,52,"Will Bitcoin reach both $1,000,000 and $10,000,000 by December 31, 2035?",0.06
empty,nested_threshold,lower,86,"Will Bitcoin reach $1,000,000 by December 31, 2035?",0.13
empty,nested_threshold,higher,86,"Will Bitcoin reach $100,000,000 by December 31, 2035?",0.03
empty,partition,above,70,"Will Bitcoin's USD daily closing price on December 31, 2035 be above $1,000,000?",0.23
empty,partition,not_above,70,"Will Bitcoin's USD daily closing price on December 31, 2035 be at or below $1,000,000?",0.69
paired,partition,above,13,"Will Bitcoin's USD daily closing price on December 31, 2035 be above $1,000,000?",0.21
paired,partition,not_above,13,"Will Bitcoin's USD daily closing price on December 31, 2035 be at or below $1,000,000?",0.75
omitted,joint_bounds,one,6,"Will Bitcoin reach $1,000,000 by December 31, 2035?",0.09
omitted,joint_bounds,ten,6,"Will Bitcoin reach $10,000,000 by December 31, 2035?",0.03
omitted,joint_bounds,both,6,"Will Bitcoin reach both $1,000,000 and $10,000,000 by December 31, 2035?",0.04
paired,partition,above,36,"Will Bitcoin's USD daily closing price on December 31, 2035 be above $1,000,000?",0.21
paired,partition,not_above,36,"Will Bitcoin's USD daily closing price on December 31, 2035 be at or below $1,000,000?",0.73
paired,nested_threshold,lower,29,"Will Bitcoin reach $1,000,000 by December 31, 2035?",0.13
paired,nested_threshold,higher,29,"Will Bitcoin reach $100,000,000 by December 31, 2035?",0.03
paired,nested_time,short,24,"Will Bitcoin reach $1,000,000 by December 31, 2030?",0.07
paired,nested_time,long,24,"Will Bitcoin reach $1,000,000 by December 31, 2035?",0.14
omitted,nested_threshold,lower,58,"Will Bitcoin reach $1,000,000 by December 31, 2035?",0.1
omitted,nested_threshold,higher,58,"Will Bitcoin reach $100,000,000 by December 31, 2035?",0.02
empty,partition,above,31,"Will Bitcoin's USD daily closing price on December 31, 2035 be above $1,000,000?",0.2
empty,partition,not_above,31,"Will Bitcoin's USD daily closing price on December 31, 2035 be at or below $1,000,000?",0.72
omitted,joint_bounds,one,7,"Will Bitcoin reach $1,000,000 by December 31, 2035?",0.11
omitted,joint_bounds,ten,7,"Will Bitcoin reach $10,000,000 by December 31, 2035?",0.03
omitted,joint_bounds,both,7,"Will Bitcoin reach both $1,000,000 and $10,000,000 by December 31, 2035?",0.04
paired,nested_time,short,58,"Will Bitcoin reach $1,000,000 by December 31, 2030?",0.06
paired,nested_time,long,58,"Will Bitcoin reach $1,000,000 by December 31, 2035?",0.13
omitted,nested_time,short,43,"Will Bitcoin reach $1,000,000 by December 31, 2030?",0.05
omitted,nested_time,long,43,"Will Bitcoin reach $1,000,000 by December 31, 2035?",0.11
empty,complement,yes,33,"Will Bitcoin reach $1,000,000 by December 31, 2035?",0.1
empty,complement,no,33,"Will Bitcoin fail to reach $1,000,000 by December 31, 2035?",0.83
omitted,nested_time,short,45,"Will Bitcoin reach $1,000,000 by December 31, 2030?",0.05
omitted,nested_time,long,45,"Will Bitcoin reach $1,000,000 by December 31, 2035?",0.09
paired,joint_bounds,one,38,"Will Bitcoin reach $1,000,000 by December 31, 2035?",0.2
paired,joint_bounds,ten,38,"Will Bitcoin reach $10,000,000 by December 31, 2035?",0.04
paired,joint_bounds,both,38,"Will Bitcoin reach both $1,000,000 and $10,000,000 by December 31, 2035?",0.07
empty,nested_threshold,lower,88,"Will Bitcoin reach $1,000,000 by December 31, 2035?",0.1
empty,nested_threshold,higher,88,"Will Bitcoin reach $100,000,000 by December 31, 2035?",0.03
empty,nested_time,short,70,"Will Bitcoin reach $1,000,000 by December 31, 2030?",0.06
empty,nested_time,long,70,"Will Bitcoin reach $1,000,000 by December 31, 2035?",0.12
paired,joint_bounds,one,76,"Will Bitcoin reach $1,000,000 by December 31, 2035?",0.2
paired,joint_bounds,ten,76,"Will Bitcoin reach $10,000,000 by December 31, 2035?",0.04
paired,joint_bounds,both,76,"Will Bitcoin reach both $1,000,000 and $10,000,000 by December 31, 2035?",0.06
empty,nested_time,short,78,"Will Bitcoin reach $1,000,000 by December 31, 2030?",0.06
empty,nested_time,long,78,"Will Bitcoin reach $1,000,000 by December 31, 2035?",0.1
omitted,partition,above,86,"Will Bitcoin's USD daily closing price on December 31, 2035 be above $1,000,000?",0.22
omitted,partition,not_above,86,"Will Bitcoin's USD daily closing price on December 31, 2035 be at or below $1,000,000?",0.74
empty,complement,yes,77,"Will Bitcoin reach $1,000,000 by December 31, 2035?",0.11
empty,complement,no,77,"Will Bitcoin fail to reach $1,000,000 by December 31, 2035?",0.83
empty,complement,yes,15,"Will Bitcoin reach $1,000,000 by December 31, 2035?",0.1
empty,complement,no,15,"Will Bitcoin fail to reach $1,000,000 by December 31, 2035?",0.81
paired,joint_bounds,one,70,"Will Bitcoin reach $1,000,000 by December 31, 2035?",0.2
paired,joint_bounds,ten,70,"Will Bitcoin reach $10,000,000 by December 31, 2035?",0.05
paired,joint_bounds,both,70,"Will Bitcoin reach both $1,000,000 and $10,000,000 by December 31, 2035?",0.07
omitted,partition,above,23,"Will Bitcoin's USD daily closing price on December 31, 2035 be above $1,000,000?",0.22
omitted,partition,not_above,23,"Will Bitcoin's USD daily closing price on December 31, 2035 be at or below $1,000,000?",0.75
omitted,nested_threshold,lower,94,"Will Bitcoin reach $1,000,000 by December 31, 2035?",0.11
omitted,nested_threshold,higher,94,"Will Bitcoin reach $100,000,000 by December 31, 2035?",0.02
omitted,nested_time,short,60,"Will Bitcoin reach $1,000,000 by December 31, 2030?",0.05
omitted,nested_time,long,60,"Will Bitcoin reach $1,000,000 by December 31, 2035?",0.12
omitted,partition,above,91,"Will Bitcoin's USD daily closing price on December 31, 2035 be above $1,000,000?",0.2
omitted,partition,not_above,91,"Will Bitcoin's USD daily closing price on December 31, 2035 be at or below $1,000,000?",0.77
omitted,nested_threshold,lower,76,"Will Bitcoin reach $1,000,000 by December 31, 2035?",0.12
omitted,nested_threshold,higher,76,"Will Bitcoin reach $100,000,000 by December 31, 2035?",0.02
omitted,joint_bounds,one,96,"Will Bitcoin reach $1,000,000 by December 31, 2035?",0.11
omitted,joint_bounds,ten,96,"Will Bitcoin reach $10,000,000 by December 31, 2035?",0.02
omitted,joint_bounds,both,96,"Will Bitcoin reach both $1,000,000 and $10,000,000 by December 31, 2035?",0.03
paired,partition,above,31,"Will Bitcoin's USD daily closing price on December 31, 2035 be above $1,000,000?",0.19
paired,partition,not_above,31,"Will Bitcoin's USD daily closing price on December 31, 2035 be at or below $1,000,000?",0.73
empty,joint_bounds,one,100,"Will Bitcoin reach $1,000,000 by December 31, 2035?",0.11
empty,joint_bounds,ten,100,"Will Bitcoin reach $10,000,000 by December 31, 2035?",0.03
empty,joint_bounds,both,100,"Will Bitcoin reach both $1,000,000 and $10,000,000 by December 31, 2035?",0.06
omitted,nested_time,short,13,"Will Bitcoin reach $1,000,000 by December 31, 2030?",0.05
omitted,nested_time,long,13,"Will Bitcoin reach $1,000,000 by December 31, 2035?",0.09
omitted,nested_threshold,lower,77,"Will Bitcoin reach $1,000,000 by December 31, 2035?",0.13
omitted,nested_threshold,higher,77,"Will Bitcoin reach $100,000,000 by December 31, 2035?",0.02
