arm,target_id,target_usd,format,template,question,replicate,p,query_mode,factor,value
no_deadline,1m,1000000,M_lower,bitcoin_price_reach,Will Bitcoin's price reach $1m?,1,0.27,batch,,
no_deadline,100m,100000000,comma_dollars,bitcoin_touch,"Will Bitcoin touch 100,000,000 dollars?",1,0.13,batch,,
no_deadline,10m,10000000,million_symbol,bitcoin_hit,Will Bitcoin hit $10 million?,1,0.16,batch,,
no_deadline,100m,100000000,million_USD,bitcoin_touch,Will Bitcoin touch 100 million USD?,1,0.36,batch,,
no_deadline,1m,1000000,million_USD,bitcoin_touch,Will Bitcoin touch 1 million USD?,1,0.34,batch,,
no_deadline,1m,1000000,words_dollars,bitcoin_touch,Will Bitcoin touch one million dollars?,1,0.39,batch,,
no_deadline,10m,10000000,million_USD,one_btc_rise_to,Will one BTC rise to 10 million USD?,1,0.29,batch,,
no_deadline,10m,10000000,M_upper,btc_reach,Will BTC reach $10M?,1,0.21,batch,,
no_deadline,10m,10000000,million_USD,price_bitcoin_hit,Will the price of Bitcoin hit 10 million USD?,1,0.16,batch,,
no_deadline,1m,1000000,comma_symbol,btc_reach,"Will BTC reach $1,000,000?",1,0.29,batch,,
no_deadline,100m,100000000,comma_dollars,one_btc_rise_to,"Will one BTC rise to 100,000,000 dollars?",1,0.13,batch,,
no_deadline,100m,100000000,million_USD,price_bitcoin_hit,Will the price of Bitcoin hit 100 million USD?,1,0.18,batch,,
no_deadline,100m,100000000,M_upper,bitcoin_price_reach,Will Bitcoin's price reach $100M?,1,0.13,batch,,
no_deadline,1m,1000000,comma_symbol,bitcoin_touch,"Will Bitcoin touch $1,000,000?",1,0.33,batch,,
no_deadline,10m,10000000,M_upper,bitcoin_trade_at,Will Bitcoin trade at $10M?,1,0.19,batch,,
no_deadline,1m,1000000,comma_symbol,bitcoin_reach,"Will Bitcoin reach $1,000,000?",1,0.27,batch,,
no_deadline,10m,10000000,comma_dollars,bitcoin_trade_at,"Will Bitcoin trade at 10,000,000 dollars?",1,0.18,batch,,
no_deadline,1m,1000000,comma_symbol,bitcoin_hit,"Will Bitcoin hit $1,000,000?",1,0.29,batch,,
no_deadline,1m,1000000,million_USD,bitcoin_hit,Will Bitcoin hit 1 million USD?,1,0.32,batch,,
no_deadline,1m,1000000,M_upper,bitcoin_reach,Will Bitcoin reach $1M?,1,0.3,batch,,
no_deadline,100m,100000000,M_upper,price_bitcoin_hit,Will the price of Bitcoin hit $100M?,1,0.15,batch,,
no_deadline,1m,1000000,words_dollars,bitcoin_hit,Will Bitcoin hit one million dollars?,1,0.34,batch,,
no_deadline,1m,1000000,words_USD,bitcoin_reach,Will Bitcoin reach one million U.S. dollars?,1,0.42,batch,,
no_deadline,1m,1000000,M_upper,bitcoin_touch,Will Bitcoin touch $1M?,1,0.33,batch,,
no_deadline,1m,1000000,million_symbol,bitcoin_reach,Will Bitcoin reach $1 million?,1,0.3,batch,,
no_deadline,100m,100000000,words_dollars,one_btc_rise_to,Will one BTC rise to one hundred million dollars?,1,0.19,batch,,
no_deadline,10m,10000000,million_USD,bitcoin_reach,Will Bitcoin reach 10 million USD?,1,0.3,batch,,
no_deadline,100m,100000000,M_lower,bitcoin_touch,Will Bitcoin touch $100m?,1,0.28,batch,,
no_deadline,1m,1000000,comma_symbol,bitcoin_trade_at,"Will Bitcoin trade at $1,000,000?",1,0.27,batch,,
no_deadline,10m,10000000,words_dollars,btc_reach,Will BTC reach ten million dollars?,1,0.29,batch,,
no_deadline,10m,10000000,M_lower,btc_reach,Will BTC reach $10m?,1,0.21,batch,,
no_deadline,100m,100000000,words_USD,bitcoin_reach,Will Bitcoin reach one hundred million U.S. dollars?,1,0.36,batch,,
no_deadline,100m,100000000,M_lower,bitcoin_reach,Will Bitcoin reach $100m?,1,0.25,batch,,
no_deadline,1m,1000000,M_lower,bitcoin_touch,Will Bitcoin touch $1m?,1,0.28,batch,,
no_deadline,100m,100000000,comma_symbol,bitcoin_price_reach,"Will Bitcoin's price reach $100,000,000?",1,0.07,batch,,
no_deadline,1m,1000000,comma_symbol,one_btc_rise_to,"Will one BTC rise to $1,000,000?",1,0.33,batch,,
no_deadline,10m,10000000,comma_symbol,price_bitcoin_hit,"Will the price of Bitcoin hit $10,000,000?",1,0.13,batch,,
no_deadline,100m,100000000,M_upper,bitcoin_reach,Will Bitcoin reach $100M?,1,0.27,batch,,
no_deadline,100m,100000000,comma_dollars,bitcoin_hit,"Will Bitcoin hit 100,000,000 dollars?",1,0.15,batch,,
no_deadline,10m,10000000,M_upper,bitcoin_hit,Will Bitcoin hit $10M?,1,0.18,batch,,
no_deadline,1m,1000000,million_USD,one_btc_rise_to,Will one BTC rise to 1 million USD?,1,0.43,batch,,
no_deadline,10m,10000000,comma_dollars,bitcoin_reach,"Will Bitcoin reach 10,000,000 dollars?",1,0.22,batch,,
no_deadline,10m,10000000,M_lower,bitcoin_hit,Will Bitcoin hit $10m?,1,0.22,batch,,
no_deadline,100m,100000000,words_USD,one_btc_rise_to,Will one BTC rise to one hundred million U.S. dollars?,1,0.25,batch,,
no_deadline,1m,1000000,million_USD,price_bitcoin_hit,Will the price of Bitcoin hit 1 million USD?,1,0.33,batch,,
no_deadline,10m,10000000,words_dollars,price_bitcoin_hit,Will the price of Bitcoin hit ten million dollars?,1,0.21,batch,,
no_deadline,1m,1000000,comma_symbol,price_bitcoin_hit,"Will the price of Bitcoin hit $1,000,000?",1,0.25,batch,,
no_deadline,1m,1000000,million_symbol,bitcoin_trade_at,Will Bitcoin trade at $1 million?,1,0.27,batch,,
no_deadline,10m,10000000,words_USD,price_bitcoin_hit,Will the price of Bitcoin hit ten million U.S. dollars?,1,0.24,batch,,
no_deadline,100m,100000000,comma_symbol,bitcoin_trade_at,"Will Bitcoin trade at $100,000,000?",1,0.11,batch,,
no_deadline,10m,10000000,comma_dollars,bitcoin_price_reach,"Will Bitcoin's price reach 10,000,000 dollars?",1,0.14,batch,,
no_deadline,10m,10000000,million_symbol,bitcoin_reach,Will Bitcoin reach $10 million?,1,0.18,batch,,
no_deadline,10m,10000000,M_lower,one_btc_rise_to,Will one BTC rise to $10m?,1,0.22,batch,,
no_deadline,100m,100000000,M_lower,bitcoin_price_reach,Will Bitcoin's price reach $100m?,1,0.14,batch,,
no_deadline,1m,1000000,comma_dollars,one_btc_rise_to,"Will one BTC rise to 1,000,000 dollars?",1,0.37,batch,,
no_deadline,100m,100000000,comma_symbol,one_btc_rise_to,"Will one BTC rise to $100,000,000?",1,0.11,batch,,
no_deadline,100m,100000000,comma_dollars,bitcoin_price_reach,"Will Bitcoin's price reach 100,000,000 dollars?",1,0.08,batch,,
no_deadline,100m,100000000,words_dollars,bitcoin_touch,Will Bitcoin touch one hundred million dollars?,1,0.27,batch,,
no_deadline,1m,1000000,comma_dollars,bitcoin_price_reach,"Will Bitcoin's price reach 1,000,000 dollars?",1,0.25,batch,,
no_deadline,10m,10000000,comma_symbol,one_btc_rise_to,"Will one BTC rise to $10,000,000?",1,0.17,batch,,
no_deadline,10m,10000000,M_lower,bitcoin_trade_at,Will Bitcoin trade at $10m?,1,0.22,batch,,
no_deadline,1m,1000000,million_USD,bitcoin_price_reach,Will Bitcoin's price reach 1 million USD?,1,0.28,batch,,
no_deadline,100m,100000000,words_dollars,bitcoin_price_reach,Will Bitcoin's price reach one hundred million dollars?,1,0.16,batch,,
no_deadline,100m,100000000,million_symbol,price_bitcoin_hit,Will the price of Bitcoin hit $100 million?,1,0.13,batch,,
no_deadline,1m,1000000,M_upper,bitcoin_price_reach,Will Bitcoin's price reach $1M?,1,0.3,batch,,
no_deadline,10m,10000000,comma_symbol,bitcoin_touch,"Will Bitcoin touch $10,000,000?",1,0.18,batch,,
no_deadline,100m,100000000,words_USD,bitcoin_touch,Will Bitcoin touch one hundred million U.S. dollars?,1,0.37,batch,,
no_deadline,1m,1000000,million_symbol,bitcoin_touch,Will Bitcoin touch $1 million?,1,0.33,batch,,
no_deadline,100m,100000000,M_lower,price_bitcoin_hit,Will the price of Bitcoin hit $100m?,1,0.16,batch,,
no_deadline,1m,1000000,M_lower,price_bitcoin_hit,Will the price of Bitcoin hit $1m?,1,0.28,batch,,
no_deadline,100m,100000000,comma_symbol,price_bitcoin_hit,"Will the price of Bitcoin hit $100,000,000?",1,0.07,batch,,
no_deadline,10m,10000000,million_USD,bitcoin_trade_at,Will Bitcoin trade at 10 million USD?,1,0.31,batch,,
no_deadline,100m,100000000,words_dollars,price_bitcoin_hit,Will the price of Bitcoin hit one hundred million dollars?,1,0.16,batch,,
no_deadline,100m,100000000,words_dollars,bitcoin_hit,Will Bitcoin hit one hundred million dollars?,1,0.31,batch,,
no_deadline,100m,100000000,comma_symbol,btc_reach,"Will BTC reach $100,000,000?",1,0.11,batch,,
no_deadline,10m,10000000,comma_dollars,btc_reach,"Will BTC reach 10,000,000 dollars?",1,0.21,batch,,
no_deadline,100m,100000000,million_symbol,one_btc_rise_to,Will one BTC rise to $100 million?,1,0.17,batch,,
no_deadline,100m,100000000,million_symbol,bitcoin_hit,Will Bitcoin hit $100 million?,1,0.19,batch,,
no_deadline,10m,10000000,words_dollars,bitcoin_hit,Will Bitcoin hit ten million dollars?,1,0.29,batch,,
no_deadline,10m,10000000,words_USD,bitcoin_reach,Will Bitcoin reach ten million U.S. dollars?,1,0.29,batch,,
no_deadline,100m,100000000,million_USD,bitcoin_price_reach,Will Bitcoin's price reach 100 million USD?,1,0.14,batch,,
no_deadline,10m,10000000,words_USD,bitcoin_touch,Will Bitcoin touch ten million U.S. dollars?,1,0.3,batch,,
no_deadline,1m,1000000,words_USD,bitcoin_touch,Will Bitcoin touch one million U.S. dollars?,1,0.4,batch,,
no_deadline,1m,1000000,million_symbol,one_btc_rise_to,Will one BTC rise to $1 million?,1,0.39,batch,,
no_deadline,1m,1000000,comma_dollars,bitcoin_reach,"Will Bitcoin reach 1,000,000 dollars?",1,0.31,batch,,
no_deadline,100m,100000000,million_USD,bitcoin_trade_at,Will Bitcoin trade at 100 million USD?,1,0.3,batch,,
no_deadline,1m,1000000,words_dollars,bitcoin_price_reach,Will Bitcoin's price reach one million dollars?,1,0.31,batch,,
no_deadline,1m,1000000,million_USD,bitcoin_trade_at,Will Bitcoin trade at 1 million USD?,1,0.32,batch,,
no_deadline,10m,10000000,words_dollars,one_btc_rise_to,Will one BTC rise to ten million dollars?,1,0.23,batch,,
no_deadline,1m,1000000,words_USD,bitcoin_price_reach,Will Bitcoin's price reach one million U.S. dollars?,1,0.33,batch,,
no_deadline,1m,1000000,M_upper,btc_reach,Will BTC reach $1M?,1,0.37,batch,,
no_deadline,10m,10000000,words_USD,bitcoin_price_reach,Will Bitcoin's price reach ten million U.S. dollars?,1,0.18,batch,,
no_deadline,1m,1000000,comma_dollars,bitcoin_touch,"Will Bitcoin touch 1,000,000 dollars?",1,0.29,batch,,
no_deadline,100m,100000000,million_USD,btc_reach,Will BTC reach 100 million USD?,1,0.31,batch,,
no_deadline,10m,10000000,words_dollars,bitcoin_trade_at,Will Bitcoin trade at ten million dollars?,1,0.29,batch,,
no_deadline,10m,10000000,M_upper,bitcoin_price_reach,Will Bitcoin's price reach $10M?,1,0.13,batch,,
no_deadline,1m,1000000,M_lower,bitcoin_hit,Will Bitcoin hit $1m?,1,0.29,batch,,
no_deadline,10m,10000000,comma_symbol,bitcoin_hit,"Will Bitcoin hit $10,000,000?",1,0.19,batch,,
no_deadline,10m,10000000,comma_symbol,bitcoin_price_reach,"Will Bitcoin's price reach $10,000,000?",1,0.13,batch,,
no_deadline,100m,100000000,million_USD,one_btc_rise_to,Will one BTC rise to 100 million USD?,1,0.23,batch,,
no_deadline,1m,1000000,M_upper,price_bitcoin_hit,Will the price of Bitcoin hit $1M?,1,0.31,batch,,
no_deadline,10m,10000000,comma_dollars,price_bitcoin_hit,"Will the price of Bitcoin hit 10,000,000 dollars?",1,0.14,batch,,
no_deadline,100m,100000000,million_symbol,bitcoin_price_reach,Will Bitcoin's price reach $100 million?,1,0.11,batch,,
no_deadline,10m,10000000,M_upper,one_btc_rise_to,Will one BTC rise to $10M?,1,0.19,batch,,
no_deadline,1m,1000000,M_lower,btc_reach,Will BTC reach $1m?,1,0.33,batch,,
no_deadline,1m,1000000,words_dollars,one_btc_rise_to,Will one BTC rise to one million dollars?,1,0.39,batch,,
no_deadline,100m,100000000,words_USD,price_bitcoin_hit,Will the price of Bitcoin hit one hundred million U.S. dollars?,1,0.21,batch,,
no_deadline,1m,1000000,words_dollars,bitcoin_trade_at,Will Bitcoin trade at one million dollars?,1,0.33,batch,,
no_deadline,100m,100000000,M_upper,one_btc_rise_to,Will one BTC rise to $100M?,1,0.14,batch,,
no_deadline,1m,1000000,comma_dollars,bitcoin_hit,"Will Bitcoin hit 1,000,000 dollars?",1,0.29,batch,,
no_deadline,10m,10000000,million_symbol,bitcoin_trade_at,Will Bitcoin trade at $10 million?,1,0.2,batch,,
no_deadline,10m,10000000,words_USD,bitcoin_hit,Will Bitcoin hit ten million U.S. dollars?,1,0.3,batch,,
no_deadline,10m,10000000,words_USD,one_btc_rise_to,Will one BTC rise to ten million U.S. dollars?,1,0.31,batch,,
no_deadline,1m,1000000,words_USD,btc_reach,Will BTC reach one million U.S. dollars?,1,0.42,batch,,
no_deadline,100m,100000000,M_lower,btc_reach,Will BTC reach $100m?,1,0.28,batch,,
no_deadline,10m,10000000,M_lower,bitcoin_price_reach,Will Bitcoin's price reach $10m?,1,0.14,batch,,
no_deadline,10m,10000000,million_symbol,bitcoin_price_reach,Will Bitcoin's price reach $10 million?,1,0.13,batch,,
no_deadline,10m,10000000,million_USD,btc_reach,Will BTC reach 10 million USD?,1,0.29,batch,,
no_deadline,100m,100000000,comma_dollars,price_bitcoin_hit,"Will the price of Bitcoin hit 100,000,000 dollars?",1,0.07,batch,,
no_deadline,10m,10000000,comma_dollars,bitcoin_hit,"Will Bitcoin hit 10,000,000 dollars?",1,0.19,batch,,
no_deadline,100m,100000000,comma_symbol,bitcoin_hit,"Will Bitcoin hit $100,000,000?",1,0.1,batch,,
no_deadline,10m,10000000,comma_symbol,btc_reach,"Will BTC reach $10,000,000?",1,0.17,batch,,
no_deadline,100m,100000000,words_USD,bitcoin_hit,Will Bitcoin hit one hundred million U.S. dollars?,1,0.32,batch,,
no_deadline,1m,1000000,comma_dollars,btc_reach,"Will BTC reach 1,000,000 dollars?",1,0.32,batch,,
no_deadline,100m,100000000,comma_symbol,bitcoin_touch,"Will Bitcoin touch $100,000,000?",1,0.12,batch,,
no_deadline,100m,100000000,million_symbol,bitcoin_touch,Will Bitcoin touch $100 million?,1,0.2,batch,,
no_deadline,10m,10000000,M_lower,bitcoin_reach,Will Bitcoin reach $10m?,1,0.21,batch,,
no_deadline,100m,100000000,million_USD,bitcoin_hit,Will Bitcoin hit 100 million USD?,1,0.34,batch,,
no_deadline,10m,10000000,million_symbol,bitcoin_touch,Will Bitcoin touch $10 million?,1,0.21,batch,,
no_deadline,100m,100000000,M_lower,bitcoin_hit,Will Bitcoin hit $100m?,1,0.22,batch,,
no_deadline,10m,10000000,words_dollars,bitcoin_reach,Will Bitcoin reach ten million dollars?,1,0.28,batch,,
no_deadline,1m,1000000,million_symbol,bitcoin_hit,Will Bitcoin hit $1 million?,1,0.31,batch,,
no_deadline,100m,100000000,words_USD,bitcoin_trade_at,Will Bitcoin trade at one hundred million U.S. dollars?,1,0.27,batch,,
no_deadline,1m,1000000,million_symbol,btc_reach,Will BTC reach $1 million?,1,0.34,batch,,
no_deadline,1m,1000000,million_USD,bitcoin_reach,Will Bitcoin reach 1 million USD?,1,0.34,batch,,
no_deadline,10m,10000000,comma_dollars,one_btc_rise_to,"Will one BTC rise to 10,000,000 dollars?",1,0.21,batch,,
no_deadline,1m,1000000,words_USD,price_bitcoin_hit,Will the price of Bitcoin hit one million U.S. dollars?,1,0.37,batch,,
no_deadline,10m,10000000,M_upper,bitcoin_reach,Will Bitcoin reach $10M?,1,0.22,batch,,
no_deadline,100m,100000000,words_USD,bitcoin_price_reach,Will Bitcoin's price reach one hundred million U.S. dollars?,1,0.2,batch,,
no_deadline,100m,100000000,words_dollars,bitcoin_trade_at,Will Bitcoin trade at one hundred million dollars?,1,0.26,batch,,
no_deadline,10m,10000000,million_USD,bitcoin_hit,Will Bitcoin hit 10 million USD?,1,0.26,batch,,
no_deadline,1m,1000000,million_symbol,bitcoin_price_reach,Will Bitcoin's price reach $1 million?,1,0.27,batch,,
no_deadline,10m,10000000,words_dollars,bitcoin_touch,Will Bitcoin touch ten million dollars?,1,0.3,batch,,
no_deadline,100m,100000000,million_symbol,bitcoin_trade_at,Will Bitcoin trade at $100 million?,1,0.15,batch,,
no_deadline,10m,10000000,words_dollars,bitcoin_price_reach,Will Bitcoin's price reach ten million dollars?,1,0.18,batch,,
no_deadline,1m,1000000,million_USD,btc_reach,Will BTC reach 1 million USD?,1,0.36,batch,,
no_deadline,1m,1000000,comma_dollars,price_bitcoin_hit,"Will the price of Bitcoin hit 1,000,000 dollars?",1,0.27,batch,,
no_deadline,10m,10000000,M_upper,price_bitcoin_hit,Will the price of Bitcoin hit $10M?,1,0.15,batch,,
no_deadline,100m,100000000,words_dollars,bitcoin_reach,Will Bitcoin reach one hundred million dollars?,1,0.31,batch,,
no_deadline,100m,100000000,comma_dollars,bitcoin_trade_at,"Will Bitcoin trade at 100,000,000 dollars?",1,0.17,batch,,
no_deadline,100m,100000000,M_upper,bitcoin_touch,Will Bitcoin touch $100M?,1,0.22,batch,,
no_deadline,100m,100000000,M_upper,bitcoin_hit,Will Bitcoin hit $100M?,1,0.18,batch,,
no_deadline,10m,10000000,M_lower,price_bitcoin_hit,Will the price of Bitcoin hit $10m?,1,0.15,batch,,
no_deadline,1m,1000000,comma_symbol,bitcoin_price_reach,"Will Bitcoin's price reach $1,000,000?",1,0.23,batch,,
no_deadline,10m,10000000,M_upper,bitcoin_touch,Will Bitcoin touch $10M?,1,0.24,batch,,
no_deadline,1m,1000000,comma_dollars,bitcoin_trade_at,"Will Bitcoin trade at 1,000,000 dollars?",1,0.32,batch,,
no_deadline,100m,100000000,comma_symbol,bitcoin_reach,"Will Bitcoin reach $100,000,000?",1,0.13,batch,,
no_deadline,10m,10000000,million_USD,bitcoin_touch,Will Bitcoin touch 10 million USD?,1,0.29,batch,,
no_deadline,100m,100000000,million_symbol,bitcoin_reach,Will Bitcoin reach $100 million?,1,0.17,batch,,
no_deadline,10m,10000000,million_symbol,price_bitcoin_hit,Will the price of Bitcoin hit $10 million?,1,0.14,batch,,
no_deadline,100m,100000000,M_upper,bitcoin_trade_at,Will Bitcoin trade at $100M?,1,0.18,batch,,
no_deadline,10m,10000000,comma_dollars,bitcoin_touch,"Will Bitcoin touch 10,000,000 dollars?",1,0.19,batch,,
no_deadline,100m,100000000,comma_dollars,bitcoin_reach,"Will Bitcoin reach 100,000,000 dollars?",1,0.17,batch,,
no_deadline,100m,100000000,M_lower,bitcoin_trade_at,Will Bitcoin trade at $100m?,1,0.2,batch,,
no_deadline,1m,1000000,words_dollars,bitcoin_reach,Will Bitcoin reach one million dollars?,1,0.36,batch,,
no_deadline,1m,1000000,M_upper,bitcoin_hit,Will Bitcoin hit $1M?,1,0.33,batch,,
no_deadline,10m,10000000,million_symbol,one_btc_rise_to,Will one BTC rise to $10 million?,1,0.23,batch,,
no_deadline,100m,100000000,words_USD,btc_reach,Will BTC reach one hundred million U.S. dollars?,1,0.3,batch,,
no_deadline,100m,100000000,M_lower,one_btc_rise_to,Will one BTC rise to $100m?,1,0.2,batch,,
no_deadline,1m,1000000,M_upper,one_btc_rise_to,Will one BTC rise to $1M?,1,0.39,batch,,
no_deadline,1m,1000000,words_USD,bitcoin_hit,Will Bitcoin hit one million U.S. dollars?,1,0.39,batch,,
no_deadline,10m,10000000,million_symbol,btc_reach,Will BTC reach $10 million?,1,0.2,batch,,
no_deadline,1m,1000000,M_lower,one_btc_rise_to,Will one BTC rise to $1m?,1,0.38,batch,,
no_deadline,1m,1000000,million_symbol,price_bitcoin_hit,Will the price of Bitcoin hit $1 million?,1,0.28,batch,,
no_deadline,100m,100000000,million_USD,bitcoin_reach,Will Bitcoin reach 100 million USD?,1,0.32,batch,,
no_deadline,10m,10000000,words_USD,btc_reach,Will BTC reach ten million U.S. dollars?,1,0.28,batch,,
no_deadline,1m,1000000,M_lower,bitcoin_trade_at,Will Bitcoin trade at $1m?,1,0.27,batch,,
no_deadline,100m,100000000,million_symbol,btc_reach,Will BTC reach $100 million?,1,0.19,batch,,
no_deadline,100m,100000000,words_dollars,btc_reach,Will BTC reach one hundred million dollars?,1,0.3,batch,,
no_deadline,1m,1000000,words_dollars,price_bitcoin_hit,Will the price of Bitcoin hit one million dollars?,1,0.31,batch,,
no_deadline,100m,100000000,M_upper,btc_reach,Will BTC reach $100M?,1,0.21,batch,,
no_deadline,1m,1000000,M_lower,bitcoin_reach,Will Bitcoin reach $1m?,1,0.29,batch,,
no_deadline,100m,100000000,comma_dollars,btc_reach,"Will BTC reach 100,000,000 dollars?",1,0.17,batch,,
no_deadline,1m,1000000,M_upper,bitcoin_trade_at,Will Bitcoin trade at $1M?,1,0.28,batch,,
no_deadline,1m,1000000,words_dollars,btc_reach,Will BTC reach one million dollars?,1,0.37,batch,,
no_deadline,10m,10000000,words_USD,bitcoin_trade_at,Will Bitcoin trade at ten million U.S. dollars?,1,0.28,batch,,
no_deadline,10m,10000000,million_USD,bitcoin_price_reach,Will Bitcoin's price reach 10 million USD?,1,0.15,batch,,
no_deadline,1m,1000000,words_USD,bitcoin_trade_at,Will Bitcoin trade at one million U.S. dollars?,1,0.4,batch,,
no_deadline,10m,10000000,comma_symbol,bitcoin_trade_at,"Will Bitcoin trade at $10,000,000?",1,0.16,batch,,
no_deadline,10m,10000000,M_lower,bitcoin_touch,Will Bitcoin touch $10m?,1,0.26,batch,,
no_deadline,1m,1000000,words_USD,one_btc_rise_to,Will one BTC rise to one million U.S. dollars?,1,0.44,batch,,
no_deadline,10m,10000000,comma_symbol,bitcoin_reach,"Will Bitcoin reach $10,000,000?",1,0.19,batch,,
no_deadline,100m,100000000,words_USD,bitcoin_trade_at,Will Bitcoin trade at one hundred million U.S. dollars?,2,0.27,batch,,
no_deadline,100m,100000000,M_upper,bitcoin_trade_at,Will Bitcoin trade at $100M?,2,0.2,batch,,
no_deadline,100m,100000000,M_upper,btc_reach,Will BTC reach $100M?,2,0.24,batch,,
no_deadline,100m,100000000,million_USD,bitcoin_trade_at,Will Bitcoin trade at 100 million USD?,2,0.28,batch,,
no_deadline,10m,10000000,words_USD,price_bitcoin_hit,Will the price of Bitcoin hit ten million U.S. dollars?,2,0.24,batch,,
no_deadline,100m,100000000,comma_symbol,one_btc_rise_to,"Will one BTC rise to $100,000,000?",2,0.12,batch,,
no_deadline,10m,10000000,M_lower,bitcoin_touch,Will Bitcoin touch $10m?,2,0.25,batch,,
no_deadline,100m,100000000,comma_dollars,btc_reach,"Will BTC reach 100,000,000 dollars?",2,0.17,batch,,
no_deadline,10m,10000000,words_USD,bitcoin_hit,Will Bitcoin hit ten million U.S. dollars?,2,0.29,batch,,
no_deadline,100m,100000000,million_symbol,one_btc_rise_to,Will one BTC rise to $100 million?,2,0.15,batch,,
no_deadline,10m,10000000,M_lower,bitcoin_reach,Will Bitcoin reach $10m?,2,0.23,batch,,
no_deadline,1m,1000000,M_upper,bitcoin_reach,Will Bitcoin reach $1M?,2,0.33,batch,,
no_deadline,10m,10000000,M_lower,price_bitcoin_hit,Will the price of Bitcoin hit $10m?,2,0.16,batch,,
no_deadline,10m,10000000,million_symbol,bitcoin_price_reach,Will Bitcoin's price reach $10 million?,2,0.12,batch,,
no_deadline,100m,100000000,comma_dollars,bitcoin_reach,"Will Bitcoin reach 100,000,000 dollars?",2,0.18,batch,,
no_deadline,100m,100000000,million_USD,bitcoin_reach,Will Bitcoin reach 100 million USD?,2,0.35,batch,,
no_deadline,1m,1000000,words_dollars,bitcoin_reach,Will Bitcoin reach one million dollars?,2,0.39,batch,,
no_deadline,1m,1000000,comma_dollars,bitcoin_hit,"Will Bitcoin hit 1,000,000 dollars?",2,0.3,batch,,
no_deadline,10m,10000000,million_USD,bitcoin_touch,Will Bitcoin touch 10 million USD?,2,0.28,batch,,
no_deadline,100m,100000000,million_USD,bitcoin_price_reach,Will Bitcoin's price reach 100 million USD?,2,0.17,batch,,
no_deadline,100m,100000000,M_upper,bitcoin_price_reach,Will Bitcoin's price reach $100M?,2,0.14,batch,,
no_deadline,100m,100000000,M_lower,price_bitcoin_hit,Will the price of Bitcoin hit $100m?,2,0.13,batch,,
no_deadline,100m,100000000,comma_dollars,price_bitcoin_hit,"Will the price of Bitcoin hit 100,000,000 dollars?",2,0.07,batch,,
no_deadline,1m,1000000,million_USD,one_btc_rise_to,Will one BTC rise to 1 million USD?,2,0.42,batch,,
no_deadline,1m,1000000,M_lower,bitcoin_price_reach,Will Bitcoin's price reach $1m?,2,0.28,batch,,
no_deadline,10m,10000000,comma_dollars,price_bitcoin_hit,"Will the price of Bitcoin hit 10,000,000 dollars?",2,0.14,batch,,
no_deadline,10m,10000000,comma_dollars,bitcoin_reach,"Will Bitcoin reach 10,000,000 dollars?",2,0.22,batch,,
no_deadline,100m,100000000,comma_symbol,bitcoin_trade_at,"Will Bitcoin trade at $100,000,000?",2,0.09,batch,,
no_deadline,100m,100000000,M_upper,one_btc_rise_to,Will one BTC rise to $100M?,2,0.18,batch,,
no_deadline,100m,100000000,comma_dollars,bitcoin_price_reach,"Will Bitcoin's price reach 100,000,000 dollars?",2,0.09,batch,,
no_deadline,100m,100000000,words_USD,bitcoin_price_reach,Will Bitcoin's price reach one hundred million U.S. dollars?,2,0.18,batch,,
no_deadline,10m,10000000,comma_symbol,bitcoin_trade_at,"Will Bitcoin trade at $10,000,000?",2,0.18,batch,,
no_deadline,100m,100000000,comma_symbol,bitcoin_reach,"Will Bitcoin reach $100,000,000?",2,0.13,batch,,
no_deadline,100m,100000000,words_dollars,bitcoin_touch,Will Bitcoin touch one hundred million dollars?,2,0.3,batch,,
no_deadline,10m,10000000,million_USD,one_btc_rise_to,Will one BTC rise to 10 million USD?,2,0.28,batch,,
no_deadline,100m,100000000,comma_symbol,bitcoin_hit,"Will Bitcoin hit $100,000,000?",2,0.11,batch,,
no_deadline,100m,100000000,words_dollars,price_bitcoin_hit,Will the price of Bitcoin hit one hundred million dollars?,2,0.16,batch,,
no_deadline,10m,10000000,comma_symbol,bitcoin_touch,"Will Bitcoin touch $10,000,000?",2,0.2,batch,,
no_deadline,100m,100000000,M_lower,one_btc_rise_to,Will one BTC rise to $100m?,2,0.19,batch,,
no_deadline,1m,1000000,comma_dollars,one_btc_rise_to,"Will one BTC rise to 1,000,000 dollars?",2,0.36,batch,,
no_deadline,1m,1000000,million_USD,btc_reach,Will BTC reach 1 million USD?,2,0.36,batch,,
no_deadline,10m,10000000,words_dollars,bitcoin_hit,Will Bitcoin hit ten million dollars?,2,0.29,batch,,
no_deadline,10m,10000000,words_USD,bitcoin_reach,Will Bitcoin reach ten million U.S. dollars?,2,0.3,batch,,
no_deadline,10m,10000000,words_dollars,price_bitcoin_hit,Will the price of Bitcoin hit ten million dollars?,2,0.19,batch,,
no_deadline,100m,100000000,comma_symbol,bitcoin_touch,"Will Bitcoin touch $100,000,000?",2,0.11,batch,,
no_deadline,10m,10000000,words_dollars,bitcoin_trade_at,Will Bitcoin trade at ten million dollars?,2,0.27,batch,,
no_deadline,1m,1000000,words_dollars,bitcoin_touch,Will Bitcoin touch one million dollars?,2,0.37,batch,,
no_deadline,100m,100000000,million_symbol,bitcoin_touch,Will Bitcoin touch $100 million?,2,0.24,batch,,
no_deadline,100m,100000000,comma_symbol,bitcoin_price_reach,"Will Bitcoin's price reach $100,000,000?",2,0.08,batch,,
no_deadline,10m,10000000,million_symbol,bitcoin_trade_at,Will Bitcoin trade at $10 million?,2,0.18,batch,,
no_deadline,10m,10000000,million_USD,btc_reach,Will BTC reach 10 million USD?,2,0.29,batch,,
no_deadline,100m,100000000,million_symbol,bitcoin_reach,Will Bitcoin reach $100 million?,2,0.19,batch,,
no_deadline,100m,100000000,M_lower,bitcoin_touch,Will Bitcoin touch $100m?,2,0.31,batch,,
no_deadline,10m,10000000,million_symbol,bitcoin_hit,Will Bitcoin hit $10 million?,2,0.18,batch,,
no_deadline,100m,100000000,million_symbol,bitcoin_trade_at,Will Bitcoin trade at $100 million?,2,0.17,batch,,
no_deadline,1m,1000000,comma_dollars,bitcoin_reach,"Will Bitcoin reach 1,000,000 dollars?",2,0.32,batch,,
no_deadline,10m,10000000,comma_dollars,bitcoin_trade_at,"Will Bitcoin trade at 10,000,000 dollars?",2,0.17,batch,,
no_deadline,1m,1000000,words_USD,btc_reach,Will BTC reach one million U.S. dollars?,2,0.43,batch,,
no_deadline,1m,1000000,words_USD,bitcoin_touch,Will Bitcoin touch one million U.S. dollars?,2,0.4,batch,,
no_deadline,1m,1000000,M_lower,bitcoin_trade_at,Will Bitcoin trade at $1m?,2,0.25,batch,,
no_deadline,10m,10000000,million_USD,bitcoin_hit,Will Bitcoin hit 10 million USD?,2,0.29,batch,,
no_deadline,1m,1000000,M_upper,bitcoin_hit,Will Bitcoin hit $1M?,2,0.34,batch,,
no_deadline,100m,100000000,M_upper,bitcoin_hit,Will Bitcoin hit $100M?,2,0.21,batch,,
no_deadline,1m,1000000,words_dollars,bitcoin_price_reach,Will Bitcoin's price reach one million dollars?,2,0.31,batch,,
no_deadline,10m,10000000,words_USD,bitcoin_price_reach,Will Bitcoin's price reach ten million U.S. dollars?,2,0.19,batch,,
no_deadline,1m,1000000,M_upper,bitcoin_touch,Will Bitcoin touch $1M?,2,0.31,batch,,
no_deadline,10m,10000000,words_USD,one_btc_rise_to,Will one BTC rise to ten million U.S. dollars?,2,0.32,batch,,
no_deadline,1m,1000000,comma_symbol,bitcoin_price_reach,"Will Bitcoin's price reach $1,000,000?",2,0.25,batch,,
no_deadline,10m,10000000,million_symbol,bitcoin_reach,Will Bitcoin reach $10 million?,2,0.17,batch,,
no_deadline,10m,10000000,words_USD,btc_reach,Will BTC reach ten million U.S. dollars?,2,0.3,batch,,
no_deadline,1m,1000000,M_lower,price_bitcoin_hit,Will the price of Bitcoin hit $1m?,2,0.27,batch,,
no_deadline,10m,10000000,M_lower,bitcoin_hit,Will Bitcoin hit $10m?,2,0.2,batch,,
no_deadline,1m,1000000,million_symbol,price_bitcoin_hit,Will the price of Bitcoin hit $1 million?,2,0.3,batch,,
no_deadline,1m,1000000,million_USD,bitcoin_hit,Will Bitcoin hit 1 million USD?,2,0.31,batch,,
no_deadline,100m,100000000,million_symbol,bitcoin_price_reach,Will Bitcoin's price reach $100 million?,2,0.1,batch,,
no_deadline,10m,10000000,M_upper,bitcoin_touch,Will Bitcoin touch $10M?,2,0.22,batch,,
no_deadline,100m,100000000,comma_dollars,one_btc_rise_to,"Will one BTC rise to 100,000,000 dollars?",2,0.13,batch,,
no_deadline,1m,1000000,words_USD,price_bitcoin_hit,Will the price of Bitcoin hit one million U.S. dollars?,2,0.36,batch,,
no_deadline,1m,1000000,words_USD,bitcoin_reach,Will Bitcoin reach one million U.S. dollars?,2,0.41,batch,,
no_deadline,1m,1000000,M_upper,bitcoin_price_reach,Will Bitcoin's price reach $1M?,2,0.29,batch,,
no_deadline,10m,10000000,M_upper,bitcoin_hit,Will Bitcoin hit $10M?,2,0.21,batch,,
no_deadline,100m,100000000,comma_dollars,bitcoin_trade_at,"Will Bitcoin trade at 100,000,000 dollars?",2,0.15,batch,,
no_deadline,100m,100000000,million_USD,bitcoin_hit,Will Bitcoin hit 100 million USD?,2,0.32,batch,,
no_deadline,10m,10000000,million_USD,bitcoin_trade_at,Will Bitcoin trade at 10 million USD?,2,0.27,batch,,
no_deadline,100m,100000000,M_lower,bitcoin_reach,Will Bitcoin reach $100m?,2,0.25,batch,,
no_deadline,10m,10000000,comma_dollars,btc_reach,"Will BTC reach 10,000,000 dollars?",2,0.22,batch,,
no_deadline,1m,1000000,comma_symbol,one_btc_rise_to,"Will one BTC rise to $1,000,000?",2,0.31,batch,,
no_deadline,1m,1000000,million_USD,bitcoin_touch,Will Bitcoin touch 1 million USD?,2,0.34,batch,,
no_deadline,1m,1000000,M_lower,bitcoin_hit,Will Bitcoin hit $1m?,2,0.29,batch,,
no_deadline,10m,10000000,comma_symbol,price_bitcoin_hit,"Will the price of Bitcoin hit $10,000,000?",2,0.14,batch,,
no_deadline,10m,10000000,M_upper,bitcoin_reach,Will Bitcoin reach $10M?,2,0.22,batch,,
no_deadline,100m,100000000,million_USD,btc_reach,Will BTC reach 100 million USD?,2,0.35,batch,,
no_deadline,100m,100000000,million_USD,price_bitcoin_hit,Will the price of Bitcoin hit 100 million USD?,2,0.17,batch,,
no_deadline,10m,10000000,comma_symbol,btc_reach,"Will BTC reach $10,000,000?",2,0.17,batch,,
no_deadline,1m,1000000,million_USD,bitcoin_trade_at,Will Bitcoin trade at 1 million USD?,2,0.29,batch,,
no_deadline,1m,1000000,comma_symbol,btc_reach,"Will BTC reach $1,000,000?",2,0.29,batch,,
no_deadline,1m,1000000,M_upper,one_btc_rise_to,Will one BTC rise to $1M?,2,0.41,batch,,
no_deadline,100m,100000000,M_upper,price_bitcoin_hit,Will the price of Bitcoin hit $100M?,2,0.14,batch,,
no_deadline,1m,1000000,comma_dollars,bitcoin_trade_at,"Will Bitcoin trade at 1,000,000 dollars?",2,0.32,batch,,
no_deadline,1m,1000000,comma_symbol,bitcoin_hit,"Will Bitcoin hit $1,000,000?",2,0.26,batch,,
no_deadline,10m,10000000,M_upper,bitcoin_trade_at,Will Bitcoin trade at $10M?,2,0.23,batch,,
no_deadline,100m,100000000,M_lower,btc_reach,Will BTC reach $100m?,2,0.23,batch,,
no_deadline,1m,1000000,million_symbol,bitcoin_touch,Will Bitcoin touch $1 million?,2,0.33,batch,,
no_deadline,100m,100000000,million_USD,bitcoin_touch,Will Bitcoin touch 100 million USD?,2,0.34,batch,,
no_deadline,1m,1000000,comma_symbol,bitcoin_reach,"Will Bitcoin reach $1,000,000?",2,0.27,batch,,
no_deadline,10m,10000000,words_dollars,one_btc_rise_to,Will one BTC rise to ten million dollars?,2,0.22,batch,,
no_deadline,100m,100000000,words_dollars,bitcoin_trade_at,Will Bitcoin trade at one hundred million dollars?,2,0.23,batch,,
no_deadline,1m,1000000,words_USD,bitcoin_trade_at,Will Bitcoin trade at one million U.S. dollars?,2,0.38,batch,,
no_deadline,1m,1000000,M_lower,btc_reach,Will BTC reach $1m?,2,0.29,batch,,
no_deadline,1m,1000000,M_upper,bitcoin_trade_at,Will Bitcoin trade at $1M?,2,0.29,batch,,
no_deadline,100m,100000000,words_USD,btc_reach,Will BTC reach one hundred million U.S. dollars?,2,0.32,batch,,
no_deadline,10m,10000000,comma_symbol,bitcoin_price_reach,"Will Bitcoin's price reach $10,000,000?",2,0.13,batch,,
no_deadline,1m,1000000,comma_symbol,price_bitcoin_hit,"Will the price of Bitcoin hit $1,000,000?",2,0.26,batch,,
no_deadline,100m,100000000,words_USD,bitcoin_touch,Will Bitcoin touch one hundred million U.S. dollars?,2,0.34,batch,,
no_deadline,10m,10000000,million_USD,bitcoin_reach,Will Bitcoin reach 10 million USD?,2,0.31,batch,,
no_deadline,10m,10000000,words_dollars,btc_reach,Will BTC reach ten million dollars?,2,0.29,batch,,
no_deadline,1m,1000000,comma_symbol,bitcoin_trade_at,"Will Bitcoin trade at $1,000,000?",2,0.27,batch,,
no_deadline,100m,100000000,words_dollars,bitcoin_hit,Will Bitcoin hit one hundred million dollars?,2,0.29,batch,,
no_deadline,1m,1000000,words_dollars,bitcoin_trade_at,Will Bitcoin trade at one million dollars?,2,0.36,batch,,
no_deadline,10m,10000000,million_symbol,price_bitcoin_hit,Will the price of Bitcoin hit $10 million?,2,0.13,batch,,
no_deadline,1m,1000000,million_symbol,bitcoin_trade_at,Will Bitcoin trade at $1 million?,2,0.3,batch,,
no_deadline,10m,10000000,words_dollars,bitcoin_reach,Will Bitcoin reach ten million dollars?,2,0.3,batch,,
no_deadline,1m,1000000,words_dollars,bitcoin_hit,Will Bitcoin hit one million dollars?,2,0.35,batch,,
no_deadline,1m,1000000,M_lower,bitcoin_touch,Will Bitcoin touch $1m?,2,0.29,batch,,
no_deadline,1m,1000000,words_dollars,btc_reach,Will BTC reach one million dollars?,2,0.37,batch,,
no_deadline,100m,100000000,million_symbol,btc_reach,Will BTC reach $100 million?,2,0.16,batch,,
no_deadline,100m,100000000,words_USD,price_bitcoin_hit,Will the price of Bitcoin hit one hundred million U.S. dollars?,2,0.21,batch,,
no_deadline,1m,1000000,words_dollars,one_btc_rise_to,Will one BTC rise to one million dollars?,2,0.41,batch,,
no_deadline,1m,1000000,comma_dollars,price_bitcoin_hit,"Will the price of Bitcoin hit 1,000,000 dollars?",2,0.24,batch,,
no_deadline,1m,1000000,million_USD,bitcoin_price_reach,Will Bitcoin's price reach 1 million USD?,2,0.31,batch,,
no_deadline,10m,10000000,comma_symbol,one_btc_rise_to,"Will one BTC rise to $10,000,000?",2,0.16,batch,,
no_deadline,10m,10000000,million_USD,bitcoin_price_reach,Will Bitcoin's price reach 10 million USD?,2,0.17,batch,,
no_deadline,10m,10000000,words_dollars,bitcoin_touch,Will Bitcoin touch ten million dollars?,2,0.3,batch,,
no_deadline,1m,1000000,million_USD,price_bitcoin_hit,Will the price of Bitcoin hit 1 million USD?,2,0.33,batch,,
no_deadline,1m,1000000,words_dollars,price_bitcoin_hit,Will the price of Bitcoin hit one million dollars?,2,0.32,batch,,
no_deadline,100m,100000000,words_dollars,one_btc_rise_to,Will one BTC rise to one hundred million dollars?,2,0.18,batch,,
no_deadline,10m,10000000,million_symbol,btc_reach,Will BTC reach $10 million?,2,0.18,batch,,
no_deadline,10m,10000000,comma_dollars,bitcoin_touch,"Will Bitcoin touch 10,000,000 dollars?",2,0.19,batch,,
no_deadline,10m,10000000,M_upper,one_btc_rise_to,Will one BTC rise to $10M?,2,0.2,batch,,
no_deadline,1m,1000000,M_upper,btc_reach,Will BTC reach $1M?,2,0.38,batch,,
no_deadline,10m,10000000,words_dollars,bitcoin_price_reach,Will Bitcoin's price reach ten million dollars?,2,0.18,batch,,
no_deadline,10m,10000000,M_upper,price_bitcoin_hit,Will the price of Bitcoin hit $10M?,2,0.15,batch,,
no_deadline,10m,10000000,comma_symbol,bitcoin_reach,"Will Bitcoin reach $10,000,000?",2,0.17,batch,,
no_deadline,10m,10000000,comma_dollars,bitcoin_hit,"Will Bitcoin hit 10,000,000 dollars?",2,0.2,batch,,
no_deadline,10m,10000000,million_USD,price_bitcoin_hit,Will the price of Bitcoin hit 10 million USD?,2,0.17,batch,,
no_deadline,1m,1000000,million_symbol,bitcoin_price_reach,Will Bitcoin's price reach $1 million?,2,0.26,batch,,
no_deadline,1m,1000000,million_symbol,bitcoin_hit,Will Bitcoin hit $1 million?,2,0.33,batch,,
no_deadline,1m,1000000,M_lower,one_btc_rise_to,Will one BTC rise to $1m?,2,0.39,batch,,
no_deadline,10m,10000000,comma_symbol,bitcoin_hit,"Will Bitcoin hit $10,000,000?",2,0.18,batch,,
no_deadline,1m,1000000,M_lower,bitcoin_reach,Will Bitcoin reach $1m?,2,0.3,batch,,
no_deadline,100m,100000000,words_USD,bitcoin_hit,Will Bitcoin hit one hundred million U.S. dollars?,2,0.35,batch,,
no_deadline,100m,100000000,M_lower,bitcoin_hit,Will Bitcoin hit $100m?,2,0.21,batch,,
no_deadline,10m,10000000,comma_dollars,one_btc_rise_to,"Will one BTC rise to 10,000,000 dollars?",2,0.22,batch,,
no_deadline,10m,10000000,M_lower,one_btc_rise_to,Will one BTC rise to $10m?,2,0.23,batch,,
no_deadline,1m,1000000,million_USD,bitcoin_reach,Will Bitcoin reach 1 million USD?,2,0.33,batch,,
no_deadline,100m,100000000,million_USD,one_btc_rise_to,Will one BTC rise to 100 million USD?,2,0.25,batch,,
no_deadline,10m,10000000,comma_dollars,bitcoin_price_reach,"Will Bitcoin's price reach 10,000,000 dollars?",2,0.13,batch,,
no_deadline,100m,100000000,comma_dollars,bitcoin_hit,"Will Bitcoin hit 100,000,000 dollars?",2,0.14,batch,,
no_deadline,100m,100000000,M_lower,bitcoin_trade_at,Will Bitcoin trade at $100m?,2,0.2,batch,,
no_deadline,1m,1000000,million_symbol,btc_reach,Will BTC reach $1 million?,2,0.35,batch,,
no_deadline,100m,100000000,words_USD,one_btc_rise_to,Will one BTC rise to one hundred million U.S. dollars?,2,0.22,batch,,
no_deadline,100m,100000000,words_dollars,bitcoin_reach,Will Bitcoin reach one hundred million dollars?,2,0.32,batch,,
no_deadline,100m,100000000,words_dollars,btc_reach,Will BTC reach one hundred million dollars?,2,0.3,batch,,
no_deadline,100m,100000000,M_upper,bitcoin_reach,Will Bitcoin reach $100M?,2,0.25,batch,,
no_deadline,1m,1000000,words_USD,bitcoin_hit,Will Bitcoin hit one million U.S. dollars?,2,0.38,batch,,
no_deadline,100m,100000000,words_dollars,bitcoin_price_reach,Will Bitcoin's price reach one hundred million dollars?,2,0.16,batch,,
no_deadline,100m,100000000,million_symbol,price_bitcoin_hit,Will the price of Bitcoin hit $100 million?,2,0.14,batch,,
no_deadline,100m,100000000,M_upper,bitcoin_touch,Will Bitcoin touch $100M?,2,0.24,batch,,
no_deadline,100m,100000000,million_symbol,bitcoin_hit,Will Bitcoin hit $100 million?,2,0.21,batch,,
no_deadline,1m,1000000,comma_dollars,btc_reach,"Will BTC reach 1,000,000 dollars?",2,0.34,batch,,
no_deadline,10m,10000000,M_lower,btc_reach,Will BTC reach $10m?,2,0.22,batch,,
no_deadline,100m,100000000,comma_symbol,price_bitcoin_hit,"Will the price of Bitcoin hit $100,000,000?",2,0.08,batch,,
no_deadline,10m,10000000,million_symbol,bitcoin_touch,Will Bitcoin touch $10 million?,2,0.22,batch,,
no_deadline,10m,10000000,M_upper,bitcoin_price_reach,Will Bitcoin's price reach $10M?,2,0.12,batch,,
no_deadline,100m,100000000,comma_symbol,btc_reach,"Will BTC reach $100,000,000?",2,0.1,batch,,
no_deadline,1m,1000000,comma_dollars,bitcoin_price_reach,"Will Bitcoin's price reach 1,000,000 dollars?",2,0.28,batch,,
no_deadline,10m,10000000,M_lower,bitcoin_price_reach,Will Bitcoin's price reach $10m?,2,0.13,batch,,
no_deadline,1m,1000000,M_upper,price_bitcoin_hit,Will the price of Bitcoin hit $1M?,2,0.31,batch,,
no_deadline,10m,10000000,words_USD,bitcoin_trade_at,Will Bitcoin trade at ten million U.S. dollars?,2,0.28,batch,,
no_deadline,10m,10000000,million_symbol,one_btc_rise_to,Will one BTC rise to $10 million?,2,0.23,batch,,
no_deadline,10m,10000000,words_USD,bitcoin_touch,Will Bitcoin touch ten million U.S. dollars?,2,0.31,batch,,
no_deadline,1m,1000000,comma_symbol,bitcoin_touch,"Will Bitcoin touch $1,000,000?",2,0.29,batch,,
no_deadline,100m,100000000,M_lower,bitcoin_price_reach,Will Bitcoin's price reach $100m?,2,0.16,batch,,
no_deadline,10m,10000000,M_upper,btc_reach,Will BTC reach $10M?,2,0.21,batch,,
no_deadline,1m,1000000,million_symbol,bitcoin_reach,Will Bitcoin reach $1 million?,2,0.29,batch,,
no_deadline,10m,10000000,M_lower,bitcoin_trade_at,Will Bitcoin trade at $10m?,2,0.22,batch,,
no_deadline,1m,1000000,words_USD,one_btc_rise_to,Will one BTC rise to one million U.S. dollars?,2,0.45,batch,,
no_deadline,1m,1000000,million_symbol,one_btc_rise_to,Will one BTC rise to $1 million?,2,0.41,batch,,
no_deadline,1m,1000000,comma_dollars,bitcoin_touch,"Will Bitcoin touch 1,000,000 dollars?",2,0.31,batch,,
no_deadline,1m,1000000,words_USD,bitcoin_price_reach,Will Bitcoin's price reach one million U.S. dollars?,2,0.33,batch,,
no_deadline,100m,100000000,words_USD,bitcoin_reach,Will Bitcoin reach one hundred million U.S. dollars?,2,0.36,batch,,
no_deadline,100m,100000000,comma_dollars,bitcoin_touch,"Will Bitcoin touch 100,000,000 dollars?",2,0.13,batch,,
no_deadline,10m,10000000,comma_dollars,bitcoin_trade_at,"Will Bitcoin trade at 10,000,000 dollars?",3,0.19,batch,,
no_deadline,10m,10000000,million_symbol,one_btc_rise_to,Will one BTC rise to $10 million?,3,0.23,batch,,
no_deadline,10m,10000000,comma_dollars,one_btc_rise_to,"Will one BTC rise to 10,000,000 dollars?",3,0.19,batch,,
no_deadline,1m,1000000,M_upper,bitcoin_price_reach,Will Bitcoin's price reach $1M?,3,0.3,batch,,
no_deadline,1m,1000000,comma_dollars,one_btc_rise_to,"Will one BTC rise to 1,000,000 dollars?",3,0.38,batch,,
no_deadline,1m,1000000,M_lower,bitcoin_reach,Will Bitcoin reach $1m?,3,0.27,batch,,
no_deadline,100m,100000000,M_lower,one_btc_rise_to,Will one BTC rise to $100m?,3,0.19,batch,,
no_deadline,1m,1000000,million_symbol,bitcoin_trade_at,Will Bitcoin trade at $1 million?,3,0.28,batch,,
no_deadline,1m,1000000,words_USD,btc_reach,Will BTC reach one million U.S. dollars?,3,0.4,batch,,
no_deadline,1m,1000000,M_upper,bitcoin_touch,Will Bitcoin touch $1M?,3,0.31,batch,,
no_deadline,1m,1000000,million_symbol,bitcoin_reach,Will Bitcoin reach $1 million?,3,0.32,batch,,
no_deadline,10m,10000000,million_symbol,bitcoin_price_reach,Will Bitcoin's price reach $10 million?,3,0.13,batch,,
no_deadline,10m,10000000,words_dollars,bitcoin_trade_at,Will Bitcoin trade at ten million dollars?,3,0.28,batch,,
no_deadline,10m,10000000,comma_symbol,bitcoin_trade_at,"Will Bitcoin trade at $10,000,000?",3,0.16,batch,,
no_deadline,10m,10000000,M_upper,bitcoin_hit,Will Bitcoin hit $10M?,3,0.19,batch,,
no_deadline,10m,10000000,M_upper,bitcoin_trade_at,Will Bitcoin trade at $10M?,3,0.2,batch,,
no_deadline,100m,100000000,M_lower,bitcoin_trade_at,Will Bitcoin trade at $100m?,3,0.22,batch,,
no_deadline,100m,100000000,M_upper,price_bitcoin_hit,Will the price of Bitcoin hit $100M?,3,0.15,batch,,
no_deadline,1m,1000000,million_USD,bitcoin_touch,Will Bitcoin touch 1 million USD?,3,0.32,batch,,
no_deadline,10m,10000000,million_symbol,bitcoin_trade_at,Will Bitcoin trade at $10 million?,3,0.18,batch,,
no_deadline,1m,1000000,M_upper,btc_reach,Will BTC reach $1M?,3,0.38,batch,,
no_deadline,10m,10000000,comma_symbol,price_bitcoin_hit,"Will the price of Bitcoin hit $10,000,000?",3,0.14,batch,,
no_deadline,1m,1000000,words_dollars,bitcoin_reach,Will Bitcoin reach one million dollars?,3,0.39,batch,,
no_deadline,1m,1000000,words_dollars,one_btc_rise_to,Will one BTC rise to one million dollars?,3,0.4,batch,,
no_deadline,100m,100000000,words_dollars,bitcoin_touch,Will Bitcoin touch one hundred million dollars?,3,0.3,batch,,
no_deadline,100m,100000000,comma_symbol,bitcoin_touch,"Will Bitcoin touch $100,000,000?",3,0.14,batch,,
no_deadline,100m,100000000,comma_dollars,one_btc_rise_to,"Will one BTC rise to 100,000,000 dollars?",3,0.15,batch,,
no_deadline,1m,1000000,M_lower,bitcoin_touch,Will Bitcoin touch $1m?,3,0.28,batch,,
no_deadline,100m,100000000,million_USD,bitcoin_reach,Will Bitcoin reach 100 million USD?,3,0.34,batch,,
no_deadline,100m,100000000,million_USD,bitcoin_hit,Will Bitcoin hit 100 million USD?,3,0.31,batch,,
no_deadline,10m,10000000,M_lower,bitcoin_trade_at,Will Bitcoin trade at $10m?,3,0.22,batch,,
no_deadline,1m,1000000,words_dollars,btc_reach,Will BTC reach one million dollars?,3,0.4,batch,,
no_deadline,1m,1000000,M_lower,one_btc_rise_to,Will one BTC rise to $1m?,3,0.38,batch,,
no_deadline,10m,10000000,comma_dollars,bitcoin_touch,"Will Bitcoin touch 10,000,000 dollars?",3,0.18,batch,,
no_deadline,1m,1000000,M_lower,bitcoin_trade_at,Will Bitcoin trade at $1m?,3,0.23,batch,,
no_deadline,1m,1000000,comma_symbol,btc_reach,"Will BTC reach $1,000,000?",3,0.29,batch,,
no_deadline,100m,100000000,M_lower,btc_reach,Will BTC reach $100m?,3,0.24,batch,,
no_deadline,100m,100000000,million_symbol,bitcoin_touch,Will Bitcoin touch $100 million?,3,0.19,batch,,
no_deadline,100m,100000000,comma_symbol,btc_reach,"Will BTC reach $100,000,000?",3,0.1,batch,,
no_deadline,1m,1000000,million_USD,one_btc_rise_to,Will one BTC rise to 1 million USD?,3,0.41,batch,,
no_deadline,10m,10000000,M_upper,one_btc_rise_to,Will one BTC rise to $10M?,3,0.2,batch,,
no_deadline,1m,1000000,words_dollars,price_bitcoin_hit,Will the price of Bitcoin hit one million dollars?,3,0.29,batch,,
no_deadline,100m,100000000,million_symbol,bitcoin_reach,Will Bitcoin reach $100 million?,3,0.16,batch,,
no_deadline,100m,100000000,M_lower,bitcoin_price_reach,Will Bitcoin's price reach $100m?,3,0.13,batch,,
no_deadline,10m,10000000,M_upper,bitcoin_reach,Will Bitcoin reach $10M?,3,0.21,batch,,
no_deadline,10m,10000000,M_lower,one_btc_rise_to,Will one BTC rise to $10m?,3,0.21,batch,,
no_deadline,1m,1000000,words_dollars,bitcoin_touch,Will Bitcoin touch one million dollars?,3,0.38,batch,,
no_deadline,100m,100000000,words_dollars,bitcoin_price_reach,Will Bitcoin's price reach one hundred million dollars?,3,0.16,batch,,
no_deadline,10m,10000000,M_lower,bitcoin_touch,Will Bitcoin touch $10m?,3,0.24,batch,,
no_deadline,10m,10000000,M_lower,price_bitcoin_hit,Will the price of Bitcoin hit $10m?,3,0.17,batch,,
no_deadline,1m,1000000,comma_dollars,bitcoin_reach,"Will Bitcoin reach 1,000,000 dollars?",3,0.31,batch,,
no_deadline,100m,100000000,words_USD,bitcoin_reach,Will Bitcoin reach one hundred million U.S. dollars?,3,0.35,batch,,
no_deadline,100m,100000000,comma_symbol,one_btc_rise_to,"Will one BTC rise to $100,000,000?",3,0.13,batch,,
no_deadline,100m,100000000,words_USD,price_bitcoin_hit,Will the price of Bitcoin hit one hundred million U.S. dollars?,3,0.19,batch,,
no_deadline,10m,10000000,words_USD,bitcoin_price_reach,Will Bitcoin's price reach ten million U.S. dollars?,3,0.19,batch,,
no_deadline,1m,1000000,comma_symbol,one_btc_rise_to,"Will one BTC rise to $1,000,000?",3,0.32,batch,,
no_deadline,10m,10000000,million_symbol,bitcoin_hit,Will Bitcoin hit $10 million?,3,0.16,batch,,
no_deadline,1m,1000000,words_USD,bitcoin_hit,Will Bitcoin hit one million U.S. dollars?,3,0.39,batch,,
no_deadline,10m,10000000,words_dollars,price_bitcoin_hit,Will the price of Bitcoin hit ten million dollars?,3,0.2,batch,,
no_deadline,100m,100000000,million_USD,btc_reach,Will BTC reach 100 million USD?,3,0.3,batch,,
no_deadline,100m,100000000,words_USD,bitcoin_hit,Will Bitcoin hit one hundred million U.S. dollars?,3,0.33,batch,,
no_deadline,1m,1000000,M_upper,bitcoin_hit,Will Bitcoin hit $1M?,3,0.33,batch,,
no_deadline,100m,100000000,M_upper,bitcoin_touch,Will Bitcoin touch $100M?,3,0.23,batch,,
no_deadline,1m,1000000,words_dollars,bitcoin_price_reach,Will Bitcoin's price reach one million dollars?,3,0.33,batch,,
no_deadline,1m,1000000,words_dollars,bitcoin_trade_at,Will Bitcoin trade at one million dollars?,3,0.36,batch,,
no_deadline,10m,10000000,comma_symbol,bitcoin_reach,"Will Bitcoin reach $10,000,000?",3,0.17,batch,,
no_deadline,1m,1000000,comma_symbol,bitcoin_price_reach,"Will Bitcoin's price reach $1,000,000?",3,0.23,batch,,
no_deadline,10m,10000000,million_USD,bitcoin_price_reach,Will Bitcoin's price reach 10 million USD?,3,0.17,batch,,
no_deadline,100m,100000000,million_USD,price_bitcoin_hit,Will the price of Bitcoin hit 100 million USD?,3,0.18,batch,,
no_deadline,10m,10000000,M_upper,bitcoin_price_reach,Will Bitcoin's price reach $10M?,3,0.14,batch,,
no_deadline,100m,100000000,comma_dollars,bitcoin_touch,"Will Bitcoin touch 100,000,000 dollars?",3,0.13,batch,,
no_deadline,1m,1000000,million_USD,price_bitcoin_hit,Will the price of Bitcoin hit 1 million USD?,3,0.33,batch,,
no_deadline,10m,10000000,comma_dollars,bitcoin_reach,"Will Bitcoin reach 10,000,000 dollars?",3,0.22,batch,,
no_deadline,1m,1000000,words_USD,bitcoin_touch,Will Bitcoin touch one million U.S. dollars?,3,0.4,batch,,
no_deadline,1m,1000000,words_USD,bitcoin_trade_at,Will Bitcoin trade at one million U.S. dollars?,3,0.39,batch,,
no_deadline,10m,10000000,M_lower,bitcoin_hit,Will Bitcoin hit $10m?,3,0.22,batch,,
no_deadline,100m,100000000,million_symbol,btc_reach,Will BTC reach $100 million?,3,0.18,batch,,
no_deadline,1m,1000000,comma_dollars,btc_reach,"Will BTC reach 1,000,000 dollars?",3,0.35,batch,,
no_deadline,100m,100000000,million_symbol,bitcoin_hit,Will Bitcoin hit $100 million?,3,0.16,batch,,
no_deadline,100m,100000000,comma_dollars,bitcoin_hit,"Will Bitcoin hit 100,000,000 dollars?",3,0.15,batch,,
no_deadline,100m,100000000,million_USD,bitcoin_price_reach,Will Bitcoin's price reach 100 million USD?,3,0.19,batch,,
no_deadline,1m,1000000,M_upper,price_bitcoin_hit,Will the price of Bitcoin hit $1M?,3,0.32,batch,,
no_deadline,100m,100000000,million_symbol,bitcoin_price_reach,Will Bitcoin's price reach $100 million?,3,0.1,batch,,
no_deadline,1m,1000000,words_dollars,bitcoin_hit,Will Bitcoin hit one million dollars?,3,0.35,batch,,
no_deadline,10m,10000000,million_symbol,price_bitcoin_hit,Will the price of Bitcoin hit $10 million?,3,0.13,batch,,
no_deadline,100m,100000000,words_USD,bitcoin_price_reach,Will Bitcoin's price reach one hundred million U.S. dollars?,3,0.21,batch,,
no_deadline,100m,100000000,comma_symbol,bitcoin_reach,"Will Bitcoin reach $100,000,000?",3,0.12,batch,,
no_deadline,1m,1000000,million_USD,bitcoin_reach,Will Bitcoin reach 1 million USD?,3,0.32,batch,,
no_deadline,1m,1000000,words_USD,bitcoin_price_reach,Will Bitcoin's price reach one million U.S. dollars?,3,0.32,batch,,
no_deadline,10m,10000000,comma_symbol,one_btc_rise_to,"Will one BTC rise to $10,000,000?",3,0.17,batch,,
no_deadline,10m,10000000,million_symbol,bitcoin_touch,Will Bitcoin touch $10 million?,3,0.23,batch,,
no_deadline,100m,100000000,words_USD,bitcoin_touch,Will Bitcoin touch one hundred million U.S. dollars?,3,0.35,batch,,
no_deadline,1m,1000000,million_symbol,bitcoin_price_reach,Will Bitcoin's price reach $1 million?,3,0.27,batch,,
no_deadline,100m,100000000,comma_dollars,price_bitcoin_hit,"Will the price of Bitcoin hit 100,000,000 dollars?",3,0.08,batch,,
no_deadline,10m,10000000,words_dollars,bitcoin_reach,Will Bitcoin reach ten million dollars?,3,0.29,batch,,
no_deadline,100m,100000000,words_USD,btc_reach,Will BTC reach one hundred million U.S. dollars?,3,0.33,batch,,
no_deadline,100m,100000000,comma_dollars,bitcoin_price_reach,"Will Bitcoin's price reach 100,000,000 dollars?",3,0.08,batch,,
no_deadline,1m,1000000,comma_symbol,bitcoin_trade_at,"Will Bitcoin trade at $1,000,000?",3,0.26,batch,,
no_deadline,10m,10000000,M_upper,bitcoin_touch,Will Bitcoin touch $10M?,3,0.23,batch,,
no_deadline,10m,10000000,comma_symbol,bitcoin_price_reach,"Will Bitcoin's price reach $10,000,000?",3,0.13,batch,,
no_deadline,1m,1000000,M_lower,btc_reach,Will BTC reach $1m?,3,0.35,batch,,
no_deadline,100m,100000000,M_lower,bitcoin_hit,Will Bitcoin hit $100m?,3,0.22,batch,,
no_deadline,10m,10000000,million_USD,price_bitcoin_hit,Will the price of Bitcoin hit 10 million USD?,3,0.18,batch,,
no_deadline,1m,1000000,comma_dollars,bitcoin_price_reach,"Will Bitcoin's price reach 1,000,000 dollars?",3,0.28,batch,,
no_deadline,1m,1000000,comma_dollars,bitcoin_hit,"Will Bitcoin hit 1,000,000 dollars?",3,0.3,batch,,
no_deadline,100m,100000000,comma_symbol,bitcoin_trade_at,"Will Bitcoin trade at $100,000,000?",3,0.1,batch,,
no_deadline,100m,100000000,words_dollars,btc_reach,Will BTC reach one hundred million dollars?,3,0.31,batch,,
no_deadline,10m,10000000,words_dollars,bitcoin_hit,Will Bitcoin hit ten million dollars?,3,0.29,batch,,
no_deadline,1m,1000000,M_lower,bitcoin_hit,Will Bitcoin hit $1m?,3,0.3,batch,,
no_deadline,100m,100000000,comma_symbol,bitcoin_hit,"Will Bitcoin hit $100,000,000?",3,0.1,batch,,
no_deadline,10m,10000000,million_USD,bitcoin_reach,Will Bitcoin reach 10 million USD?,3,0.29,batch,,
no_deadline,100m,100000000,million_symbol,one_btc_rise_to,Will one BTC rise to $100 million?,3,0.16,batch,,
no_deadline,10m,10000000,words_dollars,btc_reach,Will BTC reach ten million dollars?,3,0.29,batch,,
no_deadline,10m,10000000,words_USD,bitcoin_trade_at,Will Bitcoin trade at ten million U.S. dollars?,3,0.28,batch,,
no_deadline,1m,1000000,words_USD,bitcoin_reach,Will Bitcoin reach one million U.S. dollars?,3,0.41,batch,,
no_deadline,100m,100000000,words_dollars,price_bitcoin_hit,Will the price of Bitcoin hit one hundred million dollars?,3,0.17,batch,,
no_deadline,10m,10000000,million_USD,bitcoin_trade_at,Will Bitcoin trade at 10 million USD?,3,0.28,batch,,
no_deadline,100m,100000000,million_symbol,price_bitcoin_hit,Will the price of Bitcoin hit $100 million?,3,0.14,batch,,
no_deadline,10m,10000000,comma_dollars,price_bitcoin_hit,"Will the price of Bitcoin hit 10,000,000 dollars?",3,0.14,batch,,
no_deadline,10m,10000000,words_USD,bitcoin_touch,Will Bitcoin touch ten million U.S. dollars?,3,0.3,batch,,
no_deadline,1m,1000000,million_symbol,bitcoin_hit,Will Bitcoin hit $1 million?,3,0.32,batch,,
no_deadline,1m,1000000,comma_dollars,price_bitcoin_hit,"Will the price of Bitcoin hit 1,000,000 dollars?",3,0.27,batch,,
no_deadline,10m,10000000,words_USD,bitcoin_hit,Will Bitcoin hit ten million U.S. dollars?,3,0.31,batch,,
no_deadline,1m,1000000,M_lower,bitcoin_price_reach,Will Bitcoin's price reach $1m?,3,0.27,batch,,
no_deadline,100m,100000000,M_upper,one_btc_rise_to,Will one BTC rise to $100M?,3,0.16,batch,,
no_deadline,1m,1000000,M_upper,bitcoin_trade_at,Will Bitcoin trade at $1M?,3,0.28,batch,,
no_deadline,10m,10000000,M_lower,bitcoin_reach,Will Bitcoin reach $10m?,3,0.22,batch,,
no_deadline,100m,100000000,comma_dollars,bitcoin_reach,"Will Bitcoin reach 100,000,000 dollars?",3,0.17,batch,,
no_deadline,1m,1000000,comma_symbol,price_bitcoin_hit,"Will the price of Bitcoin hit $1,000,000?",3,0.27,batch,,
no_deadline,1m,1000000,comma_dollars,bitcoin_touch,"Will Bitcoin touch 1,000,000 dollars?",3,0.31,batch,,
no_deadline,100m,100000000,words_dollars,bitcoin_hit,Will Bitcoin hit one hundred million dollars?,3,0.29,batch,,
no_deadline,100m,100000000,comma_dollars,btc_reach,"Will BTC reach 100,000,000 dollars?",3,0.18,batch,,
no_deadline,1m,1000000,million_USD,bitcoin_price_reach,Will Bitcoin's price reach 1 million USD?,3,0.28,batch,,
no_deadline,100m,100000000,M_upper,bitcoin_reach,Will Bitcoin reach $100M?,3,0.24,batch,,
no_deadline,1m,1000000,million_symbol,price_bitcoin_hit,Will the price of Bitcoin hit $1 million?,3,0.32,batch,,
no_deadline,100m,100000000,words_USD,one_btc_rise_to,Will one BTC rise to one hundred million U.S. dollars?,3,0.24,batch,,
no_deadline,100m,100000000,M_lower,bitcoin_reach,Will Bitcoin reach $100m?,3,0.21,batch,,
no_deadline,1m,1000000,million_USD,bitcoin_hit,Will Bitcoin hit 1 million USD?,3,0.33,batch,,
no_deadline,10m,10000000,comma_symbol,bitcoin_hit,"Will Bitcoin hit $10,000,000?",3,0.18,batch,,
no_deadline,1m,1000000,million_symbol,bitcoin_touch,Will Bitcoin touch $1 million?,3,0.31,batch,,
no_deadline,10m,10000000,words_USD,bitcoin_reach,Will Bitcoin reach ten million U.S. dollars?,3,0.28,batch,,
no_deadline,10m,10000000,words_USD,btc_reach,Will BTC reach ten million U.S. dollars?,3,0.3,batch,,
no_deadline,10m,10000000,words_USD,price_bitcoin_hit,Will the price of Bitcoin hit ten million U.S. dollars?,3,0.24,batch,,
no_deadline,100m,100000000,comma_dollars,bitcoin_trade_at,"Will Bitcoin trade at 100,000,000 dollars?",3,0.14,batch,,
no_deadline,10m,10000000,words_dollars,bitcoin_touch,Will Bitcoin touch ten million dollars?,3,0.32,batch,,
no_deadline,1m,1000000,comma_symbol,bitcoin_hit,"Will Bitcoin hit $1,000,000?",3,0.29,batch,,
no_deadline,10m,10000000,million_USD,btc_reach,Will BTC reach 10 million USD?,3,0.31,batch,,
no_deadline,1m,1000000,words_USD,price_bitcoin_hit,Will the price of Bitcoin hit one million U.S. dollars?,3,0.36,batch,,
no_deadline,1m,1000000,words_USD,one_btc_rise_to,Will one BTC rise to one million U.S. dollars?,3,0.44,batch,,
no_deadline,1m,1000000,M_upper,bitcoin_reach,Will Bitcoin reach $1M?,3,0.34,batch,,
no_deadline,10m,10000000,million_symbol,btc_reach,Will BTC reach $10 million?,3,0.17,batch,,
no_deadline,10m,10000000,comma_symbol,bitcoin_touch,"Will Bitcoin touch $10,000,000?",3,0.19,batch,,
no_deadline,10m,10000000,comma_dollars,btc_reach,"Will BTC reach 10,000,000 dollars?",3,0.21,batch,,
no_deadline,10m,10000000,comma_symbol,btc_reach,"Will BTC reach $10,000,000?",3,0.16,batch,,
no_deadline,10m,10000000,M_upper,price_bitcoin_hit,Will the price of Bitcoin hit $10M?,3,0.15,batch,,
no_deadline,100m,100000000,M_upper,btc_reach,Will BTC reach $100M?,3,0.2,batch,,
no_deadline,1m,1000000,comma_symbol,bitcoin_reach,"Will Bitcoin reach $1,000,000?",3,0.28,batch,,
no_deadline,100m,100000000,million_symbol,bitcoin_trade_at,Will Bitcoin trade at $100 million?,3,0.15,batch,,
no_deadline,100m,100000000,M_upper,bitcoin_trade_at,Will Bitcoin trade at $100M?,3,0.2,batch,,
no_deadline,1m,1000000,comma_symbol,bitcoin_touch,"Will Bitcoin touch $1,000,000?",3,0.32,batch,,
no_deadline,10m,10000000,million_USD,bitcoin_touch,Will Bitcoin touch 10 million USD?,3,0.26,batch,,
no_deadline,10m,10000000,words_dollars,bitcoin_price_reach,Will Bitcoin's price reach ten million dollars?,3,0.19,batch,,
no_deadline,100m,100000000,comma_symbol,bitcoin_price_reach,"Will Bitcoin's price reach $100,000,000?",3,0.06,batch,,
no_deadline,1m,1000000,million_symbol,btc_reach,Will BTC reach $1 million?,3,0.35,batch,,
no_deadline,10m,10000000,comma_dollars,bitcoin_hit,"Will Bitcoin hit 10,000,000 dollars?",3,0.17,batch,,
no_deadline,100m,100000000,comma_symbol,price_bitcoin_hit,"Will the price of Bitcoin hit $100,000,000?",3,0.07,batch,,
no_deadline,100m,100000000,words_USD,bitcoin_trade_at,Will Bitcoin trade at one hundred million U.S. dollars?,3,0.28,batch,,
no_deadline,1m,1000000,comma_dollars,bitcoin_trade_at,"Will Bitcoin trade at 1,000,000 dollars?",3,0.31,batch,,
no_deadline,10m,10000000,M_upper,btc_reach,Will BTC reach $10M?,3,0.2,batch,,
no_deadline,10m,10000000,M_lower,bitcoin_price_reach,Will Bitcoin's price reach $10m?,3,0.14,batch,,
no_deadline,10m,10000000,words_USD,one_btc_rise_to,Will one BTC rise to ten million U.S. dollars?,3,0.33,batch,,
no_deadline,100m,100000000,words_dollars,bitcoin_reach,Will Bitcoin reach one hundred million dollars?,3,0.32,batch,,
no_deadline,1m,1000000,million_USD,bitcoin_trade_at,Will Bitcoin trade at 1 million USD?,3,0.29,batch,,
no_deadline,100m,100000000,million_USD,bitcoin_touch,Will Bitcoin touch 100 million USD?,3,0.34,batch,,
no_deadline,10m,10000000,million_symbol,bitcoin_reach,Will Bitcoin reach $10 million?,3,0.17,batch,,
no_deadline,100m,100000000,words_dollars,one_btc_rise_to,Will one BTC rise to one hundred million dollars?,3,0.19,batch,,
no_deadline,10m,10000000,comma_dollars,bitcoin_price_reach,"Will Bitcoin's price reach 10,000,000 dollars?",3,0.14,batch,,
no_deadline,1m,1000000,million_USD,btc_reach,Will BTC reach 1 million USD?,3,0.34,batch,,
no_deadline,10m,10000000,words_dollars,one_btc_rise_to,Will one BTC rise to ten million dollars?,3,0.24,batch,,
no_deadline,100m,100000000,million_USD,bitcoin_trade_at,Will Bitcoin trade at 100 million USD?,3,0.27,batch,,
no_deadline,100m,100000000,M_lower,bitcoin_touch,Will Bitcoin touch $100m?,3,0.31,batch,,
no_deadline,10m,10000000,M_lower,btc_reach,Will BTC reach $10m?,3,0.21,batch,,
no_deadline,100m,100000000,M_upper,bitcoin_price_reach,Will Bitcoin's price reach $100M?,3,0.13,batch,,
no_deadline,100m,100000000,M_upper,bitcoin_hit,Will Bitcoin hit $100M?,3,0.21,batch,,
no_deadline,1m,1000000,million_symbol,one_btc_rise_to,Will one BTC rise to $1 million?,3,0.39,batch,,
no_deadline,1m,1000000,M_upper,one_btc_rise_to,Will one BTC rise to $1M?,3,0.38,batch,,
no_deadline,100m,100000000,words_dollars,bitcoin_trade_at,Will Bitcoin trade at one hundred million dollars?,3,0.26,batch,,
no_deadline,1m,1000000,M_lower,price_bitcoin_hit,Will the price of Bitcoin hit $1m?,3,0.29,batch,,
no_deadline,100m,100000000,M_lower,price_bitcoin_hit,Will the price of Bitcoin hit $100m?,3,0.14,batch,,
no_deadline,10m,10000000,million_USD,one_btc_rise_to,Will one BTC rise to 10 million USD?,3,0.31,batch,,
no_deadline,100m,100000000,million_USD,one_btc_rise_to,Will one BTC rise to 100 million USD?,3,0.22,batch,,
no_deadline,10m,10000000,million_USD,bitcoin_hit,Will Bitcoin hit 10 million USD?,3,0.31,batch,,
by_2035,100m,100000000,words_dollars,bitcoin_reach,Will Bitcoin reach one hundred million dollars by 2035-01-01?,1,0.32,batch,,
by_2035,100m,100000000,comma_symbol,bitcoin_touch,"Will Bitcoin touch $100,000,000 by 2035-01-01?",1,0.11,batch,,
by_2035,10m,10000000,words_dollars,bitcoin_hit,Will Bitcoin hit ten million dollars by 2035-01-01?,1,0.33,batch,,
by_2035,10m,10000000,comma_dollars,btc_reach,"Will BTC reach 10,000,000 dollars by 2035-01-01?",1,0.17,batch,,
by_2035,100m,100000000,million_USD,bitcoin_reach,Will Bitcoin reach 100 million USD by 2035-01-01?,1,0.4,batch,,
by_2035,1m,1000000,M_lower,bitcoin_trade_at,Will Bitcoin trade at $1m by 2035-01-01?,1,0.25,batch,,
by_2035,100m,100000000,million_USD,btc_reach,Will BTC reach 100 million USD by 2035-01-01?,1,0.29,batch,,
by_2035,100m,100000000,million_symbol,bitcoin_touch,Will Bitcoin touch $100 million by 2035-01-01?,1,0.18,batch,,
by_2035,100m,100000000,comma_dollars,btc_reach,"Will BTC reach 100,000,000 dollars by 2035-01-01?",1,0.15,batch,,
by_2035,100m,100000000,words_USD,bitcoin_hit,Will Bitcoin hit one hundred million U.S. dollars by 2035-01-01?,1,0.28,batch,,
by_2035,10m,10000000,million_symbol,bitcoin_price_reach,Will Bitcoin's price reach $10 million by 2035-01-01?,1,0.08,batch,,
by_2035,100m,100000000,words_USD,price_bitcoin_hit,Will the price of Bitcoin hit one hundred million U.S. dollars by 2035-01-01?,1,0.14,batch,,
by_2035,1m,1000000,comma_dollars,one_btc_rise_to,"Will one BTC rise to 1,000,000 dollars by 2035-01-01?",1,0.38,batch,,
by_2035,1m,1000000,million_symbol,bitcoin_reach,Will Bitcoin reach $1 million by 2035-01-01?,1,0.29,batch,,
by_2035,10m,10000000,words_dollars,one_btc_rise_to,Will one BTC rise to ten million dollars by 2035-01-01?,1,0.19,batch,,
by_2035,1m,1000000,words_dollars,bitcoin_touch,Will Bitcoin touch one million dollars by 2035-01-01?,1,0.39,batch,,
by_2035,10m,10000000,words_USD,bitcoin_trade_at,Will Bitcoin trade at ten million U.S. dollars by 2035-01-01?,1,0.32,batch,,
by_2035,10m,10000000,comma_dollars,bitcoin_hit,"Will Bitcoin hit 10,000,000 dollars by 2035-01-01?",1,0.16,batch,,
by_2035,10m,10000000,comma_symbol,bitcoin_price_reach,"Will Bitcoin's price reach $10,000,000 by 2035-01-01?",1,0.08,batch,,
by_2035,10m,10000000,million_USD,btc_reach,Will BTC reach 10 million USD by 2035-01-01?,1,0.36,batch,,
by_2035,1m,1000000,M_lower,bitcoin_price_reach,Will Bitcoin's price reach $1m by 2035-01-01?,1,0.26,batch,,
by_2035,1m,1000000,M_lower,one_btc_rise_to,Will one BTC rise to $1m by 2035-01-01?,1,0.35,batch,,
by_2035,10m,10000000,M_upper,bitcoin_price_reach,Will Bitcoin's price reach $10M by 2035-01-01?,1,0.12,batch,,
by_2035,10m,10000000,words_dollars,bitcoin_trade_at,Will Bitcoin trade at ten million dollars by 2035-01-01?,1,0.31,batch,,
by_2035,100m,100000000,M_upper,bitcoin_price_reach,Will Bitcoin's price reach $100M by 2035-01-01?,1,0.09,batch,,
by_2035,1m,1000000,words_dollars,bitcoin_trade_at,Will Bitcoin trade at one million dollars by 2035-01-01?,1,0.33,batch,,
by_2035,10m,10000000,words_USD,bitcoin_price_reach,Will Bitcoin's price reach ten million U.S. dollars by 2035-01-01?,1,0.13,batch,,
by_2035,100m,100000000,million_symbol,bitcoin_hit,Will Bitcoin hit $100 million by 2035-01-01?,1,0.11,batch,,
by_2035,100m,100000000,words_USD,bitcoin_price_reach,Will Bitcoin's price reach one hundred million U.S. dollars by 2035-01-01?,1,0.15,batch,,
by_2035,100m,100000000,million_symbol,price_bitcoin_hit,Will the price of Bitcoin hit $100 million by 2035-01-01?,1,0.07,batch,,
by_2035,1m,1000000,comma_dollars,btc_reach,"Will BTC reach 1,000,000 dollars by 2035-01-01?",1,0.33,batch,,
by_2035,100m,100000000,words_USD,bitcoin_reach,Will Bitcoin reach one hundred million U.S. dollars by 2035-01-01?,1,0.3,batch,,
by_2035,10m,10000000,words_dollars,bitcoin_price_reach,Will Bitcoin's price reach ten million dollars by 2035-01-01?,1,0.16,batch,,
by_2035,1m,1000000,comma_symbol,bitcoin_hit,"Will Bitcoin hit $1,000,000 by 2035-01-01?",1,0.25,batch,,
by_2035,10m,10000000,million_symbol,btc_reach,Will BTC reach $10 million by 2035-01-01?,1,0.15,batch,,
by_2035,10m,10000000,comma_symbol,bitcoin_hit,"Will Bitcoin hit $10,000,000 by 2035-01-01?",1,0.1,batch,,
by_2035,100m,100000000,comma_dollars,bitcoin_price_reach,"Will Bitcoin's price reach 100,000,000 dollars by 2035-01-01?",1,0.07,batch,,
by_2035,10m,10000000,million_USD,one_btc_rise_to,Will one BTC rise to 10 million USD by 2035-01-01?,1,0.29,batch,,
by_2035,1m,1000000,words_USD,bitcoin_touch,Will Bitcoin touch one million U.S. dollars by 2035-01-01?,1,0.42,batch,,
by_2035,100m,100000000,million_USD,one_btc_rise_to,Will one BTC rise to 100 million USD by 2035-01-01?,1,0.2,batch,,
by_2035,10m,10000000,million_symbol,bitcoin_reach,Will Bitcoin reach $10 million by 2035-01-01?,1,0.19,batch,,
by_2035,100m,100000000,comma_dollars,bitcoin_touch,"Will Bitcoin touch 100,000,000 dollars by 2035-01-01?",1,0.14,batch,,
by_2035,1m,1000000,words_dollars,one_btc_rise_to,Will one BTC rise to one million dollars by 2035-01-01?,1,0.41,batch,,
by_2035,10m,10000000,million_symbol,bitcoin_trade_at,Will Bitcoin trade at $10 million by 2035-01-01?,1,0.13,batch,,
by_2035,10m,10000000,M_upper,bitcoin_touch,Will Bitcoin touch $10M by 2035-01-01?,1,0.16,batch,,
by_2035,100m,100000000,words_dollars,one_btc_rise_to,Will one BTC rise to one hundred million dollars by 2035-01-01?,1,0.1,batch,,
by_2035,1m,1000000,million_USD,bitcoin_price_reach,Will Bitcoin's price reach 1 million USD by 2035-01-01?,1,0.3,batch,,
by_2035,10m,10000000,comma_dollars,bitcoin_trade_at,"Will Bitcoin trade at 10,000,000 dollars by 2035-01-01?",1,0.15,batch,,
by_2035,1m,1000000,comma_symbol,bitcoin_trade_at,"Will Bitcoin trade at $1,000,000 by 2035-01-01?",1,0.25,batch,,
by_2035,1m,1000000,comma_dollars,bitcoin_touch,"Will Bitcoin touch 1,000,000 dollars by 2035-01-01?",1,0.26,batch,,
by_2035,1m,1000000,million_symbol,price_bitcoin_hit,Will the price of Bitcoin hit $1 million by 2035-01-01?,1,0.34,batch,,
by_2035,100m,100000000,M_lower,bitcoin_trade_at,Will Bitcoin trade at $100m by 2035-01-01?,1,0.15,batch,,
by_2035,100m,100000000,million_USD,bitcoin_hit,Will Bitcoin hit 100 million USD by 2035-01-01?,1,0.39,batch,,
by_2035,1m,1000000,million_symbol,bitcoin_hit,Will Bitcoin hit $1 million by 2035-01-01?,1,0.3,batch,,
by_2035,1m,1000000,M_upper,btc_reach,Will BTC reach $1M by 2035-01-01?,1,0.39,batch,,
by_2035,100m,100000000,words_dollars,bitcoin_price_reach,Will Bitcoin's price reach one hundred million dollars by 2035-01-01?,1,0.12,batch,,
by_2035,1m,1000000,words_USD,one_btc_rise_to,Will one BTC rise to one million U.S. dollars by 2035-01-01?,1,0.42,batch,,
by_2035,1m,1000000,comma_dollars,price_bitcoin_hit,"Will the price of Bitcoin hit 1,000,000 dollars by 2035-01-01?",1,0.27,batch,,
by_2035,100m,100000000,M_lower,bitcoin_price_reach,Will Bitcoin's price reach $100m by 2035-01-01?,1,0.12,batch,,
by_2035,10m,10000000,million_USD,bitcoin_hit,Will Bitcoin hit 10 million USD by 2035-01-01?,1,0.3,batch,,
by_2035,100m,100000000,million_symbol,btc_reach,Will BTC reach $100 million by 2035-01-01?,1,0.14,batch,,
by_2035,1m,1000000,words_USD,price_bitcoin_hit,Will the price of Bitcoin hit one million U.S. dollars by 2035-01-01?,1,0.33,batch,,
by_2035,1m,1000000,M_upper,bitcoin_touch,Will Bitcoin touch $1M by 2035-01-01?,1,0.33,batch,,
by_2035,10m,10000000,M_lower,btc_reach,Will BTC reach $10m by 2035-01-01?,1,0.18,batch,,
by_2035,100m,100000000,words_USD,bitcoin_trade_at,Will Bitcoin trade at one hundred million U.S. dollars by 2035-01-01?,1,0.23,batch,,
by_2035,10m,10000000,comma_dollars,bitcoin_price_reach,"Will Bitcoin's price reach 10,000,000 dollars by 2035-01-01?",1,0.09,batch,,
by_2035,1m,1000000,comma_symbol,bitcoin_touch,"Will Bitcoin touch $1,000,000 by 2035-01-01?",1,0.28,batch,,
by_2035,1m,1000000,words_dollars,price_bitcoin_hit,Will the price of Bitcoin hit one million dollars by 2035-01-01?,1,0.32,batch,,
by_2035,1m,1000000,M_upper,bitcoin_price_reach,Will Bitcoin's price reach $1M by 2035-01-01?,1,0.31,batch,,
by_2035,100m,100000000,M_lower,bitcoin_hit,Will Bitcoin hit $100m by 2035-01-01?,1,0.18,batch,,
by_2035,1m,1000000,comma_symbol,btc_reach,"Will BTC reach $1,000,000 by 2035-01-01?",1,0.24,batch,,
by_2035,100m,100000000,M_lower,one_btc_rise_to,Will one BTC rise to $100m by 2035-01-01?,1,0.1,batch,,
by_2035,10m,10000000,words_USD,one_btc_rise_to,Will one BTC rise to ten million U.S. dollars by 2035-01-01?,1,0.27,batch,,
by_2035,1m,1000000,million_USD,bitcoin_reach,Will Bitcoin reach 1 million USD by 2035-01-01?,1,0.32,batch,,
by_2035,1m,1000000,comma_dollars,bitcoin_reach,"Will Bitcoin reach 1,000,000 dollars by 2035-01-01?",1,0.3,batch,,
by_2035,100m,100000000,million_USD,price_bitcoin_hit,Will the price of Bitcoin hit 100 million USD by 2035-01-01?,1,0.14,batch,,
by_2035,10m,10000000,comma_dollars,bitcoin_touch,"Will Bitcoin touch 10,000,000 dollars by 2035-01-01?",1,0.12,batch,,
by_2035,10m,10000000,M_upper,bitcoin_hit,Will Bitcoin hit $10M by 2035-01-01?,1,0.16,batch,,
by_2035,10m,10000000,words_USD,bitcoin_touch,Will Bitcoin touch ten million U.S. dollars by 2035-01-01?,1,0.34,batch,,
by_2035,100m,100000000,words_dollars,bitcoin_hit,Will Bitcoin hit one hundred million dollars by 2035-01-01?,1,0.27,batch,,
by_2035,1m,1000000,million_symbol,bitcoin_touch,Will Bitcoin touch $1 million by 2035-01-01?,1,0.3,batch,,
by_2035,10m,10000000,M_lower,bitcoin_trade_at,Will Bitcoin trade at $10m by 2035-01-01?,1,0.15,batch,,
by_2035,1m,1000000,words_USD,bitcoin_reach,Will Bitcoin reach one million U.S. dollars by 2035-01-01?,1,0.4,batch,,
by_2035,100m,100000000,words_dollars,price_bitcoin_hit,Will the price of Bitcoin hit one hundred million dollars by 2035-01-01?,1,0.1,batch,,
by_2035,10m,10000000,words_dollars,bitcoin_touch,Will Bitcoin touch ten million dollars by 2035-01-01?,1,0.34,batch,,
by_2035,100m,100000000,million_USD,bitcoin_touch,Will Bitcoin touch 100 million USD by 2035-01-01?,1,0.34,batch,,
by_2035,1m,1000000,M_upper,bitcoin_trade_at,Will Bitcoin trade at $1M by 2035-01-01?,1,0.25,batch,,
by_2035,100m,100000000,comma_symbol,bitcoin_price_reach,"Will Bitcoin's price reach $100,000,000 by 2035-01-01?",1,0.05,batch,,
by_2035,1m,1000000,words_USD,bitcoin_hit,Will Bitcoin hit one million U.S. dollars by 2035-01-01?,1,0.4,batch,,
by_2035,10m,10000000,M_upper,one_btc_rise_to,Will one BTC rise to $10M by 2035-01-01?,1,0.13,batch,,
by_2035,100m,100000000,comma_dollars,bitcoin_hit,"Will Bitcoin hit 100,000,000 dollars by 2035-01-01?",1,0.17,batch,,
by_2035,10m,10000000,million_USD,bitcoin_touch,Will Bitcoin touch 10 million USD by 2035-01-01?,1,0.3,batch,,
by_2035,1m,1000000,M_upper,price_bitcoin_hit,Will the price of Bitcoin hit $1M by 2035-01-01?,1,0.4,batch,,
by_2035,10m,10000000,million_symbol,one_btc_rise_to,Will one BTC rise to $10 million by 2035-01-01?,1,0.16,batch,,
by_2035,10m,10000000,comma_symbol,btc_reach,"Will BTC reach $10,000,000 by 2035-01-01?",1,0.09,batch,,
by_2035,1m,1000000,comma_dollars,bitcoin_trade_at,"Will Bitcoin trade at 1,000,000 dollars by 2035-01-01?",1,0.3,batch,,
by_2035,10m,10000000,M_upper,price_bitcoin_hit,Will the price of Bitcoin hit $10M by 2035-01-01?,1,0.09,batch,,
by_2035,1m,1000000,words_USD,btc_reach,Will BTC reach one million U.S. dollars by 2035-01-01?,1,0.4,batch,,
by_2035,10m,10000000,M_lower,bitcoin_hit,Will Bitcoin hit $10m by 2035-01-01?,1,0.2,batch,,
by_2035,10m,10000000,comma_symbol,bitcoin_reach,"Will Bitcoin reach $10,000,000 by 2035-01-01?",1,0.09,batch,,
by_2035,10m,10000000,million_symbol,bitcoin_hit,Will Bitcoin hit $10 million by 2035-01-01?,1,0.13,batch,,
by_2035,10m,10000000,words_dollars,price_bitcoin_hit,Will the price of Bitcoin hit ten million dollars by 2035-01-01?,1,0.17,batch,,
by_2035,100m,100000000,M_lower,price_bitcoin_hit,Will the price of Bitcoin hit $100m by 2035-01-01?,1,0.08,batch,,
by_2035,100m,100000000,million_symbol,one_btc_rise_to,Will one BTC rise to $100 million by 2035-01-01?,1,0.09,batch,,
by_2035,1m,1000000,M_upper,bitcoin_reach,Will Bitcoin reach $1M by 2035-01-01?,1,0.34,batch,,
by_2035,100m,100000000,million_USD,bitcoin_trade_at,Will Bitcoin trade at 100 million USD by 2035-01-01?,1,0.28,batch,,
by_2035,1m,1000000,M_lower,bitcoin_reach,Will Bitcoin reach $1m by 2035-01-01?,1,0.31,batch,,
by_2035,10m,10000000,words_dollars,btc_reach,Will BTC reach ten million dollars by 2035-01-01?,1,0.31,batch,,
by_2035,10m,10000000,comma_symbol,one_btc_rise_to,"Will one BTC rise to $10,000,000 by 2035-01-01?",1,0.09,batch,,
by_2035,1m,1000000,M_lower,bitcoin_hit,Will Bitcoin hit $1m by 2035-01-01?,1,0.29,batch,,
by_2035,100m,100000000,million_symbol,bitcoin_price_reach,Will Bitcoin's price reach $100 million by 2035-01-01?,1,0.08,batch,,
by_2035,100m,100000000,M_lower,bitcoin_reach,Will Bitcoin reach $100m by 2035-01-01?,1,0.22,batch,,
by_2035,1m,1000000,million_symbol,btc_reach,Will BTC reach $1 million by 2035-01-01?,1,0.35,batch,,
by_2035,1m,1000000,comma_symbol,bitcoin_price_reach,"Will Bitcoin's price reach $1,000,000 by 2035-01-01?",1,0.2,batch,,
by_2035,10m,10000000,words_USD,bitcoin_hit,Will Bitcoin hit ten million U.S. dollars by 2035-01-01?,1,0.33,batch,,
by_2035,1m,1000000,million_USD,btc_reach,Will BTC reach 1 million USD by 2035-01-01?,1,0.39,batch,,
by_2035,100m,100000000,comma_symbol,bitcoin_trade_at,"Will Bitcoin trade at $100,000,000 by 2035-01-01?",1,0.07,batch,,
by_2035,1m,1000000,M_lower,btc_reach,Will BTC reach $1m by 2035-01-01?,1,0.32,batch,,
by_2035,100m,100000000,comma_dollars,one_btc_rise_to,"Will one BTC rise to 100,000,000 dollars by 2035-01-01?",1,0.08,batch,,
by_2035,100m,100000000,M_upper,bitcoin_hit,Will Bitcoin hit $100M by 2035-01-01?,1,0.1,batch,,
by_2035,10m,10000000,words_USD,btc_reach,Will BTC reach ten million U.S. dollars by 2035-01-01?,1,0.28,batch,,
by_2035,100m,100000000,million_symbol,bitcoin_trade_at,Will Bitcoin trade at $100 million by 2035-01-01?,1,0.12,batch,,
by_2035,10m,10000000,million_USD,price_bitcoin_hit,Will the price of Bitcoin hit 10 million USD by 2035-01-01?,1,0.15,batch,,
by_2035,10m,10000000,M_lower,bitcoin_touch,Will Bitcoin touch $10m by 2035-01-01?,1,0.19,batch,,
by_2035,1m,1000000,million_symbol,one_btc_rise_to,Will one BTC rise to $1 million by 2035-01-01?,1,0.37,batch,,
by_2035,100m,100000000,million_USD,bitcoin_price_reach,Will Bitcoin's price reach 100 million USD by 2035-01-01?,1,0.14,batch,,
by_2035,10m,10000000,M_lower,one_btc_rise_to,Will one BTC rise to $10m by 2035-01-01?,1,0.16,batch,,
by_2035,10m,10000000,comma_dollars,one_btc_rise_to,"Will one BTC rise to 10,000,000 dollars by 2035-01-01?",1,0.15,batch,,
by_2035,10m,10000000,M_upper,bitcoin_reach,Will Bitcoin reach $10M by 2035-01-01?,1,0.18,batch,,
by_2035,10m,10000000,M_upper,bitcoin_trade_at,Will Bitcoin trade at $10M by 2035-01-01?,1,0.15,batch,,
by_2035,1m,1000000,comma_symbol,one_btc_rise_to,"Will one BTC rise to $1,000,000 by 2035-01-01?",1,0.29,batch,,
by_2035,1m,1000000,words_USD,bitcoin_trade_at,Will Bitcoin trade at one million U.S. dollars by 2035-01-01?,1,0.38,batch,,
by_2035,10m,10000000,M_lower,bitcoin_reach,Will Bitcoin reach $10m by 2035-01-01?,1,0.22,batch,,
by_2035,100m,100000000,M_upper,price_bitcoin_hit,Will the price of Bitcoin hit $100M by 2035-01-01?,1,0.08,batch,,
by_2035,10m,10000000,million_USD,bitcoin_price_reach,Will Bitcoin's price reach 10 million USD by 2035-01-01?,1,0.15,batch,,
by_2035,100m,100000000,comma_dollars,bitcoin_trade_at,"Will Bitcoin trade at 100,000,000 dollars by 2035-01-01?",1,0.11,batch,,
by_2035,1m,1000000,M_upper,one_btc_rise_to,Will one BTC rise to $1M by 2035-01-01?,1,0.38,batch,,
by_2035,100m,100000000,words_dollars,btc_reach,Will BTC reach one hundred million dollars by 2035-01-01?,1,0.29,batch,,
by_2035,1m,1000000,M_lower,bitcoin_touch,Will Bitcoin touch $1m by 2035-01-01?,1,0.27,batch,,
by_2035,10m,10000000,comma_symbol,bitcoin_trade_at,"Will Bitcoin trade at $10,000,000 by 2035-01-01?",1,0.1,batch,,
by_2035,10m,10000000,words_USD,price_bitcoin_hit,Will the price of Bitcoin hit ten million U.S. dollars by 2035-01-01?,1,0.2,batch,,
by_2035,100m,100000000,M_upper,bitcoin_reach,Will Bitcoin reach $100M by 2035-01-01?,1,0.13,batch,,
by_2035,1m,1000000,comma_dollars,bitcoin_price_reach,"Will Bitcoin's price reach 1,000,000 dollars by 2035-01-01?",1,0.27,batch,,
by_2035,100m,100000000,words_USD,btc_reach,Will BTC reach one hundred million U.S. dollars by 2035-01-01?,1,0.31,batch,,
by_2035,1m,1000000,million_USD,one_btc_rise_to,Will one BTC rise to 1 million USD by 2035-01-01?,1,0.45,batch,,
by_2035,1m,1000000,million_symbol,bitcoin_price_reach,Will Bitcoin's price reach $1 million by 2035-01-01?,1,0.22,batch,,
by_2035,100m,100000000,comma_dollars,price_bitcoin_hit,"Will the price of Bitcoin hit 100,000,000 dollars by 2035-01-01?",1,0.06,batch,,
by_2035,1m,1000000,words_USD,bitcoin_price_reach,Will Bitcoin's price reach one million U.S. dollars by 2035-01-01?,1,0.3,batch,,
by_2035,10m,10000000,words_USD,bitcoin_reach,Will Bitcoin reach ten million U.S. dollars by 2035-01-01?,1,0.33,batch,,
by_2035,1m,1000000,million_symbol,bitcoin_trade_at,Will Bitcoin trade at $1 million by 2035-01-01?,1,0.25,batch,,
by_2035,100m,100000000,words_USD,bitcoin_touch,Will Bitcoin touch one hundred million U.S. dollars by 2035-01-01?,1,0.3,batch,,
by_2035,100m,100000000,comma_symbol,btc_reach,"Will BTC reach $100,000,000 by 2035-01-01?",1,0.08,batch,,
by_2035,10m,10000000,M_upper,btc_reach,Will BTC reach $10M by 2035-01-01?,1,0.16,batch,,
by_2035,1m,1000000,million_USD,bitcoin_touch,Will Bitcoin touch 1 million USD by 2035-01-01?,1,0.32,batch,,
by_2035,100m,100000000,comma_symbol,one_btc_rise_to,"Will one BTC rise to $100,000,000 by 2035-01-01?",1,0.05,batch,,
by_2035,1m,1000000,words_dollars,bitcoin_price_reach,Will Bitcoin's price reach one million dollars by 2035-01-01?,1,0.28,batch,,
by_2035,1m,1000000,comma_dollars,bitcoin_hit,"Will Bitcoin hit 1,000,000 dollars by 2035-01-01?",1,0.29,batch,,
by_2035,10m,10000000,words_dollars,bitcoin_reach,Will Bitcoin reach ten million dollars by 2035-01-01?,1,0.29,batch,,
by_2035,1m,1000000,million_USD,bitcoin_trade_at,Will Bitcoin trade at 1 million USD by 2035-01-01?,1,0.31,batch,,
by_2035,100m,100000000,words_dollars,bitcoin_touch,Will Bitcoin touch one hundred million dollars by 2035-01-01?,1,0.39,batch,,
by_2035,1m,1000000,comma_symbol,price_bitcoin_hit,"Will the price of Bitcoin hit $1,000,000 by 2035-01-01?",1,0.26,batch,,
by_2035,100m,100000000,M_upper,one_btc_rise_to,Will one BTC rise to $100M by 2035-01-01?,1,0.09,batch,,
by_2035,10m,10000000,M_lower,bitcoin_price_reach,Will Bitcoin's price reach $10m by 2035-01-01?,1,0.13,batch,,
by_2035,100m,100000000,M_lower,bitcoin_touch,Will Bitcoin touch $100m by 2035-01-01?,1,0.43,batch,,
by_2035,100m,100000000,comma_symbol,bitcoin_hit,"Will Bitcoin hit $100,000,000 by 2035-01-01?",1,0.08,batch,,
by_2035,100m,100000000,M_upper,bitcoin_touch,Will Bitcoin touch $100M by 2035-01-01?,1,0.2,batch,,
by_2035,10m,10000000,M_lower,price_bitcoin_hit,Will the price of Bitcoin hit $10m by 2035-01-01?,1,0.1,batch,,
by_2035,10m,10000000,comma_dollars,price_bitcoin_hit,"Will the price of Bitcoin hit 10,000,000 dollars by 2035-01-01?",1,0.08,batch,,
by_2035,10m,10000000,comma_symbol,bitcoin_touch,"Will Bitcoin touch $10,000,000 by 2035-01-01?",1,0.11,batch,,
by_2035,100m,100000000,M_upper,bitcoin_trade_at,Will Bitcoin trade at $100M by 2035-01-01?,1,0.15,batch,,
by_2035,10m,10000000,million_USD,bitcoin_reach,Will Bitcoin reach 10 million USD by 2035-01-01?,1,0.36,batch,,
by_2035,100m,100000000,M_lower,btc_reach,Will BTC reach $100m by 2035-01-01?,1,0.23,batch,,
by_2035,1m,1000000,million_USD,price_bitcoin_hit,Will the price of Bitcoin hit 1 million USD by 2035-01-01?,1,0.31,batch,,
by_2035,10m,10000000,comma_dollars,bitcoin_reach,"Will Bitcoin reach 10,000,000 dollars by 2035-01-01?",1,0.2,batch,,
by_2035,10m,10000000,comma_symbol,price_bitcoin_hit,"Will the price of Bitcoin hit $10,000,000 by 2035-01-01?",1,0.09,batch,,
by_2035,1m,1000000,comma_symbol,bitcoin_reach,"Will Bitcoin reach $1,000,000 by 2035-01-01?",1,0.25,batch,,
by_2035,1m,1000000,words_dollars,bitcoin_reach,Will Bitcoin reach one million dollars by 2035-01-01?,1,0.38,batch,,
by_2035,1m,1000000,words_dollars,bitcoin_hit,Will Bitcoin hit one million dollars by 2035-01-01?,1,0.34,batch,,
by_2035,10m,10000000,million_USD,bitcoin_trade_at,Will Bitcoin trade at 10 million USD by 2035-01-01?,1,0.25,batch,,
by_2035,100m,100000000,comma_symbol,bitcoin_reach,"Will Bitcoin reach $100,000,000 by 2035-01-01?",1,0.08,batch,,
by_2035,100m,100000000,words_USD,one_btc_rise_to,Will one BTC rise to one hundred million U.S. dollars by 2035-01-01?,1,0.15,batch,,
by_2035,100m,100000000,million_symbol,bitcoin_reach,Will Bitcoin reach $100 million by 2035-01-01?,1,0.13,batch,,
by_2035,10m,10000000,million_symbol,price_bitcoin_hit,Will the price of Bitcoin hit $10 million by 2035-01-01?,1,0.1,batch,,
by_2035,1m,1000000,M_upper,bitcoin_hit,Will Bitcoin hit $1M by 2035-01-01?,1,0.35,batch,,
by_2035,100m,100000000,comma_symbol,price_bitcoin_hit,"Will the price of Bitcoin hit $100,000,000 by 2035-01-01?",1,0.05,batch,,
by_2035,1m,1000000,words_dollars,btc_reach,Will BTC reach one million dollars by 2035-01-01?,1,0.37,batch,,
by_2035,100m,100000000,words_dollars,bitcoin_trade_at,Will Bitcoin trade at one hundred million dollars by 2035-01-01?,1,0.18,batch,,
by_2035,100m,100000000,comma_dollars,bitcoin_reach,"Will Bitcoin reach 100,000,000 dollars by 2035-01-01?",1,0.17,batch,,
by_2035,1m,1000000,million_USD,bitcoin_hit,Will Bitcoin hit 1 million USD by 2035-01-01?,1,0.35,batch,,
by_2035,100m,100000000,M_upper,btc_reach,Will BTC reach $100M by 2035-01-01?,1,0.15,batch,,
by_2035,10m,10000000,million_symbol,bitcoin_touch,Will Bitcoin touch $10 million by 2035-01-01?,1,0.13,batch,,
by_2035,1m,1000000,M_lower,price_bitcoin_hit,Will the price of Bitcoin hit $1m by 2035-01-01?,1,0.27,batch,,
by_2035,10m,10000000,M_lower,price_bitcoin_hit,Will the price of Bitcoin hit $10m by 2035-01-01?,2,0.11,batch,,
by_2035,1m,1000000,M_lower,price_bitcoin_hit,Will the price of Bitcoin hit $1m by 2035-01-01?,2,0.33,batch,,
by_2035,1m,1000000,words_USD,btc_reach,Will BTC reach one million U.S. dollars by 2035-01-01?,2,0.41,batch,,
by_2035,1m,1000000,million_USD,one_btc_rise_to,Will one BTC rise to 1 million USD by 2035-01-01?,2,0.46,batch,,
by_2035,100m,100000000,M_upper,btc_reach,Will BTC reach $100M by 2035-01-01?,2,0.15,batch,,
by_2035,1m,1000000,million_symbol,one_btc_rise_to,Will one BTC rise to $1 million by 2035-01-01?,2,0.37,batch,,
by_2035,100m,100000000,million_symbol,bitcoin_price_reach,Will Bitcoin's price reach $100 million by 2035-01-01?,2,0.08,batch,,
by_2035,100m,100000000,million_USD,bitcoin_price_reach,Will Bitcoin's price reach 100 million USD by 2035-01-01?,2,0.13,batch,,
by_2035,1m,1000000,words_USD,price_bitcoin_hit,Will the price of Bitcoin hit one million U.S. dollars by 2035-01-01?,2,0.35,batch,,
by_2035,1m,1000000,words_dollars,bitcoin_price_reach,Will Bitcoin's price reach one million dollars by 2035-01-01?,2,0.31,batch,,
by_2035,1m,1000000,words_dollars,price_bitcoin_hit,Will the price of Bitcoin hit one million dollars by 2035-01-01?,2,0.3,batch,,
by_2035,10m,10000000,million_symbol,bitcoin_hit,Will Bitcoin hit $10 million by 2035-01-01?,2,0.1,batch,,
by_2035,100m,100000000,million_USD,bitcoin_reach,Will Bitcoin reach 100 million USD by 2035-01-01?,2,0.37,batch,,
by_2035,1m,1000000,M_lower,bitcoin_reach,Will Bitcoin reach $1m by 2035-01-01?,2,0.28,batch,,
by_2035,100m,100000000,million_USD,one_btc_rise_to,Will one BTC rise to 100 million USD by 2035-01-01?,2,0.2,batch,,
by_2035,100m,100000000,M_lower,bitcoin_touch,Will Bitcoin touch $100m by 2035-01-01?,2,0.42,batch,,
by_2035,1m,1000000,words_USD,bitcoin_touch,Will Bitcoin touch one million U.S. dollars by 2035-01-01?,2,0.44,batch,,
by_2035,10m,10000000,words_USD,bitcoin_price_reach,Will Bitcoin's price reach ten million U.S. dollars by 2035-01-01?,2,0.16,batch,,
by_2035,1m,1000000,million_USD,price_bitcoin_hit,Will the price of Bitcoin hit 1 million USD by 2035-01-01?,2,0.33,batch,,
by_2035,10m,10000000,comma_symbol,bitcoin_touch,"Will Bitcoin touch $10,000,000 by 2035-01-01?",2,0.1,batch,,
by_2035,10m,10000000,M_upper,bitcoin_hit,Will Bitcoin hit $10M by 2035-01-01?,2,0.15,batch,,
by_2035,10m,10000000,words_dollars,bitcoin_reach,Will Bitcoin reach ten million dollars by 2035-01-01?,2,0.32,batch,,
by_2035,100m,100000000,million_USD,price_bitcoin_hit,Will the price of Bitcoin hit 100 million USD by 2035-01-01?,2,0.17,batch,,
by_2035,10m,10000000,words_USD,bitcoin_touch,Will Bitcoin touch ten million U.S. dollars by 2035-01-01?,2,0.36,batch,,
by_2035,100m,100000000,comma_symbol,bitcoin_reach,"Will Bitcoin reach $100,000,000 by 2035-01-01?",2,0.07,batch,,
by_2035,10m,10000000,comma_dollars,one_btc_rise_to,"Will one BTC rise to 10,000,000 dollars by 2035-01-01?",2,0.15,batch,,
by_2035,10m,10000000,comma_dollars,bitcoin_touch,"Will Bitcoin touch 10,000,000 dollars by 2035-01-01?",2,0.11,batch,,
by_2035,100m,100000000,words_USD,bitcoin_trade_at,Will Bitcoin trade at one hundred million U.S. dollars by 2035-01-01?,2,0.23,batch,,
by_2035,100m,100000000,M_lower,one_btc_rise_to,Will one BTC rise to $100m by 2035-01-01?,2,0.11,batch,,
by_2035,100m,100000000,words_USD,bitcoin_hit,Will Bitcoin hit one hundred million U.S. dollars by 2035-01-01?,2,0.27,batch,,
by_2035,10m,10000000,million_symbol,one_btc_rise_to,Will one BTC rise to $10 million by 2035-01-01?,2,0.16,batch,,
by_2035,10m,10000000,words_USD,btc_reach,Will BTC reach ten million U.S. dollars by 2035-01-01?,2,0.32,batch,,
by_2035,10m,10000000,M_upper,bitcoin_trade_at,Will Bitcoin trade at $10M by 2035-01-01?,2,0.15,batch,,
by_2035,100m,100000000,words_USD,bitcoin_price_reach,Will Bitcoin's price reach one hundred million U.S. dollars by 2035-01-01?,2,0.16,batch,,
by_2035,100m,100000000,million_symbol,one_btc_rise_to,Will one BTC rise to $100 million by 2035-01-01?,2,0.07,batch,,
by_2035,100m,100000000,words_dollars,one_btc_rise_to,Will one BTC rise to one hundred million dollars by 2035-01-01?,2,0.12,batch,,
by_2035,1m,1000000,million_symbol,bitcoin_trade_at,Will Bitcoin trade at $1 million by 2035-01-01?,2,0.3,batch,,
by_2035,1m,1000000,million_symbol,price_bitcoin_hit,Will the price of Bitcoin hit $1 million by 2035-01-01?,2,0.32,batch,,
by_2035,100m,100000000,words_USD,btc_reach,Will BTC reach one hundred million U.S. dollars by 2035-01-01?,2,0.25,batch,,
by_2035,1m,1000000,million_symbol,bitcoin_hit,Will Bitcoin hit $1 million by 2035-01-01?,2,0.32,batch,,
by_2035,1m,1000000,words_dollars,bitcoin_reach,Will Bitcoin reach one million dollars by 2035-01-01?,2,0.35,batch,,
by_2035,1m,1000000,comma_dollars,bitcoin_hit,"Will Bitcoin hit 1,000,000 dollars by 2035-01-01?",2,0.31,batch,,
by_2035,100m,100000000,comma_symbol,price_bitcoin_hit,"Will the price of Bitcoin hit $100,000,000 by 2035-01-01?",2,0.05,batch,,
by_2035,1m,1000000,words_USD,bitcoin_trade_at,Will Bitcoin trade at one million U.S. dollars by 2035-01-01?,2,0.37,batch,,
by_2035,10m,10000000,words_dollars,bitcoin_hit,Will Bitcoin hit ten million dollars by 2035-01-01?,2,0.31,batch,,
by_2035,100m,100000000,comma_symbol,one_btc_rise_to,"Will one BTC rise to $100,000,000 by 2035-01-01?",2,0.06,batch,,
by_2035,1m,1000000,words_dollars,bitcoin_trade_at,Will Bitcoin trade at one million dollars by 2035-01-01?,2,0.34,batch,,
by_2035,10m,10000000,million_symbol,bitcoin_reach,Will Bitcoin reach $10 million by 2035-01-01?,2,0.11,batch,,
by_2035,100m,100000000,comma_dollars,price_bitcoin_hit,"Will the price of Bitcoin hit 100,000,000 dollars by 2035-01-01?",2,0.06,batch,,
by_2035,1m,1000000,comma_dollars,bitcoin_touch,"Will Bitcoin touch 1,000,000 dollars by 2035-01-01?",2,0.29,batch,,
by_2035,1m,1000000,M_upper,price_bitcoin_hit,Will the price of Bitcoin hit $1M by 2035-01-01?,2,0.36,batch,,
by_2035,100m,100000000,M_lower,price_bitcoin_hit,Will the price of Bitcoin hit $100m by 2035-01-01?,2,0.1,batch,,
by_2035,10m,10000000,million_USD,bitcoin_reach,Will Bitcoin reach 10 million USD by 2035-01-01?,2,0.34,batch,,
by_2035,100m,100000000,M_upper,bitcoin_price_reach,Will Bitcoin's price reach $100M by 2035-01-01?,2,0.08,batch,,
by_2035,100m,100000000,words_USD,one_btc_rise_to,Will one BTC rise to one hundred million U.S. dollars by 2035-01-01?,2,0.16,batch,,
by_2035,10m,10000000,comma_symbol,bitcoin_reach,"Will Bitcoin reach $10,000,000 by 2035-01-01?",2,0.12,batch,,
by_2035,1m,1000000,words_dollars,btc_reach,Will BTC reach one million dollars by 2035-01-01?,2,0.39,batch,,
by_2035,10m,10000000,comma_symbol,btc_reach,"Will BTC reach $10,000,000 by 2035-01-01?",2,0.08,batch,,
by_2035,10m,10000000,comma_symbol,one_btc_rise_to,"Will one BTC rise to $10,000,000 by 2035-01-01?",2,0.11,batch,,
by_2035,1m,1000000,comma_dollars,one_btc_rise_to,"Will one BTC rise to 1,000,000 dollars by 2035-01-01?",2,0.38,batch,,
by_2035,10m,10000000,words_dollars,price_bitcoin_hit,Will the price of Bitcoin hit ten million dollars by 2035-01-01?,2,0.16,batch,,
by_2035,100m,100000000,M_upper,bitcoin_hit,Will Bitcoin hit $100M by 2035-01-01?,2,0.13,batch,,
by_2035,1m,1000000,M_lower,bitcoin_trade_at,Will Bitcoin trade at $1m by 2035-01-01?,2,0.26,batch,,
by_2035,10m,10000000,M_upper,price_bitcoin_hit,Will the price of Bitcoin hit $10M by 2035-01-01?,2,0.09,batch,,
by_2035,100m,100000000,words_dollars,bitcoin_trade_at,Will Bitcoin trade at one hundred million dollars by 2035-01-01?,2,0.2,batch,,
by_2035,10m,10000000,words_dollars,bitcoin_trade_at,Will Bitcoin trade at ten million dollars by 2035-01-01?,2,0.29,batch,,
by_2035,10m,10000000,M_lower,bitcoin_hit,Will Bitcoin hit $10m by 2035-01-01?,2,0.15,batch,,
by_2035,10m,10000000,M_upper,one_btc_rise_to,Will one BTC rise to $10M by 2035-01-01?,2,0.12,batch,,
by_2035,1m,1000000,comma_dollars,bitcoin_trade_at,"Will Bitcoin trade at 1,000,000 dollars by 2035-01-01?",2,0.29,batch,,
by_2035,10m,10000000,words_dollars,one_btc_rise_to,Will one BTC rise to ten million dollars by 2035-01-01?,2,0.19,batch,,
by_2035,100m,100000000,comma_symbol,bitcoin_hit,"Will Bitcoin hit $100,000,000 by 2035-01-01?",2,0.07,batch,,
by_2035,10m,10000000,million_USD,bitcoin_price_reach,Will Bitcoin's price reach 10 million USD by 2035-01-01?,2,0.14,batch,,
by_2035,10m,10000000,comma_dollars,bitcoin_hit,"Will Bitcoin hit 10,000,000 dollars by 2035-01-01?",2,0.14,batch,,
by_2035,100m,100000000,million_symbol,bitcoin_hit,Will Bitcoin hit $100 million by 2035-01-01?,2,0.14,batch,,
by_2035,1m,1000000,comma_symbol,btc_reach,"Will BTC reach $1,000,000 by 2035-01-01?",2,0.25,batch,,
by_2035,1m,1000000,words_dollars,bitcoin_hit,Will Bitcoin hit one million dollars by 2035-01-01?,2,0.34,batch,,
by_2035,1m,1000000,comma_symbol,price_bitcoin_hit,"Will the price of Bitcoin hit $1,000,000 by 2035-01-01?",2,0.25,batch,,
by_2035,100m,100000000,words_USD,price_bitcoin_hit,Will the price of Bitcoin hit one hundred million U.S. dollars by 2035-01-01?,2,0.16,batch,,
by_2035,1m,1000000,M_upper,bitcoin_trade_at,Will Bitcoin trade at $1M by 2035-01-01?,2,0.25,batch,,
by_2035,100m,100000000,words_dollars,price_bitcoin_hit,Will the price of Bitcoin hit one hundred million dollars by 2035-01-01?,2,0.09,batch,,
by_2035,10m,10000000,words_dollars,bitcoin_price_reach,Will Bitcoin's price reach ten million dollars by 2035-01-01?,2,0.15,batch,,
by_2035,1m,1000000,million_symbol,bitcoin_touch,Will Bitcoin touch $1 million by 2035-01-01?,2,0.33,batch,,
by_2035,100m,100000000,million_USD,btc_reach,Will BTC reach 100 million USD by 2035-01-01?,2,0.3,batch,,
by_2035,100m,100000000,M_lower,bitcoin_hit,Will Bitcoin hit $100m by 2035-01-01?,2,0.2,batch,,
by_2035,100m,100000000,M_upper,bitcoin_touch,Will Bitcoin touch $100M by 2035-01-01?,2,0.18,batch,,
by_2035,10m,10000000,million_USD,bitcoin_trade_at,Will Bitcoin trade at 10 million USD by 2035-01-01?,2,0.25,batch,,
by_2035,1m,1000000,M_lower,btc_reach,Will BTC reach $1m by 2035-01-01?,2,0.34,batch,,
by_2035,1m,1000000,million_USD,bitcoin_trade_at,Will Bitcoin trade at 1 million USD by 2035-01-01?,2,0.31,batch,,
by_2035,10m,10000000,million_USD,bitcoin_touch,Will Bitcoin touch 10 million USD by 2035-01-01?,2,0.3,batch,,
by_2035,100m,100000000,words_USD,bitcoin_reach,Will Bitcoin reach one hundred million U.S. dollars by 2035-01-01?,2,0.31,batch,,
by_2035,100m,100000000,M_upper,one_btc_rise_to,Will one BTC rise to $100M by 2035-01-01?,2,0.08,batch,,
by_2035,100m,100000000,M_upper,bitcoin_reach,Will Bitcoin reach $100M by 2035-01-01?,2,0.12,batch,,
by_2035,100m,100000000,words_dollars,bitcoin_price_reach,Will Bitcoin's price reach one hundred million dollars by 2035-01-01?,2,0.11,batch,,
by_2035,10m,10000000,words_dollars,bitcoin_touch,Will Bitcoin touch ten million dollars by 2035-01-01?,2,0.33,batch,,
by_2035,10m,10000000,million_symbol,bitcoin_price_reach,Will Bitcoin's price reach $10 million by 2035-01-01?,2,0.08,batch,,
by_2035,100m,100000000,words_dollars,btc_reach,Will BTC reach one hundred million dollars by 2035-01-01?,2,0.3,batch,,
by_2035,1m,1000000,comma_symbol,one_btc_rise_to,"Will one BTC rise to $1,000,000 by 2035-01-01?",2,0.29,batch,,
by_2035,100m,100000000,M_lower,btc_reach,Will BTC reach $100m by 2035-01-01?,2,0.21,batch,,
by_2035,1m,1000000,M_upper,bitcoin_touch,Will Bitcoin touch $1M by 2035-01-01?,2,0.3,batch,,
by_2035,1m,1000000,million_symbol,btc_reach,Will BTC reach $1 million by 2035-01-01?,2,0.36,batch,,
by_2035,100m,100000000,M_lower,bitcoin_reach,Will Bitcoin reach $100m by 2035-01-01?,2,0.21,batch,,
by_2035,1m,1000000,comma_symbol,bitcoin_trade_at,"Will Bitcoin trade at $1,000,000 by 2035-01-01?",2,0.24,batch,,
by_2035,10m,10000000,M_lower,bitcoin_trade_at,Will Bitcoin trade at $10m by 2035-01-01?,2,0.15,batch,,
by_2035,10m,10000000,M_upper,bitcoin_price_reach,Will Bitcoin's price reach $10M by 2035-01-01?,2,0.1,batch,,
by_2035,1m,1000000,words_USD,bitcoin_price_reach,Will Bitcoin's price reach one million U.S. dollars by 2035-01-01?,2,0.31,batch,,
by_2035,10m,10000000,M_lower,bitcoin_reach,Will Bitcoin reach $10m by 2035-01-01?,2,0.2,batch,,
by_2035,1m,1000000,M_lower,one_btc_rise_to,Will one BTC rise to $1m by 2035-01-01?,2,0.35,batch,,
by_2035,100m,100000000,words_dollars,bitcoin_reach,Will Bitcoin reach one hundred million dollars by 2035-01-01?,2,0.33,batch,,
by_2035,1m,1000000,M_upper,btc_reach,Will BTC reach $1M by 2035-01-01?,2,0.36,batch,,
by_2035,10m,10000000,M_upper,btc_reach,Will BTC reach $10M by 2035-01-01?,2,0.17,batch,,
by_2035,100m,100000000,million_symbol,btc_reach,Will BTC reach $100 million by 2035-01-01?,2,0.14,batch,,
by_2035,100m,100000000,comma_dollars,bitcoin_hit,"Will Bitcoin hit 100,000,000 dollars by 2035-01-01?",2,0.17,batch,,
by_2035,10m,10000000,comma_symbol,bitcoin_price_reach,"Will Bitcoin's price reach $10,000,000 by 2035-01-01?",2,0.07,batch,,
by_2035,100m,100000000,comma_symbol,bitcoin_price_reach,"Will Bitcoin's price reach $100,000,000 by 2035-01-01?",2,0.04,batch,,
by_2035,100m,100000000,million_symbol,bitcoin_reach,Will Bitcoin reach $100 million by 2035-01-01?,2,0.13,batch,,
by_2035,100m,100000000,comma_symbol,bitcoin_touch,"Will Bitcoin touch $100,000,000 by 2035-01-01?",2,0.12,batch,,
by_2035,10m,10000000,M_lower,one_btc_rise_to,Will one BTC rise to $10m by 2035-01-01?,2,0.15,batch,,
by_2035,1m,1000000,M_upper,bitcoin_reach,Will Bitcoin reach $1M by 2035-01-01?,2,0.35,batch,,
by_2035,1m,1000000,comma_symbol,bitcoin_hit,"Will Bitcoin hit $1,000,000 by 2035-01-01?",2,0.27,batch,,
by_2035,1m,1000000,million_symbol,bitcoin_price_reach,Will Bitcoin's price reach $1 million by 2035-01-01?,2,0.24,batch,,
by_2035,1m,1000000,million_USD,btc_reach,Will BTC reach 1 million USD by 2035-01-01?,2,0.4,batch,,
by_2035,1m,1000000,M_upper,bitcoin_hit,Will Bitcoin hit $1M by 2035-01-01?,2,0.35,batch,,
by_2035,1m,1000000,M_lower,bitcoin_price_reach,Will Bitcoin's price reach $1m by 2035-01-01?,2,0.27,batch,,
by_2035,1m,1000000,million_USD,bitcoin_reach,Will Bitcoin reach 1 million USD by 2035-01-01?,2,0.33,batch,,
by_2035,10m,10000000,comma_dollars,bitcoin_price_reach,"Will Bitcoin's price reach 10,000,000 dollars by 2035-01-01?",2,0.1,batch,,
by_2035,1m,1000000,comma_symbol,bitcoin_touch,"Will Bitcoin touch $1,000,000 by 2035-01-01?",2,0.3,batch,,
by_2035,10m,10000000,million_symbol,btc_reach,Will BTC reach $10 million by 2035-01-01?,2,0.15,batch,,
by_2035,10m,10000000,words_USD,one_btc_rise_to,Will one BTC rise to ten million U.S. dollars by 2035-01-01?,2,0.28,batch,,
by_2035,1m,1000000,million_USD,bitcoin_touch,Will Bitcoin touch 1 million USD by 2035-01-01?,2,0.32,batch,,
by_2035,10m,10000000,comma_symbol,price_bitcoin_hit,"Will the price of Bitcoin hit $10,000,000 by 2035-01-01?",2,0.08,batch,,
by_2035,10m,10000000,M_upper,bitcoin_reach,Will Bitcoin reach $10M by 2035-01-01?,2,0.16,batch,,
by_2035,100m,100000000,words_dollars,bitcoin_touch,Will Bitcoin touch one hundred million dollars by 2035-01-01?,2,0.36,batch,,
by_2035,10m,10000000,words_USD,price_bitcoin_hit,Will the price of Bitcoin hit ten million U.S. dollars by 2035-01-01?,2,0.22,batch,,
by_2035,10m,10000000,words_USD,bitcoin_reach,Will Bitcoin reach ten million U.S. dollars by 2035-01-01?,2,0.29,batch,,
by_2035,100m,100000000,comma_dollars,bitcoin_price_reach,"Will Bitcoin's price reach 100,000,000 dollars by 2035-01-01?",2,0.05,batch,,
by_2035,10m,10000000,comma_symbol,bitcoin_hit,"Will Bitcoin hit $10,000,000 by 2035-01-01?",2,0.14,batch,,
by_2035,100m,100000000,million_USD,bitcoin_trade_at,Will Bitcoin trade at 100 million USD by 2035-01-01?,2,0.26,batch,,
by_2035,100m,100000000,comma_dollars,bitcoin_trade_at,"Will Bitcoin trade at 100,000,000 dollars by 2035-01-01?",2,0.11,batch,,
by_2035,100m,100000000,million_symbol,bitcoin_touch,Will Bitcoin touch $100 million by 2035-01-01?,2,0.15,batch,,
by_2035,1m,1000000,comma_dollars,bitcoin_reach,"Will Bitcoin reach 1,000,000 dollars by 2035-01-01?",2,0.31,batch,,
by_2035,100m,100000000,comma_symbol,bitcoin_trade_at,"Will Bitcoin trade at $100,000,000 by 2035-01-01?",2,0.06,batch,,
by_2035,10m,10000000,million_symbol,bitcoin_touch,Will Bitcoin touch $10 million by 2035-01-01?,2,0.14,batch,,
by_2035,1m,1000000,words_USD,bitcoin_hit,Will Bitcoin hit one million U.S. dollars by 2035-01-01?,2,0.39,batch,,
by_2035,10m,10000000,M_lower,btc_reach,Will BTC reach $10m by 2035-01-01?,2,0.17,batch,,
by_2035,1m,1000000,M_upper,one_btc_rise_to,Will one BTC rise to $1M by 2035-01-01?,2,0.38,batch,,
by_2035,1m,1000000,million_USD,bitcoin_hit,Will Bitcoin hit 1 million USD by 2035-01-01?,2,0.34,batch,,
by_2035,1m,1000000,comma_dollars,btc_reach,"Will BTC reach 1,000,000 dollars by 2035-01-01?",2,0.33,batch,,
by_2035,10m,10000000,comma_dollars,bitcoin_reach,"Will Bitcoin reach 10,000,000 dollars by 2035-01-01?",2,0.19,batch,,
by_2035,100m,100000000,M_upper,price_bitcoin_hit,Will the price of Bitcoin hit $100M by 2035-01-01?,2,0.08,batch,,
by_2035,100m,100000000,comma_dollars,bitcoin_reach,"Will Bitcoin reach 100,000,000 dollars by 2035-01-01?",2,0.18,batch,,
by_2035,100m,100000000,comma_dollars,bitcoin_touch,"Will Bitcoin touch 100,000,000 dollars by 2035-01-01?",2,0.14,batch,,
by_2035,100m,100000000,M_upper,bitcoin_trade_at,Will Bitcoin trade at $100M by 2035-01-01?,2,0.13,batch,,
by_2035,100m,100000000,M_lower,bitcoin_price_reach,Will Bitcoin's price reach $100m by 2035-01-01?,2,0.11,batch,,
by_2035,10m,10000000,comma_dollars,price_bitcoin_hit,"Will the price of Bitcoin hit 10,000,000 dollars by 2035-01-01?",2,0.08,batch,,
by_2035,1m,1000000,comma_symbol,bitcoin_reach,"Will Bitcoin reach $1,000,000 by 2035-01-01?",2,0.26,batch,,
by_2035,10m,10000000,million_USD,btc_reach,Will BTC reach 10 million USD by 2035-01-01?,2,0.34,batch,,
by_2035,10m,10000000,words_USD,bitcoin_hit,Will Bitcoin hit ten million U.S. dollars by 2035-01-01?,2,0.32,batch,,
by_2035,10m,10000000,M_lower,bitcoin_touch,Will Bitcoin touch $10m by 2035-01-01?,2,0.19,batch,,
by_2035,100m,100000000,words_dollars,bitcoin_hit,Will Bitcoin hit one hundred million dollars by 2035-01-01?,2,0.31,batch,,
by_2035,1m,1000000,comma_dollars,bitcoin_price_reach,"Will Bitcoin's price reach 1,000,000 dollars by 2035-01-01?",2,0.27,batch,,
by_2035,1m,1000000,comma_dollars,price_bitcoin_hit,"Will the price of Bitcoin hit 1,000,000 dollars by 2035-01-01?",2,0.29,batch,,
by_2035,100m,100000000,M_lower,bitcoin_trade_at,Will Bitcoin trade at $100m by 2035-01-01?,2,0.14,batch,,
by_2035,10m,10000000,comma_dollars,bitcoin_trade_at,"Will Bitcoin trade at 10,000,000 dollars by 2035-01-01?",2,0.15,batch,,
by_2035,100m,100000000,comma_dollars,one_btc_rise_to,"Will one BTC rise to 100,000,000 dollars by 2035-01-01?",2,0.08,batch,,
by_2035,1m,1000000,comma_symbol,bitcoin_price_reach,"Will Bitcoin's price reach $1,000,000 by 2035-01-01?",2,0.21,batch,,
by_2035,10m,10000000,comma_symbol,bitcoin_trade_at,"Will Bitcoin trade at $10,000,000 by 2035-01-01?",2,0.1,batch,,
by_2035,10m,10000000,comma_dollars,btc_reach,"Will BTC reach 10,000,000 dollars by 2035-01-01?",2,0.16,batch,,
by_2035,10m,10000000,words_dollars,btc_reach,Will BTC reach ten million dollars by 2035-01-01?,2,0.31,batch,,
by_2035,10m,10000000,words_USD,bitcoin_trade_at,Will Bitcoin trade at ten million U.S. dollars by 2035-01-01?,2,0.33,batch,,
by_2035,10m,10000000,million_USD,price_bitcoin_hit,Will the price of Bitcoin hit 10 million USD by 2035-01-01?,2,0.14,batch,,
by_2035,100m,100000000,comma_dollars,btc_reach,"Will BTC reach 100,000,000 dollars by 2035-01-01?",2,0.15,batch,,
by_2035,10m,10000000,million_USD,one_btc_rise_to,Will one BTC rise to 10 million USD by 2035-01-01?,2,0.26,batch,,
by_2035,1m,1000000,M_lower,bitcoin_hit,Will Bitcoin hit $1m by 2035-01-01?,2,0.31,batch,,
by_2035,1m,1000000,words_dollars,one_btc_rise_to,Will one BTC rise to one million dollars by 2035-01-01?,2,0.39,batch,,
by_2035,10m,10000000,M_lower,bitcoin_price_reach,Will Bitcoin's price reach $10m by 2035-01-01?,2,0.1,batch,,
by_2035,1m,1000000,M_lower,bitcoin_touch,Will Bitcoin touch $1m by 2035-01-01?,2,0.27,batch,,
by_2035,10m,10000000,million_USD,bitcoin_hit,Will Bitcoin hit 10 million USD by 2035-01-01?,2,0.33,batch,,
by_2035,100m,100000000,million_USD,bitcoin_hit,Will Bitcoin hit 100 million USD by 2035-01-01?,2,0.38,batch,,
by_2035,100m,100000000,million_USD,bitcoin_touch,Will Bitcoin touch 100 million USD by 2035-01-01?,2,0.33,batch,,
by_2035,1m,1000000,words_USD,bitcoin_reach,Will Bitcoin reach one million U.S. dollars by 2035-01-01?,2,0.41,batch,,
by_2035,1m,1000000,M_upper,bitcoin_price_reach,Will Bitcoin's price reach $1M by 2035-01-01?,2,0.31,batch,,
by_2035,1m,1000000,words_dollars,bitcoin_touch,Will Bitcoin touch one million dollars by 2035-01-01?,2,0.39,batch,,
by_2035,10m,10000000,M_upper,bitcoin_touch,Will Bitcoin touch $10M by 2035-01-01?,2,0.18,batch,,
by_2035,10m,10000000,million_symbol,price_bitcoin_hit,Will the price of Bitcoin hit $10 million by 2035-01-01?,2,0.08,batch,,
by_2035,100m,100000000,words_USD,bitcoin_touch,Will Bitcoin touch one hundred million U.S. dollars by 2035-01-01?,2,0.29,batch,,
by_2035,100m,100000000,million_symbol,bitcoin_trade_at,Will Bitcoin trade at $100 million by 2035-01-01?,2,0.11,batch,,
by_2035,10m,10000000,million_symbol,bitcoin_trade_at,Will Bitcoin trade at $10 million by 2035-01-01?,2,0.12,batch,,
by_2035,100m,100000000,comma_symbol,btc_reach,"Will BTC reach $100,000,000 by 2035-01-01?",2,0.07,batch,,
by_2035,1m,1000000,million_symbol,bitcoin_reach,Will Bitcoin reach $1 million by 2035-01-01?,2,0.3,batch,,
by_2035,100m,100000000,million_symbol,price_bitcoin_hit,Will the price of Bitcoin hit $100 million by 2035-01-01?,2,0.07,batch,,
by_2035,1m,1000000,million_USD,bitcoin_price_reach,Will Bitcoin's price reach 1 million USD by 2035-01-01?,2,0.28,batch,,
by_2035,1m,1000000,words_USD,one_btc_rise_to,Will one BTC rise to one million U.S. dollars by 2035-01-01?,2,0.43,batch,,
by_2035,100m,100000000,words_dollars,price_bitcoin_hit,Will the price of Bitcoin hit one hundred million dollars by 2035-01-01?,3,0.09,batch,,
by_2035,1m,1000000,comma_symbol,bitcoin_hit,"Will Bitcoin hit $1,000,000 by 2035-01-01?",3,0.24,batch,,
by_2035,100m,100000000,M_upper,bitcoin_touch,Will Bitcoin touch $100M by 2035-01-01?,3,0.19,batch,,
by_2035,10m,10000000,words_dollars,bitcoin_reach,Will Bitcoin reach ten million dollars by 2035-01-01?,3,0.33,batch,,
by_2035,100m,100000000,comma_dollars,one_btc_rise_to,"Will one BTC rise to 100,000,000 dollars by 2035-01-01?",3,0.08,batch,,
by_2035,100m,100000000,comma_dollars,bitcoin_price_reach,"Will Bitcoin's price reach 100,000,000 dollars by 2035-01-01?",3,0.06,batch,,
by_2035,100m,100000000,comma_dollars,bitcoin_trade_at,"Will Bitcoin trade at 100,000,000 dollars by 2035-01-01?",3,0.12,batch,,
by_2035,1m,1000000,million_USD,bitcoin_reach,Will Bitcoin reach 1 million USD by 2035-01-01?,3,0.34,batch,,
by_2035,100m,100000000,words_USD,bitcoin_touch,Will Bitcoin touch one hundred million U.S. dollars by 2035-01-01?,3,0.28,batch,,
by_2035,10m,10000000,words_dollars,bitcoin_touch,Will Bitcoin touch ten million dollars by 2035-01-01?,3,0.32,batch,,
by_2035,10m,10000000,comma_symbol,btc_reach,"Will BTC reach $10,000,000 by 2035-01-01?",3,0.09,batch,,
by_2035,10m,10000000,words_USD,price_bitcoin_hit,Will the price of Bitcoin hit ten million U.S. dollars by 2035-01-01?,3,0.22,batch,,
by_2035,10m,10000000,comma_dollars,one_btc_rise_to,"Will one BTC rise to 10,000,000 dollars by 2035-01-01?",3,0.16,batch,,
by_2035,10m,10000000,comma_dollars,btc_reach,"Will BTC reach 10,000,000 dollars by 2035-01-01?",3,0.16,batch,,
by_2035,100m,100000000,words_dollars,one_btc_rise_to,Will one BTC rise to one hundred million dollars by 2035-01-01?,3,0.12,batch,,
by_2035,10m,10000000,comma_symbol,bitcoin_price_reach,"Will Bitcoin's price reach $10,000,000 by 2035-01-01?",3,0.07,batch,,
by_2035,100m,100000000,words_USD,price_bitcoin_hit,Will the price of Bitcoin hit one hundred million U.S. dollars by 2035-01-01?,3,0.16,batch,,
by_2035,1m,1000000,M_upper,price_bitcoin_hit,Will the price of Bitcoin hit $1M by 2035-01-01?,3,0.37,batch,,
by_2035,10m,10000000,M_upper,bitcoin_touch,Will Bitcoin touch $10M by 2035-01-01?,3,0.18,batch,,
by_2035,100m,100000000,M_lower,bitcoin_trade_at,Will Bitcoin trade at $100m by 2035-01-01?,3,0.14,batch,,
by_2035,1m,1000000,M_lower,btc_reach,Will BTC reach $1m by 2035-01-01?,3,0.33,batch,,
by_2035,1m,1000000,M_upper,one_btc_rise_to,Will one BTC rise to $1M by 2035-01-01?,3,0.38,batch,,
by_2035,1m,1000000,comma_dollars,bitcoin_hit,"Will Bitcoin hit 1,000,000 dollars by 2035-01-01?",3,0.28,batch,,
by_2035,10m,10000000,M_upper,one_btc_rise_to,Will one BTC rise to $10M by 2035-01-01?,3,0.14,batch,,
by_2035,10m,10000000,M_lower,bitcoin_touch,Will Bitcoin touch $10m by 2035-01-01?,3,0.2,batch,,
by_2035,100m,100000000,million_USD,price_bitcoin_hit,Will the price of Bitcoin hit 100 million USD by 2035-01-01?,3,0.14,batch,,
by_2035,100m,100000000,words_dollars,bitcoin_touch,Will Bitcoin touch one hundred million dollars by 2035-01-01?,3,0.32,batch,,
by_2035,10m,10000000,comma_dollars,bitcoin_reach,"Will Bitcoin reach 10,000,000 dollars by 2035-01-01?",3,0.19,batch,,
by_2035,10m,10000000,M_upper,bitcoin_price_reach,Will Bitcoin's price reach $10M by 2035-01-01?,3,0.08,batch,,
by_2035,100m,100000000,words_dollars,bitcoin_trade_at,Will Bitcoin trade at one hundred million dollars by 2035-01-01?,3,0.23,batch,,
by_2035,10m,10000000,words_USD,btc_reach,Will BTC reach ten million U.S. dollars by 2035-01-01?,3,0.31,batch,,
by_2035,100m,100000000,comma_symbol,bitcoin_touch,"Will Bitcoin touch $100,000,000 by 2035-01-01?",3,0.12,batch,,
by_2035,100m,100000000,comma_symbol,bitcoin_trade_at,"Will Bitcoin trade at $100,000,000 by 2035-01-01?",3,0.06,batch,,
by_2035,10m,10000000,M_upper,btc_reach,Will BTC reach $10M by 2035-01-01?,3,0.17,batch,,
by_2035,10m,10000000,words_dollars,one_btc_rise_to,Will one BTC rise to ten million dollars by 2035-01-01?,3,0.2,batch,,
by_2035,1m,1000000,million_USD,bitcoin_hit,Will Bitcoin hit 1 million USD by 2035-01-01?,3,0.35,batch,,
by_2035,1m,1000000,words_dollars,bitcoin_price_reach,Will Bitcoin's price reach one million dollars by 2035-01-01?,3,0.31,batch,,
by_2035,10m,10000000,million_USD,bitcoin_reach,Will Bitcoin reach 10 million USD by 2035-01-01?,3,0.36,batch,,
by_2035,1m,1000000,million_symbol,bitcoin_hit,Will Bitcoin hit $1 million by 2035-01-01?,3,0.32,batch,,
by_2035,100m,100000000,words_USD,bitcoin_trade_at,Will Bitcoin trade at one hundred million U.S. dollars by 2035-01-01?,3,0.22,batch,,
by_2035,10m,10000000,comma_dollars,bitcoin_hit,"Will Bitcoin hit 10,000,000 dollars by 2035-01-01?",3,0.15,batch,,
by_2035,1m,1000000,words_dollars,one_btc_rise_to,Will one BTC rise to one million dollars by 2035-01-01?,3,0.39,batch,,
by_2035,1m,1000000,words_dollars,bitcoin_reach,Will Bitcoin reach one million dollars by 2035-01-01?,3,0.34,batch,,
by_2035,10m,10000000,M_upper,price_bitcoin_hit,Will the price of Bitcoin hit $10M by 2035-01-01?,3,0.11,batch,,
by_2035,100m,100000000,M_lower,btc_reach,Will BTC reach $100m by 2035-01-01?,3,0.25,batch,,
by_2035,100m,100000000,comma_dollars,bitcoin_touch,"Will Bitcoin touch 100,000,000 dollars by 2035-01-01?",3,0.15,batch,,
by_2035,10m,10000000,M_lower,bitcoin_reach,Will Bitcoin reach $10m by 2035-01-01?,3,0.2,batch,,
by_2035,100m,100000000,comma_dollars,bitcoin_hit,"Will Bitcoin hit 100,000,000 dollars by 2035-01-01?",3,0.15,batch,,
by_2035,1m,1000000,million_symbol,bitcoin_price_reach,Will Bitcoin's price reach $1 million by 2035-01-01?,3,0.23,batch,,
by_2035,100m,100000000,comma_symbol,bitcoin_price_reach,"Will Bitcoin's price reach $100,000,000 by 2035-01-01?",3,0.04,batch,,
by_2035,100m,100000000,words_USD,one_btc_rise_to,Will one BTC rise to one hundred million U.S. dollars by 2035-01-01?,3,0.18,batch,,
by_2035,10m,10000000,million_symbol,price_bitcoin_hit,Will the price of Bitcoin hit $10 million by 2035-01-01?,3,0.1,batch,,
by_2035,10m,10000000,comma_symbol,bitcoin_touch,"Will Bitcoin touch $10,000,000 by 2035-01-01?",3,0.12,batch,,
by_2035,1m,1000000,comma_symbol,bitcoin_trade_at,"Will Bitcoin trade at $1,000,000 by 2035-01-01?",3,0.25,batch,,
by_2035,100m,100000000,M_upper,bitcoin_reach,Will Bitcoin reach $100M by 2035-01-01?,3,0.16,batch,,
by_2035,1m,1000000,M_lower,bitcoin_touch,Will Bitcoin touch $1m by 2035-01-01?,3,0.26,batch,,
by_2035,10m,10000000,words_USD,bitcoin_trade_at,Will Bitcoin trade at ten million U.S. dollars by 2035-01-01?,3,0.31,batch,,
by_2035,10m,10000000,million_USD,bitcoin_hit,Will Bitcoin hit 10 million USD by 2035-01-01?,3,0.33,batch,,
by_2035,100m,100000000,comma_dollars,btc_reach,"Will BTC reach 100,000,000 dollars by 2035-01-01?",3,0.15,batch,,
by_2035,1m,1000000,million_USD,one_btc_rise_to,Will one BTC rise to 1 million USD by 2035-01-01?,3,0.43,batch,,
by_2035,100m,100000000,M_lower,bitcoin_hit,Will Bitcoin hit $100m by 2035-01-01?,3,0.19,batch,,
by_2035,1m,1000000,words_USD,bitcoin_reach,Will Bitcoin reach one million U.S. dollars by 2035-01-01?,3,0.39,batch,,
by_2035,100m,100000000,million_symbol,btc_reach,Will BTC reach $100 million by 2035-01-01?,3,0.12,batch,,
by_2035,1m,1000000,M_lower,bitcoin_reach,Will Bitcoin reach $1m by 2035-01-01?,3,0.29,batch,,
by_2035,1m,1000000,million_symbol,btc_reach,Will BTC reach $1 million by 2035-01-01?,3,0.35,batch,,
by_2035,1m,1000000,words_USD,one_btc_rise_to,Will one BTC rise to one million U.S. dollars by 2035-01-01?,3,0.42,batch,,
by_2035,100m,100000000,words_dollars,btc_reach,Will BTC reach one hundred million dollars by 2035-01-01?,3,0.27,batch,,
by_2035,1m,1000000,comma_dollars,btc_reach,"Will BTC reach 1,000,000 dollars by 2035-01-01?",3,0.34,batch,,
by_2035,10m,10000000,comma_symbol,bitcoin_hit,"Will Bitcoin hit $10,000,000 by 2035-01-01?",3,0.09,batch,,
by_2035,10m,10000000,M_lower,bitcoin_trade_at,Will Bitcoin trade at $10m by 2035-01-01?,3,0.15,batch,,
by_2035,1m,1000000,M_upper,bitcoin_touch,Will Bitcoin touch $1M by 2035-01-01?,3,0.28,batch,,
by_2035,100m,100000000,words_dollars,bitcoin_hit,Will Bitcoin hit one hundred million dollars by 2035-01-01?,3,0.27,batch,,
by_2035,100m,100000000,million_USD,bitcoin_price_reach,Will Bitcoin's price reach 100 million USD by 2035-01-01?,3,0.14,batch,,
by_2035,10m,10000000,words_USD,one_btc_rise_to,Will one BTC rise to ten million U.S. dollars by 2035-01-01?,3,0.24,batch,,
by_2035,10m,10000000,comma_symbol,price_bitcoin_hit,"Will the price of Bitcoin hit $10,000,000 by 2035-01-01?",3,0.09,batch,,
by_2035,10m,10000000,M_upper,bitcoin_trade_at,Will Bitcoin trade at $10M by 2035-01-01?,3,0.15,batch,,
by_2035,1m,1000000,million_symbol,bitcoin_touch,Will Bitcoin touch $1 million by 2035-01-01?,3,0.33,batch,,
by_2035,10m,10000000,words_USD,bitcoin_reach,Will Bitcoin reach ten million U.S. dollars by 2035-01-01?,3,0.35,batch,,
by_2035,10m,10000000,million_USD,bitcoin_touch,Will Bitcoin touch 10 million USD by 2035-01-01?,3,0.28,batch,,
by_2035,10m,10000000,million_symbol,bitcoin_touch,Will Bitcoin touch $10 million by 2035-01-01?,3,0.15,batch,,
by_2035,1m,1000000,words_USD,bitcoin_price_reach,Will Bitcoin's price reach one million U.S. dollars by 2035-01-01?,3,0.3,batch,,
by_2035,1m,1000000,million_symbol,bitcoin_trade_at,Will Bitcoin trade at $1 million by 2035-01-01?,3,0.28,batch,,
by_2035,10m,10000000,words_dollars,price_bitcoin_hit,Will the price of Bitcoin hit ten million dollars by 2035-01-01?,3,0.16,batch,,
by_2035,100m,100000000,words_dollars,bitcoin_price_reach,Will Bitcoin's price reach one hundred million dollars by 2035-01-01?,3,0.12,batch,,
by_2035,100m,100000000,million_symbol,bitcoin_hit,Will Bitcoin hit $100 million by 2035-01-01?,3,0.1,batch,,
by_2035,10m,10000000,comma_dollars,bitcoin_touch,"Will Bitcoin touch 10,000,000 dollars by 2035-01-01?",3,0.12,batch,,
by_2035,1m,1000000,words_dollars,btc_reach,Will BTC reach one million dollars by 2035-01-01?,3,0.37,batch,,
by_2035,100m,100000000,million_symbol,bitcoin_trade_at,Will Bitcoin trade at $100 million by 2035-01-01?,3,0.13,batch,,
by_2035,1m,1000000,M_lower,price_bitcoin_hit,Will the price of Bitcoin hit $1m by 2035-01-01?,3,0.31,batch,,
by_2035,100m,100000000,M_lower,bitcoin_reach,Will Bitcoin reach $100m by 2035-01-01?,3,0.16,batch,,
by_2035,10m,10000000,million_USD,bitcoin_price_reach,Will Bitcoin's price reach 10 million USD by 2035-01-01?,3,0.12,batch,,
by_2035,1m,1000000,words_USD,bitcoin_hit,Will Bitcoin hit one million U.S. dollars by 2035-01-01?,3,0.37,batch,,
by_2035,10m,10000000,M_lower,bitcoin_hit,Will Bitcoin hit $10m by 2035-01-01?,3,0.17,batch,,
by_2035,1m,1000000,M_upper,bitcoin_hit,Will Bitcoin hit $1M by 2035-01-01?,3,0.35,batch,,
by_2035,1m,1000000,million_USD,bitcoin_trade_at,Will Bitcoin trade at 1 million USD by 2035-01-01?,3,0.31,batch,,
by_2035,100m,100000000,M_upper,bitcoin_trade_at,Will Bitcoin trade at $100M by 2035-01-01?,3,0.14,batch,,
by_2035,100m,100000000,comma_dollars,price_bitcoin_hit,"Will the price of Bitcoin hit 100,000,000 dollars by 2035-01-01?",3,0.07,batch,,
by_2035,100m,100000000,million_USD,bitcoin_reach,Will Bitcoin reach 100 million USD by 2035-01-01?,3,0.37,batch,,
by_2035,1m,1000000,comma_dollars,one_btc_rise_to,"Will one BTC rise to 1,000,000 dollars by 2035-01-01?",3,0.37,batch,,
by_2035,1m,1000000,words_dollars,bitcoin_hit,Will Bitcoin hit one million dollars by 2035-01-01?,3,0.34,batch,,
by_2035,1m,1000000,words_dollars,price_bitcoin_hit,Will the price of Bitcoin hit one million dollars by 2035-01-01?,3,0.32,batch,,
by_2035,10m,10000000,million_USD,price_bitcoin_hit,Will the price of Bitcoin hit 10 million USD by 2035-01-01?,3,0.15,batch,,
by_2035,1m,1000000,comma_dollars,price_bitcoin_hit,"Will the price of Bitcoin hit 1,000,000 dollars by 2035-01-01?",3,0.27,batch,,
by_2035,10m,10000000,million_symbol,bitcoin_price_reach,Will Bitcoin's price reach $10 million by 2035-01-01?,3,0.07,batch,,
by_2035,10m,10000000,comma_dollars,bitcoin_trade_at,"Will Bitcoin trade at 10,000,000 dollars by 2035-01-01?",3,0.13,batch,,
by_2035,10m,10000000,million_USD,one_btc_rise_to,Will one BTC rise to 10 million USD by 2035-01-01?,3,0.3,batch,,
by_2035,100m,100000000,million_symbol,price_bitcoin_hit,Will the price of Bitcoin hit $100 million by 2035-01-01?,3,0.07,batch,,
by_2035,1m,1000000,million_USD,btc_reach,Will BTC reach 1 million USD by 2035-01-01?,3,0.37,batch,,
by_2035,10m,10000000,million_symbol,one_btc_rise_to,Will one BTC rise to $10 million by 2035-01-01?,3,0.15,batch,,
by_2035,1m,1000000,comma_dollars,bitcoin_reach,"Will Bitcoin reach 1,000,000 dollars by 2035-01-01?",3,0.32,batch,,
by_2035,1m,1000000,M_lower,bitcoin_price_reach,Will Bitcoin's price reach $1m by 2035-01-01?,3,0.25,batch,,
by_2035,100m,100000000,million_symbol,bitcoin_touch,Will Bitcoin touch $100 million by 2035-01-01?,3,0.18,batch,,
by_2035,10m,10000000,million_USD,bitcoin_trade_at,Will Bitcoin trade at 10 million USD by 2035-01-01?,3,0.26,batch,,
by_2035,10m,10000000,million_symbol,bitcoin_reach,Will Bitcoin reach $10 million by 2035-01-01?,3,0.15,batch,,
by_2035,100m,100000000,million_USD,btc_reach,Will BTC reach 100 million USD by 2035-01-01?,3,0.33,batch,,
by_2035,10m,10000000,words_dollars,btc_reach,Will BTC reach ten million dollars by 2035-01-01?,3,0.32,batch,,
by_2035,1m,1000000,M_lower,bitcoin_trade_at,Will Bitcoin trade at $1m by 2035-01-01?,3,0.25,batch,,
by_2035,100m,100000000,M_upper,bitcoin_hit,Will Bitcoin hit $100M by 2035-01-01?,3,0.13,batch,,
by_2035,100m,100000000,words_USD,btc_reach,Will BTC reach one hundred million U.S. dollars by 2035-01-01?,3,0.28,batch,,
by_2035,10m,10000000,million_symbol,bitcoin_trade_at,Will Bitcoin trade at $10 million by 2035-01-01?,3,0.15,batch,,
by_2035,100m,100000000,words_USD,bitcoin_price_reach,Will Bitcoin's price reach one hundred million U.S. dollars by 2035-01-01?,3,0.14,batch,,
by_2035,100m,100000000,M_lower,bitcoin_price_reach,Will Bitcoin's price reach $100m by 2035-01-01?,3,0.11,batch,,
by_2035,10m,10000000,M_lower,btc_reach,Will BTC reach $10m by 2035-01-01?,3,0.16,batch,,
by_2035,10m,10000000,words_USD,bitcoin_touch,Will Bitcoin touch ten million U.S. dollars by 2035-01-01?,3,0.32,batch,,
by_2035,10m,10000000,words_dollars,bitcoin_trade_at,Will Bitcoin trade at ten million dollars by 2035-01-01?,3,0.31,batch,,
by_2035,1m,1000000,M_upper,btc_reach,Will BTC reach $1M by 2035-01-01?,3,0.37,batch,,
by_2035,100m,100000000,million_symbol,bitcoin_reach,Will Bitcoin reach $100 million by 2035-01-01?,3,0.15,batch,,
by_2035,10m,10000000,M_upper,bitcoin_hit,Will Bitcoin hit $10M by 2035-01-01?,3,0.15,batch,,
by_2035,10m,10000000,M_upper,bitcoin_reach,Will Bitcoin reach $10M by 2035-01-01?,3,0.15,batch,,
by_2035,1m,1000000,million_symbol,bitcoin_reach,Will Bitcoin reach $1 million by 2035-01-01?,3,0.31,batch,,
by_2035,10m,10000000,million_symbol,bitcoin_hit,Will Bitcoin hit $10 million by 2035-01-01?,3,0.12,batch,,
by_2035,100m,100000000,million_USD,bitcoin_trade_at,Will Bitcoin trade at 100 million USD by 2035-01-01?,3,0.26,batch,,
by_2035,10m,10000000,words_USD,bitcoin_hit,Will Bitcoin hit ten million U.S. dollars by 2035-01-01?,3,0.34,batch,,
by_2035,1m,1000000,M_lower,one_btc_rise_to,Will one BTC rise to $1m by 2035-01-01?,3,0.34,batch,,
by_2035,10m,10000000,million_USD,btc_reach,Will BTC reach 10 million USD by 2035-01-01?,3,0.32,batch,,
by_2035,100m,100000000,M_upper,bitcoin_price_reach,Will Bitcoin's price reach $100M by 2035-01-01?,3,0.11,batch,,
by_2035,10m,10000000,words_USD,bitcoin_price_reach,Will Bitcoin's price reach ten million U.S. dollars by 2035-01-01?,3,0.15,batch,,
by_2035,1m,1000000,million_symbol,price_bitcoin_hit,Will the price of Bitcoin hit $1 million by 2035-01-01?,3,0.35,batch,,
by_2035,1m,1000000,comma_symbol,bitcoin_reach,"Will Bitcoin reach $1,000,000 by 2035-01-01?",3,0.23,batch,,
by_2035,1m,1000000,words_USD,price_bitcoin_hit,Will the price of Bitcoin hit one million U.S. dollars by 2035-01-01?,3,0.33,batch,,
by_2035,10m,10000000,words_dollars,bitcoin_price_reach,Will Bitcoin's price reach ten million dollars by 2035-01-01?,3,0.15,batch,,
by_2035,100m,100000000,M_upper,price_bitcoin_hit,Will the price of Bitcoin hit $100M by 2035-01-01?,3,0.1,batch,,
by_2035,100m,100000000,comma_symbol,one_btc_rise_to,"Will one BTC rise to $100,000,000 by 2035-01-01?",3,0.05,batch,,
by_2035,1m,1000000,M_upper,bitcoin_reach,Will Bitcoin reach $1M by 2035-01-01?,3,0.35,batch,,
by_2035,1m,1000000,million_USD,bitcoin_touch,Will Bitcoin touch 1 million USD by 2035-01-01?,3,0.33,batch,,
by_2035,10m,10000000,M_lower,bitcoin_price_reach,Will Bitcoin's price reach $10m by 2035-01-01?,3,0.11,batch,,
by_2035,100m,100000000,M_lower,one_btc_rise_to,Will one BTC rise to $100m by 2035-01-01?,3,0.1,batch,,
by_2035,1m,1000000,comma_symbol,bitcoin_touch,"Will Bitcoin touch $1,000,000 by 2035-01-01?",3,0.3,batch,,
by_2035,10m,10000000,comma_symbol,bitcoin_reach,"Will Bitcoin reach $10,000,000 by 2035-01-01?",3,0.12,batch,,
by_2035,10m,10000000,comma_dollars,price_bitcoin_hit,"Will the price of Bitcoin hit 10,000,000 dollars by 2035-01-01?",3,0.09,batch,,
by_2035,1m,1000000,comma_symbol,price_bitcoin_hit,"Will the price of Bitcoin hit $1,000,000 by 2035-01-01?",3,0.26,batch,,
by_2035,100m,100000000,comma_dollars,bitcoin_reach,"Will Bitcoin reach 100,000,000 dollars by 2035-01-01?",3,0.2,batch,,
by_2035,10m,10000000,comma_symbol,one_btc_rise_to,"Will one BTC rise to $10,000,000 by 2035-01-01?",3,0.09,batch,,
by_2035,1m,1000000,comma_dollars,bitcoin_touch,"Will Bitcoin touch 1,000,000 dollars by 2035-01-01?",3,0.27,batch,,
by_2035,100m,100000000,million_symbol,one_btc_rise_to,Will one BTC rise to $100 million by 2035-01-01?,3,0.08,batch,,
by_2035,1m,1000000,million_USD,bitcoin_price_reach,Will Bitcoin's price reach 1 million USD by 2035-01-01?,3,0.3,batch,,
by_2035,100m,100000000,comma_symbol,bitcoin_reach,"Will Bitcoin reach $100,000,000 by 2035-01-01?",3,0.08,batch,,
by_2035,1m,1000000,comma_dollars,bitcoin_price_reach,"Will Bitcoin's price reach 1,000,000 dollars by 2035-01-01?",3,0.28,batch,,
by_2035,10m,10000000,M_lower,price_bitcoin_hit,Will the price of Bitcoin hit $10m by 2035-01-01?,3,0.12,batch,,
by_2035,1m,1000000,words_dollars,bitcoin_touch,Will Bitcoin touch one million dollars by 2035-01-01?,3,0.37,batch,,
by_2035,10m,10000000,comma_dollars,bitcoin_price_reach,"Will Bitcoin's price reach 10,000,000 dollars by 2035-01-01?",3,0.08,batch,,
by_2035,1m,1000000,M_lower,bitcoin_hit,Will Bitcoin hit $1m by 2035-01-01?,3,0.33,batch,,
by_2035,100m,100000000,M_lower,bitcoin_touch,Will Bitcoin touch $100m by 2035-01-01?,3,0.37,batch,,
by_2035,100m,100000000,M_lower,price_bitcoin_hit,Will the price of Bitcoin hit $100m by 2035-01-01?,3,0.1,batch,,
by_2035,1m,1000000,comma_symbol,one_btc_rise_to,"Will one BTC rise to $1,000,000 by 2035-01-01?",3,0.29,batch,,
by_2035,1m,1000000,million_USD,price_bitcoin_hit,Will the price of Bitcoin hit 1 million USD by 2035-01-01?,3,0.32,batch,,
by_2035,100m,100000000,comma_symbol,price_bitcoin_hit,"Will the price of Bitcoin hit $100,000,000 by 2035-01-01?",3,0.06,batch,,
by_2035,1m,1000000,words_USD,bitcoin_touch,Will Bitcoin touch one million U.S. dollars by 2035-01-01?,3,0.45,batch,,
by_2035,10m,10000000,words_dollars,bitcoin_hit,Will Bitcoin hit ten million dollars by 2035-01-01?,3,0.32,batch,,
by_2035,10m,10000000,M_lower,one_btc_rise_to,Will one BTC rise to $10m by 2035-01-01?,3,0.15,batch,,
by_2035,100m,100000000,comma_symbol,bitcoin_hit,"Will Bitcoin hit $100,000,000 by 2035-01-01?",3,0.07,batch,,
by_2035,1m,1000000,words_USD,btc_reach,Will BTC reach one million U.S. dollars by 2035-01-01?,3,0.41,batch,,
by_2035,100m,100000000,million_USD,bitcoin_touch,Will Bitcoin touch 100 million USD by 2035-01-01?,3,0.32,batch,,
by_2035,100m,100000000,million_symbol,bitcoin_price_reach,Will Bitcoin's price reach $100 million by 2035-01-01?,3,0.07,batch,,
by_2035,1m,1000000,words_USD,bitcoin_trade_at,Will Bitcoin trade at one million U.S. dollars by 2035-01-01?,3,0.38,batch,,
by_2035,100m,100000000,million_USD,bitcoin_hit,Will Bitcoin hit 100 million USD by 2035-01-01?,3,0.36,batch,,
by_2035,1m,1000000,M_upper,bitcoin_price_reach,Will Bitcoin's price reach $1M by 2035-01-01?,3,0.28,batch,,
by_2035,100m,100000000,comma_symbol,btc_reach,"Will BTC reach $100,000,000 by 2035-01-01?",3,0.07,batch,,
by_2035,1m,1000000,words_dollars,bitcoin_trade_at,Will Bitcoin trade at one million dollars by 2035-01-01?,3,0.34,batch,,
by_2035,1m,1000000,M_upper,bitcoin_trade_at,Will Bitcoin trade at $1M by 2035-01-01?,3,0.27,batch,,
by_2035,10m,10000000,comma_symbol,bitcoin_trade_at,"Will Bitcoin trade at $10,000,000 by 2035-01-01?",3,0.08,batch,,
by_2035,100m,100000000,words_USD,bitcoin_hit,Will Bitcoin hit one hundred million U.S. dollars by 2035-01-01?,3,0.27,batch,,
by_2035,100m,100000000,words_USD,bitcoin_reach,Will Bitcoin reach one hundred million U.S. dollars by 2035-01-01?,3,0.34,batch,,
by_2035,1m,1000000,comma_dollars,bitcoin_trade_at,"Will Bitcoin trade at 1,000,000 dollars by 2035-01-01?",3,0.32,batch,,
by_2035,100m,100000000,M_upper,one_btc_rise_to,Will one BTC rise to $100M by 2035-01-01?,3,0.08,batch,,
by_2035,1m,1000000,million_symbol,one_btc_rise_to,Will one BTC rise to $1 million by 2035-01-01?,3,0.39,batch,,
by_2035,1m,1000000,comma_symbol,bitcoin_price_reach,"Will Bitcoin's price reach $1,000,000 by 2035-01-01?",3,0.24,batch,,
by_2035,100m,100000000,million_USD,one_btc_rise_to,Will one BTC rise to 100 million USD by 2035-01-01?,3,0.18,batch,,
by_2035,100m,100000000,M_upper,btc_reach,Will BTC reach $100M by 2035-01-01?,3,0.18,batch,,
by_2035,10m,10000000,million_symbol,btc_reach,Will BTC reach $10 million by 2035-01-01?,3,0.16,batch,,
by_2035,1m,1000000,comma_symbol,btc_reach,"Will BTC reach $1,000,000 by 2035-01-01?",3,0.26,batch,,
by_2035,100m,100000000,words_dollars,bitcoin_reach,Will Bitcoin reach one hundred million dollars by 2035-01-01?,3,0.3,batch,,
no_deadline,10m,10000000,words_dollars,bitcoin_reach,,1,0.29,isolated,format,words_dollars
no_deadline,10m,10000000,words_USD,bitcoin_reach,,1,0.29,isolated,format,words_USD
no_deadline,10m,10000000,M_upper,bitcoin_reach,,1,0.22,isolated,format,M_upper
no_deadline,10m,10000000,comma_dollars,bitcoin_reach,,1,0.21,isolated,format,comma_dollars
no_deadline,10m,10000000,comma_symbol,bitcoin_reach,,1,0.17,isolated,format,comma_symbol
no_deadline,10m,10000000,million_USD,bitcoin_reach,,1,0.3,isolated,format,million_USD
no_deadline,10m,10000000,million_symbol,bitcoin_reach,,1,0.17,isolated,format,million_symbol
no_deadline,10m,10000000,M_lower,bitcoin_reach,,1,0.22,isolated,format,M_lower
no_deadline,10m,10000000,words_USD,bitcoin_reach,,2,0.29,isolated,format,words_USD
no_deadline,10m,10000000,words_dollars,bitcoin_reach,,2,0.29,isolated,format,words_dollars
no_deadline,10m,10000000,comma_dollars,bitcoin_reach,,2,0.21,isolated,format,comma_dollars
no_deadline,10m,10000000,million_symbol,bitcoin_reach,,2,0.18,isolated,format,million_symbol
no_deadline,10m,10000000,million_USD,bitcoin_reach,,2,0.32,isolated,format,million_USD
no_deadline,10m,10000000,M_lower,bitcoin_reach,,2,0.21,isolated,format,M_lower
no_deadline,10m,10000000,comma_symbol,bitcoin_reach,,2,0.17,isolated,format,comma_symbol
no_deadline,10m,10000000,M_upper,bitcoin_reach,,2,0.2,isolated,format,M_upper
no_deadline,10m,10000000,million_symbol,bitcoin_reach,,3,0.18,isolated,format,million_symbol
no_deadline,10m,10000000,words_USD,bitcoin_reach,,3,0.31,isolated,format,words_USD
no_deadline,10m,10000000,comma_dollars,bitcoin_reach,,3,0.21,isolated,format,comma_dollars
no_deadline,10m,10000000,million_USD,bitcoin_reach,,3,0.31,isolated,format,million_USD
no_deadline,10m,10000000,M_lower,bitcoin_reach,,3,0.2,isolated,format,M_lower
no_deadline,10m,10000000,comma_symbol,bitcoin_reach,,3,0.2,isolated,format,comma_symbol
no_deadline,10m,10000000,M_upper,bitcoin_reach,,3,0.19,isolated,format,M_upper
no_deadline,10m,10000000,words_dollars,bitcoin_reach,,3,0.31,isolated,format,words_dollars
no_deadline,10m,10000000,M_upper,bitcoin_hit,,1,0.2,isolated,template,bitcoin_hit
no_deadline,10m,10000000,M_upper,bitcoin_price_reach,,1,0.14,isolated,template,bitcoin_price_reach
no_deadline,10m,10000000,M_upper,bitcoin_touch,,1,0.23,isolated,template,bitcoin_touch
no_deadline,10m,10000000,M_upper,bitcoin_trade_at,,1,0.2,isolated,template,bitcoin_trade_at
no_deadline,10m,10000000,M_upper,one_btc_rise_to,,1,0.22,isolated,template,one_btc_rise_to
no_deadline,10m,10000000,M_upper,btc_reach,,1,0.21,isolated,template,btc_reach
no_deadline,10m,10000000,M_upper,bitcoin_reach,,1,0.23,isolated,template,bitcoin_reach
no_deadline,10m,10000000,M_upper,price_bitcoin_hit,,1,0.15,isolated,template,price_bitcoin_hit
no_deadline,10m,10000000,M_upper,bitcoin_trade_at,,2,0.22,isolated,template,bitcoin_trade_at
no_deadline,10m,10000000,M_upper,btc_reach,,2,0.19,isolated,template,btc_reach
no_deadline,10m,10000000,M_upper,bitcoin_touch,,2,0.25,isolated,template,bitcoin_touch
no_deadline,10m,10000000,M_upper,one_btc_rise_to,,2,0.2,isolated,template,one_btc_rise_to
no_deadline,10m,10000000,M_upper,price_bitcoin_hit,,2,0.15,isolated,template,price_bitcoin_hit
no_deadline,10m,10000000,M_upper,bitcoin_hit,,2,0.18,isolated,template,bitcoin_hit
no_deadline,10m,10000000,M_upper,bitcoin_reach,,2,0.21,isolated,template,bitcoin_reach
no_deadline,10m,10000000,M_upper,bitcoin_price_reach,,2,0.13,isolated,template,bitcoin_price_reach
no_deadline,10m,10000000,M_upper,one_btc_rise_to,,3,0.19,isolated,template,one_btc_rise_to
no_deadline,10m,10000000,M_upper,bitcoin_reach,,3,0.19,isolated,template,bitcoin_reach
no_deadline,10m,10000000,M_upper,bitcoin_trade_at,,3,0.2,isolated,template,bitcoin_trade_at
no_deadline,10m,10000000,M_upper,price_bitcoin_hit,,3,0.15,isolated,template,price_bitcoin_hit
no_deadline,10m,10000000,M_upper,btc_reach,,3,0.19,isolated,template,btc_reach
no_deadline,10m,10000000,M_upper,bitcoin_touch,,3,0.23,isolated,template,bitcoin_touch
no_deadline,10m,10000000,M_upper,bitcoin_price_reach,,3,0.14,isolated,template,bitcoin_price_reach
no_deadline,10m,10000000,M_upper,bitcoin_hit,,3,0.2,isolated,template,bitcoin_hit
by_2035,10m,10000000,million_USD,bitcoin_reach,,1,0.36,isolated,format,million_USD
by_2035,10m,10000000,M_lower,bitcoin_reach,,1,0.22,isolated,format,M_lower
by_2035,10m,10000000,million_symbol,bitcoin_reach,,1,0.15,isolated,format,million_symbol
by_2035,10m,10000000,comma_dollars,bitcoin_reach,,1,0.2,isolated,format,comma_dollars
by_2035,10m,10000000,M_upper,bitcoin_reach,,1,0.17,isolated,format,M_upper
by_2035,10m,10000000,comma_symbol,bitcoin_reach,,1,0.1,isolated,format,comma_symbol
by_2035,10m,10000000,words_dollars,bitcoin_reach,,1,0.3,isolated,format,words_dollars
by_2035,10m,10000000,words_USD,bitcoin_reach,,1,0.31,isolated,format,words_USD
by_2035,10m,10000000,M_upper,bitcoin_reach,,2,0.18,isolated,format,M_upper
by_2035,10m,10000000,words_dollars,bitcoin_reach,,2,0.29,isolated,format,words_dollars
by_2035,10m,10000000,million_symbol,bitcoin_reach,,2,0.13,isolated,format,million_symbol
by_2035,10m,10000000,comma_symbol,bitcoin_reach,,2,0.1,isolated,format,comma_symbol
by_2035,10m,10000000,million_USD,bitcoin_reach,,2,0.35,isolated,format,million_USD
by_2035,10m,10000000,M_lower,bitcoin_reach,,2,0.2,isolated,format,M_lower
by_2035,10m,10000000,words_USD,bitcoin_reach,,2,0.33,isolated,format,words_USD
by_2035,10m,10000000,comma_dollars,bitcoin_reach,,2,0.17,isolated,format,comma_dollars
by_2035,10m,10000000,million_USD,bitcoin_reach,,3,0.33,isolated,format,million_USD
by_2035,10m,10000000,words_dollars,bitcoin_reach,,3,0.3,isolated,format,words_dollars
by_2035,10m,10000000,M_lower,bitcoin_reach,,3,0.19,isolated,format,M_lower
by_2035,10m,10000000,comma_symbol,bitcoin_reach,,3,0.1,isolated,format,comma_symbol
by_2035,10m,10000000,comma_dollars,bitcoin_reach,,3,0.21,isolated,format,comma_dollars
by_2035,10m,10000000,words_USD,bitcoin_reach,,3,0.31,isolated,format,words_USD
by_2035,10m,10000000,million_symbol,bitcoin_reach,,3,0.14,isolated,format,million_symbol
by_2035,10m,10000000,M_upper,bitcoin_reach,,3,0.17,isolated,format,M_upper
by_2035,10m,10000000,M_upper,one_btc_rise_to,,1,0.12,isolated,template,one_btc_rise_to
by_2035,10m,10000000,M_upper,bitcoin_reach,,1,0.18,isolated,template,bitcoin_reach
by_2035,10m,10000000,M_upper,bitcoin_touch,,1,0.17,isolated,template,bitcoin_touch
by_2035,10m,10000000,M_upper,price_bitcoin_hit,,1,0.1,isolated,template,price_bitcoin_hit
by_2035,10m,10000000,M_upper,btc_reach,,1,0.16,isolated,template,btc_reach
by_2035,10m,10000000,M_upper,bitcoin_trade_at,,1,0.16,isolated,template,bitcoin_trade_at
by_2035,10m,10000000,M_upper,bitcoin_price_reach,,1,0.09,isolated,template,bitcoin_price_reach
by_2035,10m,10000000,M_upper,bitcoin_hit,,1,0.17,isolated,template,bitcoin_hit
by_2035,10m,10000000,M_upper,btc_reach,,2,0.13,isolated,template,btc_reach
by_2035,10m,10000000,M_upper,bitcoin_price_reach,,2,0.09,isolated,template,bitcoin_price_reach
by_2035,10m,10000000,M_upper,one_btc_rise_to,,2,0.13,isolated,template,one_btc_rise_to
by_2035,10m,10000000,M_upper,price_bitcoin_hit,,2,0.1,isolated,template,price_bitcoin_hit
by_2035,10m,10000000,M_upper,bitcoin_trade_at,,2,0.14,isolated,template,bitcoin_trade_at
by_2035,10m,10000000,M_upper,bitcoin_reach,,2,0.16,isolated,template,bitcoin_reach
by_2035,10m,10000000,M_upper,bitcoin_touch,,2,0.17,isolated,template,bitcoin_touch
by_2035,10m,10000000,M_upper,bitcoin_hit,,2,0.17,isolated,template,bitcoin_hit
by_2035,10m,10000000,M_upper,bitcoin_hit,,3,0.14,isolated,template,bitcoin_hit
by_2035,10m,10000000,M_upper,btc_reach,,3,0.15,isolated,template,btc_reach
by_2035,10m,10000000,M_upper,bitcoin_trade_at,,3,0.13,isolated,template,bitcoin_trade_at
by_2035,10m,10000000,M_upper,one_btc_rise_to,,3,0.1,isolated,template,one_btc_rise_to
by_2035,10m,10000000,M_upper,bitcoin_reach,,3,0.17,isolated,template,bitcoin_reach
by_2035,10m,10000000,M_upper,bitcoin_price_reach,,3,0.08,isolated,template,bitcoin_price_reach
by_2035,10m,10000000,M_upper,bitcoin_touch,,3,0.2,isolated,template,bitcoin_touch
by_2035,10m,10000000,M_upper,price_bitcoin_hit,,3,0.1,isolated,template,price_bitcoin_hit
