transition,date,replicate,arm,answer,model
2025,2024-04-05,1,binary_probability,0.06,jev-1.13.0
2025,2024-04-05,1,yes_no_choice,No,jev-1.13.0
2025,2024-04-05,1,who_choice,Joe Biden,jev-1.13.0
2021,2020-10-09,1,binary_probability,0.98,jev-1.13.0
2021,2020-10-09,1,yes_no_choice,Yes,jev-1.13.0
2021,2020-10-09,1,who_choice,Donald Trump,jev-1.13.0
2025,2025-07-15,1,binary_probability,0.39,jev-1.13.0
2025,2025-07-15,1,yes_no_choice,No,jev-1.13.0
2025,2025-07-15,1,who_choice,Donald Trump,jev-1.13.0
2021,2021-02-14,1,binary_probability,0.04,jev-1.13.0
2021,2021-02-14,1,yes_no_choice,No,jev-1.13.0
2021,2021-02-14,1,who_choice,Joe Biden,jev-1.13.0
2025,2025-11-30,1,binary_probability,0.56,jev-1.13.0
2025,2025-11-30,1,yes_no_choice,Yes,jev-1.13.0
2025,2025-11-30,1,who_choice,Donald Trump,jev-1.13.0
2025,2025-11-16,1,binary_probability,0.53,jev-1.13.0
2025,2025-11-16,1,yes_no_choice,Yes,jev-1.13.0
2025,2025-11-16,1,who_choice,Donald Trump,jev-1.13.0
2021,2021-11-26,1,binary_probability,0.03,jev-1.13.0
2021,2021-11-26,1,yes_no_choice,No,jev-1.13.0
2021,2021-11-26,1,who_choice,Joe Biden,jev-1.13.0
2021,2021-08-20,1,binary_probability,0.02,jev-1.13.0
2021,2021-08-20,1,yes_no_choice,No,jev-1.13.0
2021,2021-08-20,1,who_choice,Joe Biden,jev-1.13.0
2021,2021-08-24,1,binary_probability,0.02,jev-1.13.0
2021,2021-08-24,1,yes_no_choice,No,jev-1.13.0
2021,2021-08-24,1,who_choice,Joe Biden,jev-1.13.0
2025,2026-01-11,1,binary_probability,0.44,jev-1.13.0
2025,2026-01-11,1,yes_no_choice,Yes,jev-1.13.0
2025,2026-01-11,1,who_choice,Donald Trump,jev-1.13.0
2025,2025-07-02,1,binary_probability,0.47,jev-1.13.0
2025,2025-07-02,1,yes_no_choice,No,jev-1.13.0
2025,2025-07-02,1,who_choice,Donald Trump,jev-1.13.0
2025,2025-03-20,1,binary_probability,0.62,jev-1.13.0
2025,2025-03-20,1,yes_no_choice,Yes,jev-1.13.0
2025,2025-03-20,1,who_choice,Donald Trump,jev-1.13.0
2025,2024-09-05,1,binary_probability,0.08,jev-1.13.0
2025,2024-09-05,1,yes_no_choice,No,jev-1.13.0
2025,2024-09-05,1,who_choice,Joe Biden,jev-1.13.0
2025,2024-05-22,1,binary_probability,0.05,jev-1.13.0
2025,2024-05-22,1,yes_no_choice,No,jev-1.13.0
2025,2024-05-22,1,who_choice,Joe Biden,jev-1.13.0
2025,2024-12-13,1,binary_probability,0.27,jev-1.13.0
2025,2024-12-13,1,yes_no_choice,No,jev-1.13.0
2025,2024-12-13,1,who_choice,Donald Trump,jev-1.13.0
2021,2020-03-19,1,binary_probability,0.98,jev-1.13.0
2021,2020-03-19,1,yes_no_choice,Yes,jev-1.13.0
2021,2020-03-19,1,who_choice,Donald Trump,jev-1.13.0
2025,2024-02-15,1,binary_probability,0.08,jev-1.13.0
2025,2024-02-15,1,yes_no_choice,No,jev-1.13.0
2025,2024-02-15,1,who_choice,Joe Biden,jev-1.13.0
2021,2021-07-23,1,binary_probability,0.02,jev-1.13.0
2021,2021-07-23,1,yes_no_choice,No,jev-1.13.0
2021,2021-07-23,1,who_choice,Joe Biden,jev-1.13.0
2021,2021-08-17,1,binary_probability,0.02,jev-1.13.0
2021,2021-08-17,1,yes_no_choice,No,jev-1.13.0
2021,2021-08-17,1,who_choice,Joe Biden,jev-1.13.0
2025,2025-06-18,1,binary_probability,0.48,jev-1.13.0
2025,2025-06-18,1,yes_no_choice,Yes,jev-1.13.0
2025,2025-06-18,1,who_choice,Donald Trump,jev-1.13.0
2025,2025-01-26,1,binary_probability,0.66,jev-1.13.0
2025,2025-01-26,1,yes_no_choice,Yes,jev-1.13.0
2025,2025-01-26,1,who_choice,Donald Trump,jev-1.13.0
2021,2021-05-12,1,binary_probability,0.03,jev-1.13.0
2021,2021-05-12,1,yes_no_choice,No,jev-1.13.0
2021,2021-05-12,1,who_choice,Joe Biden,jev-1.13.0
2025,2024-02-09,1,binary_probability,0.08,jev-1.13.0
2025,2024-02-09,1,yes_no_choice,No,jev-1.13.0
2025,2024-02-09,1,who_choice,Joe Biden,jev-1.13.0
2021,2020-06-02,1,binary_probability,0.98,jev-1.13.0
2021,2020-06-02,1,yes_no_choice,Yes,jev-1.13.0
2021,2020-06-02,1,who_choice,Donald Trump,jev-1.13.0
2025,2025-04-26,1,binary_probability,0.51,jev-1.13.0
2025,2025-04-26,1,yes_no_choice,Yes,jev-1.13.0
2025,2025-04-26,1,who_choice,Donald Trump,jev-1.13.0
2025,2024-10-04,1,binary_probability,0.09,jev-1.13.0
2025,2024-10-04,1,yes_no_choice,No,jev-1.13.0
2025,2024-10-04,1,who_choice,Joe Biden,jev-1.13.0
2025,2025-09-14,1,binary_probability,0.47,jev-1.13.0
2025,2025-09-14,1,yes_no_choice,No,jev-1.13.0
2025,2025-09-14,1,who_choice,Donald Trump,jev-1.13.0
2025,2024-04-12,1,binary_probability,0.04,jev-1.13.0
2025,2024-04-12,1,yes_no_choice,No,jev-1.13.0
2025,2024-04-12,1,who_choice,Joe Biden,jev-1.13.0
2025,2024-12-05,1,binary_probability,0.32,jev-1.13.0
2025,2024-12-05,1,yes_no_choice,No,jev-1.13.0
2025,2024-12-05,1,who_choice,Donald Trump,jev-1.13.0
2021,2020-11-07,1,binary_probability,0.97,jev-1.13.0
2021,2020-11-07,1,yes_no_choice,Yes,jev-1.13.0
2021,2020-11-07,1,who_choice,Donald Trump,jev-1.13.0
2021,2021-12-06,1,binary_probability,0.03,jev-1.13.0
2021,2021-12-06,1,yes_no_choice,No,jev-1.13.0
2021,2021-12-06,1,who_choice,Joe Biden,jev-1.13.0
2021,2020-08-02,1,binary_probability,0.98,jev-1.13.0
2021,2020-08-02,1,yes_no_choice,Yes,jev-1.13.0
2021,2020-08-02,1,who_choice,Donald Trump,jev-1.13.0
2025,2025-06-08,1,binary_probability,0.46,jev-1.13.0
2025,2025-06-08,1,yes_no_choice,Yes,jev-1.13.0
2025,2025-06-08,1,who_choice,Donald Trump,jev-1.13.0
2021,2020-11-14,1,binary_probability,0.96,jev-1.13.0
2021,2020-11-14,1,yes_no_choice,Yes,jev-1.13.0
2021,2020-11-14,1,who_choice,Donald Trump,jev-1.13.0
2025,2025-10-26,1,binary_probability,0.52,jev-1.13.0
2025,2025-10-26,1,yes_no_choice,Yes,jev-1.13.0
2025,2025-10-26,1,who_choice,Donald Trump,jev-1.13.0
2021,2020-08-13,1,binary_probability,0.99,jev-1.13.0
2021,2020-08-13,1,yes_no_choice,Yes,jev-1.13.0
2021,2020-08-13,1,who_choice,Donald Trump,jev-1.13.0
2021,2022-01-03,1,binary_probability,0.08,jev-1.13.0
2021,2022-01-03,1,yes_no_choice,No,jev-1.13.0
2021,2022-01-03,1,who_choice,Joe Biden,jev-1.13.0
2021,2020-06-19,1,binary_probability,0.98,jev-1.13.0
2021,2020-06-19,1,yes_no_choice,Yes,jev-1.13.0
2021,2020-06-19,1,who_choice,Donald Trump,jev-1.13.0
2021,2021-11-13,1,binary_probability,0.02,jev-1.13.0
2021,2021-11-13,1,yes_no_choice,No,jev-1.13.0
2021,2021-11-13,1,who_choice,Joe Biden,jev-1.13.0
2025,2025-10-09,1,binary_probability,0.42,jev-1.13.0
2025,2025-10-09,1,yes_no_choice,Yes,jev-1.13.0
2025,2025-10-09,1,who_choice,Donald Trump,jev-1.13.0
2021,2020-09-26,1,binary_probability,0.99,jev-1.13.0
2021,2020-09-26,1,yes_no_choice,Yes,jev-1.13.0
2021,2020-09-26,1,who_choice,Donald Trump,jev-1.13.0
2021,2021-05-10,1,binary_probability,0.03,jev-1.13.0
2021,2021-05-10,1,yes_no_choice,No,jev-1.13.0
2021,2021-05-10,1,who_choice,Joe Biden,jev-1.13.0
2021,2020-09-06,1,binary_probability,0.98,jev-1.13.0
2021,2020-09-06,1,yes_no_choice,Yes,jev-1.13.0
2021,2020-09-06,1,who_choice,Donald Trump,jev-1.13.0
2021,2021-05-04,1,binary_probability,0.03,jev-1.13.0
2021,2021-05-04,1,yes_no_choice,No,jev-1.13.0
2021,2021-05-04,1,who_choice,Joe Biden,jev-1.13.0
2021,2021-12-22,1,binary_probability,0.01,jev-1.13.0
2021,2021-12-22,1,yes_no_choice,No,jev-1.13.0
2021,2021-12-22,1,who_choice,Joe Biden,jev-1.13.0
2025,2024-05-25,1,binary_probability,0.06,jev-1.13.0
2025,2024-05-25,1,yes_no_choice,No,jev-1.13.0
2025,2024-05-25,1,who_choice,Joe Biden,jev-1.13.0
2025,2025-07-16,1,binary_probability,0.45,jev-1.13.0
2025,2025-07-16,1,yes_no_choice,Yes,jev-1.13.0
2025,2025-07-16,1,who_choice,Donald Trump,jev-1.13.0
2021,2021-01-03,1,binary_probability,0.96,jev-1.13.0
2021,2021-01-03,1,yes_no_choice,Yes,jev-1.13.0
2021,2021-01-03,1,who_choice,Donald Trump,jev-1.13.0
2021,2020-04-26,1,binary_probability,0.99,jev-1.13.0
2021,2020-04-26,1,yes_no_choice,Yes,jev-1.13.0
2021,2020-04-26,1,who_choice,Donald Trump,jev-1.13.0
2025,2024-01-22,1,binary_probability,0.15,jev-1.13.0
2025,2024-01-22,1,yes_no_choice,No,jev-1.13.0
2025,2024-01-22,1,who_choice,Joe Biden,jev-1.13.0
2021,2021-11-20,1,binary_probability,0.03,jev-1.13.0
2021,2021-11-20,1,yes_no_choice,No,jev-1.13.0
2021,2021-11-20,1,who_choice,Joe Biden,jev-1.13.0
2025,2025-09-30,1,binary_probability,0.42,jev-1.13.0
2025,2025-09-30,1,yes_no_choice,No,jev-1.13.0
2025,2025-09-30,1,who_choice,Donald Trump,jev-1.13.0
2025,2024-05-17,1,binary_probability,0.06,jev-1.13.0
2025,2024-05-17,1,yes_no_choice,No,jev-1.13.0
2025,2024-05-17,1,who_choice,Joe Biden,jev-1.13.0
2025,2025-07-17,1,binary_probability,0.38,jev-1.13.0
2025,2025-07-17,1,yes_no_choice,Yes,jev-1.13.0
2025,2025-07-17,1,who_choice,Donald Trump,jev-1.13.0
2021,2020-10-04,1,binary_probability,0.99,jev-1.13.0
2021,2020-10-04,1,yes_no_choice,Yes,jev-1.13.0
2021,2020-10-04,1,who_choice,Donald Trump,jev-1.13.0
2025,2024-10-15,1,binary_probability,0.08,jev-1.13.0
2025,2024-10-15,1,yes_no_choice,No,jev-1.13.0
2025,2024-10-15,1,who_choice,Joe Biden,jev-1.13.0
2021,2020-07-21,1,binary_probability,0.98,jev-1.13.0
2021,2020-07-21,1,yes_no_choice,Yes,jev-1.13.0
2021,2020-07-21,1,who_choice,Donald Trump,jev-1.13.0
2025,2025-01-17,1,binary_probability,0.57,jev-1.13.0
2025,2025-01-17,1,yes_no_choice,Yes,jev-1.13.0
2025,2025-01-17,1,who_choice,Donald Trump,jev-1.13.0
2025,2025-11-10,1,binary_probability,0.56,jev-1.13.0
2025,2025-11-10,1,yes_no_choice,Yes,jev-1.13.0
2025,2025-11-10,1,who_choice,Donald Trump,jev-1.13.0
2025,2024-10-14,1,binary_probability,0.07,jev-1.13.0
2025,2024-10-14,1,yes_no_choice,No,jev-1.13.0
2025,2024-10-14,1,who_choice,Joe Biden,jev-1.13.0
2025,2024-06-18,1,binary_probability,0.06,jev-1.13.0
2025,2024-06-18,1,yes_no_choice,No,jev-1.13.0
2025,2024-06-18,1,who_choice,Joe Biden,jev-1.13.0
2025,2025-07-08,1,binary_probability,0.42,jev-1.13.0
2025,2025-07-08,1,yes_no_choice,Yes,jev-1.13.0
2025,2025-07-08,1,who_choice,Donald Trump,jev-1.13.0
2021,2020-07-03,1,binary_probability,0.98,jev-1.13.0
2021,2020-07-03,1,yes_no_choice,Yes,jev-1.13.0
2021,2020-07-03,1,who_choice,Donald Trump,jev-1.13.0
2025,2024-07-13,1,binary_probability,0.1,jev-1.13.0
2025,2024-07-13,1,yes_no_choice,No,jev-1.13.0
2025,2024-07-13,1,who_choice,Joe Biden,jev-1.13.0
2025,2024-05-29,1,binary_probability,0.07,jev-1.13.0
2025,2024-05-29,1,yes_no_choice,No,jev-1.13.0
2025,2024-05-29,1,who_choice,Joe Biden,jev-1.13.0
2025,2024-06-16,1,binary_probability,0.07,jev-1.13.0
2025,2024-06-16,1,yes_no_choice,No,jev-1.13.0
2025,2024-06-16,1,who_choice,Joe Biden,jev-1.13.0
2021,2021-07-04,1,binary_probability,0.02,jev-1.13.0
2021,2021-07-04,1,yes_no_choice,No,jev-1.13.0
2021,2021-07-04,1,who_choice,Joe Biden,jev-1.13.0
2025,2024-03-25,1,binary_probability,0.07,jev-1.13.0
2025,2024-03-25,1,yes_no_choice,No,jev-1.13.0
2025,2024-03-25,1,who_choice,Joe Biden,jev-1.13.0
2021,2021-05-28,1,binary_probability,0.02,jev-1.13.0
2021,2021-05-28,1,yes_no_choice,No,jev-1.13.0
2021,2021-05-28,1,who_choice,Joe Biden,jev-1.13.0
2021,2020-05-06,1,binary_probability,0.98,jev-1.13.0
2021,2020-05-06,1,yes_no_choice,Yes,jev-1.13.0
2021,2020-05-06,1,who_choice,Donald Trump,jev-1.13.0
2021,2020-05-19,1,binary_probability,0.98,jev-1.13.0
2021,2020-05-19,1,yes_no_choice,Yes,jev-1.13.0
2021,2020-05-19,1,who_choice,Donald Trump,jev-1.13.0
2025,2025-01-13,1,binary_probability,0.52,jev-1.13.0
2025,2025-01-13,1,yes_no_choice,Yes,jev-1.13.0
2025,2025-01-13,1,who_choice,Donald Trump,jev-1.13.0
2021,2020-03-27,1,binary_probability,0.98,jev-1.13.0
2021,2020-03-27,1,yes_no_choice,Yes,jev-1.13.0
2021,2020-03-27,1,who_choice,Donald Trump,jev-1.13.0
2025,2025-10-20,1,binary_probability,0.42,jev-1.13.0
2025,2025-10-20,1,yes_no_choice,Yes,jev-1.13.0
2025,2025-10-20,1,who_choice,Donald Trump,jev-1.13.0
2025,2024-06-04,1,binary_probability,0.06,jev-1.13.0
2025,2024-06-04,1,yes_no_choice,No,jev-1.13.0
2025,2024-06-04,1,who_choice,Joe Biden,jev-1.13.0
2021,2021-07-16,1,binary_probability,0.02,jev-1.13.0
2021,2021-07-16,1,yes_no_choice,No,jev-1.13.0
2021,2021-07-16,1,who_choice,Joe Biden,jev-1.13.0
2021,2020-06-05,1,binary_probability,0.98,jev-1.13.0
2021,2020-06-05,1,yes_no_choice,Yes,jev-1.13.0
2021,2020-06-05,1,who_choice,Donald Trump,jev-1.13.0
2021,2020-06-25,1,binary_probability,0.98,jev-1.13.0
2021,2020-06-25,1,yes_no_choice,Yes,jev-1.13.0
2021,2020-06-25,1,who_choice,Donald Trump,jev-1.13.0
2025,2025-10-05,1,binary_probability,0.42,jev-1.13.0
2025,2025-10-05,1,yes_no_choice,No,jev-1.13.0
2025,2025-10-05,1,who_choice,Donald Trump,jev-1.13.0
2025,2025-01-03,1,binary_probability,0.37,jev-1.13.0
2025,2025-01-03,1,yes_no_choice,No,jev-1.13.0
2025,2025-01-03,1,who_choice,Donald Trump,jev-1.13.0
2021,2020-03-28,1,binary_probability,0.99,jev-1.13.0
2021,2020-03-28,1,yes_no_choice,Yes,jev-1.13.0
2021,2020-03-28,1,who_choice,Donald Trump,jev-1.13.0
2025,2024-10-17,1,binary_probability,0.12,jev-1.13.0
2025,2024-10-17,1,yes_no_choice,No,jev-1.13.0
2025,2024-10-17,1,who_choice,Joe Biden,jev-1.13.0
2021,2020-12-18,1,binary_probability,0.96,jev-1.13.0
2021,2020-12-18,1,yes_no_choice,Yes,jev-1.13.0
2021,2020-12-18,1,who_choice,Donald Trump,jev-1.13.0
2021,2020-10-21,1,binary_probability,0.98,jev-1.13.0
2021,2020-10-21,1,yes_no_choice,Yes,jev-1.13.0
2021,2020-10-21,1,who_choice,Donald Trump,jev-1.13.0
2021,2020-09-12,1,binary_probability,0.98,jev-1.13.0
2021,2020-09-12,1,yes_no_choice,Yes,jev-1.13.0
2021,2020-09-12,1,who_choice,Donald Trump,jev-1.13.0
2025,2024-11-03,1,binary_probability,0.33,jev-1.13.0
2025,2024-11-03,1,yes_no_choice,No,jev-1.13.0
2025,2024-11-03,1,who_choice,Joe Biden,jev-1.13.0
2021,2021-10-28,1,binary_probability,0.02,jev-1.13.0
2021,2021-10-28,1,yes_no_choice,No,jev-1.13.0
2021,2021-10-28,1,who_choice,Joe Biden,jev-1.13.0
2021,2020-12-21,1,binary_probability,0.97,jev-1.13.0
2021,2020-12-21,1,yes_no_choice,Yes,jev-1.13.0
2021,2020-12-21,1,who_choice,Donald Trump,jev-1.13.0
2021,2020-05-21,1,binary_probability,0.98,jev-1.13.0
2021,2020-05-21,1,yes_no_choice,Yes,jev-1.13.0
2021,2020-05-21,1,who_choice,Donald Trump,jev-1.13.0
2025,2025-10-08,1,binary_probability,0.47,jev-1.13.0
2025,2025-10-08,1,yes_no_choice,No,jev-1.13.0
2025,2025-10-08,1,who_choice,Donald Trump,jev-1.13.0
2021,2020-03-02,1,binary_probability,0.99,jev-1.13.0
2021,2020-03-02,1,yes_no_choice,Yes,jev-1.13.0
2021,2020-03-02,1,who_choice,Donald Trump,jev-1.13.0
2021,2021-08-21,1,binary_probability,0.02,jev-1.13.0
2021,2021-08-21,1,yes_no_choice,No,jev-1.13.0
2021,2021-08-21,1,who_choice,Joe Biden,jev-1.13.0
2025,2024-02-25,1,binary_probability,0.07,jev-1.13.0
2025,2024-02-25,1,yes_no_choice,No,jev-1.13.0
2025,2024-02-25,1,who_choice,Joe Biden,jev-1.13.0
2025,2025-10-07,1,binary_probability,0.46,jev-1.13.0
2025,2025-10-07,1,yes_no_choice,Yes,jev-1.13.0
2025,2025-10-07,1,who_choice,Donald Trump,jev-1.13.0
2025,2024-11-30,1,binary_probability,0.23,jev-1.13.0
2025,2024-11-30,1,yes_no_choice,No,jev-1.13.0
2025,2024-11-30,1,who_choice,Joe Biden,jev-1.13.0
2025,2025-12-31,1,binary_probability,0.6,jev-1.13.0
2025,2025-12-31,1,yes_no_choice,Yes,jev-1.13.0
2025,2025-12-31,1,who_choice,Donald Trump,jev-1.13.0
2021,2020-07-05,1,binary_probability,0.98,jev-1.13.0
2021,2020-07-05,1,yes_no_choice,Yes,jev-1.13.0
2021,2020-07-05,1,who_choice,Donald Trump,jev-1.13.0
2021,2020-02-05,1,binary_probability,0.99,jev-1.13.0
2021,2020-02-05,1,yes_no_choice,Yes,jev-1.13.0
2021,2020-02-05,1,who_choice,Donald Trump,jev-1.13.0
2021,2021-03-23,1,binary_probability,0.02,jev-1.13.0
2021,2021-03-23,1,yes_no_choice,No,jev-1.13.0
2021,2021-03-23,1,who_choice,Joe Biden,jev-1.13.0
2025,2025-08-30,1,binary_probability,0.47,jev-1.13.0
2025,2025-08-30,1,yes_no_choice,Yes,jev-1.13.0
2025,2025-08-30,1,who_choice,Donald Trump,jev-1.13.0
2025,2024-08-17,1,binary_probability,0.09,jev-1.13.0
2025,2024-08-17,1,yes_no_choice,No,jev-1.13.0
2025,2024-08-17,1,who_choice,Joe Biden,jev-1.13.0
2021,2020-06-29,1,binary_probability,0.98,jev-1.13.0
2021,2020-06-29,1,yes_no_choice,Yes,jev-1.13.0
2021,2020-06-29,1,who_choice,Donald Trump,jev-1.13.0
2025,2025-04-02,1,binary_probability,0.52,jev-1.13.0
2025,2025-04-02,1,yes_no_choice,Yes,jev-1.13.0
2025,2025-04-02,1,who_choice,Donald Trump,jev-1.13.0
2021,2021-01-18,1,binary_probability,0.44,jev-1.13.0
2021,2021-01-18,1,yes_no_choice,Yes,jev-1.13.0
2021,2021-01-18,1,who_choice,Donald Trump,jev-1.13.0
2021,2020-11-01,1,binary_probability,0.97,jev-1.13.0
2021,2020-11-01,1,yes_no_choice,Yes,jev-1.13.0
2021,2020-11-01,1,who_choice,Donald Trump,jev-1.13.0
2025,2025-04-29,1,binary_probability,0.48,jev-1.13.0
2025,2025-04-29,1,yes_no_choice,Yes,jev-1.13.0
2025,2025-04-29,1,who_choice,Donald Trump,jev-1.13.0
2021,2021-01-06,1,binary_probability,0.97,jev-1.13.0
2021,2021-01-06,1,yes_no_choice,Yes,jev-1.13.0
2021,2021-01-06,1,who_choice,Donald Trump,jev-1.13.0
2021,2020-01-24,1,binary_probability,0.98,jev-1.13.0
2021,2020-01-24,1,yes_no_choice,Yes,jev-1.13.0
2021,2020-01-24,1,who_choice,Donald Trump,jev-1.13.0
2025,2024-05-14,1,binary_probability,0.05,jev-1.13.0
2025,2024-05-14,1,yes_no_choice,No,jev-1.13.0
2025,2024-05-14,1,who_choice,Joe Biden,jev-1.13.0
2021,2021-08-05,1,binary_probability,0.02,jev-1.13.0
2021,2021-08-05,1,yes_no_choice,No,jev-1.13.0
2021,2021-08-05,1,who_choice,Joe Biden,jev-1.13.0
2025,2026-01-01,1,binary_probability,0.39,jev-1.13.0
2025,2026-01-01,1,yes_no_choice,Yes,jev-1.13.0
2025,2026-01-01,1,who_choice,Donald Trump,jev-1.13.0
2025,2024-03-02,1,binary_probability,0.08,jev-1.13.0
2025,2024-03-02,1,yes_no_choice,No,jev-1.13.0
2025,2024-03-02,1,who_choice,Joe Biden,jev-1.13.0
2021,2020-05-18,1,binary_probability,0.98,jev-1.13.0
2021,2020-05-18,1,yes_no_choice,Yes,jev-1.13.0
2021,2020-05-18,1,who_choice,Donald Trump,jev-1.13.0
2025,2025-02-11,1,binary_probability,0.7,jev-1.13.0
2025,2025-02-11,1,yes_no_choice,Yes,jev-1.13.0
2025,2025-02-11,1,who_choice,Donald Trump,jev-1.13.0
2025,2025-07-21,1,binary_probability,0.48,jev-1.13.0
2025,2025-07-21,1,yes_no_choice,Yes,jev-1.13.0
2025,2025-07-21,1,who_choice,Donald Trump,jev-1.13.0
2021,2021-06-04,1,binary_probability,0.02,jev-1.13.0
2021,2021-06-04,1,yes_no_choice,No,jev-1.13.0
2021,2021-06-04,1,who_choice,Joe Biden,jev-1.13.0
2021,2021-11-14,1,binary_probability,0.02,jev-1.13.0
2021,2021-11-14,1,yes_no_choice,No,jev-1.13.0
2021,2021-11-14,1,who_choice,Joe Biden,jev-1.13.0
2021,2021-11-17,1,binary_probability,0.02,jev-1.13.0
2021,2021-11-17,1,yes_no_choice,No,jev-1.13.0
2021,2021-11-17,1,who_choice,Joe Biden,jev-1.13.0
2021,2020-02-07,1,binary_probability,0.98,jev-1.13.0
2021,2020-02-07,1,yes_no_choice,Yes,jev-1.13.0
2021,2020-02-07,1,who_choice,Donald Trump,jev-1.13.0
2025,2024-12-11,1,binary_probability,0.3,jev-1.13.0
2025,2024-12-11,1,yes_no_choice,No,jev-1.13.0
2025,2024-12-11,1,who_choice,Donald Trump,jev-1.13.0
2021,2021-12-09,1,binary_probability,0.02,jev-1.13.0
2021,2021-12-09,1,yes_no_choice,No,jev-1.13.0
2021,2021-12-09,1,who_choice,Joe Biden,jev-1.13.0
2025,2025-01-04,1,binary_probability,0.46,jev-1.13.0
2025,2025-01-04,1,yes_no_choice,No,jev-1.13.0
2025,2025-01-04,1,who_choice,Donald Trump,jev-1.13.0
2025,2024-10-07,1,binary_probability,0.13,jev-1.13.0
2025,2024-10-07,1,yes_no_choice,No,jev-1.13.0
2025,2024-10-07,1,who_choice,Joe Biden,jev-1.13.0
2021,2021-07-05,1,binary_probability,0.02,jev-1.13.0
2021,2021-07-05,1,yes_no_choice,No,jev-1.13.0
2021,2021-07-05,1,who_choice,Joe Biden,jev-1.13.0
2021,2021-03-11,1,binary_probability,0.03,jev-1.13.0
2021,2021-03-11,1,yes_no_choice,No,jev-1.13.0
2021,2021-03-11,1,who_choice,Joe Biden,jev-1.13.0
2021,2021-09-22,1,binary_probability,0.02,jev-1.13.0
2021,2021-09-22,1,yes_no_choice,No,jev-1.13.0
2021,2021-09-22,1,who_choice,Joe Biden,jev-1.13.0
2021,2020-11-13,1,binary_probability,0.97,jev-1.13.0
2021,2020-11-13,1,yes_no_choice,Yes,jev-1.13.0
2021,2020-11-13,1,who_choice,Donald Trump,jev-1.13.0
2025,2026-01-20,1,binary_probability,0.49,jev-1.13.0
2025,2026-01-20,1,yes_no_choice,Yes,jev-1.13.0
2025,2026-01-20,1,who_choice,Donald Trump,jev-1.13.0
2025,2025-04-07,1,binary_probability,0.53,jev-1.13.0
2025,2025-04-07,1,yes_no_choice,Yes,jev-1.13.0
2025,2025-04-07,1,who_choice,Donald Trump,jev-1.13.0
2021,2020-02-22,1,binary_probability,0.98,jev-1.13.0
2021,2020-02-22,1,yes_no_choice,Yes,jev-1.13.0
2021,2020-02-22,1,who_choice,Donald Trump,jev-1.13.0
2021,2020-09-11,1,binary_probability,0.98,jev-1.13.0
2021,2020-09-11,1,yes_no_choice,Yes,jev-1.13.0
2021,2020-09-11,1,who_choice,Donald Trump,jev-1.13.0
2021,2020-03-22,1,binary_probability,0.98,jev-1.13.0
2021,2020-03-22,1,yes_no_choice,Yes,jev-1.13.0
2021,2020-03-22,1,who_choice,Donald Trump,jev-1.13.0
2025,2025-01-22,1,binary_probability,0.63,jev-1.13.0
2025,2025-01-22,1,yes_no_choice,Yes,jev-1.13.0
2025,2025-01-22,1,who_choice,Donald Trump,jev-1.13.0
2025,2024-05-09,1,binary_probability,0.06,jev-1.13.0
2025,2024-05-09,1,yes_no_choice,No,jev-1.13.0
2025,2024-05-09,1,who_choice,Joe Biden,jev-1.13.0
2025,2024-06-09,1,binary_probability,0.08,jev-1.13.0
2025,2024-06-09,1,yes_no_choice,No,jev-1.13.0
2025,2024-06-09,1,who_choice,Joe Biden,jev-1.13.0
2021,2021-11-15,1,binary_probability,0.02,jev-1.13.0
2021,2021-11-15,1,yes_no_choice,No,jev-1.13.0
2021,2021-11-15,1,who_choice,Joe Biden,jev-1.13.0
2025,2024-04-29,1,binary_probability,0.06,jev-1.13.0
2025,2024-04-29,1,yes_no_choice,No,jev-1.13.0
2025,2024-04-29,1,who_choice,Joe Biden,jev-1.13.0
2021,2021-07-15,1,binary_probability,0.02,jev-1.13.0
2021,2021-07-15,1,yes_no_choice,No,jev-1.13.0
2021,2021-07-15,1,who_choice,Joe Biden,jev-1.13.0
2021,2021-11-11,1,binary_probability,0.03,jev-1.13.0
2021,2021-11-11,1,yes_no_choice,No,jev-1.13.0
2021,2021-11-11,1,who_choice,Joe Biden,jev-1.13.0
2025,2026-01-13,1,binary_probability,0.49,jev-1.13.0
2025,2026-01-13,1,yes_no_choice,Yes,jev-1.13.0
2025,2026-01-13,1,who_choice,Donald Trump,jev-1.13.0
2021,2020-04-17,1,binary_probability,0.98,jev-1.13.0
2021,2020-04-17,1,yes_no_choice,Yes,jev-1.13.0
2021,2020-04-17,1,who_choice,Donald Trump,jev-1.13.0
2021,2021-08-01,1,binary_probability,0.02,jev-1.13.0
2021,2021-08-01,1,yes_no_choice,No,jev-1.13.0
2021,2021-08-01,1,who_choice,Joe Biden,jev-1.13.0
2025,2025-03-01,1,binary_probability,0.61,jev-1.13.0
2025,2025-03-01,1,yes_no_choice,Yes,jev-1.13.0
2025,2025-03-01,1,who_choice,Donald Trump,jev-1.13.0
2021,2021-10-25,1,binary_probability,0.02,jev-1.13.0
2021,2021-10-25,1,yes_no_choice,No,jev-1.13.0
2021,2021-10-25,1,who_choice,Joe Biden,jev-1.13.0
2025,2024-10-12,1,binary_probability,0.16,jev-1.13.0
2025,2024-10-12,1,yes_no_choice,No,jev-1.13.0
2025,2024-10-12,1,who_choice,Joe Biden,jev-1.13.0
2025,2024-03-24,1,binary_probability,0.07,jev-1.13.0
2025,2024-03-24,1,yes_no_choice,No,jev-1.13.0
2025,2024-03-24,1,who_choice,Joe Biden,jev-1.13.0
2021,2021-08-26,1,binary_probability,0.02,jev-1.13.0
2021,2021-08-26,1,yes_no_choice,No,jev-1.13.0
2021,2021-08-26,1,who_choice,Joe Biden,jev-1.13.0
2021,2020-06-11,1,binary_probability,0.99,jev-1.13.0
2021,2020-06-11,1,yes_no_choice,Yes,jev-1.13.0
2021,2020-06-11,1,who_choice,Donald Trump,jev-1.13.0
2021,2020-07-06,1,binary_probability,0.98,jev-1.13.0
2021,2020-07-06,1,yes_no_choice,Yes,jev-1.13.0
2021,2020-07-06,1,who_choice,Donald Trump,jev-1.13.0
2021,2021-03-20,1,binary_probability,0.03,jev-1.13.0
2021,2021-03-20,1,yes_no_choice,No,jev-1.13.0
2021,2021-03-20,1,who_choice,Joe Biden,jev-1.13.0
2025,2024-03-07,1,binary_probability,0.11,jev-1.13.0
2025,2024-03-07,1,yes_no_choice,No,jev-1.13.0
2025,2024-03-07,1,who_choice,Joe Biden,jev-1.13.0
2021,2021-11-08,1,binary_probability,0.02,jev-1.13.0
2021,2021-11-08,1,yes_no_choice,No,jev-1.13.0
2021,2021-11-08,1,who_choice,Joe Biden,jev-1.13.0
2025,2024-01-30,1,binary_probability,0.17,jev-1.13.0
2025,2024-01-30,1,yes_no_choice,No,jev-1.13.0
2025,2024-01-30,1,who_choice,Joe Biden,jev-1.13.0
2025,2025-02-05,1,binary_probability,0.71,jev-1.13.0
2025,2025-02-05,1,yes_no_choice,Yes,jev-1.13.0
2025,2025-02-05,1,who_choice,Donald Trump,jev-1.13.0
2025,2024-07-06,1,binary_probability,0.08,jev-1.13.0
2025,2024-07-06,1,yes_no_choice,No,jev-1.13.0
2025,2024-07-06,1,who_choice,Joe Biden,jev-1.13.0
2025,2025-11-21,1,binary_probability,0.59,jev-1.13.0
2025,2025-11-21,1,yes_no_choice,Yes,jev-1.13.0
2025,2025-11-21,1,who_choice,Donald Trump,jev-1.13.0
2021,2021-09-12,1,binary_probability,0.02,jev-1.13.0
2021,2021-09-12,1,yes_no_choice,No,jev-1.13.0
2021,2021-09-12,1,who_choice,Joe Biden,jev-1.13.0
2021,2021-08-04,1,binary_probability,0.02,jev-1.13.0
2021,2021-08-04,1,yes_no_choice,No,jev-1.13.0
2021,2021-08-04,1,who_choice,Joe Biden,jev-1.13.0
2021,2020-10-12,1,binary_probability,0.99,jev-1.13.0
2021,2020-10-12,1,yes_no_choice,Yes,jev-1.13.0
2021,2020-10-12,1,who_choice,Donald Trump,jev-1.13.0
2021,2020-12-24,1,binary_probability,0.97,jev-1.13.0
2021,2020-12-24,1,yes_no_choice,Yes,jev-1.13.0
2021,2020-12-24,1,who_choice,Donald Trump,jev-1.13.0
2025,2025-11-07,1,binary_probability,0.53,jev-1.13.0
2025,2025-11-07,1,yes_no_choice,Yes,jev-1.13.0
2025,2025-11-07,1,who_choice,Donald Trump,jev-1.13.0
2021,2020-02-21,1,binary_probability,0.98,jev-1.13.0
2021,2020-02-21,1,yes_no_choice,Yes,jev-1.13.0
2021,2020-02-21,1,who_choice,Donald Trump,jev-1.13.0
2021,2020-03-10,1,binary_probability,0.99,jev-1.13.0
2021,2020-03-10,1,yes_no_choice,Yes,jev-1.13.0
2021,2020-03-10,1,who_choice,Donald Trump,jev-1.13.0
2025,2025-12-09,1,binary_probability,0.57,jev-1.13.0
2025,2025-12-09,1,yes_no_choice,Yes,jev-1.13.0
2025,2025-12-09,1,who_choice,Donald Trump,jev-1.13.0
2021,2020-07-04,1,binary_probability,0.99,jev-1.13.0
2021,2020-07-04,1,yes_no_choice,Yes,jev-1.13.0
2021,2020-07-04,1,who_choice,Donald Trump,jev-1.13.0
2025,2024-06-26,1,binary_probability,0.07,jev-1.13.0
2025,2024-06-26,1,yes_no_choice,No,jev-1.13.0
2025,2024-06-26,1,who_choice,Joe Biden,jev-1.13.0
2025,2024-05-12,1,binary_probability,0.05,jev-1.13.0
2025,2024-05-12,1,yes_no_choice,No,jev-1.13.0
2025,2024-05-12,1,who_choice,Joe Biden,jev-1.13.0
2021,2020-01-31,1,binary_probability,0.98,jev-1.13.0
2021,2020-01-31,1,yes_no_choice,Yes,jev-1.13.0
2021,2020-01-31,1,who_choice,Donald Trump,jev-1.13.0
2025,2026-01-07,1,binary_probability,0.44,jev-1.13.0
2025,2026-01-07,1,yes_no_choice,Yes,jev-1.13.0
2025,2026-01-07,1,who_choice,Donald Trump,jev-1.13.0
2021,2020-09-25,1,binary_probability,0.98,jev-1.13.0
2021,2020-09-25,1,yes_no_choice,Yes,jev-1.13.0
2021,2020-09-25,1,who_choice,Donald Trump,jev-1.13.0
2021,2020-01-27,1,binary_probability,0.98,jev-1.13.0
2021,2020-01-27,1,yes_no_choice,Yes,jev-1.13.0
2021,2020-01-27,1,who_choice,Donald Trump,jev-1.13.0
2025,2024-05-24,1,binary_probability,0.05,jev-1.13.0
2025,2024-05-24,1,yes_no_choice,No,jev-1.13.0
2025,2024-05-24,1,who_choice,Joe Biden,jev-1.13.0
2025,2024-09-08,1,binary_probability,0.06,jev-1.13.0
2025,2024-09-08,1,yes_no_choice,No,jev-1.13.0
2025,2024-09-08,1,who_choice,Joe Biden,jev-1.13.0
2025,2025-03-04,1,binary_probability,0.61,jev-1.13.0
2025,2025-03-04,1,yes_no_choice,Yes,jev-1.13.0
2025,2025-03-04,1,who_choice,Donald Trump,jev-1.13.0
2025,2024-07-23,1,binary_probability,0.12,jev-1.13.0
2025,2024-07-23,1,yes_no_choice,No,jev-1.13.0
2025,2024-07-23,1,who_choice,Joe Biden,jev-1.13.0
2021,2021-02-16,1,binary_probability,0.04,jev-1.13.0
2021,2021-02-16,1,yes_no_choice,No,jev-1.13.0
2021,2021-02-16,1,who_choice,Joe Biden,jev-1.13.0
2025,2024-05-05,1,binary_probability,0.07,jev-1.13.0
2025,2024-05-05,1,yes_no_choice,No,jev-1.13.0
2025,2024-05-05,1,who_choice,Joe Biden,jev-1.13.0
2021,2020-11-09,1,binary_probability,0.97,jev-1.13.0
2021,2020-11-09,1,yes_no_choice,Yes,jev-1.13.0
2021,2020-11-09,1,who_choice,Donald Trump,jev-1.13.0
2025,2024-11-15,1,binary_probability,0.26,jev-1.13.0
2025,2024-11-15,1,yes_no_choice,No,jev-1.13.0
2025,2024-11-15,1,who_choice,Donald Trump,jev-1.13.0
2025,2024-03-12,1,binary_probability,0.07,jev-1.13.0
2025,2024-03-12,1,yes_no_choice,No,jev-1.13.0
2025,2024-03-12,1,who_choice,Joe Biden,jev-1.13.0
2021,2020-08-11,1,binary_probability,0.99,jev-1.13.0
2021,2020-08-11,1,yes_no_choice,Yes,jev-1.13.0
2021,2020-08-11,1,who_choice,Donald Trump,jev-1.13.0
2021,2022-01-17,1,binary_probability,0.1,jev-1.13.0
2021,2022-01-17,1,yes_no_choice,No,jev-1.13.0
2021,2022-01-17,1,who_choice,Joe Biden,jev-1.13.0
2021,2020-03-12,1,binary_probability,0.98,jev-1.13.0
2021,2020-03-12,1,yes_no_choice,Yes,jev-1.13.0
2021,2020-03-12,1,who_choice,Donald Trump,jev-1.13.0
2025,2024-07-22,1,binary_probability,0.09,jev-1.13.0
2025,2024-07-22,1,yes_no_choice,No,jev-1.13.0
2025,2024-07-22,1,who_choice,Joe Biden,jev-1.13.0
2025,2024-04-02,1,binary_probability,0.07,jev-1.13.0
2025,2024-04-02,1,yes_no_choice,No,jev-1.13.0
2025,2024-04-02,1,who_choice,Joe Biden,jev-1.13.0
2021,2020-10-25,1,binary_probability,0.98,jev-1.13.0
2021,2020-10-25,1,yes_no_choice,Yes,jev-1.13.0
2021,2020-10-25,1,who_choice,Donald Trump,jev-1.13.0
2021,2021-04-06,1,binary_probability,0.04,jev-1.13.0
2021,2021-04-06,1,yes_no_choice,No,jev-1.13.0
2021,2021-04-06,1,who_choice,Joe Biden,jev-1.13.0
2025,2025-05-11,1,binary_probability,0.46,jev-1.13.0
2025,2025-05-11,1,yes_no_choice,No,jev-1.13.0
2025,2025-05-11,1,who_choice,Donald Trump,jev-1.13.0
2025,2024-03-06,1,binary_probability,0.1,jev-1.13.0
2025,2024-03-06,1,yes_no_choice,No,jev-1.13.0
2025,2024-03-06,1,who_choice,Joe Biden,jev-1.13.0
2025,2025-08-28,1,binary_probability,0.41,jev-1.13.0
2025,2025-08-28,1,yes_no_choice,Yes,jev-1.13.0
2025,2025-08-28,1,who_choice,Donald Trump,jev-1.13.0
2021,2021-04-27,1,binary_probability,0.03,jev-1.13.0
2021,2021-04-27,1,yes_no_choice,No,jev-1.13.0
2021,2021-04-27,1,who_choice,Joe Biden,jev-1.13.0
2025,2025-11-15,1,binary_probability,0.51,jev-1.13.0
2025,2025-11-15,1,yes_no_choice,Yes,jev-1.13.0
2025,2025-11-15,1,who_choice,Donald Trump,jev-1.13.0
2021,2020-08-08,1,binary_probability,0.98,jev-1.13.0
2021,2020-08-08,1,yes_no_choice,Yes,jev-1.13.0
2021,2020-08-08,1,who_choice,Donald Trump,jev-1.13.0
2025,2025-03-10,1,binary_probability,0.58,jev-1.13.0
2025,2025-03-10,1,yes_no_choice,Yes,jev-1.13.0
2025,2025-03-10,1,who_choice,Donald Trump,jev-1.13.0
2025,2025-01-18,1,binary_probability,0.53,jev-1.13.0
2025,2025-01-18,1,yes_no_choice,Yes,jev-1.13.0
2025,2025-01-18,1,who_choice,Donald Trump,jev-1.13.0
2025,2025-09-09,1,binary_probability,0.41,jev-1.13.0
2025,2025-09-09,1,yes_no_choice,No,jev-1.13.0
2025,2025-09-09,1,who_choice,Donald Trump,jev-1.13.0
2025,2025-08-04,1,binary_probability,0.41,jev-1.13.0
2025,2025-08-04,1,yes_no_choice,No,jev-1.13.0
2025,2025-08-04,1,who_choice,Donald Trump,jev-1.13.0
2021,2022-01-10,1,binary_probability,0.09,jev-1.13.0
2021,2022-01-10,1,yes_no_choice,No,jev-1.13.0
2021,2022-01-10,1,who_choice,Joe Biden,jev-1.13.0
2025,2025-10-23,1,binary_probability,0.48,jev-1.13.0
2025,2025-10-23,1,yes_no_choice,Yes,jev-1.13.0
2025,2025-10-23,1,who_choice,Donald Trump,jev-1.13.0
2025,2025-08-29,1,binary_probability,0.44,jev-1.13.0
2025,2025-08-29,1,yes_no_choice,Yes,jev-1.13.0
2025,2025-08-29,1,who_choice,Donald Trump,jev-1.13.0
2021,2021-04-01,1,binary_probability,0.03,jev-1.13.0
2021,2021-04-01,1,yes_no_choice,No,jev-1.13.0
2021,2021-04-01,1,who_choice,Joe Biden,jev-1.13.0
2021,2020-11-06,1,binary_probability,0.96,jev-1.13.0
2021,2020-11-06,1,yes_no_choice,Yes,jev-1.13.0
2021,2020-11-06,1,who_choice,Donald Trump,jev-1.13.0
2025,2025-06-02,1,binary_probability,0.46,jev-1.13.0
2025,2025-06-02,1,yes_no_choice,No,jev-1.13.0
2025,2025-06-02,1,who_choice,Donald Trump,jev-1.13.0
2025,2024-03-26,1,binary_probability,0.06,jev-1.13.0
2025,2024-03-26,1,yes_no_choice,No,jev-1.13.0
2025,2024-03-26,1,who_choice,Joe Biden,jev-1.13.0
2025,2025-09-11,1,binary_probability,0.34,jev-1.13.0
2025,2025-09-11,1,yes_no_choice,No,jev-1.13.0
2025,2025-09-11,1,who_choice,Donald Trump,jev-1.13.0
2021,2020-03-13,1,binary_probability,0.99,jev-1.13.0
2021,2020-03-13,1,yes_no_choice,Yes,jev-1.13.0
2021,2020-03-13,1,who_choice,Donald Trump,jev-1.13.0
2025,2025-09-26,1,binary_probability,0.44,jev-1.13.0
2025,2025-09-26,1,yes_no_choice,No,jev-1.13.0
2025,2025-09-26,1,who_choice,Donald Trump,jev-1.13.0
2021,2020-11-12,1,binary_probability,0.97,jev-1.13.0
2021,2020-11-12,1,yes_no_choice,Yes,jev-1.13.0
2021,2020-11-12,1,who_choice,Donald Trump,jev-1.13.0
2021,2021-11-27,1,binary_probability,0.02,jev-1.13.0
2021,2021-11-27,1,yes_no_choice,No,jev-1.13.0
2021,2021-11-27,1,who_choice,Joe Biden,jev-1.13.0
2021,2020-11-27,1,binary_probability,0.97,jev-1.13.0
2021,2020-11-27,1,yes_no_choice,Yes,jev-1.13.0
2021,2020-11-27,1,who_choice,Donald Trump,jev-1.13.0
2021,2020-09-19,1,binary_probability,0.98,jev-1.13.0
2021,2020-09-19,1,yes_no_choice,Yes,jev-1.13.0
2021,2020-09-19,1,who_choice,Donald Trump,jev-1.13.0
2025,2025-08-22,1,binary_probability,0.4,jev-1.13.0
2025,2025-08-22,1,yes_no_choice,Yes,jev-1.13.0
2025,2025-08-22,1,who_choice,Donald Trump,jev-1.13.0
2021,2020-08-04,1,binary_probability,0.98,jev-1.13.0
2021,2020-08-04,1,yes_no_choice,Yes,jev-1.13.0
2021,2020-08-04,1,who_choice,Donald Trump,jev-1.13.0
2025,2024-01-25,1,binary_probability,0.17,jev-1.13.0
2025,2024-01-25,1,yes_no_choice,No,jev-1.13.0
2025,2024-01-25,1,who_choice,Joe Biden,jev-1.13.0
2025,2024-09-06,1,binary_probability,0.08,jev-1.13.0
2025,2024-09-06,1,yes_no_choice,No,jev-1.13.0
2025,2024-09-06,1,who_choice,Joe Biden,jev-1.13.0
2025,2025-05-08,1,binary_probability,0.46,jev-1.13.0
2025,2025-05-08,1,yes_no_choice,Yes,jev-1.13.0
2025,2025-05-08,1,who_choice,Donald Trump,jev-1.13.0
2025,2025-07-22,1,binary_probability,0.41,jev-1.13.0
2025,2025-07-22,1,yes_no_choice,No,jev-1.13.0
2025,2025-07-22,1,who_choice,Donald Trump,jev-1.13.0
2025,2024-09-29,1,binary_probability,0.06,jev-1.13.0
2025,2024-09-29,1,yes_no_choice,No,jev-1.13.0
2025,2024-09-29,1,who_choice,Joe Biden,jev-1.13.0
2021,2021-04-03,1,binary_probability,0.03,jev-1.13.0
2021,2021-04-03,1,yes_no_choice,No,jev-1.13.0
2021,2021-04-03,1,who_choice,Joe Biden,jev-1.13.0
2025,2025-01-02,1,binary_probability,0.4,jev-1.13.0
2025,2025-01-02,1,yes_no_choice,No,jev-1.13.0
2025,2025-01-02,1,who_choice,Donald Trump,jev-1.13.0
2021,2020-02-09,1,binary_probability,0.98,jev-1.13.0
2021,2020-02-09,1,yes_no_choice,Yes,jev-1.13.0
2021,2020-02-09,1,who_choice,Donald Trump,jev-1.13.0
2021,2020-03-08,1,binary_probability,0.99,jev-1.13.0
2021,2020-03-08,1,yes_no_choice,Yes,jev-1.13.0
2021,2020-03-08,1,who_choice,Donald Trump,jev-1.13.0
2021,2021-10-24,1,binary_probability,0.02,jev-1.13.0
2021,2021-10-24,1,yes_no_choice,No,jev-1.13.0
2021,2021-10-24,1,who_choice,Joe Biden,jev-1.13.0
2021,2021-06-25,1,binary_probability,0.02,jev-1.13.0
2021,2021-06-25,1,yes_no_choice,No,jev-1.13.0
2021,2021-06-25,1,who_choice,Joe Biden,jev-1.13.0
2021,2020-02-12,1,binary_probability,0.99,jev-1.13.0
2021,2020-02-12,1,yes_no_choice,Yes,jev-1.13.0
2021,2020-02-12,1,who_choice,Donald Trump,jev-1.13.0
2025,2025-05-23,1,binary_probability,0.47,jev-1.13.0
2025,2025-05-23,1,yes_no_choice,Yes,jev-1.13.0
2025,2025-05-23,1,who_choice,Donald Trump,jev-1.13.0
2021,2021-03-06,1,binary_probability,0.04,jev-1.13.0
2021,2021-03-06,1,yes_no_choice,No,jev-1.13.0
2021,2021-03-06,1,who_choice,Joe Biden,jev-1.13.0
2025,2024-11-14,1,binary_probability,0.25,jev-1.13.0
2025,2024-11-14,1,yes_no_choice,No,jev-1.13.0
2025,2024-11-14,1,who_choice,Donald Trump,jev-1.13.0
2021,2020-12-22,1,binary_probability,0.97,jev-1.13.0
2021,2020-12-22,1,yes_no_choice,Yes,jev-1.13.0
2021,2020-12-22,1,who_choice,Donald Trump,jev-1.13.0
2025,2025-07-10,1,binary_probability,0.46,jev-1.13.0
2025,2025-07-10,1,yes_no_choice,Yes,jev-1.13.0
2025,2025-07-10,1,who_choice,Donald Trump,jev-1.13.0
2021,2021-12-15,1,binary_probability,0.02,jev-1.13.0
2021,2021-12-15,1,yes_no_choice,No,jev-1.13.0
2021,2021-12-15,1,who_choice,Joe Biden,jev-1.13.0
2021,2020-05-13,1,binary_probability,0.99,jev-1.13.0
2021,2020-05-13,1,yes_no_choice,Yes,jev-1.13.0
2021,2020-05-13,1,who_choice,Donald Trump,jev-1.13.0
2021,2020-11-23,1,binary_probability,0.97,jev-1.13.0
2021,2020-11-23,1,yes_no_choice,Yes,jev-1.13.0
2021,2020-11-23,1,who_choice,Donald Trump,jev-1.13.0
2021,2020-08-03,1,binary_probability,0.98,jev-1.13.0
2021,2020-08-03,1,yes_no_choice,Yes,jev-1.13.0
2021,2020-08-03,1,who_choice,Donald Trump,jev-1.13.0
2021,2021-10-30,1,binary_probability,0.02,jev-1.13.0
2021,2021-10-30,1,yes_no_choice,No,jev-1.13.0
2021,2021-10-30,1,who_choice,Joe Biden,jev-1.13.0
2021,2022-01-15,1,binary_probability,0.07,jev-1.13.0
2021,2022-01-15,1,yes_no_choice,No,jev-1.13.0
2021,2022-01-15,1,who_choice,Joe Biden,jev-1.13.0
2025,2024-04-19,1,binary_probability,0.05,jev-1.13.0
2025,2024-04-19,1,yes_no_choice,No,jev-1.13.0
2025,2024-04-19,1,who_choice,Joe Biden,jev-1.13.0
2025,2025-11-01,1,binary_probability,0.52,jev-1.13.0
2025,2025-11-01,1,yes_no_choice,Yes,jev-1.13.0
2025,2025-11-01,1,who_choice,Donald Trump,jev-1.13.0
2025,2024-03-10,1,binary_probability,0.12,jev-1.13.0
2025,2024-03-10,1,yes_no_choice,No,jev-1.13.0
2025,2024-03-10,1,who_choice,Joe Biden,jev-1.13.0
2025,2024-06-07,1,binary_probability,0.09,jev-1.13.0
2025,2024-06-07,1,yes_no_choice,No,jev-1.13.0
2025,2024-06-07,1,who_choice,Joe Biden,jev-1.13.0
2021,2021-10-09,1,binary_probability,0.02,jev-1.13.0
2021,2021-10-09,1,yes_no_choice,No,jev-1.13.0
2021,2021-10-09,1,who_choice,Joe Biden,jev-1.13.0
2021,2021-10-07,1,binary_probability,0.03,jev-1.13.0
2021,2021-10-07,1,yes_no_choice,No,jev-1.13.0
2021,2021-10-07,1,who_choice,Joe Biden,jev-1.13.0
2021,2021-05-23,1,binary_probability,0.02,jev-1.13.0
2021,2021-05-23,1,yes_no_choice,No,jev-1.13.0
2021,2021-05-23,1,who_choice,Joe Biden,jev-1.13.0
2025,2024-07-02,1,binary_probability,0.06,jev-1.13.0
2025,2024-07-02,1,yes_no_choice,No,jev-1.13.0
2025,2024-07-02,1,who_choice,Joe Biden,jev-1.13.0
2021,2020-05-02,1,binary_probability,0.99,jev-1.13.0
2021,2020-05-02,1,yes_no_choice,Yes,jev-1.13.0
2021,2020-05-02,1,who_choice,Donald Trump,jev-1.13.0
2021,2020-08-22,1,binary_probability,0.99,jev-1.13.0
2021,2020-08-22,1,yes_no_choice,Yes,jev-1.13.0
2021,2020-08-22,1,who_choice,Donald Trump,jev-1.13.0
2025,2026-01-15,1,binary_probability,0.42,jev-1.13.0
2025,2026-01-15,1,yes_no_choice,Yes,jev-1.13.0
2025,2026-01-15,1,who_choice,Donald Trump,jev-1.13.0
2025,2024-05-28,1,binary_probability,0.08,jev-1.13.0
2025,2024-05-28,1,yes_no_choice,No,jev-1.13.0
2025,2024-05-28,1,who_choice,Joe Biden,jev-1.13.0
2025,2025-04-19,1,binary_probability,0.49,jev-1.13.0
2025,2025-04-19,1,yes_no_choice,Yes,jev-1.13.0
2025,2025-04-19,1,who_choice,Donald Trump,jev-1.13.0
2025,2025-11-14,1,binary_probability,0.51,jev-1.13.0
2025,2025-11-14,1,yes_no_choice,Yes,jev-1.13.0
2025,2025-11-14,1,who_choice,Donald Trump,jev-1.13.0
2025,2025-06-22,1,binary_probability,0.48,jev-1.13.0
2025,2025-06-22,1,yes_no_choice,Yes,jev-1.13.0
2025,2025-06-22,1,who_choice,Donald Trump,jev-1.13.0
2025,2024-06-28,1,binary_probability,0.04,jev-1.13.0
2025,2024-06-28,1,yes_no_choice,No,jev-1.13.0
2025,2024-06-28,1,who_choice,Joe Biden,jev-1.13.0
2021,2020-07-07,1,binary_probability,0.98,jev-1.13.0
2021,2020-07-07,1,yes_no_choice,Yes,jev-1.13.0
2021,2020-07-07,1,who_choice,Donald Trump,jev-1.13.0
2025,2024-06-06,1,binary_probability,0.05,jev-1.13.0
2025,2024-06-06,1,yes_no_choice,No,jev-1.13.0
2025,2024-06-06,1,who_choice,Joe Biden,jev-1.13.0
2025,2025-12-08,1,binary_probability,0.57,jev-1.13.0
2025,2025-12-08,1,yes_no_choice,Yes,jev-1.13.0
2025,2025-12-08,1,who_choice,Donald Trump,jev-1.13.0
2021,2021-12-14,1,binary_probability,0.03,jev-1.13.0
2021,2021-12-14,1,yes_no_choice,No,jev-1.13.0
2021,2021-12-14,1,who_choice,Joe Biden,jev-1.13.0
2021,2020-01-22,1,binary_probability,0.98,jev-1.13.0
2021,2020-01-22,1,yes_no_choice,Yes,jev-1.13.0
2021,2020-01-22,1,who_choice,Donald Trump,jev-1.13.0
2025,2025-04-18,1,binary_probability,0.53,jev-1.13.0
2025,2025-04-18,1,yes_no_choice,Yes,jev-1.13.0
2025,2025-04-18,1,who_choice,Donald Trump,jev-1.13.0
2021,2021-07-20,1,binary_probability,0.03,jev-1.13.0
2021,2021-07-20,1,yes_no_choice,No,jev-1.13.0
2021,2021-07-20,1,who_choice,Joe Biden,jev-1.13.0
2025,2025-04-30,1,binary_probability,0.43,jev-1.13.0
2025,2025-04-30,1,yes_no_choice,No,jev-1.13.0
2025,2025-04-30,1,who_choice,Donald Trump,jev-1.13.0
2021,2020-10-20,1,binary_probability,0.98,jev-1.13.0
2021,2020-10-20,1,yes_no_choice,Yes,jev-1.13.0
2021,2020-10-20,1,who_choice,Donald Trump,jev-1.13.0
2025,2024-08-10,1,binary_probability,0.09,jev-1.13.0
2025,2024-08-10,1,yes_no_choice,No,jev-1.13.0
2025,2024-08-10,1,who_choice,Joe Biden,jev-1.13.0
2025,2025-12-25,1,binary_probability,0.56,jev-1.13.0
2025,2025-12-25,1,yes_no_choice,Yes,jev-1.13.0
2025,2025-12-25,1,who_choice,Donald Trump,jev-1.13.0
2021,2020-05-03,1,binary_probability,0.98,jev-1.13.0
2021,2020-05-03,1,yes_no_choice,Yes,jev-1.13.0
2021,2020-05-03,1,who_choice,Donald Trump,jev-1.13.0
2021,2021-08-22,1,binary_probability,0.02,jev-1.13.0
2021,2021-08-22,1,yes_no_choice,No,jev-1.13.0
2021,2021-08-22,1,who_choice,Joe Biden,jev-1.13.0
2025,2024-10-28,1,binary_probability,0.17,jev-1.13.0
2025,2024-10-28,1,yes_no_choice,No,jev-1.13.0
2025,2024-10-28,1,who_choice,Joe Biden,jev-1.13.0
2021,2020-12-23,1,binary_probability,0.96,jev-1.13.0
2021,2020-12-23,1,yes_no_choice,Yes,jev-1.13.0
2021,2020-12-23,1,who_choice,Donald Trump,jev-1.13.0
2021,2020-04-30,1,binary_probability,0.99,jev-1.13.0
2021,2020-04-30,1,yes_no_choice,Yes,jev-1.13.0
2021,2020-04-30,1,who_choice,Donald Trump,jev-1.13.0
2021,2020-04-10,1,binary_probability,0.99,jev-1.13.0
2021,2020-04-10,1,yes_no_choice,Yes,jev-1.13.0
2021,2020-04-10,1,who_choice,Donald Trump,jev-1.13.0
2021,2020-09-17,1,binary_probability,0.99,jev-1.13.0
2021,2020-09-17,1,yes_no_choice,Yes,jev-1.13.0
2021,2020-09-17,1,who_choice,Donald Trump,jev-1.13.0
2025,2024-06-05,1,binary_probability,0.07,jev-1.13.0
2025,2024-06-05,1,yes_no_choice,No,jev-1.13.0
2025,2024-06-05,1,who_choice,Joe Biden,jev-1.13.0
2025,2025-11-06,1,binary_probability,0.54,jev-1.13.0
2025,2025-11-06,1,yes_no_choice,Yes,jev-1.13.0
2025,2025-11-06,1,who_choice,Donald Trump,jev-1.13.0
2021,2021-09-16,1,binary_probability,0.02,jev-1.13.0
2021,2021-09-16,1,yes_no_choice,No,jev-1.13.0
2021,2021-09-16,1,who_choice,Joe Biden,jev-1.13.0
2025,2024-12-14,1,binary_probability,0.23,jev-1.13.0
2025,2024-12-14,1,yes_no_choice,No,jev-1.13.0
2025,2024-12-14,1,who_choice,Donald Trump,jev-1.13.0
2021,2020-12-26,1,binary_probability,0.97,jev-1.13.0
2021,2020-12-26,1,yes_no_choice,Yes,jev-1.13.0
2021,2020-12-26,1,who_choice,Donald Trump,jev-1.13.0
2025,2024-02-24,1,binary_probability,0.06,jev-1.13.0
2025,2024-02-24,1,yes_no_choice,No,jev-1.13.0
2025,2024-02-24,1,who_choice,Joe Biden,jev-1.13.0
2025,2024-04-08,1,binary_probability,0.05,jev-1.13.0
2025,2024-04-08,1,yes_no_choice,No,jev-1.13.0
2025,2024-04-08,1,who_choice,Joe Biden,jev-1.13.0
2025,2025-09-12,1,binary_probability,0.41,jev-1.13.0
2025,2025-09-12,1,yes_no_choice,No,jev-1.13.0
2025,2025-09-12,1,who_choice,Donald Trump,jev-1.13.0
2021,2021-09-15,1,binary_probability,0.02,jev-1.13.0
2021,2021-09-15,1,yes_no_choice,No,jev-1.13.0
2021,2021-09-15,1,who_choice,Joe Biden,jev-1.13.0
2021,2021-07-21,1,binary_probability,0.02,jev-1.13.0
2021,2021-07-21,1,yes_no_choice,No,jev-1.13.0
2021,2021-07-21,1,who_choice,Joe Biden,jev-1.13.0
2021,2021-11-18,1,binary_probability,0.03,jev-1.13.0
2021,2021-11-18,1,yes_no_choice,No,jev-1.13.0
2021,2021-11-18,1,who_choice,Joe Biden,jev-1.13.0
2021,2021-09-13,1,binary_probability,0.02,jev-1.13.0
2021,2021-09-13,1,yes_no_choice,No,jev-1.13.0
2021,2021-09-13,1,who_choice,Joe Biden,jev-1.13.0
2021,2021-01-20,1,binary_probability,0.7,jev-1.13.0
2021,2021-01-20,1,yes_no_choice,Yes,jev-1.13.0
2021,2021-01-20,1,who_choice,Joe Biden,jev-1.13.0
2025,2025-04-10,1,binary_probability,0.5,jev-1.13.0
2025,2025-04-10,1,yes_no_choice,Yes,jev-1.13.0
2025,2025-04-10,1,who_choice,Donald Trump,jev-1.13.0
2021,2020-03-24,1,binary_probability,0.98,jev-1.13.0
2021,2020-03-24,1,yes_no_choice,Yes,jev-1.13.0
2021,2020-03-24,1,who_choice,Donald Trump,jev-1.13.0
2021,2021-10-05,1,binary_probability,0.03,jev-1.13.0
2021,2021-10-05,1,yes_no_choice,No,jev-1.13.0
2021,2021-10-05,1,who_choice,Joe Biden,jev-1.13.0
2021,2021-08-30,1,binary_probability,0.02,jev-1.13.0
2021,2021-08-30,1,yes_no_choice,No,jev-1.13.0
2021,2021-08-30,1,who_choice,Joe Biden,jev-1.13.0
2021,2021-03-03,1,binary_probability,0.04,jev-1.13.0
2021,2021-03-03,1,yes_no_choice,No,jev-1.13.0
2021,2021-03-03,1,who_choice,Joe Biden,jev-1.13.0
2021,2020-06-07,1,binary_probability,0.98,jev-1.13.0
2021,2020-06-07,1,yes_no_choice,Yes,jev-1.13.0
2021,2020-06-07,1,who_choice,Donald Trump,jev-1.13.0
2021,2021-12-03,1,binary_probability,0.02,jev-1.13.0
2021,2021-12-03,1,yes_no_choice,No,jev-1.13.0
2021,2021-12-03,1,who_choice,Joe Biden,jev-1.13.0
2021,2020-05-12,1,binary_probability,0.99,jev-1.13.0
2021,2020-05-12,1,yes_no_choice,Yes,jev-1.13.0
2021,2020-05-12,1,who_choice,Donald Trump,jev-1.13.0
2021,2021-02-19,1,binary_probability,0.08,jev-1.13.0
2021,2021-02-19,1,yes_no_choice,No,jev-1.13.0
2021,2021-02-19,1,who_choice,Joe Biden,jev-1.13.0
2025,2025-10-21,1,binary_probability,0.47,jev-1.13.0
2025,2025-10-21,1,yes_no_choice,Yes,jev-1.13.0
2025,2025-10-21,1,who_choice,Donald Trump,jev-1.13.0
2025,2024-05-03,1,binary_probability,0.09,jev-1.13.0
2025,2024-05-03,1,yes_no_choice,No,jev-1.13.0
2025,2024-05-03,1,who_choice,Joe Biden,jev-1.13.0
2021,2021-04-04,1,binary_probability,0.05,jev-1.13.0
2021,2021-04-04,1,yes_no_choice,No,jev-1.13.0
2021,2021-04-04,1,who_choice,Joe Biden,jev-1.13.0
2025,2024-07-18,1,binary_probability,0.08,jev-1.13.0
2025,2024-07-18,1,yes_no_choice,No,jev-1.13.0
2025,2024-07-18,1,who_choice,Joe Biden,jev-1.13.0
2025,2025-05-13,1,binary_probability,0.52,jev-1.13.0
2025,2025-05-13,1,yes_no_choice,No,jev-1.13.0
2025,2025-05-13,1,who_choice,Donald Trump,jev-1.13.0
2025,2025-07-18,1,binary_probability,0.44,jev-1.13.0
2025,2025-07-18,1,yes_no_choice,Yes,jev-1.13.0
2025,2025-07-18,1,who_choice,Donald Trump,jev-1.13.0
2025,2025-02-08,1,binary_probability,0.67,jev-1.13.0
2025,2025-02-08,1,yes_no_choice,Yes,jev-1.13.0
2025,2025-02-08,1,who_choice,Donald Trump,jev-1.13.0
2025,2025-02-21,1,binary_probability,0.65,jev-1.13.0
2025,2025-02-21,1,yes_no_choice,Yes,jev-1.13.0
2025,2025-02-21,1,who_choice,Donald Trump,jev-1.13.0
2025,2024-07-03,1,binary_probability,0.09,jev-1.13.0
2025,2024-07-03,1,yes_no_choice,No,jev-1.13.0
2025,2024-07-03,1,who_choice,Joe Biden,jev-1.13.0
2025,2025-02-27,1,binary_probability,0.69,jev-1.13.0
2025,2025-02-27,1,yes_no_choice,Yes,jev-1.13.0
2025,2025-02-27,1,who_choice,Donald Trump,jev-1.13.0
2021,2020-07-31,1,binary_probability,0.98,jev-1.13.0
2021,2020-07-31,1,yes_no_choice,Yes,jev-1.13.0
2021,2020-07-31,1,who_choice,Donald Trump,jev-1.13.0
2025,2024-11-22,1,binary_probability,0.21,jev-1.13.0
2025,2024-11-22,1,yes_no_choice,No,jev-1.13.0
2025,2024-11-22,1,who_choice,Joe Biden,jev-1.13.0
2025,2025-05-29,1,binary_probability,0.51,jev-1.13.0
2025,2025-05-29,1,yes_no_choice,Yes,jev-1.13.0
2025,2025-05-29,1,who_choice,Donald Trump,jev-1.13.0
2025,2024-07-30,1,binary_probability,0.1,jev-1.13.0
2025,2024-07-30,1,yes_no_choice,No,jev-1.13.0
2025,2024-07-30,1,who_choice,Joe Biden,jev-1.13.0
2021,2020-05-10,1,binary_probability,0.98,jev-1.13.0
2021,2020-05-10,1,yes_no_choice,Yes,jev-1.13.0
2021,2020-05-10,1,who_choice,Donald Trump,jev-1.13.0
2025,2026-01-16,1,binary_probability,0.45,jev-1.13.0
2025,2026-01-16,1,yes_no_choice,Yes,jev-1.13.0
2025,2026-01-16,1,who_choice,Donald Trump,jev-1.13.0
2025,2024-12-09,1,binary_probability,0.3,jev-1.13.0
2025,2024-12-09,1,yes_no_choice,No,jev-1.13.0
2025,2024-12-09,1,who_choice,Donald Trump,jev-1.13.0
2021,2020-03-03,1,binary_probability,0.99,jev-1.13.0
2021,2020-03-03,1,yes_no_choice,Yes,jev-1.13.0
2021,2020-03-03,1,who_choice,Donald Trump,jev-1.13.0
2025,2025-05-01,1,binary_probability,0.44,jev-1.13.0
2025,2025-05-01,1,yes_no_choice,Yes,jev-1.13.0
2025,2025-05-01,1,who_choice,Donald Trump,jev-1.13.0
2021,2021-04-30,1,binary_probability,0.03,jev-1.13.0
2021,2021-04-30,1,yes_no_choice,No,jev-1.13.0
2021,2021-04-30,1,who_choice,Joe Biden,jev-1.13.0
2021,2021-05-03,1,binary_probability,0.03,jev-1.13.0
2021,2021-05-03,1,yes_no_choice,No,jev-1.13.0
2021,2021-05-03,1,who_choice,Joe Biden,jev-1.13.0
2025,2024-02-03,1,binary_probability,0.16,jev-1.13.0
2025,2024-02-03,1,yes_no_choice,No,jev-1.13.0
2025,2024-02-03,1,who_choice,Joe Biden,jev-1.13.0
2021,2020-11-20,1,binary_probability,0.97,jev-1.13.0
2021,2020-11-20,1,yes_no_choice,Yes,jev-1.13.0
2021,2020-11-20,1,who_choice,Donald Trump,jev-1.13.0
2025,2024-04-24,1,binary_probability,0.04,jev-1.13.0
2025,2024-04-24,1,yes_no_choice,No,jev-1.13.0
2025,2024-04-24,1,who_choice,Joe Biden,jev-1.13.0
2025,2024-03-21,1,binary_probability,0.06,jev-1.13.0
2025,2024-03-21,1,yes_no_choice,No,jev-1.13.0
2025,2024-03-21,1,who_choice,Joe Biden,jev-1.13.0
2025,2024-04-22,1,binary_probability,0.05,jev-1.13.0
2025,2024-04-22,1,yes_no_choice,No,jev-1.13.0
2025,2024-04-22,1,who_choice,Joe Biden,jev-1.13.0
2025,2025-12-14,1,binary_probability,0.55,jev-1.13.0
2025,2025-12-14,1,yes_no_choice,Yes,jev-1.13.0
2025,2025-12-14,1,who_choice,Donald Trump,jev-1.13.0
2021,2020-04-12,1,binary_probability,0.99,jev-1.13.0
2021,2020-04-12,1,yes_no_choice,Yes,jev-1.13.0
2021,2020-04-12,1,who_choice,Donald Trump,jev-1.13.0
2021,2021-06-29,1,binary_probability,0.02,jev-1.13.0
2021,2021-06-29,1,yes_no_choice,No,jev-1.13.0
2021,2021-06-29,1,who_choice,Joe Biden,jev-1.13.0
2021,2021-06-24,1,binary_probability,0.02,jev-1.13.0
2021,2021-06-24,1,yes_no_choice,No,jev-1.13.0
2021,2021-06-24,1,who_choice,Joe Biden,jev-1.13.0
2021,2020-12-31,1,binary_probability,0.97,jev-1.13.0
2021,2020-12-31,1,yes_no_choice,Yes,jev-1.13.0
2021,2020-12-31,1,who_choice,Donald Trump,jev-1.13.0
2021,2021-02-27,1,binary_probability,0.06,jev-1.13.0
2021,2021-02-27,1,yes_no_choice,No,jev-1.13.0
2021,2021-02-27,1,who_choice,Joe Biden,jev-1.13.0
2025,2024-08-27,1,binary_probability,0.12,jev-1.13.0
2025,2024-08-27,1,yes_no_choice,No,jev-1.13.0
2025,2024-08-27,1,who_choice,Joe Biden,jev-1.13.0
2025,2024-03-19,1,binary_probability,0.08,jev-1.13.0
2025,2024-03-19,1,yes_no_choice,No,jev-1.13.0
2025,2024-03-19,1,who_choice,Joe Biden,jev-1.13.0
2025,2025-07-28,1,binary_probability,0.46,jev-1.13.0
2025,2025-07-28,1,yes_no_choice,Yes,jev-1.13.0
2025,2025-07-28,1,who_choice,Donald Trump,jev-1.13.0
2025,2024-05-01,1,binary_probability,0.06,jev-1.13.0
2025,2024-05-01,1,yes_no_choice,No,jev-1.13.0
2025,2024-05-01,1,who_choice,Joe Biden,jev-1.13.0
2021,2020-07-28,1,binary_probability,0.98,jev-1.13.0
2021,2020-07-28,1,yes_no_choice,Yes,jev-1.13.0
2021,2020-07-28,1,who_choice,Donald Trump,jev-1.13.0
2021,2020-04-11,1,binary_probability,0.98,jev-1.13.0
2021,2020-04-11,1,yes_no_choice,Yes,jev-1.13.0
2021,2020-04-11,1,who_choice,Donald Trump,jev-1.13.0
2021,2020-11-28,1,binary_probability,0.96,jev-1.13.0
2021,2020-11-28,1,yes_no_choice,Yes,jev-1.13.0
2021,2020-11-28,1,who_choice,Donald Trump,jev-1.13.0
2025,2024-05-23,1,binary_probability,0.04,jev-1.13.0
2025,2024-05-23,1,yes_no_choice,No,jev-1.13.0
2025,2024-05-23,1,who_choice,Joe Biden,jev-1.13.0
2021,2021-08-19,1,binary_probability,0.01,jev-1.13.0
2021,2021-08-19,1,yes_no_choice,No,jev-1.13.0
2021,2021-08-19,1,who_choice,Joe Biden,jev-1.13.0
2021,2021-07-06,1,binary_probability,0.02,jev-1.13.0
2021,2021-07-06,1,yes_no_choice,No,jev-1.13.0
2021,2021-07-06,1,who_choice,Joe Biden,jev-1.13.0
2021,2021-10-29,1,binary_probability,0.02,jev-1.13.0
2021,2021-10-29,1,yes_no_choice,No,jev-1.13.0
2021,2021-10-29,1,who_choice,Joe Biden,jev-1.13.0
2025,2025-03-22,1,binary_probability,0.59,jev-1.13.0
2025,2025-03-22,1,yes_no_choice,Yes,jev-1.13.0
2025,2025-03-22,1,who_choice,Donald Trump,jev-1.13.0
2025,2025-07-27,1,binary_probability,0.48,jev-1.13.0
2025,2025-07-27,1,yes_no_choice,Yes,jev-1.13.0
2025,2025-07-27,1,who_choice,Donald Trump,jev-1.13.0
2025,2024-10-08,1,binary_probability,0.12,jev-1.13.0
2025,2024-10-08,1,yes_no_choice,No,jev-1.13.0
2025,2024-10-08,1,who_choice,Joe Biden,jev-1.13.0
2025,2026-01-19,1,binary_probability,0.47,jev-1.13.0
2025,2026-01-19,1,yes_no_choice,Yes,jev-1.13.0
2025,2026-01-19,1,who_choice,Donald Trump,jev-1.13.0
2025,2024-03-15,1,binary_probability,0.09,jev-1.13.0
2025,2024-03-15,1,yes_no_choice,No,jev-1.13.0
2025,2024-03-15,1,who_choice,Joe Biden,jev-1.13.0
2021,2020-04-28,1,binary_probability,0.98,jev-1.13.0
2021,2020-04-28,1,yes_no_choice,Yes,jev-1.13.0
2021,2020-04-28,1,who_choice,Donald Trump,jev-1.13.0
2025,2024-09-03,1,binary_probability,0.08,jev-1.13.0
2025,2024-09-03,1,yes_no_choice,No,jev-1.13.0
2025,2024-09-03,1,who_choice,Joe Biden,jev-1.13.0
2025,2025-09-16,1,binary_probability,0.41,jev-1.13.0
2025,2025-09-16,1,yes_no_choice,Yes,jev-1.13.0
2025,2025-09-16,1,who_choice,Donald Trump,jev-1.13.0
2025,2025-11-09,1,binary_probability,0.58,jev-1.13.0
2025,2025-11-09,1,yes_no_choice,Yes,jev-1.13.0
2025,2025-11-09,1,who_choice,Donald Trump,jev-1.13.0
2025,2024-11-01,1,binary_probability,0.25,jev-1.13.0
2025,2024-11-01,1,yes_no_choice,No,jev-1.13.0
2025,2024-11-01,1,who_choice,Joe Biden,jev-1.13.0
2021,2020-05-05,1,binary_probability,0.98,jev-1.13.0
2021,2020-05-05,1,yes_no_choice,Yes,jev-1.13.0
2021,2020-05-05,1,who_choice,Donald Trump,jev-1.13.0
2021,2020-04-02,1,binary_probability,0.98,jev-1.13.0
2021,2020-04-02,1,yes_no_choice,Yes,jev-1.13.0
2021,2020-04-02,1,who_choice,Donald Trump,jev-1.13.0
2025,2024-12-06,1,binary_probability,0.27,jev-1.13.0
2025,2024-12-06,1,yes_no_choice,No,jev-1.13.0
2025,2024-12-06,1,who_choice,Donald Trump,jev-1.13.0
2021,2021-09-06,1,binary_probability,0.02,jev-1.13.0
2021,2021-09-06,1,yes_no_choice,No,jev-1.13.0
2021,2021-09-06,1,who_choice,Joe Biden,jev-1.13.0
2025,2024-11-09,1,binary_probability,0.16,jev-1.13.0
2025,2024-11-09,1,yes_no_choice,No,jev-1.13.0
2025,2024-11-09,1,who_choice,Joe Biden,jev-1.13.0
2021,2021-06-15,1,binary_probability,0.02,jev-1.13.0
2021,2021-06-15,1,yes_no_choice,No,jev-1.13.0
2021,2021-06-15,1,who_choice,Joe Biden,jev-1.13.0
2021,2021-05-07,1,binary_probability,0.04,jev-1.13.0
2021,2021-05-07,1,yes_no_choice,No,jev-1.13.0
2021,2021-05-07,1,who_choice,Joe Biden,jev-1.13.0
2021,2020-11-15,1,binary_probability,0.97,jev-1.13.0
2021,2020-11-15,1,yes_no_choice,Yes,jev-1.13.0
2021,2020-11-15,1,who_choice,Donald Trump,jev-1.13.0
2025,2025-06-17,1,binary_probability,0.47,jev-1.13.0
2025,2025-06-17,1,yes_no_choice,Yes,jev-1.13.0
2025,2025-06-17,1,who_choice,Donald Trump,jev-1.13.0
2021,2020-02-08,1,binary_probability,0.99,jev-1.13.0
2021,2020-02-08,1,yes_no_choice,Yes,jev-1.13.0
2021,2020-02-08,1,who_choice,Donald Trump,jev-1.13.0
2021,2021-12-24,1,binary_probability,0.02,jev-1.13.0
2021,2021-12-24,1,yes_no_choice,No,jev-1.13.0
2021,2021-12-24,1,who_choice,Joe Biden,jev-1.13.0
2025,2025-03-21,1,binary_probability,0.56,jev-1.13.0
2025,2025-03-21,1,yes_no_choice,Yes,jev-1.13.0
2025,2025-03-21,1,who_choice,Donald Trump,jev-1.13.0
2025,2024-07-28,1,binary_probability,0.11,jev-1.13.0
2025,2024-07-28,1,yes_no_choice,No,jev-1.13.0
2025,2024-07-28,1,who_choice,Joe Biden,jev-1.13.0
2025,2024-08-31,1,binary_probability,0.08,jev-1.13.0
2025,2024-08-31,1,yes_no_choice,No,jev-1.13.0
2025,2024-08-31,1,who_choice,Joe Biden,jev-1.13.0
2021,2020-03-14,1,binary_probability,0.99,jev-1.13.0
2021,2020-03-14,1,yes_no_choice,Yes,jev-1.13.0
2021,2020-03-14,1,who_choice,Donald Trump,jev-1.13.0
2021,2020-02-27,1,binary_probability,0.99,jev-1.13.0
2021,2020-02-27,1,yes_no_choice,Yes,jev-1.13.0
2021,2020-02-27,1,who_choice,Donald Trump,jev-1.13.0
2025,2026-01-04,1,binary_probability,0.41,jev-1.13.0
2025,2026-01-04,1,yes_no_choice,Yes,jev-1.13.0
2025,2026-01-04,1,who_choice,Donald Trump,jev-1.13.0
2025,2024-11-28,1,binary_probability,0.2,jev-1.13.0
2025,2024-11-28,1,yes_no_choice,No,jev-1.13.0
2025,2024-11-28,1,who_choice,Joe Biden,jev-1.13.0
2021,2021-08-10,1,binary_probability,0.02,jev-1.13.0
2021,2021-08-10,1,yes_no_choice,No,jev-1.13.0
2021,2021-08-10,1,who_choice,Joe Biden,jev-1.13.0
2021,2021-05-05,1,binary_probability,0.04,jev-1.13.0
2021,2021-05-05,1,yes_no_choice,No,jev-1.13.0
2021,2021-05-05,1,who_choice,Joe Biden,jev-1.13.0
2021,2020-05-01,1,binary_probability,0.99,jev-1.13.0
2021,2020-05-01,1,yes_no_choice,Yes,jev-1.13.0
2021,2020-05-01,1,who_choice,Donald Trump,jev-1.13.0
2025,2025-03-07,1,binary_probability,0.57,jev-1.13.0
2025,2025-03-07,1,yes_no_choice,Yes,jev-1.13.0
2025,2025-03-07,1,who_choice,Donald Trump,jev-1.13.0
2025,2025-04-06,1,binary_probability,0.51,jev-1.13.0
2025,2025-04-06,1,yes_no_choice,Yes,jev-1.13.0
2025,2025-04-06,1,who_choice,Donald Trump,jev-1.13.0
2025,2025-05-14,1,binary_probability,0.53,jev-1.13.0
2025,2025-05-14,1,yes_no_choice,Yes,jev-1.13.0
2025,2025-05-14,1,who_choice,Donald Trump,jev-1.13.0
2021,2021-04-11,1,binary_probability,0.04,jev-1.13.0
2021,2021-04-11,1,yes_no_choice,No,jev-1.13.0
2021,2021-04-11,1,who_choice,Joe Biden,jev-1.13.0
2021,2021-01-12,1,binary_probability,0.96,jev-1.13.0
2021,2021-01-12,1,yes_no_choice,Yes,jev-1.13.0
2021,2021-01-12,1,who_choice,Joe Biden,jev-1.13.0
2021,2021-12-05,1,binary_probability,0.02,jev-1.13.0
2021,2021-12-05,1,yes_no_choice,No,jev-1.13.0
2021,2021-12-05,1,who_choice,Joe Biden,jev-1.13.0
2021,2020-05-25,1,binary_probability,0.98,jev-1.13.0
2021,2020-05-25,1,yes_no_choice,Yes,jev-1.13.0
2021,2020-05-25,1,who_choice,Donald Trump,jev-1.13.0
2021,2021-01-19,1,binary_probability,0.95,jev-1.13.0
2021,2021-01-19,1,yes_no_choice,Yes,jev-1.13.0
2021,2021-01-19,1,who_choice,Donald Trump,jev-1.13.0
2025,2024-02-18,1,binary_probability,0.08,jev-1.13.0
2025,2024-02-18,1,yes_no_choice,No,jev-1.13.0
2025,2024-02-18,1,who_choice,Joe Biden,jev-1.13.0
2021,2021-09-29,1,binary_probability,0.02,jev-1.13.0
2021,2021-09-29,1,yes_no_choice,No,jev-1.13.0
2021,2021-09-29,1,who_choice,Joe Biden,jev-1.13.0
2025,2025-03-09,1,binary_probability,0.62,jev-1.13.0
2025,2025-03-09,1,yes_no_choice,Yes,jev-1.13.0
2025,2025-03-09,1,who_choice,Donald Trump,jev-1.13.0
2025,2025-07-29,1,binary_probability,0.49,jev-1.13.0
2025,2025-07-29,1,yes_no_choice,Yes,jev-1.13.0
2025,2025-07-29,1,who_choice,Donald Trump,jev-1.13.0
2021,2020-09-03,1,binary_probability,0.98,jev-1.13.0
2021,2020-09-03,1,yes_no_choice,Yes,jev-1.13.0
2021,2020-09-03,1,who_choice,Donald Trump,jev-1.13.0
2025,2025-05-17,1,binary_probability,0.45,jev-1.13.0
2025,2025-05-17,1,yes_no_choice,Yes,jev-1.13.0
2025,2025-05-17,1,who_choice,Donald Trump,jev-1.13.0
2025,2024-08-24,1,binary_probability,0.08,jev-1.13.0
2025,2024-08-24,1,yes_no_choice,No,jev-1.13.0
2025,2024-08-24,1,who_choice,Joe Biden,jev-1.13.0
2021,2021-05-06,1,binary_probability,0.04,jev-1.13.0
2021,2021-05-06,1,yes_no_choice,No,jev-1.13.0
2021,2021-05-06,1,who_choice,Joe Biden,jev-1.13.0
2025,2025-06-09,1,binary_probability,0.44,jev-1.13.0
2025,2025-06-09,1,yes_no_choice,Yes,jev-1.13.0
2025,2025-06-09,1,who_choice,Donald Trump,jev-1.13.0
2025,2024-10-19,1,binary_probability,0.13,jev-1.13.0
2025,2024-10-19,1,yes_no_choice,No,jev-1.13.0
2025,2024-10-19,1,who_choice,Joe Biden,jev-1.13.0
2021,2020-04-05,1,binary_probability,0.98,jev-1.13.0
2021,2020-04-05,1,yes_no_choice,Yes,jev-1.13.0
2021,2020-04-05,1,who_choice,Donald Trump,jev-1.13.0
2025,2024-03-30,1,binary_probability,0.05,jev-1.13.0
2025,2024-03-30,1,yes_no_choice,No,jev-1.13.0
2025,2024-03-30,1,who_choice,Joe Biden,jev-1.13.0
2021,2021-02-25,1,binary_probability,0.06,jev-1.13.0
2021,2021-02-25,1,yes_no_choice,No,jev-1.13.0
2021,2021-02-25,1,who_choice,Joe Biden,jev-1.13.0
2025,2025-04-14,1,binary_probability,0.47,jev-1.13.0
2025,2025-04-14,1,yes_no_choice,No,jev-1.13.0
2025,2025-04-14,1,who_choice,Donald Trump,jev-1.13.0
2021,2021-11-01,1,binary_probability,0.02,jev-1.13.0
2021,2021-11-01,1,yes_no_choice,No,jev-1.13.0
2021,2021-11-01,1,who_choice,Joe Biden,jev-1.13.0
2021,2021-10-20,1,binary_probability,0.02,jev-1.13.0
2021,2021-10-20,1,yes_no_choice,No,jev-1.13.0
2021,2021-10-20,1,who_choice,Joe Biden,jev-1.13.0
2025,2024-06-20,1,binary_probability,0.09,jev-1.13.0
2025,2024-06-20,1,yes_no_choice,No,jev-1.13.0
2025,2024-06-20,1,who_choice,Joe Biden,jev-1.13.0
2025,2024-04-03,1,binary_probability,0.06,jev-1.13.0
2025,2024-04-03,1,yes_no_choice,No,jev-1.13.0
2025,2024-04-03,1,who_choice,Joe Biden,jev-1.13.0
2025,2025-03-25,1,binary_probability,0.58,jev-1.13.0
2025,2025-03-25,1,yes_no_choice,Yes,jev-1.13.0
2025,2025-03-25,1,who_choice,Donald Trump,jev-1.13.0
2025,2025-02-17,1,binary_probability,0.65,jev-1.13.0
2025,2025-02-17,1,yes_no_choice,Yes,jev-1.13.0
2025,2025-02-17,1,who_choice,Donald Trump,jev-1.13.0
2021,2020-11-17,1,binary_probability,0.95,jev-1.13.0
2021,2020-11-17,1,yes_no_choice,Yes,jev-1.13.0
2021,2020-11-17,1,who_choice,Donald Trump,jev-1.13.0
2021,2021-12-11,1,binary_probability,0.02,jev-1.13.0
2021,2021-12-11,1,yes_no_choice,No,jev-1.13.0
2021,2021-12-11,1,who_choice,Joe Biden,jev-1.13.0
2021,2021-07-12,1,binary_probability,0.02,jev-1.13.0
2021,2021-07-12,1,yes_no_choice,No,jev-1.13.0
2021,2021-07-12,1,who_choice,Joe Biden,jev-1.13.0
2021,2021-08-11,1,binary_probability,0.02,jev-1.13.0
2021,2021-08-11,1,yes_no_choice,No,jev-1.13.0
2021,2021-08-11,1,who_choice,Joe Biden,jev-1.13.0
2025,2024-12-08,1,binary_probability,0.31,jev-1.13.0
2025,2024-12-08,1,yes_no_choice,No,jev-1.13.0
2025,2024-12-08,1,who_choice,Donald Trump,jev-1.13.0
2021,2021-01-02,1,binary_probability,0.97,jev-1.13.0
2021,2021-01-02,1,yes_no_choice,Yes,jev-1.13.0
2021,2021-01-02,1,who_choice,Donald Trump,jev-1.13.0
2025,2024-03-14,1,binary_probability,0.08,jev-1.13.0
2025,2024-03-14,1,yes_no_choice,No,jev-1.13.0
2025,2024-03-14,1,who_choice,Joe Biden,jev-1.13.0
2025,2024-08-08,1,binary_probability,0.13,jev-1.13.0
2025,2024-08-08,1,yes_no_choice,No,jev-1.13.0
2025,2024-08-08,1,who_choice,Joe Biden,jev-1.13.0
2025,2024-03-11,1,binary_probability,0.08,jev-1.13.0
2025,2024-03-11,1,yes_no_choice,No,jev-1.13.0
2025,2024-03-11,1,who_choice,Joe Biden,jev-1.13.0
2021,2020-11-02,1,binary_probability,0.98,jev-1.13.0
2021,2020-11-02,1,yes_no_choice,Yes,jev-1.13.0
2021,2020-11-02,1,who_choice,Donald Trump,jev-1.13.0
2025,2025-03-02,1,binary_probability,0.55,jev-1.13.0
2025,2025-03-02,1,yes_no_choice,Yes,jev-1.13.0
2025,2025-03-02,1,who_choice,Donald Trump,jev-1.13.0
2021,2021-04-17,1,binary_probability,0.04,jev-1.13.0
2021,2021-04-17,1,yes_no_choice,No,jev-1.13.0
2021,2021-04-17,1,who_choice,Joe Biden,jev-1.13.0
2021,2020-02-24,1,binary_probability,0.98,jev-1.13.0
2021,2020-02-24,1,yes_no_choice,Yes,jev-1.13.0
2021,2020-02-24,1,who_choice,Donald Trump,jev-1.13.0
2021,2021-11-16,1,binary_probability,0.02,jev-1.13.0
2021,2021-11-16,1,yes_no_choice,No,jev-1.13.0
2021,2021-11-16,1,who_choice,Joe Biden,jev-1.13.0
2025,2025-11-22,1,binary_probability,0.53,jev-1.13.0
2025,2025-11-22,1,yes_no_choice,Yes,jev-1.13.0
2025,2025-11-22,1,who_choice,Donald Trump,jev-1.13.0
2021,2021-12-07,1,binary_probability,0.02,jev-1.13.0
2021,2021-12-07,1,yes_no_choice,No,jev-1.13.0
2021,2021-12-07,1,who_choice,Joe Biden,jev-1.13.0
2025,2025-12-04,1,binary_probability,0.57,jev-1.13.0
2025,2025-12-04,1,yes_no_choice,Yes,jev-1.13.0
2025,2025-12-04,1,who_choice,Donald Trump,jev-1.13.0
2025,2024-08-25,1,binary_probability,0.07,jev-1.13.0
2025,2024-08-25,1,yes_no_choice,No,jev-1.13.0
2025,2024-08-25,1,who_choice,Joe Biden,jev-1.13.0
2025,2025-06-04,1,binary_probability,0.45,jev-1.13.0
2025,2025-06-04,1,yes_no_choice,No,jev-1.13.0
2025,2025-06-04,1,who_choice,Donald Trump,jev-1.13.0
2025,2024-06-13,1,binary_probability,0.05,jev-1.13.0
2025,2024-06-13,1,yes_no_choice,No,jev-1.13.0
2025,2024-06-13,1,who_choice,Joe Biden,jev-1.13.0
2025,2025-10-19,1,binary_probability,0.44,jev-1.13.0
2025,2025-10-19,1,yes_no_choice,Yes,jev-1.13.0
2025,2025-10-19,1,who_choice,Donald Trump,jev-1.13.0
2021,2022-01-19,1,binary_probability,0.06,jev-1.13.0
2021,2022-01-19,1,yes_no_choice,No,jev-1.13.0
2021,2022-01-19,1,who_choice,Joe Biden,jev-1.13.0
2021,2021-04-25,1,binary_probability,0.03,jev-1.13.0
2021,2021-04-25,1,yes_no_choice,No,jev-1.13.0
2021,2021-04-25,1,who_choice,Joe Biden,jev-1.13.0
2025,2024-08-16,1,binary_probability,0.07,jev-1.13.0
2025,2024-08-16,1,yes_no_choice,No,jev-1.13.0
2025,2024-08-16,1,who_choice,Joe Biden,jev-1.13.0
2025,2024-10-27,1,binary_probability,0.14,jev-1.13.0
2025,2024-10-27,1,yes_no_choice,No,jev-1.13.0
2025,2024-10-27,1,who_choice,Joe Biden,jev-1.13.0
2021,2020-07-01,1,binary_probability,0.98,jev-1.13.0
2021,2020-07-01,1,yes_no_choice,Yes,jev-1.13.0
2021,2020-07-01,1,who_choice,Donald Trump,jev-1.13.0
2021,2021-09-02,1,binary_probability,0.02,jev-1.13.0
2021,2021-09-02,1,yes_no_choice,No,jev-1.13.0
2021,2021-09-02,1,who_choice,Joe Biden,jev-1.13.0
2021,2021-12-17,1,binary_probability,0.02,jev-1.13.0
2021,2021-12-17,1,yes_no_choice,No,jev-1.13.0
2021,2021-12-17,1,who_choice,Joe Biden,jev-1.13.0
2025,2024-09-27,1,binary_probability,0.04,jev-1.13.0
2025,2024-09-27,1,yes_no_choice,No,jev-1.13.0
2025,2024-09-27,1,who_choice,Joe Biden,jev-1.13.0
2021,2021-03-02,1,binary_probability,0.04,jev-1.13.0
2021,2021-03-02,1,yes_no_choice,No,jev-1.13.0
2021,2021-03-02,1,who_choice,Joe Biden,jev-1.13.0
2025,2024-11-13,1,binary_probability,0.22,jev-1.13.0
2025,2024-11-13,1,yes_no_choice,No,jev-1.13.0
2025,2024-11-13,1,who_choice,Joe Biden,jev-1.13.0
2021,2020-09-27,1,binary_probability,0.99,jev-1.13.0
2021,2020-09-27,1,yes_no_choice,Yes,jev-1.13.0
2021,2020-09-27,1,who_choice,Donald Trump,jev-1.13.0
2025,2025-02-02,1,binary_probability,0.71,jev-1.13.0
2025,2025-02-02,1,yes_no_choice,Yes,jev-1.13.0
2025,2025-02-02,1,who_choice,Donald Trump,jev-1.13.0
2025,2024-07-19,1,binary_probability,0.11,jev-1.13.0
2025,2024-07-19,1,yes_no_choice,No,jev-1.13.0
2025,2024-07-19,1,who_choice,Joe Biden,jev-1.13.0
2025,2024-06-15,1,binary_probability,0.06,jev-1.13.0
2025,2024-06-15,1,yes_no_choice,No,jev-1.13.0
2025,2024-06-15,1,who_choice,Joe Biden,jev-1.13.0
2021,2020-04-15,1,binary_probability,0.98,jev-1.13.0
2021,2020-04-15,1,yes_no_choice,Yes,jev-1.13.0
2021,2020-04-15,1,who_choice,Donald Trump,jev-1.13.0
2021,2020-12-06,1,binary_probability,0.97,jev-1.13.0
2021,2020-12-06,1,yes_no_choice,Yes,jev-1.13.0
2021,2020-12-06,1,who_choice,Donald Trump,jev-1.13.0
2025,2024-04-10,1,binary_probability,0.05,jev-1.13.0
2025,2024-04-10,1,yes_no_choice,No,jev-1.13.0
2025,2024-04-10,1,who_choice,Joe Biden,jev-1.13.0
2025,2024-08-22,1,binary_probability,0.12,jev-1.13.0
2025,2024-08-22,1,yes_no_choice,No,jev-1.13.0
2025,2024-08-22,1,who_choice,Joe Biden,jev-1.13.0
2025,2025-02-22,1,binary_probability,0.6,jev-1.13.0
2025,2025-02-22,1,yes_no_choice,Yes,jev-1.13.0
2025,2025-02-22,1,who_choice,Donald Trump,jev-1.13.0
2025,2025-01-07,1,binary_probability,0.35,jev-1.13.0
2025,2025-01-07,1,yes_no_choice,No,jev-1.13.0
2025,2025-01-07,1,who_choice,Donald Trump,jev-1.13.0
2025,2025-09-22,1,binary_probability,0.47,jev-1.13.0
2025,2025-09-22,1,yes_no_choice,No,jev-1.13.0
2025,2025-09-22,1,who_choice,Donald Trump,jev-1.13.0
2021,2021-08-25,1,binary_probability,0.02,jev-1.13.0
2021,2021-08-25,1,yes_no_choice,No,jev-1.13.0
2021,2021-08-25,1,who_choice,Joe Biden,jev-1.13.0
2025,2024-02-19,1,binary_probability,0.07,jev-1.13.0
2025,2024-02-19,1,yes_no_choice,No,jev-1.13.0
2025,2024-02-19,1,who_choice,Joe Biden,jev-1.13.0
2025,2024-10-01,1,binary_probability,0.12,jev-1.13.0
2025,2024-10-01,1,yes_no_choice,No,jev-1.13.0
2025,2024-10-01,1,who_choice,Joe Biden,jev-1.13.0
2025,2025-12-27,1,binary_probability,0.57,jev-1.13.0
2025,2025-12-27,1,yes_no_choice,Yes,jev-1.13.0
2025,2025-12-27,1,who_choice,Donald Trump,jev-1.13.0
2021,2021-07-19,1,binary_probability,0.02,jev-1.13.0
2021,2021-07-19,1,yes_no_choice,No,jev-1.13.0
2021,2021-07-19,1,who_choice,Joe Biden,jev-1.13.0
2021,2021-01-16,1,binary_probability,0.95,jev-1.13.0
2021,2021-01-16,1,yes_no_choice,Yes,jev-1.13.0
2021,2021-01-16,1,who_choice,Donald Trump,jev-1.13.0
2021,2020-01-21,1,binary_probability,0.86,jev-1.13.0
2021,2020-01-21,1,yes_no_choice,Yes,jev-1.13.0
2021,2020-01-21,1,who_choice,Donald Trump,jev-1.13.0
2021,2021-05-08,1,binary_probability,0.03,jev-1.13.0
2021,2021-05-08,1,yes_no_choice,No,jev-1.13.0
2021,2021-05-08,1,who_choice,Joe Biden,jev-1.13.0
2025,2024-05-19,1,binary_probability,0.06,jev-1.13.0
2025,2024-05-19,1,yes_no_choice,No,jev-1.13.0
2025,2024-05-19,1,who_choice,Joe Biden,jev-1.13.0
2025,2025-05-22,1,binary_probability,0.51,jev-1.13.0
2025,2025-05-22,1,yes_no_choice,Yes,jev-1.13.0
2025,2025-05-22,1,who_choice,Donald Trump,jev-1.13.0
2025,2025-01-19,1,binary_probability,0.62,jev-1.13.0
2025,2025-01-19,1,yes_no_choice,Yes,jev-1.13.0
2025,2025-01-19,1,who_choice,Donald Trump,jev-1.13.0
2025,2024-10-22,1,binary_probability,0.14,jev-1.13.0
2025,2024-10-22,1,yes_no_choice,No,jev-1.13.0
2025,2024-10-22,1,who_choice,Joe Biden,jev-1.13.0
2025,2024-07-08,1,binary_probability,0.1,jev-1.13.0
2025,2024-07-08,1,yes_no_choice,No,jev-1.13.0
2025,2024-07-08,1,who_choice,Joe Biden,jev-1.13.0
2021,2020-07-25,1,binary_probability,0.99,jev-1.13.0
2021,2020-07-25,1,yes_no_choice,Yes,jev-1.13.0
2021,2020-07-25,1,who_choice,Donald Trump,jev-1.13.0
2025,2025-06-16,1,binary_probability,0.46,jev-1.13.0
2025,2025-06-16,1,yes_no_choice,No,jev-1.13.0
2025,2025-06-16,1,who_choice,Donald Trump,jev-1.13.0
2025,2025-05-07,1,binary_probability,0.49,jev-1.13.0
2025,2025-05-07,1,yes_no_choice,Yes,jev-1.13.0
2025,2025-05-07,1,who_choice,Donald Trump,jev-1.13.0
2025,2024-01-24,1,binary_probability,0.16,jev-1.13.0
2025,2024-01-24,1,yes_no_choice,No,jev-1.13.0
2025,2024-01-24,1,who_choice,Joe Biden,jev-1.13.0
2021,2020-05-24,1,binary_probability,0.99,jev-1.13.0
2021,2020-05-24,1,yes_no_choice,Yes,jev-1.13.0
2021,2020-05-24,1,who_choice,Donald Trump,jev-1.13.0
2021,2020-03-20,1,binary_probability,0.98,jev-1.13.0
2021,2020-03-20,1,yes_no_choice,Yes,jev-1.13.0
2021,2020-03-20,1,who_choice,Donald Trump,jev-1.13.0
2025,2024-05-27,1,binary_probability,0.05,jev-1.13.0
2025,2024-05-27,1,yes_no_choice,No,jev-1.13.0
2025,2024-05-27,1,who_choice,Joe Biden,jev-1.13.0
2021,2020-02-11,1,binary_probability,0.99,jev-1.13.0
2021,2020-02-11,1,yes_no_choice,Yes,jev-1.13.0
2021,2020-02-11,1,who_choice,Donald Trump,jev-1.13.0
2025,2024-05-18,1,binary_probability,0.07,jev-1.13.0
2025,2024-05-18,1,yes_no_choice,No,jev-1.13.0
2025,2024-05-18,1,who_choice,Joe Biden,jev-1.13.0
2021,2021-06-02,1,binary_probability,0.03,jev-1.13.0
2021,2021-06-02,1,yes_no_choice,No,jev-1.13.0
2021,2021-06-02,1,who_choice,Joe Biden,jev-1.13.0
2021,2021-07-09,1,binary_probability,0.02,jev-1.13.0
2021,2021-07-09,1,yes_no_choice,No,jev-1.13.0
2021,2021-07-09,1,who_choice,Joe Biden,jev-1.13.0
2021,2022-01-05,1,binary_probability,0.07,jev-1.13.0
2021,2022-01-05,1,yes_no_choice,No,jev-1.13.0
2021,2022-01-05,1,who_choice,Joe Biden,jev-1.13.0
2021,2020-11-22,1,binary_probability,0.96,jev-1.13.0
2021,2020-11-22,1,yes_no_choice,Yes,jev-1.13.0
2021,2020-11-22,1,who_choice,Donald Trump,jev-1.13.0
2025,2025-01-23,1,binary_probability,0.65,jev-1.13.0
2025,2025-01-23,1,yes_no_choice,Yes,jev-1.13.0
2025,2025-01-23,1,who_choice,Donald Trump,jev-1.13.0
2025,2025-09-27,1,binary_probability,0.45,jev-1.13.0
2025,2025-09-27,1,yes_no_choice,No,jev-1.13.0
2025,2025-09-27,1,who_choice,Donald Trump,jev-1.13.0
2021,2020-08-27,1,binary_probability,0.99,jev-1.13.0
2021,2020-08-27,1,yes_no_choice,Yes,jev-1.13.0
2021,2020-08-27,1,who_choice,Donald Trump,jev-1.13.0
2021,2021-01-15,1,binary_probability,0.96,jev-1.13.0
2021,2021-01-15,1,yes_no_choice,Yes,jev-1.13.0
2021,2021-01-15,1,who_choice,Donald Trump,jev-1.13.0
2025,2025-07-30,1,binary_probability,0.49,jev-1.13.0
2025,2025-07-30,1,yes_no_choice,Yes,jev-1.13.0
2025,2025-07-30,1,who_choice,Donald Trump,jev-1.13.0
2025,2025-09-29,1,binary_probability,0.45,jev-1.13.0
2025,2025-09-29,1,yes_no_choice,No,jev-1.13.0
2025,2025-09-29,1,who_choice,Donald Trump,jev-1.13.0
2025,2024-12-16,1,binary_probability,0.27,jev-1.13.0
2025,2024-12-16,1,yes_no_choice,No,jev-1.13.0
2025,2024-12-16,1,who_choice,Donald Trump,jev-1.13.0
2025,2024-08-20,1,binary_probability,0.12,jev-1.13.0
2025,2024-08-20,1,yes_no_choice,No,jev-1.13.0
2025,2024-08-20,1,who_choice,Joe Biden,jev-1.13.0
2021,2021-01-09,1,binary_probability,0.96,jev-1.13.0
2021,2021-01-09,1,yes_no_choice,Yes,jev-1.13.0
2021,2021-01-09,1,who_choice,Donald Trump,jev-1.13.0
2025,2025-10-13,1,binary_probability,0.46,jev-1.13.0
2025,2025-10-13,1,yes_no_choice,Yes,jev-1.13.0
2025,2025-10-13,1,who_choice,Donald Trump,jev-1.13.0
2025,2024-05-02,1,binary_probability,0.07,jev-1.13.0
2025,2024-05-02,1,yes_no_choice,No,jev-1.13.0
2025,2024-05-02,1,who_choice,Joe Biden,jev-1.13.0
2021,2020-03-21,1,binary_probability,0.98,jev-1.13.0
2021,2020-03-21,1,yes_no_choice,Yes,jev-1.13.0
2021,2020-03-21,1,who_choice,Donald Trump,jev-1.13.0
2025,2025-08-27,1,binary_probability,0.43,jev-1.13.0
2025,2025-08-27,1,yes_no_choice,Yes,jev-1.13.0
2025,2025-08-27,1,who_choice,Donald Trump,jev-1.13.0
2025,2024-06-01,1,binary_probability,0.06,jev-1.13.0
2025,2024-06-01,1,yes_no_choice,No,jev-1.13.0
2025,2024-06-01,1,who_choice,Joe Biden,jev-1.13.0
2025,2025-02-06,1,binary_probability,0.69,jev-1.13.0
2025,2025-02-06,1,yes_no_choice,Yes,jev-1.13.0
2025,2025-02-06,1,who_choice,Donald Trump,jev-1.13.0
2021,2020-02-03,1,binary_probability,0.99,jev-1.13.0
2021,2020-02-03,1,yes_no_choice,Yes,jev-1.13.0
2021,2020-02-03,1,who_choice,Donald Trump,jev-1.13.0
2021,2021-01-08,1,binary_probability,0.93,jev-1.13.0
2021,2021-01-08,1,yes_no_choice,Yes,jev-1.13.0
2021,2021-01-08,1,who_choice,Joe Biden,jev-1.13.0
2021,2021-06-16,1,binary_probability,0.02,jev-1.13.0
2021,2021-06-16,1,yes_no_choice,No,jev-1.13.0
2021,2021-06-16,1,who_choice,Joe Biden,jev-1.13.0
2025,2025-06-03,1,binary_probability,0.46,jev-1.13.0
2025,2025-06-03,1,yes_no_choice,Yes,jev-1.13.0
2025,2025-06-03,1,who_choice,Donald Trump,jev-1.13.0
2021,2020-09-02,1,binary_probability,0.98,jev-1.13.0
2021,2020-09-02,1,yes_no_choice,Yes,jev-1.13.0
2021,2020-09-02,1,who_choice,Donald Trump,jev-1.13.0
2021,2020-12-07,1,binary_probability,0.98,jev-1.13.0
2021,2020-12-07,1,yes_no_choice,Yes,jev-1.13.0
2021,2020-12-07,1,who_choice,Donald Trump,jev-1.13.0
2025,2025-02-04,1,binary_probability,0.69,jev-1.13.0
2025,2025-02-04,1,yes_no_choice,Yes,jev-1.13.0
2025,2025-02-04,1,who_choice,Donald Trump,jev-1.13.0
2025,2024-07-21,1,binary_probability,0.09,jev-1.13.0
2025,2024-07-21,1,yes_no_choice,No,jev-1.13.0
2025,2024-07-21,1,who_choice,Joe Biden,jev-1.13.0
2021,2020-08-24,1,binary_probability,0.99,jev-1.13.0
2021,2020-08-24,1,yes_no_choice,Yes,jev-1.13.0
2021,2020-08-24,1,who_choice,Donald Trump,jev-1.13.0
2021,2020-03-30,1,binary_probability,0.98,jev-1.13.0
2021,2020-03-30,1,yes_no_choice,Yes,jev-1.13.0
2021,2020-03-30,1,who_choice,Donald Trump,jev-1.13.0
2021,2021-11-07,1,binary_probability,0.02,jev-1.13.0
2021,2021-11-07,1,yes_no_choice,No,jev-1.13.0
2021,2021-11-07,1,who_choice,Joe Biden,jev-1.13.0
2025,2025-03-24,1,binary_probability,0.64,jev-1.13.0
2025,2025-03-24,1,yes_no_choice,Yes,jev-1.13.0
2025,2025-03-24,1,who_choice,Donald Trump,jev-1.13.0
2021,2021-09-20,1,binary_probability,0.02,jev-1.13.0
2021,2021-09-20,1,yes_no_choice,No,jev-1.13.0
2021,2021-09-20,1,who_choice,Joe Biden,jev-1.13.0
2021,2021-01-29,1,binary_probability,0.16,jev-1.13.0
2021,2021-01-29,1,yes_no_choice,No,jev-1.13.0
2021,2021-01-29,1,who_choice,Joe Biden,jev-1.13.0
2025,2025-12-07,1,binary_probability,0.57,jev-1.13.0
2025,2025-12-07,1,yes_no_choice,Yes,jev-1.13.0
2025,2025-12-07,1,who_choice,Donald Trump,jev-1.13.0
2021,2021-07-25,1,binary_probability,0.02,jev-1.13.0
2021,2021-07-25,1,yes_no_choice,No,jev-1.13.0
2021,2021-07-25,1,who_choice,Joe Biden,jev-1.13.0
2025,2025-04-13,1,binary_probability,0.51,jev-1.13.0
2025,2025-04-13,1,yes_no_choice,No,jev-1.13.0
2025,2025-04-13,1,who_choice,Donald Trump,jev-1.13.0
2021,2020-10-05,1,binary_probability,0.99,jev-1.13.0
2021,2020-10-05,1,yes_no_choice,Yes,jev-1.13.0
2021,2020-10-05,1,who_choice,Donald Trump,jev-1.13.0
2025,2024-03-23,1,binary_probability,0.07,jev-1.13.0
2025,2024-03-23,1,yes_no_choice,No,jev-1.13.0
2025,2024-03-23,1,who_choice,Joe Biden,jev-1.13.0
2025,2025-03-23,1,binary_probability,0.54,jev-1.13.0
2025,2025-03-23,1,yes_no_choice,Yes,jev-1.13.0
2025,2025-03-23,1,who_choice,Donald Trump,jev-1.13.0
2025,2025-10-04,1,binary_probability,0.44,jev-1.13.0
2025,2025-10-04,1,yes_no_choice,No,jev-1.13.0
2025,2025-10-04,1,who_choice,Donald Trump,jev-1.13.0
2021,2020-06-22,1,binary_probability,0.98,jev-1.13.0
2021,2020-06-22,1,yes_no_choice,Yes,jev-1.13.0
2021,2020-06-22,1,who_choice,Donald Trump,jev-1.13.0
2021,2021-08-23,1,binary_probability,0.02,jev-1.13.0
2021,2021-08-23,1,yes_no_choice,No,jev-1.13.0
2021,2021-08-23,1,who_choice,Joe Biden,jev-1.13.0
2025,2025-06-10,1,binary_probability,0.45,jev-1.13.0
2025,2025-06-10,1,yes_no_choice,Yes,jev-1.13.0
2025,2025-06-10,1,who_choice,Donald Trump,jev-1.13.0
2021,2020-09-04,1,binary_probability,0.98,jev-1.13.0
2021,2020-09-04,1,yes_no_choice,Yes,jev-1.13.0
2021,2020-09-04,1,who_choice,Donald Trump,jev-1.13.0
2025,2025-08-19,1,binary_probability,0.41,jev-1.13.0
2025,2025-08-19,1,yes_no_choice,No,jev-1.13.0
2025,2025-08-19,1,who_choice,Donald Trump,jev-1.13.0
2021,2020-08-14,1,binary_probability,0.98,jev-1.13.0
2021,2020-08-14,1,yes_no_choice,Yes,jev-1.13.0
2021,2020-08-14,1,who_choice,Donald Trump,jev-1.13.0
2021,2020-12-20,1,binary_probability,0.96,jev-1.13.0
2021,2020-12-20,1,yes_no_choice,Yes,jev-1.13.0
2021,2020-12-20,1,who_choice,Donald Trump,jev-1.13.0
2021,2020-11-30,1,binary_probability,0.96,jev-1.13.0
2021,2020-11-30,1,yes_no_choice,Yes,jev-1.13.0
2021,2020-11-30,1,who_choice,Donald Trump,jev-1.13.0
2021,2021-03-28,1,binary_probability,0.03,jev-1.13.0
2021,2021-03-28,1,yes_no_choice,No,jev-1.13.0
2021,2021-03-28,1,who_choice,Joe Biden,jev-1.13.0
2025,2024-12-30,1,binary_probability,0.32,jev-1.13.0
2025,2024-12-30,1,yes_no_choice,No,jev-1.13.0
2025,2024-12-30,1,who_choice,Donald Trump,jev-1.13.0
2025,2025-10-11,1,binary_probability,0.44,jev-1.13.0
2025,2025-10-11,1,yes_no_choice,No,jev-1.13.0
2025,2025-10-11,1,who_choice,Donald Trump,jev-1.13.0
2021,2021-11-02,1,binary_probability,0.02,jev-1.13.0
2021,2021-11-02,1,yes_no_choice,No,jev-1.13.0
2021,2021-11-02,1,who_choice,Joe Biden,jev-1.13.0
2025,2025-03-15,1,binary_probability,0.54,jev-1.13.0
2025,2025-03-15,1,yes_no_choice,Yes,jev-1.13.0
2025,2025-03-15,1,who_choice,Donald Trump,jev-1.13.0
2025,2024-02-29,1,binary_probability,0.07,jev-1.13.0
2025,2024-02-29,1,yes_no_choice,No,jev-1.13.0
2025,2024-02-29,1,who_choice,Joe Biden,jev-1.13.0
2021,2021-03-16,1,binary_probability,0.03,jev-1.13.0
2021,2021-03-16,1,yes_no_choice,No,jev-1.13.0
2021,2021-03-16,1,who_choice,Joe Biden,jev-1.13.0
2025,2024-10-29,1,binary_probability,0.17,jev-1.13.0
2025,2024-10-29,1,yes_no_choice,No,jev-1.13.0
2025,2024-10-29,1,who_choice,Joe Biden,jev-1.13.0
2021,2021-06-06,1,binary_probability,0.03,jev-1.13.0
2021,2021-06-06,1,yes_no_choice,No,jev-1.13.0
2021,2021-06-06,1,who_choice,Joe Biden,jev-1.13.0
2025,2024-05-20,1,binary_probability,0.07,jev-1.13.0
2025,2024-05-20,1,yes_no_choice,No,jev-1.13.0
2025,2024-05-20,1,who_choice,Joe Biden,jev-1.13.0
2025,2024-02-10,1,binary_probability,0.08,jev-1.13.0
2025,2024-02-10,1,yes_no_choice,No,jev-1.13.0
2025,2024-02-10,1,who_choice,Joe Biden,jev-1.13.0
2021,2021-10-10,1,binary_probability,0.02,jev-1.13.0
2021,2021-10-10,1,yes_no_choice,No,jev-1.13.0
2021,2021-10-10,1,who_choice,Joe Biden,jev-1.13.0
2025,2024-05-06,1,binary_probability,0.08,jev-1.13.0
2025,2024-05-06,1,yes_no_choice,No,jev-1.13.0
2025,2024-05-06,1,who_choice,Joe Biden,jev-1.13.0
2025,2025-12-21,1,binary_probability,0.56,jev-1.13.0
2025,2025-12-21,1,yes_no_choice,Yes,jev-1.13.0
2025,2025-12-21,1,who_choice,Donald Trump,jev-1.13.0
2025,2025-07-25,1,binary_probability,0.48,jev-1.13.0
2025,2025-07-25,1,yes_no_choice,Yes,jev-1.13.0
2025,2025-07-25,1,who_choice,Donald Trump,jev-1.13.0
2021,2021-09-18,1,binary_probability,0.02,jev-1.13.0
2021,2021-09-18,1,yes_no_choice,No,jev-1.13.0
2021,2021-09-18,1,who_choice,Joe Biden,jev-1.13.0
2025,2025-03-29,1,binary_probability,0.57,jev-1.13.0
2025,2025-03-29,1,yes_no_choice,Yes,jev-1.13.0
2025,2025-03-29,1,who_choice,Donald Trump,jev-1.13.0
2025,2024-06-23,1,binary_probability,0.05,jev-1.13.0
2025,2024-06-23,1,yes_no_choice,No,jev-1.13.0
2025,2024-06-23,1,who_choice,Joe Biden,jev-1.13.0
2025,2025-09-18,1,binary_probability,0.42,jev-1.13.0
2025,2025-09-18,1,yes_no_choice,No,jev-1.13.0
2025,2025-09-18,1,who_choice,Donald Trump,jev-1.13.0
2021,2021-08-08,1,binary_probability,0.02,jev-1.13.0
2021,2021-08-08,1,yes_no_choice,No,jev-1.13.0
2021,2021-08-08,1,who_choice,Joe Biden,jev-1.13.0
2021,2021-06-26,1,binary_probability,0.02,jev-1.13.0
2021,2021-06-26,1,yes_no_choice,No,jev-1.13.0
2021,2021-06-26,1,who_choice,Joe Biden,jev-1.13.0
2025,2024-09-30,1,binary_probability,0.05,jev-1.13.0
2025,2024-09-30,1,yes_no_choice,No,jev-1.13.0
2025,2024-09-30,1,who_choice,Joe Biden,jev-1.13.0
2021,2022-01-09,1,binary_probability,0.1,jev-1.13.0
2021,2022-01-09,1,yes_no_choice,No,jev-1.13.0
2021,2022-01-09,1,who_choice,Joe Biden,jev-1.13.0
2025,2024-08-02,1,binary_probability,0.11,jev-1.13.0
2025,2024-08-02,1,yes_no_choice,No,jev-1.13.0
2025,2024-08-02,1,who_choice,Joe Biden,jev-1.13.0
2025,2025-08-15,1,binary_probability,0.36,jev-1.13.0
2025,2025-08-15,1,yes_no_choice,No,jev-1.13.0
2025,2025-08-15,1,who_choice,Donald Trump,jev-1.13.0
2025,2024-04-17,1,binary_probability,0.06,jev-1.13.0
2025,2024-04-17,1,yes_no_choice,No,jev-1.13.0
2025,2024-04-17,1,who_choice,Joe Biden,jev-1.13.0
2021,2021-12-10,1,binary_probability,0.02,jev-1.13.0
2021,2021-12-10,1,yes_no_choice,No,jev-1.13.0
2021,2021-12-10,1,who_choice,Joe Biden,jev-1.13.0
2021,2021-01-10,1,binary_probability,0.97,jev-1.13.0
2021,2021-01-10,1,yes_no_choice,Yes,jev-1.13.0
2021,2021-01-10,1,who_choice,Donald Trump,jev-1.13.0
2025,2024-04-15,1,binary_probability,0.06,jev-1.13.0
2025,2024-04-15,1,yes_no_choice,No,jev-1.13.0
2025,2024-04-15,1,who_choice,Joe Biden,jev-1.13.0
2021,2021-02-24,1,binary_probability,0.05,jev-1.13.0
2021,2021-02-24,1,yes_no_choice,No,jev-1.13.0
2021,2021-02-24,1,who_choice,Joe Biden,jev-1.13.0
2025,2025-08-08,1,binary_probability,0.42,jev-1.13.0
2025,2025-08-08,1,yes_no_choice,Yes,jev-1.13.0
2025,2025-08-08,1,who_choice,Donald Trump,jev-1.13.0
2021,2020-06-16,1,binary_probability,0.98,jev-1.13.0
2021,2020-06-16,1,yes_no_choice,Yes,jev-1.13.0
2021,2020-06-16,1,who_choice,Donald Trump,jev-1.13.0
2021,2020-03-17,1,binary_probability,0.98,jev-1.13.0
2021,2020-03-17,1,yes_no_choice,Yes,jev-1.13.0
2021,2020-03-17,1,who_choice,Donald Trump,jev-1.13.0
2025,2025-09-25,1,binary_probability,0.41,jev-1.13.0
2025,2025-09-25,1,yes_no_choice,No,jev-1.13.0
2025,2025-09-25,1,who_choice,Donald Trump,jev-1.13.0
2021,2020-02-14,1,binary_probability,0.98,jev-1.13.0
2021,2020-02-14,1,yes_no_choice,Yes,jev-1.13.0
2021,2020-02-14,1,who_choice,Donald Trump,jev-1.13.0
2021,2021-09-01,1,binary_probability,0.02,jev-1.13.0
2021,2021-09-01,1,yes_no_choice,No,jev-1.13.0
2021,2021-09-01,1,who_choice,Joe Biden,jev-1.13.0
2021,2021-02-13,1,binary_probability,0.04,jev-1.13.0
2021,2021-02-13,1,yes_no_choice,No,jev-1.13.0
2021,2021-02-13,1,who_choice,Joe Biden,jev-1.13.0
2021,2021-09-27,1,binary_probability,0.02,jev-1.13.0
2021,2021-09-27,1,yes_no_choice,No,jev-1.13.0
2021,2021-09-27,1,who_choice,Joe Biden,jev-1.13.0
2025,2025-05-12,1,binary_probability,0.44,jev-1.13.0
2025,2025-05-12,1,yes_no_choice,Yes,jev-1.13.0
2025,2025-05-12,1,who_choice,Donald Trump,jev-1.13.0
2025,2024-12-18,1,binary_probability,0.24,jev-1.13.0
2025,2024-12-18,1,yes_no_choice,No,jev-1.13.0
2025,2024-12-18,1,who_choice,Donald Trump,jev-1.13.0
2021,2021-05-16,1,binary_probability,0.03,jev-1.13.0
2021,2021-05-16,1,yes_no_choice,No,jev-1.13.0
2021,2021-05-16,1,who_choice,Joe Biden,jev-1.13.0
2025,2025-10-29,1,binary_probability,0.55,jev-1.13.0
2025,2025-10-29,1,yes_no_choice,Yes,jev-1.13.0
2025,2025-10-29,1,who_choice,Donald Trump,jev-1.13.0
2025,2024-02-06,1,binary_probability,0.07,jev-1.13.0
2025,2024-02-06,1,yes_no_choice,No,jev-1.13.0
2025,2024-02-06,1,who_choice,Joe Biden,jev-1.13.0
2021,2021-05-20,1,binary_probability,0.03,jev-1.13.0
2021,2021-05-20,1,yes_no_choice,No,jev-1.13.0
2021,2021-05-20,1,who_choice,Joe Biden,jev-1.13.0
2025,2024-06-25,1,binary_probability,0.04,jev-1.13.0
2025,2024-06-25,1,yes_no_choice,No,jev-1.13.0
2025,2024-06-25,1,who_choice,Joe Biden,jev-1.13.0
2025,2025-12-22,1,binary_probability,0.59,jev-1.13.0
2025,2025-12-22,1,yes_no_choice,Yes,jev-1.13.0
2025,2025-12-22,1,who_choice,Donald Trump,jev-1.13.0
2021,2021-05-22,1,binary_probability,0.03,jev-1.13.0
2021,2021-05-22,1,yes_no_choice,No,jev-1.13.0
2021,2021-05-22,1,who_choice,Joe Biden,jev-1.13.0
2025,2024-04-14,1,binary_probability,0.04,jev-1.13.0
2025,2024-04-14,1,yes_no_choice,No,jev-1.13.0
2025,2024-04-14,1,who_choice,Joe Biden,jev-1.13.0
2021,2021-07-02,1,binary_probability,0.02,jev-1.13.0
2021,2021-07-02,1,yes_no_choice,No,jev-1.13.0
2021,2021-07-02,1,who_choice,Joe Biden,jev-1.13.0
2021,2021-05-14,1,binary_probability,0.03,jev-1.13.0
2021,2021-05-14,1,yes_no_choice,No,jev-1.13.0
2021,2021-05-14,1,who_choice,Joe Biden,jev-1.13.0
2025,2025-02-26,1,binary_probability,0.69,jev-1.13.0
2025,2025-02-26,1,yes_no_choice,Yes,jev-1.13.0
2025,2025-02-26,1,who_choice,Donald Trump,jev-1.13.0
2021,2021-04-21,1,binary_probability,0.03,jev-1.13.0
2021,2021-04-21,1,yes_no_choice,No,jev-1.13.0
2021,2021-04-21,1,who_choice,Joe Biden,jev-1.13.0
2021,2020-02-04,1,binary_probability,0.98,jev-1.13.0
2021,2020-02-04,1,yes_no_choice,Yes,jev-1.13.0
2021,2020-02-04,1,who_choice,Donald Trump,jev-1.13.0
2025,2024-05-15,1,binary_probability,0.07,jev-1.13.0
2025,2024-05-15,1,yes_no_choice,No,jev-1.13.0
2025,2024-05-15,1,who_choice,Joe Biden,jev-1.13.0
2021,2020-12-19,1,binary_probability,0.95,jev-1.13.0
2021,2020-12-19,1,yes_no_choice,Yes,jev-1.13.0
2021,2020-12-19,1,who_choice,Donald Trump,jev-1.13.0
2021,2021-03-15,1,binary_probability,0.03,jev-1.13.0
2021,2021-03-15,1,yes_no_choice,No,jev-1.13.0
2021,2021-03-15,1,who_choice,Joe Biden,jev-1.13.0
2021,2021-02-06,1,binary_probability,0.19,jev-1.13.0
2021,2021-02-06,1,yes_no_choice,No,jev-1.13.0
2021,2021-02-06,1,who_choice,Joe Biden,jev-1.13.0
2025,2024-02-16,1,binary_probability,0.09,jev-1.13.0
2025,2024-02-16,1,yes_no_choice,No,jev-1.13.0
2025,2024-02-16,1,who_choice,Joe Biden,jev-1.13.0
2021,2021-03-29,1,binary_probability,0.02,jev-1.13.0
2021,2021-03-29,1,yes_no_choice,No,jev-1.13.0
2021,2021-03-29,1,who_choice,Joe Biden,jev-1.13.0
2021,2020-12-27,1,binary_probability,0.95,jev-1.13.0
2021,2020-12-27,1,yes_no_choice,Yes,jev-1.13.0
2021,2020-12-27,1,who_choice,Donald Trump,jev-1.13.0
2021,2021-06-05,1,binary_probability,0.02,jev-1.13.0
2021,2021-06-05,1,yes_no_choice,No,jev-1.13.0
2021,2021-06-05,1,who_choice,Joe Biden,jev-1.13.0
2025,2025-04-21,1,binary_probability,0.53,jev-1.13.0
2025,2025-04-21,1,yes_no_choice,Yes,jev-1.13.0
2025,2025-04-21,1,who_choice,Donald Trump,jev-1.13.0
2021,2020-12-28,1,binary_probability,0.96,jev-1.13.0
2021,2020-12-28,1,yes_no_choice,Yes,jev-1.13.0
2021,2020-12-28,1,who_choice,Donald Trump,jev-1.13.0
2025,2025-10-12,1,binary_probability,0.43,jev-1.13.0
2025,2025-10-12,1,yes_no_choice,Yes,jev-1.13.0
2025,2025-10-12,1,who_choice,Donald Trump,jev-1.13.0
2021,2020-09-09,1,binary_probability,0.98,jev-1.13.0
2021,2020-09-09,1,yes_no_choice,Yes,jev-1.13.0
2021,2020-09-09,1,who_choice,Donald Trump,jev-1.13.0
2025,2024-08-15,1,binary_probability,0.11,jev-1.13.0
2025,2024-08-15,1,yes_no_choice,No,jev-1.13.0
2025,2024-08-15,1,who_choice,Joe Biden,jev-1.13.0
2025,2024-02-01,1,binary_probability,0.07,jev-1.13.0
2025,2024-02-01,1,yes_no_choice,No,jev-1.13.0
2025,2024-02-01,1,who_choice,Joe Biden,jev-1.13.0
2021,2020-06-23,1,binary_probability,0.98,jev-1.13.0
2021,2020-06-23,1,yes_no_choice,Yes,jev-1.13.0
2021,2020-06-23,1,who_choice,Donald Trump,jev-1.13.0
2025,2024-12-10,1,binary_probability,0.36,jev-1.13.0
2025,2024-12-10,1,yes_no_choice,No,jev-1.13.0
2025,2024-12-10,1,who_choice,Donald Trump,jev-1.13.0
2025,2025-11-23,1,binary_probability,0.6,jev-1.13.0
2025,2025-11-23,1,yes_no_choice,Yes,jev-1.13.0
2025,2025-11-23,1,who_choice,Donald Trump,jev-1.13.0
2021,2021-11-03,1,binary_probability,0.03,jev-1.13.0
2021,2021-11-03,1,yes_no_choice,No,jev-1.13.0
2021,2021-11-03,1,who_choice,Joe Biden,jev-1.13.0
2021,2021-02-04,1,binary_probability,0.05,jev-1.13.0
2021,2021-02-04,1,yes_no_choice,No,jev-1.13.0
2021,2021-02-04,1,who_choice,Joe Biden,jev-1.13.0
2021,2020-01-23,1,binary_probability,0.98,jev-1.13.0
2021,2020-01-23,1,yes_no_choice,Yes,jev-1.13.0
2021,2020-01-23,1,who_choice,Donald Trump,jev-1.13.0
2025,2024-12-28,1,binary_probability,0.3,jev-1.13.0
2025,2024-12-28,1,yes_no_choice,No,jev-1.13.0
2025,2024-12-28,1,who_choice,Donald Trump,jev-1.13.0
2021,2021-06-11,1,binary_probability,0.02,jev-1.13.0
2021,2021-06-11,1,yes_no_choice,No,jev-1.13.0
2021,2021-06-11,1,who_choice,Joe Biden,jev-1.13.0
2025,2025-01-09,1,binary_probability,0.47,jev-1.13.0
2025,2025-01-09,1,yes_no_choice,Yes,jev-1.13.0
2025,2025-01-09,1,who_choice,Donald Trump,jev-1.13.0
2025,2024-11-19,1,binary_probability,0.25,jev-1.13.0
2025,2024-11-19,1,yes_no_choice,No,jev-1.13.0
2025,2024-11-19,1,who_choice,Donald Trump,jev-1.13.0
2025,2025-02-03,1,binary_probability,0.64,jev-1.13.0
2025,2025-02-03,1,yes_no_choice,Yes,jev-1.13.0
2025,2025-02-03,1,who_choice,Donald Trump,jev-1.13.0
2021,2020-06-04,1,binary_probability,0.98,jev-1.13.0
2021,2020-06-04,1,yes_no_choice,Yes,jev-1.13.0
2021,2020-06-04,1,who_choice,Donald Trump,jev-1.13.0
2025,2024-10-09,1,binary_probability,0.18,jev-1.13.0
2025,2024-10-09,1,yes_no_choice,No,jev-1.13.0
2025,2024-10-09,1,who_choice,Joe Biden,jev-1.13.0
2021,2020-10-31,1,binary_probability,0.98,jev-1.13.0
2021,2020-10-31,1,yes_no_choice,Yes,jev-1.13.0
2021,2020-10-31,1,who_choice,Donald Trump,jev-1.13.0
2025,2024-04-13,1,binary_probability,0.03,jev-1.13.0
2025,2024-04-13,1,yes_no_choice,No,jev-1.13.0
2025,2024-04-13,1,who_choice,Joe Biden,jev-1.13.0
2021,2020-05-28,1,binary_probability,0.98,jev-1.13.0
2021,2020-05-28,1,yes_no_choice,Yes,jev-1.13.0
2021,2020-05-28,1,who_choice,Donald Trump,jev-1.13.0
2025,2025-10-18,1,binary_probability,0.48,jev-1.13.0
2025,2025-10-18,1,yes_no_choice,Yes,jev-1.13.0
2025,2025-10-18,1,who_choice,Donald Trump,jev-1.13.0
2025,2025-07-09,1,binary_probability,0.48,jev-1.13.0
2025,2025-07-09,1,yes_no_choice,No,jev-1.13.0
2025,2025-07-09,1,who_choice,Donald Trump,jev-1.13.0
2025,2024-11-26,1,binary_probability,0.19,jev-1.13.0
2025,2024-11-26,1,yes_no_choice,No,jev-1.13.0
2025,2024-11-26,1,who_choice,Joe Biden,jev-1.13.0
2021,2020-04-01,1,binary_probability,0.98,jev-1.13.0
2021,2020-04-01,1,yes_no_choice,Yes,jev-1.13.0
2021,2020-04-01,1,who_choice,Donald Trump,jev-1.13.0
2021,2020-11-21,1,binary_probability,0.97,jev-1.13.0
2021,2020-11-21,1,yes_no_choice,Yes,jev-1.13.0
2021,2020-11-21,1,who_choice,Donald Trump,jev-1.13.0
2021,2020-02-20,1,binary_probability,0.99,jev-1.13.0
2021,2020-02-20,1,yes_no_choice,Yes,jev-1.13.0
2021,2020-02-20,1,who_choice,Donald Trump,jev-1.13.0
2025,2024-03-29,1,binary_probability,0.09,jev-1.13.0
2025,2024-03-29,1,yes_no_choice,No,jev-1.13.0
2025,2024-03-29,1,who_choice,Joe Biden,jev-1.13.0
2021,2020-04-18,1,binary_probability,0.99,jev-1.13.0
2021,2020-04-18,1,yes_no_choice,Yes,jev-1.13.0
2021,2020-04-18,1,who_choice,Donald Trump,jev-1.13.0
2025,2024-08-21,1,binary_probability,0.08,jev-1.13.0
2025,2024-08-21,1,yes_no_choice,No,jev-1.13.0
2025,2024-08-21,1,who_choice,Joe Biden,jev-1.13.0
2025,2024-08-11,1,binary_probability,0.09,jev-1.13.0
2025,2024-08-11,1,yes_no_choice,No,jev-1.13.0
2025,2024-08-11,1,who_choice,Joe Biden,jev-1.13.0
2021,2020-12-01,1,binary_probability,0.98,jev-1.13.0
2021,2020-12-01,1,yes_no_choice,Yes,jev-1.13.0
2021,2020-12-01,1,who_choice,Donald Trump,jev-1.13.0
2021,2020-02-28,1,binary_probability,0.98,jev-1.13.0
2021,2020-02-28,1,yes_no_choice,Yes,jev-1.13.0
2021,2020-02-28,1,who_choice,Donald Trump,jev-1.13.0
2021,2021-03-07,1,binary_probability,0.03,jev-1.13.0
2021,2021-03-07,1,yes_no_choice,No,jev-1.13.0
2021,2021-03-07,1,who_choice,Joe Biden,jev-1.13.0
2021,2021-10-04,1,binary_probability,0.03,jev-1.13.0
2021,2021-10-04,1,yes_no_choice,No,jev-1.13.0
2021,2021-10-04,1,who_choice,Joe Biden,jev-1.13.0
2021,2020-12-12,1,binary_probability,0.97,jev-1.13.0
2021,2020-12-12,1,yes_no_choice,Yes,jev-1.13.0
2021,2020-12-12,1,who_choice,Donald Trump,jev-1.13.0
2021,2020-02-26,1,binary_probability,0.98,jev-1.13.0
2021,2020-02-26,1,yes_no_choice,Yes,jev-1.13.0
2021,2020-02-26,1,who_choice,Donald Trump,jev-1.13.0
2021,2021-12-20,1,binary_probability,0.02,jev-1.13.0
2021,2021-12-20,1,yes_no_choice,No,jev-1.13.0
2021,2021-12-20,1,who_choice,Joe Biden,jev-1.13.0
2021,2021-02-09,1,binary_probability,0.06,jev-1.13.0
2021,2021-02-09,1,yes_no_choice,No,jev-1.13.0
2021,2021-02-09,1,who_choice,Joe Biden,jev-1.13.0
2025,2024-09-07,1,binary_probability,0.07,jev-1.13.0
2025,2024-09-07,1,yes_no_choice,No,jev-1.13.0
2025,2024-09-07,1,who_choice,Joe Biden,jev-1.13.0
2025,2025-05-06,1,binary_probability,0.5,jev-1.13.0
2025,2025-05-06,1,yes_no_choice,No,jev-1.13.0
2025,2025-05-06,1,who_choice,Donald Trump,jev-1.13.0
2025,2025-02-12,1,binary_probability,0.71,jev-1.13.0
2025,2025-02-12,1,yes_no_choice,Yes,jev-1.13.0
2025,2025-02-12,1,who_choice,Donald Trump,jev-1.13.0
2021,2020-08-09,1,binary_probability,0.98,jev-1.13.0
2021,2020-08-09,1,yes_no_choice,Yes,jev-1.13.0
2021,2020-08-09,1,who_choice,Donald Trump,jev-1.13.0
2025,2025-12-18,1,binary_probability,0.62,jev-1.13.0
2025,2025-12-18,1,yes_no_choice,Yes,jev-1.13.0
2025,2025-12-18,1,who_choice,Donald Trump,jev-1.13.0
2025,2025-06-25,1,binary_probability,0.46,jev-1.13.0
2025,2025-06-25,1,yes_no_choice,No,jev-1.13.0
2025,2025-06-25,1,who_choice,Donald Trump,jev-1.13.0
2025,2024-05-31,1,binary_probability,0.05,jev-1.13.0
2025,2024-05-31,1,yes_no_choice,No,jev-1.13.0
2025,2024-05-31,1,who_choice,Joe Biden,jev-1.13.0
2021,2021-10-21,1,binary_probability,0.02,jev-1.13.0
2021,2021-10-21,1,yes_no_choice,No,jev-1.13.0
2021,2021-10-21,1,who_choice,Joe Biden,jev-1.13.0
2025,2025-11-25,1,binary_probability,0.5,jev-1.13.0
2025,2025-11-25,1,yes_no_choice,Yes,jev-1.13.0
2025,2025-11-25,1,who_choice,Donald Trump,jev-1.13.0
2021,2021-03-09,1,binary_probability,0.03,jev-1.13.0
2021,2021-03-09,1,yes_no_choice,No,jev-1.13.0
2021,2021-03-09,1,who_choice,Joe Biden,jev-1.13.0
2021,2020-10-29,1,binary_probability,0.98,jev-1.13.0
2021,2020-10-29,1,yes_no_choice,Yes,jev-1.13.0
2021,2020-10-29,1,who_choice,Donald Trump,jev-1.13.0
2025,2025-03-08,1,binary_probability,0.54,jev-1.13.0
2025,2025-03-08,1,yes_no_choice,Yes,jev-1.13.0
2025,2025-03-08,1,who_choice,Donald Trump,jev-1.13.0
2021,2020-10-30,1,binary_probability,0.98,jev-1.13.0
2021,2020-10-30,1,yes_no_choice,Yes,jev-1.13.0
2021,2020-10-30,1,who_choice,Donald Trump,jev-1.13.0
2025,2024-10-25,1,binary_probability,0.18,jev-1.13.0
2025,2024-10-25,1,yes_no_choice,No,jev-1.13.0
2025,2024-10-25,1,who_choice,Joe Biden,jev-1.13.0
2021,2020-08-23,1,binary_probability,0.98,jev-1.13.0
2021,2020-08-23,1,yes_no_choice,Yes,jev-1.13.0
2021,2020-08-23,1,who_choice,Donald Trump,jev-1.13.0
2021,2021-03-31,1,binary_probability,0.03,jev-1.13.0
2021,2021-03-31,1,yes_no_choice,No,jev-1.13.0
2021,2021-03-31,1,who_choice,Joe Biden,jev-1.13.0
2021,2021-12-18,1,binary_probability,0.02,jev-1.13.0
2021,2021-12-18,1,yes_no_choice,No,jev-1.13.0
2021,2021-12-18,1,who_choice,Joe Biden,jev-1.13.0
2021,2020-08-01,1,binary_probability,0.99,jev-1.13.0
2021,2020-08-01,1,yes_no_choice,Yes,jev-1.13.0
2021,2020-08-01,1,who_choice,Donald Trump,jev-1.13.0
2021,2021-08-09,1,binary_probability,0.02,jev-1.13.0
2021,2021-08-09,1,yes_no_choice,No,jev-1.13.0
2021,2021-08-09,1,who_choice,Joe Biden,jev-1.13.0
2025,2024-05-04,1,binary_probability,0.09,jev-1.13.0
2025,2024-05-04,1,yes_no_choice,No,jev-1.13.0
2025,2024-05-04,1,who_choice,Joe Biden,jev-1.13.0
2025,2025-08-23,1,binary_probability,0.4,jev-1.13.0
2025,2025-08-23,1,yes_no_choice,No,jev-1.13.0
2025,2025-08-23,1,who_choice,Donald Trump,jev-1.13.0
2025,2025-01-15,1,binary_probability,0.54,jev-1.13.0
2025,2025-01-15,1,yes_no_choice,Yes,jev-1.13.0
2025,2025-01-15,1,who_choice,Donald Trump,jev-1.13.0
2021,2020-05-04,1,binary_probability,0.99,jev-1.13.0
2021,2020-05-04,1,yes_no_choice,Yes,jev-1.13.0
2021,2020-05-04,1,who_choice,Donald Trump,jev-1.13.0
2025,2024-04-26,1,binary_probability,0.04,jev-1.13.0
2025,2024-04-26,1,yes_no_choice,No,jev-1.13.0
2025,2024-04-26,1,who_choice,Joe Biden,jev-1.13.0
2021,2020-09-22,1,binary_probability,0.99,jev-1.13.0
2021,2020-09-22,1,yes_no_choice,Yes,jev-1.13.0
2021,2020-09-22,1,who_choice,Donald Trump,jev-1.13.0
2021,2021-01-14,1,binary_probability,0.96,jev-1.13.0
2021,2021-01-14,1,yes_no_choice,Yes,jev-1.13.0
2021,2021-01-14,1,who_choice,Donald Trump,jev-1.13.0
2021,2021-03-24,1,binary_probability,0.03,jev-1.13.0
2021,2021-03-24,1,yes_no_choice,No,jev-1.13.0
2021,2021-03-24,1,who_choice,Joe Biden,jev-1.13.0
2021,2021-04-19,1,binary_probability,0.03,jev-1.13.0
2021,2021-04-19,1,yes_no_choice,No,jev-1.13.0
2021,2021-04-19,1,who_choice,Joe Biden,jev-1.13.0
2021,2020-08-31,1,binary_probability,0.98,jev-1.13.0
2021,2020-08-31,1,yes_no_choice,Yes,jev-1.13.0
2021,2020-08-31,1,who_choice,Donald Trump,jev-1.13.0
2025,2025-04-24,1,binary_probability,0.51,jev-1.13.0
2025,2025-04-24,1,yes_no_choice,Yes,jev-1.13.0
2025,2025-04-24,1,who_choice,Donald Trump,jev-1.13.0
2021,2021-07-10,1,binary_probability,0.02,jev-1.13.0
2021,2021-07-10,1,yes_no_choice,No,jev-1.13.0
2021,2021-07-10,1,who_choice,Joe Biden,jev-1.13.0
2021,2020-11-03,1,binary_probability,0.97,jev-1.13.0
2021,2020-11-03,1,yes_no_choice,Yes,jev-1.13.0
2021,2020-11-03,1,who_choice,Donald Trump,jev-1.13.0
2025,2025-06-15,1,binary_probability,0.42,jev-1.13.0
2025,2025-06-15,1,yes_no_choice,No,jev-1.13.0
2025,2025-06-15,1,who_choice,Donald Trump,jev-1.13.0
2025,2024-09-14,1,binary_probability,0.05,jev-1.13.0
2025,2024-09-14,1,yes_no_choice,No,jev-1.13.0
2025,2024-09-14,1,who_choice,Joe Biden,jev-1.13.0
2025,2025-08-09,1,binary_probability,0.4,jev-1.13.0
2025,2025-08-09,1,yes_no_choice,No,jev-1.13.0
2025,2025-08-09,1,who_choice,Donald Trump,jev-1.13.0
2021,2021-08-03,1,binary_probability,0.02,jev-1.13.0
2021,2021-08-03,1,yes_no_choice,No,jev-1.13.0
2021,2021-08-03,1,who_choice,Joe Biden,jev-1.13.0
2021,2020-02-19,1,binary_probability,0.99,jev-1.13.0
2021,2020-02-19,1,yes_no_choice,Yes,jev-1.13.0
2021,2020-02-19,1,who_choice,Donald Trump,jev-1.13.0
2021,2021-07-01,1,binary_probability,0.02,jev-1.13.0
2021,2021-07-01,1,yes_no_choice,No,jev-1.13.0
2021,2021-07-01,1,who_choice,Joe Biden,jev-1.13.0
2021,2020-01-28,1,binary_probability,0.98,jev-1.13.0
2021,2020-01-28,1,yes_no_choice,Yes,jev-1.13.0
2021,2020-01-28,1,who_choice,Donald Trump,jev-1.13.0
2021,2021-10-06,1,binary_probability,0.02,jev-1.13.0
2021,2021-10-06,1,yes_no_choice,No,jev-1.13.0
2021,2021-10-06,1,who_choice,Joe Biden,jev-1.13.0
2021,2021-12-26,1,binary_probability,0.01,jev-1.13.0
2021,2021-12-26,1,yes_no_choice,No,jev-1.13.0
2021,2021-12-26,1,who_choice,Joe Biden,jev-1.13.0
2021,2021-02-05,1,binary_probability,0.06,jev-1.13.0
2021,2021-02-05,1,yes_no_choice,No,jev-1.13.0
2021,2021-02-05,1,who_choice,Joe Biden,jev-1.13.0
2025,2024-04-28,1,binary_probability,0.04,jev-1.13.0
2025,2024-04-28,1,yes_no_choice,No,jev-1.13.0
2025,2024-04-28,1,who_choice,Joe Biden,jev-1.13.0
2021,2021-03-30,1,binary_probability,0.03,jev-1.13.0
2021,2021-03-30,1,yes_no_choice,No,jev-1.13.0
2021,2021-03-30,1,who_choice,Joe Biden,jev-1.13.0
2021,2020-10-07,1,binary_probability,0.98,jev-1.13.0
2021,2020-10-07,1,yes_no_choice,Yes,jev-1.13.0
2021,2020-10-07,1,who_choice,Donald Trump,jev-1.13.0
2025,2025-09-23,1,binary_probability,0.42,jev-1.13.0
2025,2025-09-23,1,yes_no_choice,No,jev-1.13.0
2025,2025-09-23,1,who_choice,Donald Trump,jev-1.13.0
2021,2020-04-27,1,binary_probability,0.98,jev-1.13.0
2021,2020-04-27,1,yes_no_choice,Yes,jev-1.13.0
2021,2020-04-27,1,who_choice,Donald Trump,jev-1.13.0
2021,2021-04-07,1,binary_probability,0.03,jev-1.13.0
2021,2021-04-07,1,yes_no_choice,No,jev-1.13.0
2021,2021-04-07,1,who_choice,Joe Biden,jev-1.13.0
2021,2020-03-15,1,binary_probability,0.98,jev-1.13.0
2021,2020-03-15,1,yes_no_choice,Yes,jev-1.13.0
2021,2020-03-15,1,who_choice,Donald Trump,jev-1.13.0
2025,2024-10-20,1,binary_probability,0.12,jev-1.13.0
2025,2024-10-20,1,yes_no_choice,No,jev-1.13.0
2025,2024-10-20,1,who_choice,Joe Biden,jev-1.13.0
2021,2022-01-04,1,binary_probability,0.05,jev-1.13.0
2021,2022-01-04,1,yes_no_choice,No,jev-1.13.0
2021,2022-01-04,1,who_choice,Joe Biden,jev-1.13.0
2025,2024-03-13,1,binary_probability,0.06,jev-1.13.0
2025,2024-03-13,1,yes_no_choice,No,jev-1.13.0
2025,2024-03-13,1,who_choice,Joe Biden,jev-1.13.0
2025,2024-11-04,1,binary_probability,0.19,jev-1.13.0
2025,2024-11-04,1,yes_no_choice,No,jev-1.13.0
2025,2024-11-04,1,who_choice,Joe Biden,jev-1.13.0
2025,2025-10-30,1,binary_probability,0.51,jev-1.13.0
2025,2025-10-30,1,yes_no_choice,Yes,jev-1.13.0
2025,2025-10-30,1,who_choice,Donald Trump,jev-1.13.0
2025,2025-04-05,1,binary_probability,0.51,jev-1.13.0
2025,2025-04-05,1,yes_no_choice,Yes,jev-1.13.0
2025,2025-04-05,1,who_choice,Donald Trump,jev-1.13.0
2021,2020-02-29,1,binary_probability,0.98,jev-1.13.0
2021,2020-02-29,1,yes_no_choice,Yes,jev-1.13.0
2021,2020-02-29,1,who_choice,Donald Trump,jev-1.13.0
2021,2020-07-27,1,binary_probability,0.98,jev-1.13.0
2021,2020-07-27,1,yes_no_choice,Yes,jev-1.13.0
2021,2020-07-27,1,who_choice,Donald Trump,jev-1.13.0
2025,2025-12-05,1,binary_probability,0.57,jev-1.13.0
2025,2025-12-05,1,yes_no_choice,Yes,jev-1.13.0
2025,2025-12-05,1,who_choice,Donald Trump,jev-1.13.0
2025,2025-01-20,1,binary_probability,0.66,jev-1.13.0
2025,2025-01-20,1,yes_no_choice,Yes,jev-1.13.0
2025,2025-01-20,1,who_choice,Donald Trump,jev-1.13.0
2021,2020-09-29,1,binary_probability,0.98,jev-1.13.0
2021,2020-09-29,1,yes_no_choice,Yes,jev-1.13.0
2021,2020-09-29,1,who_choice,Donald Trump,jev-1.13.0
2021,2020-06-15,1,binary_probability,0.99,jev-1.13.0
2021,2020-06-15,1,yes_no_choice,Yes,jev-1.13.0
2021,2020-06-15,1,who_choice,Donald Trump,jev-1.13.0
2021,2021-06-23,1,binary_probability,0.02,jev-1.13.0
2021,2021-06-23,1,yes_no_choice,No,jev-1.13.0
2021,2021-06-23,1,who_choice,Joe Biden,jev-1.13.0
2021,2020-06-13,1,binary_probability,0.98,jev-1.13.0
2021,2020-06-13,1,yes_no_choice,Yes,jev-1.13.0
2021,2020-06-13,1,who_choice,Donald Trump,jev-1.13.0
2021,2021-02-10,1,binary_probability,0.06,jev-1.13.0
2021,2021-02-10,1,yes_no_choice,No,jev-1.13.0
2021,2021-02-10,1,who_choice,Joe Biden,jev-1.13.0
2021,2021-03-10,1,binary_probability,0.02,jev-1.13.0
2021,2021-03-10,1,yes_no_choice,No,jev-1.13.0
2021,2021-03-10,1,who_choice,Joe Biden,jev-1.13.0
2021,2021-03-27,1,binary_probability,0.03,jev-1.13.0
2021,2021-03-27,1,yes_no_choice,No,jev-1.13.0
2021,2021-03-27,1,who_choice,Joe Biden,jev-1.13.0
2025,2024-02-20,1,binary_probability,0.07,jev-1.13.0
2025,2024-02-20,1,yes_no_choice,No,jev-1.13.0
2025,2024-02-20,1,who_choice,Joe Biden,jev-1.13.0
2025,2025-01-06,1,binary_probability,0.42,jev-1.13.0
2025,2025-01-06,1,yes_no_choice,No,jev-1.13.0
2025,2025-01-06,1,who_choice,Donald Trump,jev-1.13.0
2025,2024-11-27,1,binary_probability,0.19,jev-1.13.0
2025,2024-11-27,1,yes_no_choice,No,jev-1.13.0
2025,2024-11-27,1,who_choice,Joe Biden,jev-1.13.0
2021,2021-09-23,1,binary_probability,0.01,jev-1.13.0
2021,2021-09-23,1,yes_no_choice,No,jev-1.13.0
2021,2021-09-23,1,who_choice,Joe Biden,jev-1.13.0
2021,2021-05-25,1,binary_probability,0.03,jev-1.13.0
2021,2021-05-25,1,yes_no_choice,No,jev-1.13.0
2021,2021-05-25,1,who_choice,Joe Biden,jev-1.13.0
2021,2020-07-16,1,binary_probability,0.98,jev-1.13.0
2021,2020-07-16,1,yes_no_choice,Yes,jev-1.13.0
2021,2020-07-16,1,who_choice,Donald Trump,jev-1.13.0
2021,2021-02-12,1,binary_probability,0.06,jev-1.13.0
2021,2021-02-12,1,yes_no_choice,No,jev-1.13.0
2021,2021-02-12,1,who_choice,Joe Biden,jev-1.13.0
2021,2020-01-26,1,binary_probability,0.98,jev-1.13.0
2021,2020-01-26,1,yes_no_choice,Yes,jev-1.13.0
2021,2020-01-26,1,who_choice,Donald Trump,jev-1.13.0
2025,2025-08-11,1,binary_probability,0.37,jev-1.13.0
2025,2025-08-11,1,yes_no_choice,Yes,jev-1.13.0
2025,2025-08-11,1,who_choice,Donald Trump,jev-1.13.0
2025,2025-11-26,1,binary_probability,0.57,jev-1.13.0
2025,2025-11-26,1,yes_no_choice,Yes,jev-1.13.0
2025,2025-11-26,1,who_choice,Donald Trump,jev-1.13.0
2021,2021-04-10,1,binary_probability,0.04,jev-1.13.0
2021,2021-04-10,1,yes_no_choice,No,jev-1.13.0
2021,2021-04-10,1,who_choice,Joe Biden,jev-1.13.0
2025,2024-11-18,1,binary_probability,0.25,jev-1.13.0
2025,2024-11-18,1,yes_no_choice,No,jev-1.13.0
2025,2024-11-18,1,who_choice,Donald Trump,jev-1.13.0
2021,2020-04-06,1,binary_probability,0.98,jev-1.13.0
2021,2020-04-06,1,yes_no_choice,Yes,jev-1.13.0
2021,2020-04-06,1,who_choice,Donald Trump,jev-1.13.0
2025,2025-08-16,1,binary_probability,0.42,jev-1.13.0
2025,2025-08-16,1,yes_no_choice,No,jev-1.13.0
2025,2025-08-16,1,who_choice,Donald Trump,jev-1.13.0
2021,2020-11-29,1,binary_probability,0.96,jev-1.13.0
2021,2020-11-29,1,yes_no_choice,Yes,jev-1.13.0
2021,2020-11-29,1,who_choice,Donald Trump,jev-1.13.0
2025,2024-02-13,1,binary_probability,0.07,jev-1.13.0
2025,2024-02-13,1,yes_no_choice,No,jev-1.13.0
2025,2024-02-13,1,who_choice,Joe Biden,jev-1.13.0
2021,2022-01-13,1,binary_probability,0.07,jev-1.13.0
2021,2022-01-13,1,yes_no_choice,No,jev-1.13.0
2021,2022-01-13,1,who_choice,Joe Biden,jev-1.13.0
2021,2020-12-17,1,binary_probability,0.97,jev-1.13.0
2021,2020-12-17,1,yes_no_choice,Yes,jev-1.13.0
2021,2020-12-17,1,who_choice,Donald Trump,jev-1.13.0
2021,2020-11-18,1,binary_probability,0.96,jev-1.13.0
2021,2020-11-18,1,yes_no_choice,Yes,jev-1.13.0
2021,2020-11-18,1,who_choice,Donald Trump,jev-1.13.0
2025,2025-12-23,1,binary_probability,0.56,jev-1.13.0
2025,2025-12-23,1,yes_no_choice,Yes,jev-1.13.0
2025,2025-12-23,1,who_choice,Donald Trump,jev-1.13.0
2025,2024-12-12,1,binary_probability,0.36,jev-1.13.0
2025,2024-12-12,1,yes_no_choice,No,jev-1.13.0
2025,2024-12-12,1,who_choice,Donald Trump,jev-1.13.0
2025,2024-08-29,1,binary_probability,0.08,jev-1.13.0
2025,2024-08-29,1,yes_no_choice,No,jev-1.13.0
2025,2024-08-29,1,who_choice,Joe Biden,jev-1.13.0
2025,2025-05-05,1,binary_probability,0.51,jev-1.13.0
2025,2025-05-05,1,yes_no_choice,Yes,jev-1.13.0
2025,2025-05-05,1,who_choice,Donald Trump,jev-1.13.0
2021,2021-08-02,1,binary_probability,0.02,jev-1.13.0
2021,2021-08-02,1,yes_no_choice,No,jev-1.13.0
2021,2021-08-02,1,who_choice,Joe Biden,jev-1.13.0
2021,2020-09-23,1,binary_probability,0.98,jev-1.13.0
2021,2020-09-23,1,yes_no_choice,Yes,jev-1.13.0
2021,2020-09-23,1,who_choice,Donald Trump,jev-1.13.0
2025,2025-06-06,1,binary_probability,0.49,jev-1.13.0
2025,2025-06-06,1,yes_no_choice,Yes,jev-1.13.0
2025,2025-06-06,1,who_choice,Donald Trump,jev-1.13.0
2021,2020-02-10,1,binary_probability,0.99,jev-1.13.0
2021,2020-02-10,1,yes_no_choice,Yes,jev-1.13.0
2021,2020-02-10,1,who_choice,Donald Trump,jev-1.13.0
2021,2021-12-08,1,binary_probability,0.02,jev-1.13.0
2021,2021-12-08,1,yes_no_choice,No,jev-1.13.0
2021,2021-12-08,1,who_choice,Joe Biden,jev-1.13.0
2021,2020-12-13,1,binary_probability,0.97,jev-1.13.0
2021,2020-12-13,1,yes_no_choice,Yes,jev-1.13.0
2021,2020-12-13,1,who_choice,Donald Trump,jev-1.13.0
2025,2025-03-28,1,binary_probability,0.62,jev-1.13.0
2025,2025-03-28,1,yes_no_choice,Yes,jev-1.13.0
2025,2025-03-28,1,who_choice,Donald Trump,jev-1.13.0
2021,2020-10-19,1,binary_probability,0.98,jev-1.13.0
2021,2020-10-19,1,yes_no_choice,Yes,jev-1.13.0
2021,2020-10-19,1,who_choice,Donald Trump,jev-1.13.0
2025,2024-01-31,1,binary_probability,0.21,jev-1.13.0
2025,2024-01-31,1,yes_no_choice,No,jev-1.13.0
2025,2024-01-31,1,who_choice,Joe Biden,jev-1.13.0
2025,2025-03-06,1,binary_probability,0.63,jev-1.13.0
2025,2025-03-06,1,yes_no_choice,Yes,jev-1.13.0
2025,2025-03-06,1,who_choice,Donald Trump,jev-1.13.0
2025,2025-01-29,1,binary_probability,0.54,jev-1.13.0
2025,2025-01-29,1,yes_no_choice,Yes,jev-1.13.0
2025,2025-01-29,1,who_choice,Donald Trump,jev-1.13.0
2021,2021-03-13,1,binary_probability,0.03,jev-1.13.0
2021,2021-03-13,1,yes_no_choice,No,jev-1.13.0
2021,2021-03-13,1,who_choice,Joe Biden,jev-1.13.0
2025,2024-04-11,1,binary_probability,0.06,jev-1.13.0
2025,2024-04-11,1,yes_no_choice,No,jev-1.13.0
2025,2024-04-11,1,who_choice,Joe Biden,jev-1.13.0
2021,2021-03-21,1,binary_probability,0.03,jev-1.13.0
2021,2021-03-21,1,yes_no_choice,No,jev-1.13.0
2021,2021-03-21,1,who_choice,Joe Biden,jev-1.13.0
2025,2024-04-20,1,binary_probability,0.06,jev-1.13.0
2025,2024-04-20,1,yes_no_choice,No,jev-1.13.0
2025,2024-04-20,1,who_choice,Joe Biden,jev-1.13.0
2021,2021-05-13,1,binary_probability,0.03,jev-1.13.0
2021,2021-05-13,1,yes_no_choice,No,jev-1.13.0
2021,2021-05-13,1,who_choice,Joe Biden,jev-1.13.0
2025,2024-07-14,1,binary_probability,0.12,jev-1.13.0
2025,2024-07-14,1,yes_no_choice,No,jev-1.13.0
2025,2024-07-14,1,who_choice,Joe Biden,jev-1.13.0
2021,2020-10-28,1,binary_probability,0.98,jev-1.13.0
2021,2020-10-28,1,yes_no_choice,Yes,jev-1.13.0
2021,2020-10-28,1,who_choice,Donald Trump,jev-1.13.0
2025,2025-05-25,1,binary_probability,0.46,jev-1.13.0
2025,2025-05-25,1,yes_no_choice,No,jev-1.13.0
2025,2025-05-25,1,who_choice,Donald Trump,jev-1.13.0
2021,2020-07-24,1,binary_probability,0.98,jev-1.13.0
2021,2020-07-24,1,yes_no_choice,Yes,jev-1.13.0
2021,2020-07-24,1,who_choice,Donald Trump,jev-1.13.0
2025,2025-09-10,1,binary_probability,0.48,jev-1.13.0
2025,2025-09-10,1,yes_no_choice,Yes,jev-1.13.0
2025,2025-09-10,1,who_choice,Donald Trump,jev-1.13.0
2025,2025-08-01,1,binary_probability,0.38,jev-1.13.0
2025,2025-08-01,1,yes_no_choice,No,jev-1.13.0
2025,2025-08-01,1,who_choice,Donald Trump,jev-1.13.0
2021,2021-11-29,1,binary_probability,0.02,jev-1.13.0
2021,2021-11-29,1,yes_no_choice,No,jev-1.13.0
2021,2021-11-29,1,who_choice,Joe Biden,jev-1.13.0
2025,2024-03-09,1,binary_probability,0.09,jev-1.13.0
2025,2024-03-09,1,yes_no_choice,No,jev-1.13.0
2025,2024-03-09,1,who_choice,Joe Biden,jev-1.13.0
2025,2024-02-14,1,binary_probability,0.09,jev-1.13.0
2025,2024-02-14,1,yes_no_choice,No,jev-1.13.0
2025,2024-02-14,1,who_choice,Joe Biden,jev-1.13.0
2021,2021-01-05,1,binary_probability,0.96,jev-1.13.0
2021,2021-01-05,1,yes_no_choice,Yes,jev-1.13.0
2021,2021-01-05,1,who_choice,Donald Trump,jev-1.13.0
2021,2021-06-13,1,binary_probability,0.02,jev-1.13.0
2021,2021-06-13,1,yes_no_choice,No,jev-1.13.0
2021,2021-06-13,1,who_choice,Joe Biden,jev-1.13.0
2025,2024-03-20,1,binary_probability,0.09,jev-1.13.0
2025,2024-03-20,1,yes_no_choice,No,jev-1.13.0
2025,2024-03-20,1,who_choice,Joe Biden,jev-1.13.0
2025,2025-02-15,1,binary_probability,0.66,jev-1.13.0
2025,2025-02-15,1,yes_no_choice,Yes,jev-1.13.0
2025,2025-02-15,1,who_choice,Donald Trump,jev-1.13.0
2025,2024-02-17,1,binary_probability,0.06,jev-1.13.0
2025,2024-02-17,1,yes_no_choice,No,jev-1.13.0
2025,2024-02-17,1,who_choice,Joe Biden,jev-1.13.0
2025,2025-12-06,1,binary_probability,0.52,jev-1.13.0
2025,2025-12-06,1,yes_no_choice,Yes,jev-1.13.0
2025,2025-12-06,1,who_choice,Donald Trump,jev-1.13.0
2025,2024-02-21,1,binary_probability,0.06,jev-1.13.0
2025,2024-02-21,1,yes_no_choice,No,jev-1.13.0
2025,2024-02-21,1,who_choice,Joe Biden,jev-1.13.0
2025,2025-09-02,1,binary_probability,0.42,jev-1.13.0
2025,2025-09-02,1,yes_no_choice,No,jev-1.13.0
2025,2025-09-02,1,who_choice,Donald Trump,jev-1.13.0
2025,2024-08-05,1,binary_probability,0.09,jev-1.13.0
2025,2024-08-05,1,yes_no_choice,No,jev-1.13.0
2025,2024-08-05,1,who_choice,Joe Biden,jev-1.13.0
2021,2021-08-31,1,binary_probability,0.02,jev-1.13.0
2021,2021-08-31,1,yes_no_choice,No,jev-1.13.0
2021,2021-08-31,1,who_choice,Joe Biden,jev-1.13.0
2021,2020-08-26,1,binary_probability,0.99,jev-1.13.0
2021,2020-08-26,1,yes_no_choice,Yes,jev-1.13.0
2021,2020-08-26,1,who_choice,Donald Trump,jev-1.13.0
2025,2024-07-27,1,binary_probability,0.11,jev-1.13.0
2025,2024-07-27,1,yes_no_choice,No,jev-1.13.0
2025,2024-07-27,1,who_choice,Joe Biden,jev-1.13.0
2021,2020-03-26,1,binary_probability,0.98,jev-1.13.0
2021,2020-03-26,1,yes_no_choice,Yes,jev-1.13.0
2021,2020-03-26,1,who_choice,Donald Trump,jev-1.13.0
2025,2024-04-21,1,binary_probability,0.06,jev-1.13.0
2025,2024-04-21,1,yes_no_choice,No,jev-1.13.0
2025,2024-04-21,1,who_choice,Joe Biden,jev-1.13.0
2021,2020-12-08,1,binary_probability,0.97,jev-1.13.0
2021,2020-12-08,1,yes_no_choice,Yes,jev-1.13.0
2021,2020-12-08,1,who_choice,Donald Trump,jev-1.13.0
2021,2021-11-09,1,binary_probability,0.02,jev-1.13.0
2021,2021-11-09,1,yes_no_choice,No,jev-1.13.0
2021,2021-11-09,1,who_choice,Joe Biden,jev-1.13.0
2021,2021-08-07,1,binary_probability,0.02,jev-1.13.0
2021,2021-08-07,1,yes_no_choice,No,jev-1.13.0
2021,2021-08-07,1,who_choice,Joe Biden,jev-1.13.0
2025,2024-11-06,1,binary_probability,0.27,jev-1.13.0
2025,2024-11-06,1,yes_no_choice,No,jev-1.13.0
2025,2024-11-06,1,who_choice,Joe Biden,jev-1.13.0
2021,2022-01-02,1,binary_probability,0.08,jev-1.13.0
2021,2022-01-02,1,yes_no_choice,No,jev-1.13.0
2021,2022-01-02,1,who_choice,Joe Biden,jev-1.13.0
2025,2025-05-09,1,binary_probability,0.52,jev-1.13.0
2025,2025-05-09,1,yes_no_choice,Yes,jev-1.13.0
2025,2025-05-09,1,who_choice,Donald Trump,jev-1.13.0
2021,2020-01-29,1,binary_probability,0.98,jev-1.13.0
2021,2020-01-29,1,yes_no_choice,Yes,jev-1.13.0
2021,2020-01-29,1,who_choice,Donald Trump,jev-1.13.0
2021,2021-09-08,1,binary_probability,0.02,jev-1.13.0
2021,2021-09-08,1,yes_no_choice,No,jev-1.13.0
2021,2021-09-08,1,who_choice,Joe Biden,jev-1.13.0
2025,2025-04-22,1,binary_probability,0.52,jev-1.13.0
2025,2025-04-22,1,yes_no_choice,Yes,jev-1.13.0
2025,2025-04-22,1,who_choice,Donald Trump,jev-1.13.0
2025,2025-06-28,1,binary_probability,0.47,jev-1.13.0
2025,2025-06-28,1,yes_no_choice,No,jev-1.13.0
2025,2025-06-28,1,who_choice,Donald Trump,jev-1.13.0
2025,2025-10-25,1,binary_probability,0.46,jev-1.13.0
2025,2025-10-25,1,yes_no_choice,Yes,jev-1.13.0
2025,2025-10-25,1,who_choice,Donald Trump,jev-1.13.0
2025,2025-09-08,1,binary_probability,0.42,jev-1.13.0
2025,2025-09-08,1,yes_no_choice,No,jev-1.13.0
2025,2025-09-08,1,who_choice,Donald Trump,jev-1.13.0
2025,2024-10-06,1,binary_probability,0.11,jev-1.13.0
2025,2024-10-06,1,yes_no_choice,No,jev-1.13.0
2025,2024-10-06,1,who_choice,Joe Biden,jev-1.13.0
2025,2024-08-06,1,binary_probability,0.1,jev-1.13.0
2025,2024-08-06,1,yes_no_choice,No,jev-1.13.0
2025,2024-08-06,1,who_choice,Joe Biden,jev-1.13.0
2021,2021-09-21,1,binary_probability,0.02,jev-1.13.0
2021,2021-09-21,1,yes_no_choice,No,jev-1.13.0
2021,2021-09-21,1,who_choice,Joe Biden,jev-1.13.0
2025,2025-11-04,1,binary_probability,0.47,jev-1.13.0
2025,2025-11-04,1,yes_no_choice,Yes,jev-1.13.0
2025,2025-11-04,1,who_choice,Donald Trump,jev-1.13.0
2021,2020-08-20,1,binary_probability,0.98,jev-1.13.0
2021,2020-08-20,1,yes_no_choice,Yes,jev-1.13.0
2021,2020-08-20,1,who_choice,Donald Trump,jev-1.13.0
2025,2026-01-02,1,binary_probability,0.42,jev-1.13.0
2025,2026-01-02,1,yes_no_choice,Yes,jev-1.13.0
2025,2026-01-02,1,who_choice,Donald Trump,jev-1.13.0
2021,2020-08-30,1,binary_probability,0.99,jev-1.13.0
2021,2020-08-30,1,yes_no_choice,Yes,jev-1.13.0
2021,2020-08-30,1,who_choice,Donald Trump,jev-1.13.0
2025,2025-02-07,1,binary_probability,0.7,jev-1.13.0
2025,2025-02-07,1,yes_no_choice,Yes,jev-1.13.0
2025,2025-02-07,1,who_choice,Donald Trump,jev-1.13.0
2025,2024-03-17,1,binary_probability,0.13,jev-1.13.0
2025,2024-03-17,1,yes_no_choice,No,jev-1.13.0
2025,2024-03-17,1,who_choice,Joe Biden,jev-1.13.0
2025,2024-09-20,1,binary_probability,0.06,jev-1.13.0
2025,2024-09-20,1,yes_no_choice,No,jev-1.13.0
2025,2024-09-20,1,who_choice,Joe Biden,jev-1.13.0
2021,2020-03-16,1,binary_probability,0.99,jev-1.13.0
2021,2020-03-16,1,yes_no_choice,Yes,jev-1.13.0
2021,2020-03-16,1,who_choice,Donald Trump,jev-1.13.0
2025,2025-01-05,1,binary_probability,0.45,jev-1.13.0
2025,2025-01-05,1,yes_no_choice,Yes,jev-1.13.0
2025,2025-01-05,1,who_choice,Donald Trump,jev-1.13.0
2025,2025-04-11,1,binary_probability,0.55,jev-1.13.0
2025,2025-04-11,1,yes_no_choice,Yes,jev-1.13.0
2025,2025-04-11,1,who_choice,Donald Trump,jev-1.13.0
2025,2024-04-23,1,binary_probability,0.06,jev-1.13.0
2025,2024-04-23,1,yes_no_choice,No,jev-1.13.0
2025,2024-04-23,1,who_choice,Joe Biden,jev-1.13.0
2025,2024-09-25,1,binary_probability,0.05,jev-1.13.0
2025,2024-09-25,1,yes_no_choice,No,jev-1.13.0
2025,2024-09-25,1,who_choice,Joe Biden,jev-1.13.0
2025,2024-07-17,1,binary_probability,0.1,jev-1.13.0
2025,2024-07-17,1,yes_no_choice,No,jev-1.13.0
2025,2024-07-17,1,who_choice,Joe Biden,jev-1.13.0
2021,2021-09-25,1,binary_probability,0.02,jev-1.13.0
2021,2021-09-25,1,yes_no_choice,No,jev-1.13.0
2021,2021-09-25,1,who_choice,Joe Biden,jev-1.13.0
2021,2021-12-16,1,binary_probability,0.02,jev-1.13.0
2021,2021-12-16,1,yes_no_choice,No,jev-1.13.0
2021,2021-12-16,1,who_choice,Joe Biden,jev-1.13.0
2025,2025-10-16,1,binary_probability,0.4,jev-1.13.0
2025,2025-10-16,1,yes_no_choice,Yes,jev-1.13.0
2025,2025-10-16,1,who_choice,Donald Trump,jev-1.13.0
2025,2025-07-23,1,binary_probability,0.43,jev-1.13.0
2025,2025-07-23,1,yes_no_choice,No,jev-1.13.0
2025,2025-07-23,1,who_choice,Donald Trump,jev-1.13.0
2025,2025-04-15,1,binary_probability,0.49,jev-1.13.0
2025,2025-04-15,1,yes_no_choice,No,jev-1.13.0
2025,2025-04-15,1,who_choice,Donald Trump,jev-1.13.0
2025,2025-01-11,1,binary_probability,0.54,jev-1.13.0
2025,2025-01-11,1,yes_no_choice,Yes,jev-1.13.0
2025,2025-01-11,1,who_choice,Donald Trump,jev-1.13.0
2021,2020-03-07,1,binary_probability,0.99,jev-1.13.0
2021,2020-03-07,1,yes_no_choice,Yes,jev-1.13.0
2021,2020-03-07,1,who_choice,Donald Trump,jev-1.13.0
2021,2022-01-11,1,binary_probability,0.09,jev-1.13.0
2021,2022-01-11,1,yes_no_choice,No,jev-1.13.0
2021,2022-01-11,1,who_choice,Joe Biden,jev-1.13.0
2021,2020-06-14,1,binary_probability,0.98,jev-1.13.0
2021,2020-06-14,1,yes_no_choice,Yes,jev-1.13.0
2021,2020-06-14,1,who_choice,Donald Trump,jev-1.13.0
2025,2024-10-05,1,binary_probability,0.1,jev-1.13.0
2025,2024-10-05,1,yes_no_choice,No,jev-1.13.0
2025,2024-10-05,1,who_choice,Joe Biden,jev-1.13.0
2021,2021-09-04,1,binary_probability,0.02,jev-1.13.0
2021,2021-09-04,1,yes_no_choice,No,jev-1.13.0
2021,2021-09-04,1,who_choice,Joe Biden,jev-1.13.0
2021,2021-06-17,1,binary_probability,0.02,jev-1.13.0
2021,2021-06-17,1,yes_no_choice,No,jev-1.13.0
2021,2021-06-17,1,who_choice,Joe Biden,jev-1.13.0
2025,2025-08-14,1,binary_probability,0.39,jev-1.13.0
2025,2025-08-14,1,yes_no_choice,No,jev-1.13.0
2025,2025-08-14,1,who_choice,Donald Trump,jev-1.13.0
2025,2025-08-13,1,binary_probability,0.43,jev-1.13.0
2025,2025-08-13,1,yes_no_choice,No,jev-1.13.0
2025,2025-08-13,1,who_choice,Donald Trump,jev-1.13.0
2025,2024-06-30,1,binary_probability,0.06,jev-1.13.0
2025,2024-06-30,1,yes_no_choice,No,jev-1.13.0
2025,2024-06-30,1,who_choice,Joe Biden,jev-1.13.0
2021,2021-05-01,1,binary_probability,0.04,jev-1.13.0
2021,2021-05-01,1,yes_no_choice,No,jev-1.13.0
2021,2021-05-01,1,who_choice,Joe Biden,jev-1.13.0
2025,2024-10-16,1,binary_probability,0.13,jev-1.13.0
2025,2024-10-16,1,yes_no_choice,No,jev-1.13.0
2025,2024-10-16,1,who_choice,Joe Biden,jev-1.13.0
2025,2025-05-16,1,binary_probability,0.53,jev-1.13.0
2025,2025-05-16,1,yes_no_choice,Yes,jev-1.13.0
2025,2025-05-16,1,who_choice,Donald Trump,jev-1.13.0
2025,2025-02-20,1,binary_probability,0.65,jev-1.13.0
2025,2025-02-20,1,yes_no_choice,Yes,jev-1.13.0
2025,2025-02-20,1,who_choice,Donald Trump,jev-1.13.0
2021,2021-02-23,1,binary_probability,0.05,jev-1.13.0
2021,2021-02-23,1,yes_no_choice,No,jev-1.13.0
2021,2021-02-23,1,who_choice,Joe Biden,jev-1.13.0
2025,2024-11-21,1,binary_probability,0.19,jev-1.13.0
2025,2024-11-21,1,yes_no_choice,No,jev-1.13.0
2025,2024-11-21,1,who_choice,Joe Biden,jev-1.13.0
2021,2020-05-17,1,binary_probability,0.99,jev-1.13.0
2021,2020-05-17,1,yes_no_choice,Yes,jev-1.13.0
2021,2020-05-17,1,who_choice,Donald Trump,jev-1.13.0
2025,2024-11-07,1,binary_probability,0.28,jev-1.13.0
2025,2024-11-07,1,yes_no_choice,No,jev-1.13.0
2025,2024-11-07,1,who_choice,Joe Biden,jev-1.13.0
2025,2025-03-16,1,binary_probability,0.6,jev-1.13.0
2025,2025-03-16,1,yes_no_choice,Yes,jev-1.13.0
2025,2025-03-16,1,who_choice,Donald Trump,jev-1.13.0
2025,2024-06-14,1,binary_probability,0.05,jev-1.13.0
2025,2024-06-14,1,yes_no_choice,No,jev-1.13.0
2025,2024-06-14,1,who_choice,Joe Biden,jev-1.13.0
2021,2020-07-11,1,binary_probability,0.98,jev-1.13.0
2021,2020-07-11,1,yes_no_choice,Yes,jev-1.13.0
2021,2020-07-11,1,who_choice,Donald Trump,jev-1.13.0
2025,2025-08-31,1,binary_probability,0.39,jev-1.13.0
2025,2025-08-31,1,yes_no_choice,No,jev-1.13.0
2025,2025-08-31,1,who_choice,Donald Trump,jev-1.13.0
2021,2020-12-03,1,binary_probability,0.98,jev-1.13.0
2021,2020-12-03,1,yes_no_choice,Yes,jev-1.13.0
2021,2020-12-03,1,who_choice,Donald Trump,jev-1.13.0
2025,2024-04-27,1,binary_probability,0.04,jev-1.13.0
2025,2024-04-27,1,yes_no_choice,No,jev-1.13.0
2025,2024-04-27,1,who_choice,Joe Biden,jev-1.13.0
2025,2024-02-27,1,binary_probability,0.07,jev-1.13.0
2025,2024-02-27,1,yes_no_choice,No,jev-1.13.0
2025,2024-02-27,1,who_choice,Joe Biden,jev-1.13.0
2021,2020-09-16,1,binary_probability,0.99,jev-1.13.0
2021,2020-09-16,1,yes_no_choice,Yes,jev-1.13.0
2021,2020-09-16,1,who_choice,Donald Trump,jev-1.13.0
2021,2021-01-07,1,binary_probability,0.96,jev-1.13.0
2021,2021-01-07,1,yes_no_choice,Yes,jev-1.13.0
2021,2021-01-07,1,who_choice,Donald Trump,jev-1.13.0
2025,2024-04-01,1,binary_probability,0.05,jev-1.13.0
2025,2024-04-01,1,yes_no_choice,No,jev-1.13.0
2025,2024-04-01,1,who_choice,Joe Biden,jev-1.13.0
2025,2025-06-20,1,binary_probability,0.46,jev-1.13.0
2025,2025-06-20,1,yes_no_choice,Yes,jev-1.13.0
2025,2025-06-20,1,who_choice,Donald Trump,jev-1.13.0
2025,2024-06-12,1,binary_probability,0.08,jev-1.13.0
2025,2024-06-12,1,yes_no_choice,No,jev-1.13.0
2025,2024-06-12,1,who_choice,Joe Biden,jev-1.13.0
2025,2024-12-22,1,binary_probability,0.2,jev-1.13.0
2025,2024-12-22,1,yes_no_choice,No,jev-1.13.0
2025,2024-12-22,1,who_choice,Donald Trump,jev-1.13.0
2025,2024-12-25,1,binary_probability,0.15,jev-1.13.0
2025,2024-12-25,1,yes_no_choice,No,jev-1.13.0
2025,2024-12-25,1,who_choice,Donald Trump,jev-1.13.0
2021,2021-03-05,1,binary_probability,0.03,jev-1.13.0
2021,2021-03-05,1,yes_no_choice,No,jev-1.13.0
2021,2021-03-05,1,who_choice,Joe Biden,jev-1.13.0
2025,2024-04-07,1,binary_probability,0.06,jev-1.13.0
2025,2024-04-07,1,yes_no_choice,No,jev-1.13.0
2025,2024-04-07,1,who_choice,Joe Biden,jev-1.13.0
2021,2020-11-08,1,binary_probability,0.96,jev-1.13.0
2021,2020-11-08,1,yes_no_choice,Yes,jev-1.13.0
2021,2020-11-08,1,who_choice,Donald Trump,jev-1.13.0
2021,2020-01-30,1,binary_probability,0.98,jev-1.13.0
2021,2020-01-30,1,yes_no_choice,Yes,jev-1.13.0
2021,2020-01-30,1,who_choice,Donald Trump,jev-1.13.0
2021,2020-03-09,1,binary_probability,0.98,jev-1.13.0
2021,2020-03-09,1,yes_no_choice,Yes,jev-1.13.0
2021,2020-03-09,1,who_choice,Donald Trump,jev-1.13.0
2021,2020-05-29,1,binary_probability,0.98,jev-1.13.0
2021,2020-05-29,1,yes_no_choice,Yes,jev-1.13.0
2021,2020-05-29,1,who_choice,Donald Trump,jev-1.13.0
2025,2025-12-29,1,binary_probability,0.59,jev-1.13.0
2025,2025-12-29,1,yes_no_choice,Yes,jev-1.13.0
2025,2025-12-29,1,who_choice,Donald Trump,jev-1.13.0
2021,2021-06-12,1,binary_probability,0.02,jev-1.13.0
2021,2021-06-12,1,yes_no_choice,No,jev-1.13.0
2021,2021-06-12,1,who_choice,Joe Biden,jev-1.13.0
2025,2024-02-07,1,binary_probability,0.08,jev-1.13.0
2025,2024-02-07,1,yes_no_choice,No,jev-1.13.0
2025,2024-02-07,1,who_choice,Joe Biden,jev-1.13.0
2021,2021-05-09,1,binary_probability,0.03,jev-1.13.0
2021,2021-05-09,1,yes_no_choice,No,jev-1.13.0
2021,2021-05-09,1,who_choice,Joe Biden,jev-1.13.0
2025,2025-10-17,1,binary_probability,0.41,jev-1.13.0
2025,2025-10-17,1,yes_no_choice,Yes,jev-1.13.0
2025,2025-10-17,1,who_choice,Donald Trump,jev-1.13.0
2025,2024-09-04,1,binary_probability,0.07,jev-1.13.0
2025,2024-09-04,1,yes_no_choice,No,jev-1.13.0
2025,2024-09-04,1,who_choice,Joe Biden,jev-1.13.0
2025,2025-10-03,1,binary_probability,0.43,jev-1.13.0
2025,2025-10-03,1,yes_no_choice,No,jev-1.13.0
2025,2025-10-03,1,who_choice,Donald Trump,jev-1.13.0
2021,2020-07-29,1,binary_probability,0.98,jev-1.13.0
2021,2020-07-29,1,yes_no_choice,Yes,jev-1.13.0
2021,2020-07-29,1,who_choice,Donald Trump,jev-1.13.0
2025,2025-05-02,1,binary_probability,0.48,jev-1.13.0
2025,2025-05-02,1,yes_no_choice,Yes,jev-1.13.0
2025,2025-05-02,1,who_choice,Donald Trump,jev-1.13.0
2021,2021-03-17,1,binary_probability,0.03,jev-1.13.0
2021,2021-03-17,1,yes_no_choice,No,jev-1.13.0
2021,2021-03-17,1,who_choice,Joe Biden,jev-1.13.0
2025,2025-08-05,1,binary_probability,0.47,jev-1.13.0
2025,2025-08-05,1,yes_no_choice,No,jev-1.13.0
2025,2025-08-05,1,who_choice,Donald Trump,jev-1.13.0
2021,2021-07-03,1,binary_probability,0.02,jev-1.13.0
2021,2021-07-03,1,yes_no_choice,No,jev-1.13.0
2021,2021-07-03,1,who_choice,Joe Biden,jev-1.13.0
2025,2025-12-26,1,binary_probability,0.57,jev-1.13.0
2025,2025-12-26,1,yes_no_choice,Yes,jev-1.13.0
2025,2025-12-26,1,who_choice,Donald Trump,jev-1.13.0
2021,2021-04-12,1,binary_probability,0.03,jev-1.13.0
2021,2021-04-12,1,yes_no_choice,No,jev-1.13.0
2021,2021-04-12,1,who_choice,Joe Biden,jev-1.13.0
2025,2025-03-03,1,binary_probability,0.55,jev-1.13.0
2025,2025-03-03,1,yes_no_choice,Yes,jev-1.13.0
2025,2025-03-03,1,who_choice,Donald Trump,jev-1.13.0
2021,2022-01-16,1,binary_probability,0.09,jev-1.13.0
2021,2022-01-16,1,yes_no_choice,No,jev-1.13.0
2021,2022-01-16,1,who_choice,Joe Biden,jev-1.13.0
2021,2021-11-21,1,binary_probability,0.03,jev-1.13.0
2021,2021-11-21,1,yes_no_choice,No,jev-1.13.0
2021,2021-11-21,1,who_choice,Joe Biden,jev-1.13.0
2021,2020-12-29,1,binary_probability,0.95,jev-1.13.0
2021,2020-12-29,1,yes_no_choice,Yes,jev-1.13.0
2021,2020-12-29,1,who_choice,Donald Trump,jev-1.13.0
2025,2025-04-12,1,binary_probability,0.45,jev-1.13.0
2025,2025-04-12,1,yes_no_choice,No,jev-1.13.0
2025,2025-04-12,1,who_choice,Donald Trump,jev-1.13.0
2021,2020-09-21,1,binary_probability,0.98,jev-1.13.0
2021,2020-09-21,1,yes_no_choice,Yes,jev-1.13.0
2021,2020-09-21,1,who_choice,Donald Trump,jev-1.13.0
2021,2020-10-18,1,binary_probability,0.99,jev-1.13.0
2021,2020-10-18,1,yes_no_choice,Yes,jev-1.13.0
2021,2020-10-18,1,who_choice,Donald Trump,jev-1.13.0
2021,2020-09-05,1,binary_probability,0.99,jev-1.13.0
2021,2020-09-05,1,yes_no_choice,Yes,jev-1.13.0
2021,2020-09-05,1,who_choice,Donald Trump,jev-1.13.0
2021,2020-12-05,1,binary_probability,0.97,jev-1.13.0
2021,2020-12-05,1,yes_no_choice,Yes,jev-1.13.0
2021,2020-12-05,1,who_choice,Donald Trump,jev-1.13.0
2025,2025-11-27,1,binary_probability,0.56,jev-1.13.0
2025,2025-11-27,1,yes_no_choice,Yes,jev-1.13.0
2025,2025-11-27,1,who_choice,Donald Trump,jev-1.13.0
2021,2021-08-12,1,binary_probability,0.02,jev-1.13.0
2021,2021-08-12,1,yes_no_choice,No,jev-1.13.0
2021,2021-08-12,1,who_choice,Joe Biden,jev-1.13.0
2025,2025-06-24,1,binary_probability,0.51,jev-1.13.0
2025,2025-06-24,1,yes_no_choice,Yes,jev-1.13.0
2025,2025-06-24,1,who_choice,Donald Trump,jev-1.13.0
2021,2022-01-06,1,binary_probability,0.31,jev-1.13.0
2021,2022-01-06,1,yes_no_choice,No,jev-1.13.0
2021,2022-01-06,1,who_choice,Joe Biden,jev-1.13.0
2025,2025-01-16,1,binary_probability,0.55,jev-1.13.0
2025,2025-01-16,1,yes_no_choice,Yes,jev-1.13.0
2025,2025-01-16,1,who_choice,Donald Trump,jev-1.13.0
2025,2026-01-17,1,binary_probability,0.43,jev-1.13.0
2025,2026-01-17,1,yes_no_choice,Yes,jev-1.13.0
2025,2026-01-17,1,who_choice,Donald Trump,jev-1.13.0
2025,2025-08-18,1,binary_probability,0.39,jev-1.13.0
2025,2025-08-18,1,yes_no_choice,No,jev-1.13.0
2025,2025-08-18,1,who_choice,Donald Trump,jev-1.13.0
2025,2024-01-28,1,binary_probability,0.16,jev-1.13.0
2025,2024-01-28,1,yes_no_choice,No,jev-1.13.0
2025,2024-01-28,1,who_choice,Joe Biden,jev-1.13.0
2025,2025-01-10,1,binary_probability,0.5,jev-1.13.0
2025,2025-01-10,1,yes_no_choice,Yes,jev-1.13.0
2025,2025-01-10,1,who_choice,Donald Trump,jev-1.13.0
2025,2025-04-28,1,binary_probability,0.47,jev-1.13.0
2025,2025-04-28,1,yes_no_choice,No,jev-1.13.0
2025,2025-04-28,1,who_choice,Donald Trump,jev-1.13.0
2025,2024-06-22,1,binary_probability,0.06,jev-1.13.0
2025,2024-06-22,1,yes_no_choice,No,jev-1.13.0
2025,2024-06-22,1,who_choice,Joe Biden,jev-1.13.0
2025,2024-09-16,1,binary_probability,0.09,jev-1.13.0
2025,2024-09-16,1,yes_no_choice,No,jev-1.13.0
2025,2024-09-16,1,who_choice,Joe Biden,jev-1.13.0
2021,2021-05-27,1,binary_probability,0.03,jev-1.13.0
2021,2021-05-27,1,yes_no_choice,No,jev-1.13.0
2021,2021-05-27,1,who_choice,Joe Biden,jev-1.13.0
2021,2020-08-10,1,binary_probability,0.98,jev-1.13.0
2021,2020-08-10,1,yes_no_choice,Yes,jev-1.13.0
2021,2020-08-10,1,who_choice,Donald Trump,jev-1.13.0
2025,2024-08-30,1,binary_probability,0.09,jev-1.13.0
2025,2024-08-30,1,yes_no_choice,No,jev-1.13.0
2025,2024-08-30,1,who_choice,Joe Biden,jev-1.13.0
2025,2024-03-03,1,binary_probability,0.12,jev-1.13.0
2025,2024-03-03,1,yes_no_choice,No,jev-1.13.0
2025,2024-03-03,1,who_choice,Joe Biden,jev-1.13.0
2021,2021-06-28,1,binary_probability,0.02,jev-1.13.0
2021,2021-06-28,1,yes_no_choice,No,jev-1.13.0
2021,2021-06-28,1,who_choice,Joe Biden,jev-1.13.0
2021,2021-10-11,1,binary_probability,0.03,jev-1.13.0
2021,2021-10-11,1,yes_no_choice,No,jev-1.13.0
2021,2021-10-11,1,who_choice,Joe Biden,jev-1.13.0
2025,2024-11-17,1,binary_probability,0.27,jev-1.13.0
2025,2024-11-17,1,yes_no_choice,No,jev-1.13.0
2025,2024-11-17,1,who_choice,Donald Trump,jev-1.13.0
2021,2020-12-25,1,binary_probability,0.97,jev-1.13.0
2021,2020-12-25,1,yes_no_choice,Yes,jev-1.13.0
2021,2020-12-25,1,who_choice,Donald Trump,jev-1.13.0
2021,2020-02-16,1,binary_probability,0.99,jev-1.13.0
2021,2020-02-16,1,yes_no_choice,Yes,jev-1.13.0
2021,2020-02-16,1,who_choice,Donald Trump,jev-1.13.0
2021,2020-10-13,1,binary_probability,0.98,jev-1.13.0
2021,2020-10-13,1,yes_no_choice,Yes,jev-1.13.0
2021,2020-10-13,1,who_choice,Donald Trump,jev-1.13.0
2025,2025-10-24,1,binary_probability,0.48,jev-1.13.0
2025,2025-10-24,1,yes_no_choice,Yes,jev-1.13.0
2025,2025-10-24,1,who_choice,Donald Trump,jev-1.13.0
2025,2025-07-01,1,binary_probability,0.45,jev-1.13.0
2025,2025-07-01,1,yes_no_choice,No,jev-1.13.0
2025,2025-07-01,1,who_choice,Donald Trump,jev-1.13.0
2021,2020-05-15,1,binary_probability,0.99,jev-1.13.0
2021,2020-05-15,1,yes_no_choice,Yes,jev-1.13.0
2021,2020-05-15,1,who_choice,Donald Trump,jev-1.13.0
2021,2020-10-15,1,binary_probability,0.99,jev-1.13.0
2021,2020-10-15,1,yes_no_choice,Yes,jev-1.13.0
2021,2020-10-15,1,who_choice,Donald Trump,jev-1.13.0
2021,2020-05-23,1,binary_probability,0.99,jev-1.13.0
2021,2020-05-23,1,yes_no_choice,Yes,jev-1.13.0
2021,2020-05-23,1,who_choice,Donald Trump,jev-1.13.0
2021,2020-06-18,1,binary_probability,0.98,jev-1.13.0
2021,2020-06-18,1,yes_no_choice,Yes,jev-1.13.0
2021,2020-06-18,1,who_choice,Donald Trump,jev-1.13.0
2025,2024-09-23,1,binary_probability,0.05,jev-1.13.0
2025,2024-09-23,1,yes_no_choice,No,jev-1.13.0
2025,2024-09-23,1,who_choice,Joe Biden,jev-1.13.0
2025,2024-03-08,1,binary_probability,0.09,jev-1.13.0
2025,2024-03-08,1,yes_no_choice,No,jev-1.13.0
2025,2024-03-08,1,who_choice,Joe Biden,jev-1.13.0
2021,2021-07-27,1,binary_probability,0.02,jev-1.13.0
2021,2021-07-27,1,yes_no_choice,No,jev-1.13.0
2021,2021-07-27,1,who_choice,Joe Biden,jev-1.13.0
2021,2021-06-27,1,binary_probability,0.02,jev-1.13.0
2021,2021-06-27,1,yes_no_choice,No,jev-1.13.0
2021,2021-06-27,1,who_choice,Joe Biden,jev-1.13.0
2021,2020-10-23,1,binary_probability,0.99,jev-1.13.0
2021,2020-10-23,1,yes_no_choice,Yes,jev-1.13.0
2021,2020-10-23,1,who_choice,Donald Trump,jev-1.13.0
2021,2020-08-25,1,binary_probability,0.99,jev-1.13.0
2021,2020-08-25,1,yes_no_choice,Yes,jev-1.13.0
2021,2020-08-25,1,who_choice,Donald Trump,jev-1.13.0
2025,2025-06-13,1,binary_probability,0.47,jev-1.13.0
2025,2025-06-13,1,yes_no_choice,No,jev-1.13.0
2025,2025-06-13,1,who_choice,Donald Trump,jev-1.13.0
2021,2021-01-27,1,binary_probability,0.28,jev-1.13.0
2021,2021-01-27,1,yes_no_choice,No,jev-1.13.0
2021,2021-01-27,1,who_choice,Joe Biden,jev-1.13.0
2021,2020-10-27,1,binary_probability,0.98,jev-1.13.0
2021,2020-10-27,1,yes_no_choice,Yes,jev-1.13.0
2021,2020-10-27,1,who_choice,Donald Trump,jev-1.13.0
2021,2020-10-02,1,binary_probability,0.98,jev-1.13.0
2021,2020-10-02,1,yes_no_choice,Yes,jev-1.13.0
2021,2020-10-02,1,who_choice,Donald Trump,jev-1.13.0
2021,2020-03-05,1,binary_probability,0.99,jev-1.13.0
2021,2020-03-05,1,yes_no_choice,Yes,jev-1.13.0
2021,2020-03-05,1,who_choice,Donald Trump,jev-1.13.0
2021,2021-11-19,1,binary_probability,0.02,jev-1.13.0
2021,2021-11-19,1,yes_no_choice,No,jev-1.13.0
2021,2021-11-19,1,who_choice,Joe Biden,jev-1.13.0
2021,2020-02-25,1,binary_probability,0.98,jev-1.13.0
2021,2020-02-25,1,yes_no_choice,Yes,jev-1.13.0
2021,2020-02-25,1,who_choice,Donald Trump,jev-1.13.0
2025,2025-04-16,1,binary_probability,0.46,jev-1.13.0
2025,2025-04-16,1,yes_no_choice,Yes,jev-1.13.0
2025,2025-04-16,1,who_choice,Donald Trump,jev-1.13.0
2025,2025-07-14,1,binary_probability,0.41,jev-1.13.0
2025,2025-07-14,1,yes_no_choice,Yes,jev-1.13.0
2025,2025-07-14,1,who_choice,Donald Trump,jev-1.13.0
2025,2025-04-08,1,binary_probability,0.53,jev-1.13.0
2025,2025-04-08,1,yes_no_choice,No,jev-1.13.0
2025,2025-04-08,1,who_choice,Donald Trump,jev-1.13.0
2021,2020-05-11,1,binary_probability,0.99,jev-1.13.0
2021,2020-05-11,1,yes_no_choice,Yes,jev-1.13.0
2021,2020-05-11,1,who_choice,Donald Trump,jev-1.13.0
2025,2025-04-20,1,binary_probability,0.49,jev-1.13.0
2025,2025-04-20,1,yes_no_choice,Yes,jev-1.13.0
2025,2025-04-20,1,who_choice,Donald Trump,jev-1.13.0
2021,2020-07-22,1,binary_probability,0.98,jev-1.13.0
2021,2020-07-22,1,yes_no_choice,Yes,jev-1.13.0
2021,2020-07-22,1,who_choice,Donald Trump,jev-1.13.0
2025,2025-01-30,1,binary_probability,0.54,jev-1.13.0
2025,2025-01-30,1,yes_no_choice,Yes,jev-1.13.0
2025,2025-01-30,1,who_choice,Donald Trump,jev-1.13.0
2021,2020-04-24,1,binary_probability,0.98,jev-1.13.0
2021,2020-04-24,1,yes_no_choice,Yes,jev-1.13.0
2021,2020-04-24,1,who_choice,Donald Trump,jev-1.13.0
2025,2024-08-26,1,binary_probability,0.1,jev-1.13.0
2025,2024-08-26,1,yes_no_choice,No,jev-1.13.0
2025,2024-08-26,1,who_choice,Joe Biden,jev-1.13.0
2021,2020-07-19,1,binary_probability,0.98,jev-1.13.0
2021,2020-07-19,1,yes_no_choice,Yes,jev-1.13.0
2021,2020-07-19,1,who_choice,Donald Trump,jev-1.13.0
2025,2024-08-14,1,binary_probability,0.13,jev-1.13.0
2025,2024-08-14,1,yes_no_choice,No,jev-1.13.0
2025,2024-08-14,1,who_choice,Joe Biden,jev-1.13.0
2025,2025-04-01,1,binary_probability,0.45,jev-1.13.0
2025,2025-04-01,1,yes_no_choice,Yes,jev-1.13.0
2025,2025-04-01,1,who_choice,Donald Trump,jev-1.13.0
2025,2025-02-19,1,binary_probability,0.7,jev-1.13.0
2025,2025-02-19,1,yes_no_choice,Yes,jev-1.13.0
2025,2025-02-19,1,who_choice,Donald Trump,jev-1.13.0
2021,2020-02-15,1,binary_probability,0.98,jev-1.13.0
2021,2020-02-15,1,yes_no_choice,Yes,jev-1.13.0
2021,2020-02-15,1,who_choice,Donald Trump,jev-1.13.0
2025,2025-05-20,1,binary_probability,0.51,jev-1.13.0
2025,2025-05-20,1,yes_no_choice,Yes,jev-1.13.0
2025,2025-05-20,1,who_choice,Donald Trump,jev-1.13.0
2025,2026-01-10,1,binary_probability,0.43,jev-1.13.0
2025,2026-01-10,1,yes_no_choice,Yes,jev-1.13.0
2025,2026-01-10,1,who_choice,Donald Trump,jev-1.13.0
2021,2020-10-11,1,binary_probability,0.99,jev-1.13.0
2021,2020-10-11,1,yes_no_choice,Yes,jev-1.13.0
2021,2020-10-11,1,who_choice,Donald Trump,jev-1.13.0
2025,2024-05-21,1,binary_probability,0.05,jev-1.13.0
2025,2024-05-21,1,yes_no_choice,No,jev-1.13.0
2025,2024-05-21,1,who_choice,Joe Biden,jev-1.13.0
2025,2024-06-27,1,binary_probability,0.08,jev-1.13.0
2025,2024-06-27,1,yes_no_choice,No,jev-1.13.0
2025,2024-06-27,1,who_choice,Joe Biden,jev-1.13.0
2021,2021-10-23,1,binary_probability,0.02,jev-1.13.0
2021,2021-10-23,1,yes_no_choice,No,jev-1.13.0
2021,2021-10-23,1,who_choice,Joe Biden,jev-1.13.0
2025,2024-10-10,1,binary_probability,0.15,jev-1.13.0
2025,2024-10-10,1,yes_no_choice,No,jev-1.13.0
2025,2024-10-10,1,who_choice,Joe Biden,jev-1.13.0
2021,2021-09-07,1,binary_probability,0.02,jev-1.13.0
2021,2021-09-07,1,yes_no_choice,No,jev-1.13.0
2021,2021-09-07,1,who_choice,Joe Biden,jev-1.13.0
2021,2021-05-19,1,binary_probability,0.03,jev-1.13.0
2021,2021-05-19,1,yes_no_choice,No,jev-1.13.0
2021,2021-05-19,1,who_choice,Joe Biden,jev-1.13.0
2025,2024-10-23,1,binary_probability,0.15,jev-1.13.0
2025,2024-10-23,1,yes_no_choice,No,jev-1.13.0
2025,2024-10-23,1,who_choice,Joe Biden,jev-1.13.0
2021,2021-06-14,1,binary_probability,0.03,jev-1.13.0
2021,2021-06-14,1,yes_no_choice,No,jev-1.13.0
2021,2021-06-14,1,who_choice,Joe Biden,jev-1.13.0
2021,2020-07-14,1,binary_probability,0.98,jev-1.13.0
2021,2020-07-14,1,yes_no_choice,Yes,jev-1.13.0
2021,2020-07-14,1,who_choice,Donald Trump,jev-1.13.0
2021,2020-08-29,1,binary_probability,0.99,jev-1.13.0
2021,2020-08-29,1,yes_no_choice,Yes,jev-1.13.0
2021,2020-08-29,1,who_choice,Donald Trump,jev-1.13.0
2021,2021-07-30,1,binary_probability,0.02,jev-1.13.0
2021,2021-07-30,1,yes_no_choice,No,jev-1.13.0
2021,2021-07-30,1,who_choice,Joe Biden,jev-1.13.0
2021,2021-06-22,1,binary_probability,0.02,jev-1.13.0
2021,2021-06-22,1,yes_no_choice,No,jev-1.13.0
2021,2021-06-22,1,who_choice,Joe Biden,jev-1.13.0
2025,2025-04-25,1,binary_probability,0.45,jev-1.13.0
2025,2025-04-25,1,yes_no_choice,Yes,jev-1.13.0
2025,2025-04-25,1,who_choice,Donald Trump,jev-1.13.0
2025,2024-03-05,1,binary_probability,0.12,jev-1.13.0
2025,2024-03-05,1,yes_no_choice,No,jev-1.13.0
2025,2024-03-05,1,who_choice,Joe Biden,jev-1.13.0
2025,2025-05-24,1,binary_probability,0.5,jev-1.13.0
2025,2025-05-24,1,yes_no_choice,Yes,jev-1.13.0
2025,2025-05-24,1,who_choice,Donald Trump,jev-1.13.0
2025,2024-09-12,1,binary_probability,0.04,jev-1.13.0
2025,2024-09-12,1,yes_no_choice,No,jev-1.13.0
2025,2024-09-12,1,who_choice,Joe Biden,jev-1.13.0
2021,2021-04-16,1,binary_probability,0.03,jev-1.13.0
2021,2021-04-16,1,yes_no_choice,No,jev-1.13.0
2021,2021-04-16,1,who_choice,Joe Biden,jev-1.13.0
2025,2025-12-03,1,binary_probability,0.58,jev-1.13.0
2025,2025-12-03,1,yes_no_choice,Yes,jev-1.13.0
2025,2025-12-03,1,who_choice,Donald Trump,jev-1.13.0
2025,2024-05-10,1,binary_probability,0.07,jev-1.13.0
2025,2024-05-10,1,yes_no_choice,No,jev-1.13.0
2025,2024-05-10,1,who_choice,Joe Biden,jev-1.13.0
2025,2025-01-24,1,binary_probability,0.6,jev-1.13.0
2025,2025-01-24,1,yes_no_choice,Yes,jev-1.13.0
2025,2025-01-24,1,who_choice,Donald Trump,jev-1.13.0
2021,2020-04-14,1,binary_probability,0.98,jev-1.13.0
2021,2020-04-14,1,yes_no_choice,Yes,jev-1.13.0
2021,2020-04-14,1,who_choice,Donald Trump,jev-1.13.0
2025,2024-11-05,1,binary_probability,0.23,jev-1.13.0
2025,2024-11-05,1,yes_no_choice,No,jev-1.13.0
2025,2024-11-05,1,who_choice,Joe Biden,jev-1.13.0
2021,2021-04-13,1,binary_probability,0.03,jev-1.13.0
2021,2021-04-13,1,yes_no_choice,No,jev-1.13.0
2021,2021-04-13,1,who_choice,Joe Biden,jev-1.13.0
2025,2024-10-31,1,binary_probability,0.19,jev-1.13.0
2025,2024-10-31,1,yes_no_choice,No,jev-1.13.0
2025,2024-10-31,1,who_choice,Joe Biden,jev-1.13.0
2025,2025-03-26,1,binary_probability,0.61,jev-1.13.0
2025,2025-03-26,1,yes_no_choice,Yes,jev-1.13.0
2025,2025-03-26,1,who_choice,Donald Trump,jev-1.13.0
2025,2024-11-24,1,binary_probability,0.22,jev-1.13.0
2025,2024-11-24,1,yes_no_choice,No,jev-1.13.0
2025,2024-11-24,1,who_choice,Joe Biden,jev-1.13.0
2021,2021-11-05,1,binary_probability,0.02,jev-1.13.0
2021,2021-11-05,1,yes_no_choice,No,jev-1.13.0
2021,2021-11-05,1,who_choice,Joe Biden,jev-1.13.0
2021,2021-02-17,1,binary_probability,0.04,jev-1.13.0
2021,2021-02-17,1,yes_no_choice,No,jev-1.13.0
2021,2021-02-17,1,who_choice,Joe Biden,jev-1.13.0
2025,2024-07-31,1,binary_probability,0.07,jev-1.13.0
2025,2024-07-31,1,yes_no_choice,No,jev-1.13.0
2025,2024-07-31,1,who_choice,Joe Biden,jev-1.13.0
2025,2024-11-16,1,binary_probability,0.31,jev-1.13.0
2025,2024-11-16,1,yes_no_choice,No,jev-1.13.0
2025,2024-11-16,1,who_choice,Donald Trump,jev-1.13.0
2021,2021-04-23,1,binary_probability,0.04,jev-1.13.0
2021,2021-04-23,1,yes_no_choice,No,jev-1.13.0
2021,2021-04-23,1,who_choice,Joe Biden,jev-1.13.0
2025,2025-11-28,1,binary_probability,0.56,jev-1.13.0
2025,2025-11-28,1,yes_no_choice,Yes,jev-1.13.0
2025,2025-11-28,1,who_choice,Donald Trump,jev-1.13.0
2021,2021-09-24,1,binary_probability,0.02,jev-1.13.0
2021,2021-09-24,1,yes_no_choice,No,jev-1.13.0
2021,2021-09-24,1,who_choice,Joe Biden,jev-1.13.0
2025,2024-04-25,1,binary_probability,0.04,jev-1.13.0
2025,2024-04-25,1,yes_no_choice,No,jev-1.13.0
2025,2024-04-25,1,who_choice,Joe Biden,jev-1.13.0
2021,2020-04-13,1,binary_probability,0.99,jev-1.13.0
2021,2020-04-13,1,yes_no_choice,Yes,jev-1.13.0
2021,2020-04-13,1,who_choice,Donald Trump,jev-1.13.0
2021,2020-04-23,1,binary_probability,0.99,jev-1.13.0
2021,2020-04-23,1,yes_no_choice,Yes,jev-1.13.0
2021,2020-04-23,1,who_choice,Donald Trump,jev-1.13.0
2021,2021-01-21,1,binary_probability,0.31,jev-1.13.0
2021,2021-01-21,1,yes_no_choice,No,jev-1.13.0
2021,2021-01-21,1,who_choice,Joe Biden,jev-1.13.0
2025,2025-04-23,1,binary_probability,0.53,jev-1.13.0
2025,2025-04-23,1,yes_no_choice,No,jev-1.13.0
2025,2025-04-23,1,who_choice,Donald Trump,jev-1.13.0
2025,2025-05-27,1,binary_probability,0.5,jev-1.13.0
2025,2025-05-27,1,yes_no_choice,No,jev-1.13.0
2025,2025-05-27,1,who_choice,Donald Trump,jev-1.13.0
2025,2024-08-03,1,binary_probability,0.13,jev-1.13.0
2025,2024-08-03,1,yes_no_choice,No,jev-1.13.0
2025,2024-08-03,1,who_choice,Joe Biden,jev-1.13.0
2025,2024-06-11,1,binary_probability,0.08,jev-1.13.0
2025,2024-06-11,1,yes_no_choice,No,jev-1.13.0
2025,2024-06-11,1,who_choice,Joe Biden,jev-1.13.0
2021,2021-05-11,1,binary_probability,0.02,jev-1.13.0
2021,2021-05-11,1,yes_no_choice,No,jev-1.13.0
2021,2021-05-11,1,who_choice,Joe Biden,jev-1.13.0
2021,2021-11-06,1,binary_probability,0.02,jev-1.13.0
2021,2021-11-06,1,yes_no_choice,No,jev-1.13.0
2021,2021-11-06,1,who_choice,Joe Biden,jev-1.13.0
2021,2021-02-01,1,binary_probability,0.06,jev-1.13.0
2021,2021-02-01,1,yes_no_choice,No,jev-1.13.0
2021,2021-02-01,1,who_choice,Joe Biden,jev-1.13.0
2025,2024-12-04,1,binary_probability,0.21,jev-1.13.0
2025,2024-12-04,1,yes_no_choice,No,jev-1.13.0
2025,2024-12-04,1,who_choice,Donald Trump,jev-1.13.0
2021,2020-10-22,1,binary_probability,0.99,jev-1.13.0
2021,2020-10-22,1,yes_no_choice,Yes,jev-1.13.0
2021,2020-10-22,1,who_choice,Donald Trump,jev-1.13.0
2025,2024-12-15,1,binary_probability,0.19,jev-1.13.0
2025,2024-12-15,1,yes_no_choice,No,jev-1.13.0
2025,2024-12-15,1,who_choice,Donald Trump,jev-1.13.0
2025,2024-02-12,1,binary_probability,0.1,jev-1.13.0
2025,2024-02-12,1,yes_no_choice,No,jev-1.13.0
2025,2024-02-12,1,who_choice,Joe Biden,jev-1.13.0
2021,2020-09-14,1,binary_probability,0.99,jev-1.13.0
2021,2020-09-14,1,yes_no_choice,Yes,jev-1.13.0
2021,2020-09-14,1,who_choice,Donald Trump,jev-1.13.0
2021,2020-07-18,1,binary_probability,0.98,jev-1.13.0
2021,2020-07-18,1,yes_no_choice,Yes,jev-1.13.0
2021,2020-07-18,1,who_choice,Donald Trump,jev-1.13.0
2021,2021-03-26,1,binary_probability,0.02,jev-1.13.0
2021,2021-03-26,1,yes_no_choice,No,jev-1.13.0
2021,2021-03-26,1,who_choice,Joe Biden,jev-1.13.0
2025,2025-09-03,1,binary_probability,0.39,jev-1.13.0
2025,2025-09-03,1,yes_no_choice,No,jev-1.13.0
2025,2025-09-03,1,who_choice,Donald Trump,jev-1.13.0
2021,2021-11-04,1,binary_probability,0.02,jev-1.13.0
2021,2021-11-04,1,yes_no_choice,No,jev-1.13.0
2021,2021-11-04,1,who_choice,Joe Biden,jev-1.13.0
2021,2021-02-07,1,binary_probability,0.04,jev-1.13.0
2021,2021-02-07,1,yes_no_choice,No,jev-1.13.0
2021,2021-02-07,1,who_choice,Joe Biden,jev-1.13.0
2021,2020-05-31,1,binary_probability,0.98,jev-1.13.0
2021,2020-05-31,1,yes_no_choice,Yes,jev-1.13.0
2021,2020-05-31,1,who_choice,Donald Trump,jev-1.13.0
2025,2024-11-23,1,binary_probability,0.24,jev-1.13.0
2025,2024-11-23,1,yes_no_choice,No,jev-1.13.0
2025,2024-11-23,1,who_choice,Joe Biden,jev-1.13.0
2025,2024-08-19,1,binary_probability,0.1,jev-1.13.0
2025,2024-08-19,1,yes_no_choice,No,jev-1.13.0
2025,2024-08-19,1,who_choice,Joe Biden,jev-1.13.0
2021,2021-10-31,1,binary_probability,0.02,jev-1.13.0
2021,2021-10-31,1,yes_no_choice,No,jev-1.13.0
2021,2021-10-31,1,who_choice,Joe Biden,jev-1.13.0
2025,2025-09-07,1,binary_probability,0.41,jev-1.13.0
2025,2025-09-07,1,yes_no_choice,No,jev-1.13.0
2025,2025-09-07,1,who_choice,Donald Trump,jev-1.13.0
2025,2025-09-24,1,binary_probability,0.39,jev-1.13.0
2025,2025-09-24,1,yes_no_choice,No,jev-1.13.0
2025,2025-09-24,1,who_choice,Donald Trump,jev-1.13.0
2025,2025-05-30,1,binary_probability,0.46,jev-1.13.0
2025,2025-05-30,1,yes_no_choice,Yes,jev-1.13.0
2025,2025-05-30,1,who_choice,Donald Trump,jev-1.13.0
2021,2020-02-13,1,binary_probability,0.98,jev-1.13.0
2021,2020-02-13,1,yes_no_choice,Yes,jev-1.13.0
2021,2020-02-13,1,who_choice,Donald Trump,jev-1.13.0
2025,2025-08-03,1,binary_probability,0.41,jev-1.13.0
2025,2025-08-03,1,yes_no_choice,No,jev-1.13.0
2025,2025-08-03,1,who_choice,Donald Trump,jev-1.13.0
2025,2024-04-16,1,binary_probability,0.05,jev-1.13.0
2025,2024-04-16,1,yes_no_choice,No,jev-1.13.0
2025,2024-04-16,1,who_choice,Joe Biden,jev-1.13.0
2021,2020-05-22,1,binary_probability,0.99,jev-1.13.0
2021,2020-05-22,1,yes_no_choice,Yes,jev-1.13.0
2021,2020-05-22,1,who_choice,Donald Trump,jev-1.13.0
2021,2021-01-24,1,binary_probability,0.07,jev-1.13.0
2021,2021-01-24,1,yes_no_choice,No,jev-1.13.0
2021,2021-01-24,1,who_choice,Joe Biden,jev-1.13.0
2021,2020-06-01,1,binary_probability,0.98,jev-1.13.0
2021,2020-06-01,1,yes_no_choice,Yes,jev-1.13.0
2021,2020-06-01,1,who_choice,Donald Trump,jev-1.13.0
2025,2025-02-13,1,binary_probability,0.64,jev-1.13.0
2025,2025-02-13,1,yes_no_choice,Yes,jev-1.13.0
2025,2025-02-13,1,who_choice,Donald Trump,jev-1.13.0
2025,2025-08-12,1,binary_probability,0.36,jev-1.13.0
2025,2025-08-12,1,yes_no_choice,Yes,jev-1.13.0
2025,2025-08-12,1,who_choice,Donald Trump,jev-1.13.0
2025,2025-07-13,1,binary_probability,0.45,jev-1.13.0
2025,2025-07-13,1,yes_no_choice,No,jev-1.13.0
2025,2025-07-13,1,who_choice,Donald Trump,jev-1.13.0
2021,2020-11-11,1,binary_probability,0.97,jev-1.13.0
2021,2020-11-11,1,yes_no_choice,Yes,jev-1.13.0
2021,2020-11-11,1,who_choice,Donald Trump,jev-1.13.0
2021,2020-04-16,1,binary_probability,0.98,jev-1.13.0
2021,2020-04-16,1,yes_no_choice,Yes,jev-1.13.0
2021,2020-04-16,1,who_choice,Donald Trump,jev-1.13.0
2025,2024-09-18,1,binary_probability,0.07,jev-1.13.0
2025,2024-09-18,1,yes_no_choice,No,jev-1.13.0
2025,2024-09-18,1,who_choice,Joe Biden,jev-1.13.0
2021,2020-08-19,1,binary_probability,0.98,jev-1.13.0
2021,2020-08-19,1,yes_no_choice,Yes,jev-1.13.0
2021,2020-08-19,1,who_choice,Donald Trump,jev-1.13.0
2021,2021-10-13,1,binary_probability,0.02,jev-1.13.0
2021,2021-10-13,1,yes_no_choice,No,jev-1.13.0
2021,2021-10-13,1,who_choice,Joe Biden,jev-1.13.0
2021,2021-09-26,1,binary_probability,0.02,jev-1.13.0
2021,2021-09-26,1,yes_no_choice,No,jev-1.13.0
2021,2021-09-26,1,who_choice,Joe Biden,jev-1.13.0
2021,2020-07-02,1,binary_probability,0.98,jev-1.13.0
2021,2020-07-02,1,yes_no_choice,Yes,jev-1.13.0
2021,2020-07-02,1,who_choice,Donald Trump,jev-1.13.0
2021,2021-12-21,1,binary_probability,0.02,jev-1.13.0
2021,2021-12-21,1,yes_no_choice,No,jev-1.13.0
2021,2021-12-21,1,who_choice,Joe Biden,jev-1.13.0
2025,2024-05-30,1,binary_probability,0.06,jev-1.13.0
2025,2024-05-30,1,yes_no_choice,No,jev-1.13.0
2025,2024-05-30,1,who_choice,Joe Biden,jev-1.13.0
2025,2025-05-31,1,binary_probability,0.5,jev-1.13.0
2025,2025-05-31,1,yes_no_choice,Yes,jev-1.13.0
2025,2025-05-31,1,who_choice,Donald Trump,jev-1.13.0
2021,2020-08-16,1,binary_probability,0.98,jev-1.13.0
2021,2020-08-16,1,yes_no_choice,Yes,jev-1.13.0
2021,2020-08-16,1,who_choice,Donald Trump,jev-1.13.0
2021,2021-11-22,1,binary_probability,0.02,jev-1.13.0
2021,2021-11-22,1,yes_no_choice,No,jev-1.13.0
2021,2021-11-22,1,who_choice,Joe Biden,jev-1.13.0
2025,2025-07-31,1,binary_probability,0.4,jev-1.13.0
2025,2025-07-31,1,yes_no_choice,Yes,jev-1.13.0
2025,2025-07-31,1,who_choice,Donald Trump,jev-1.13.0
2025,2025-05-28,1,binary_probability,0.51,jev-1.13.0
2025,2025-05-28,1,yes_no_choice,Yes,jev-1.13.0
2025,2025-05-28,1,who_choice,Donald Trump,jev-1.13.0
2025,2025-09-21,1,binary_probability,0.39,jev-1.13.0
2025,2025-09-21,1,yes_no_choice,No,jev-1.13.0
2025,2025-09-21,1,who_choice,Donald Trump,jev-1.13.0
2025,2025-01-01,1,binary_probability,0.28,jev-1.13.0
2025,2025-01-01,1,yes_no_choice,No,jev-1.13.0
2025,2025-01-01,1,who_choice,Donald Trump,jev-1.13.0
2021,2020-12-16,1,binary_probability,0.96,jev-1.13.0
2021,2020-12-16,1,yes_no_choice,Yes,jev-1.13.0
2021,2020-12-16,1,who_choice,Donald Trump,jev-1.13.0
2025,2024-12-17,1,binary_probability,0.24,jev-1.13.0
2025,2024-12-17,1,yes_no_choice,No,jev-1.13.0
2025,2024-12-17,1,who_choice,Donald Trump,jev-1.13.0
2021,2020-07-15,1,binary_probability,0.99,jev-1.13.0
2021,2020-07-15,1,yes_no_choice,Yes,jev-1.13.0
2021,2020-07-15,1,who_choice,Donald Trump,jev-1.13.0
2021,2021-01-25,1,binary_probability,0.14,jev-1.13.0
2021,2021-01-25,1,yes_no_choice,No,jev-1.13.0
2021,2021-01-25,1,who_choice,Joe Biden,jev-1.13.0
2025,2024-03-28,1,binary_probability,0.07,jev-1.13.0
2025,2024-03-28,1,yes_no_choice,No,jev-1.13.0
2025,2024-03-28,1,who_choice,Joe Biden,jev-1.13.0
2025,2024-01-27,1,binary_probability,0.15,jev-1.13.0
2025,2024-01-27,1,yes_no_choice,No,jev-1.13.0
2025,2024-01-27,1,who_choice,Joe Biden,jev-1.13.0
2021,2021-07-08,1,binary_probability,0.02,jev-1.13.0
2021,2021-07-08,1,yes_no_choice,No,jev-1.13.0
2021,2021-07-08,1,who_choice,Joe Biden,jev-1.13.0
2025,2024-08-23,1,binary_probability,0.1,jev-1.13.0
2025,2024-08-23,1,yes_no_choice,No,jev-1.13.0
2025,2024-08-23,1,who_choice,Joe Biden,jev-1.13.0
2025,2026-01-03,1,binary_probability,0.41,jev-1.13.0
2025,2026-01-03,1,yes_no_choice,Yes,jev-1.13.0
2025,2026-01-03,1,who_choice,Donald Trump,jev-1.13.0
2021,2021-05-18,1,binary_probability,0.03,jev-1.13.0
2021,2021-05-18,1,yes_no_choice,No,jev-1.13.0
2021,2021-05-18,1,who_choice,Joe Biden,jev-1.13.0
2025,2024-09-28,1,binary_probability,0.05,jev-1.13.0
2025,2024-09-28,1,yes_no_choice,No,jev-1.13.0
2025,2024-09-28,1,who_choice,Joe Biden,jev-1.13.0
2021,2020-09-18,1,binary_probability,0.99,jev-1.13.0
2021,2020-09-18,1,yes_no_choice,Yes,jev-1.13.0
2021,2020-09-18,1,who_choice,Donald Trump,jev-1.13.0
2025,2024-08-28,1,binary_probability,0.1,jev-1.13.0
2025,2024-08-28,1,yes_no_choice,No,jev-1.13.0
2025,2024-08-28,1,who_choice,Joe Biden,jev-1.13.0
2021,2021-08-15,1,binary_probability,0.03,jev-1.13.0
2021,2021-08-15,1,yes_no_choice,No,jev-1.13.0
2021,2021-08-15,1,who_choice,Joe Biden,jev-1.13.0
2021,2020-01-25,1,binary_probability,0.98,jev-1.13.0
2021,2020-01-25,1,yes_no_choice,Yes,jev-1.13.0
2021,2020-01-25,1,who_choice,Donald Trump,jev-1.13.0
2025,2025-12-20,1,binary_probability,0.54,jev-1.13.0
2025,2025-12-20,1,yes_no_choice,Yes,jev-1.13.0
2025,2025-12-20,1,who_choice,Donald Trump,jev-1.13.0
2025,2025-12-11,1,binary_probability,0.56,jev-1.13.0
2025,2025-12-11,1,yes_no_choice,Yes,jev-1.13.0
2025,2025-12-11,1,who_choice,Donald Trump,jev-1.13.0
2021,2021-01-17,1,binary_probability,0.95,jev-1.13.0
2021,2021-01-17,1,yes_no_choice,Yes,jev-1.13.0
2021,2021-01-17,1,who_choice,Donald Trump,jev-1.13.0
2021,2020-07-30,1,binary_probability,0.98,jev-1.13.0
2021,2020-07-30,1,yes_no_choice,Yes,jev-1.13.0
2021,2020-07-30,1,who_choice,Donald Trump,jev-1.13.0
2025,2024-11-29,1,binary_probability,0.22,jev-1.13.0
2025,2024-11-29,1,yes_no_choice,No,jev-1.13.0
2025,2024-11-29,1,who_choice,Joe Biden,jev-1.13.0
2025,2024-02-26,1,binary_probability,0.07,jev-1.13.0
2025,2024-02-26,1,yes_no_choice,No,jev-1.13.0
2025,2024-02-26,1,who_choice,Joe Biden,jev-1.13.0
2025,2025-12-12,1,binary_probability,0.54,jev-1.13.0
2025,2025-12-12,1,yes_no_choice,Yes,jev-1.13.0
2025,2025-12-12,1,who_choice,Donald Trump,jev-1.13.0
2025,2024-04-18,1,binary_probability,0.05,jev-1.13.0
2025,2024-04-18,1,yes_no_choice,No,jev-1.13.0
2025,2024-04-18,1,who_choice,Joe Biden,jev-1.13.0
2021,2021-06-01,1,binary_probability,0.03,jev-1.13.0
2021,2021-06-01,1,yes_no_choice,No,jev-1.13.0
2021,2021-06-01,1,who_choice,Joe Biden,jev-1.13.0
2025,2025-04-04,1,binary_probability,0.54,jev-1.13.0
2025,2025-04-04,1,yes_no_choice,Yes,jev-1.13.0
2025,2025-04-04,1,who_choice,Donald Trump,jev-1.13.0
2025,2025-12-15,1,binary_probability,0.53,jev-1.13.0
2025,2025-12-15,1,yes_no_choice,Yes,jev-1.13.0
2025,2025-12-15,1,who_choice,Donald Trump,jev-1.13.0
2021,2021-04-05,1,binary_probability,0.03,jev-1.13.0
2021,2021-04-05,1,yes_no_choice,No,jev-1.13.0
2021,2021-04-05,1,who_choice,Joe Biden,jev-1.13.0
2021,2021-06-21,1,binary_probability,0.02,jev-1.13.0
2021,2021-06-21,1,yes_no_choice,No,jev-1.13.0
2021,2021-06-21,1,who_choice,Joe Biden,jev-1.13.0
2021,2021-07-17,1,binary_probability,0.01,jev-1.13.0
2021,2021-07-17,1,yes_no_choice,No,jev-1.13.0
2021,2021-07-17,1,who_choice,Joe Biden,jev-1.13.0
2025,2025-09-01,1,binary_probability,0.4,jev-1.13.0
2025,2025-09-01,1,yes_no_choice,No,jev-1.13.0
2025,2025-09-01,1,who_choice,Donald Trump,jev-1.13.0
2021,2021-07-11,1,binary_probability,0.02,jev-1.13.0
2021,2021-07-11,1,yes_no_choice,No,jev-1.13.0
2021,2021-07-11,1,who_choice,Joe Biden,jev-1.13.0
2021,2021-02-15,1,binary_probability,0.05,jev-1.13.0
2021,2021-02-15,1,yes_no_choice,No,jev-1.13.0
2021,2021-02-15,1,who_choice,Joe Biden,jev-1.13.0
2021,2020-08-18,1,binary_probability,0.98,jev-1.13.0
2021,2020-08-18,1,yes_no_choice,Yes,jev-1.13.0
2021,2020-08-18,1,who_choice,Donald Trump,jev-1.13.0
2021,2020-10-16,1,binary_probability,0.99,jev-1.13.0
2021,2020-10-16,1,yes_no_choice,Yes,jev-1.13.0
2021,2020-10-16,1,who_choice,Donald Trump,jev-1.13.0
2025,2024-06-10,1,binary_probability,0.07,jev-1.13.0
2025,2024-06-10,1,yes_no_choice,No,jev-1.13.0
2025,2024-06-10,1,who_choice,Joe Biden,jev-1.13.0
2021,2021-05-15,1,binary_probability,0.03,jev-1.13.0
2021,2021-05-15,1,yes_no_choice,No,jev-1.13.0
2021,2021-05-15,1,who_choice,Joe Biden,jev-1.13.0
2025,2025-12-30,1,binary_probability,0.6,jev-1.13.0
2025,2025-12-30,1,yes_no_choice,Yes,jev-1.13.0
2025,2025-12-30,1,who_choice,Donald Trump,jev-1.13.0
2021,2021-03-04,1,binary_probability,0.03,jev-1.13.0
2021,2021-03-04,1,yes_no_choice,No,jev-1.13.0
2021,2021-03-04,1,who_choice,Joe Biden,jev-1.13.0
2021,2020-09-08,1,binary_probability,0.98,jev-1.13.0
2021,2020-09-08,1,yes_no_choice,Yes,jev-1.13.0
2021,2020-09-08,1,who_choice,Donald Trump,jev-1.13.0
2025,2025-09-15,1,binary_probability,0.38,jev-1.13.0
2025,2025-09-15,1,yes_no_choice,No,jev-1.13.0
2025,2025-09-15,1,who_choice,Donald Trump,jev-1.13.0
2021,2020-12-09,1,binary_probability,0.97,jev-1.13.0
2021,2020-12-09,1,yes_no_choice,Yes,jev-1.13.0
2021,2020-12-09,1,who_choice,Donald Trump,jev-1.13.0
2025,2024-02-22,1,binary_probability,0.08,jev-1.13.0
2025,2024-02-22,1,yes_no_choice,No,jev-1.13.0
2025,2024-02-22,1,who_choice,Joe Biden,jev-1.13.0
2021,2020-10-14,1,binary_probability,0.98,jev-1.13.0
2021,2020-10-14,1,yes_no_choice,Yes,jev-1.13.0
2021,2020-10-14,1,who_choice,Donald Trump,jev-1.13.0
2021,2020-06-10,1,binary_probability,0.98,jev-1.13.0
2021,2020-06-10,1,yes_no_choice,Yes,jev-1.13.0
2021,2020-06-10,1,who_choice,Donald Trump,jev-1.13.0
2025,2025-08-02,1,binary_probability,0.36,jev-1.13.0
2025,2025-08-02,1,yes_no_choice,No,jev-1.13.0
2025,2025-08-02,1,who_choice,Donald Trump,jev-1.13.0
2025,2025-06-29,1,binary_probability,0.5,jev-1.13.0
2025,2025-06-29,1,yes_no_choice,Yes,jev-1.13.0
2025,2025-06-29,1,who_choice,Donald Trump,jev-1.13.0
2021,2021-04-22,1,binary_probability,0.03,jev-1.13.0
2021,2021-04-22,1,yes_no_choice,No,jev-1.13.0
2021,2021-04-22,1,who_choice,Joe Biden,jev-1.13.0
2021,2021-07-13,1,binary_probability,0.02,jev-1.13.0
2021,2021-07-13,1,yes_no_choice,No,jev-1.13.0
2021,2021-07-13,1,who_choice,Joe Biden,jev-1.13.0
2025,2025-11-20,1,binary_probability,0.53,jev-1.13.0
2025,2025-11-20,1,yes_no_choice,Yes,jev-1.13.0
2025,2025-11-20,1,who_choice,Donald Trump,jev-1.13.0
2025,2024-11-12,1,binary_probability,0.26,jev-1.13.0
2025,2024-11-12,1,yes_no_choice,No,jev-1.13.0
2025,2024-11-12,1,who_choice,Donald Trump,jev-1.13.0
2021,2021-04-28,1,binary_probability,0.03,jev-1.13.0
2021,2021-04-28,1,yes_no_choice,No,jev-1.13.0
2021,2021-04-28,1,who_choice,Joe Biden,jev-1.13.0
2025,2024-07-10,1,binary_probability,0.1,jev-1.13.0
2025,2024-07-10,1,yes_no_choice,No,jev-1.13.0
2025,2024-07-10,1,who_choice,Joe Biden,jev-1.13.0
2021,2020-10-10,1,binary_probability,0.98,jev-1.13.0
2021,2020-10-10,1,yes_no_choice,Yes,jev-1.13.0
2021,2020-10-10,1,who_choice,Donald Trump,jev-1.13.0
2025,2025-05-19,1,binary_probability,0.55,jev-1.13.0
2025,2025-05-19,1,yes_no_choice,Yes,jev-1.13.0
2025,2025-05-19,1,who_choice,Donald Trump,jev-1.13.0
2021,2020-04-04,1,binary_probability,0.98,jev-1.13.0
2021,2020-04-04,1,yes_no_choice,Yes,jev-1.13.0
2021,2020-04-04,1,who_choice,Donald Trump,jev-1.13.0
2025,2024-06-08,1,binary_probability,0.07,jev-1.13.0
2025,2024-06-08,1,yes_no_choice,No,jev-1.13.0
2025,2024-06-08,1,who_choice,Joe Biden,jev-1.13.0
2021,2020-06-17,1,binary_probability,0.98,jev-1.13.0
2021,2020-06-17,1,yes_no_choice,Yes,jev-1.13.0
2021,2020-06-17,1,who_choice,Donald Trump,jev-1.13.0
2021,2021-08-18,1,binary_probability,0.02,jev-1.13.0
2021,2021-08-18,1,yes_no_choice,No,jev-1.13.0
2021,2021-08-18,1,who_choice,Joe Biden,jev-1.13.0
2021,2020-03-29,1,binary_probability,0.98,jev-1.13.0
2021,2020-03-29,1,yes_no_choice,Yes,jev-1.13.0
2021,2020-03-29,1,who_choice,Donald Trump,jev-1.13.0
2021,2021-12-01,1,binary_probability,0.02,jev-1.13.0
2021,2021-12-01,1,yes_no_choice,No,jev-1.13.0
2021,2021-12-01,1,who_choice,Joe Biden,jev-1.13.0
2021,2021-05-31,1,binary_probability,0.03,jev-1.13.0
2021,2021-05-31,1,yes_no_choice,No,jev-1.13.0
2021,2021-05-31,1,who_choice,Joe Biden,jev-1.13.0
2021,2021-10-26,1,binary_probability,0.02,jev-1.13.0
2021,2021-10-26,1,yes_no_choice,No,jev-1.13.0
2021,2021-10-26,1,who_choice,Joe Biden,jev-1.13.0
2025,2025-12-16,1,binary_probability,0.58,jev-1.13.0
2025,2025-12-16,1,yes_no_choice,Yes,jev-1.13.0
2025,2025-12-16,1,who_choice,Donald Trump,jev-1.13.0
2025,2024-09-21,1,binary_probability,0.05,jev-1.13.0
2025,2024-09-21,1,yes_no_choice,No,jev-1.13.0
2025,2024-09-21,1,who_choice,Joe Biden,jev-1.13.0
2025,2025-01-31,1,binary_probability,0.47,jev-1.13.0
2025,2025-01-31,1,yes_no_choice,No,jev-1.13.0
2025,2025-01-31,1,who_choice,Donald Trump,jev-1.13.0
2025,2025-04-09,1,binary_probability,0.45,jev-1.13.0
2025,2025-04-09,1,yes_no_choice,No,jev-1.13.0
2025,2025-04-09,1,who_choice,Donald Trump,jev-1.13.0
2025,2025-06-07,1,binary_probability,0.45,jev-1.13.0
2025,2025-06-07,1,yes_no_choice,Yes,jev-1.13.0
2025,2025-06-07,1,who_choice,Donald Trump,jev-1.13.0
2021,2020-04-21,1,binary_probability,0.98,jev-1.13.0
2021,2020-04-21,1,yes_no_choice,Yes,jev-1.13.0
2021,2020-04-21,1,who_choice,Donald Trump,jev-1.13.0
2021,2020-12-15,1,binary_probability,0.97,jev-1.13.0
2021,2020-12-15,1,yes_no_choice,Yes,jev-1.13.0
2021,2020-12-15,1,who_choice,Donald Trump,jev-1.13.0
2021,2020-12-11,1,binary_probability,0.97,jev-1.13.0
2021,2020-12-11,1,yes_no_choice,Yes,jev-1.13.0
2021,2020-12-11,1,who_choice,Donald Trump,jev-1.13.0
2021,2021-10-16,1,binary_probability,0.02,jev-1.13.0
2021,2021-10-16,1,yes_no_choice,No,jev-1.13.0
2021,2021-10-16,1,who_choice,Joe Biden,jev-1.13.0
2025,2024-07-01,1,binary_probability,0.08,jev-1.13.0
2025,2024-07-01,1,yes_no_choice,No,jev-1.13.0
2025,2024-07-01,1,who_choice,Joe Biden,jev-1.13.0
2025,2025-07-07,1,binary_probability,0.43,jev-1.13.0
2025,2025-07-07,1,yes_no_choice,Yes,jev-1.13.0
2025,2025-07-07,1,who_choice,Donald Trump,jev-1.13.0
2025,2025-07-05,1,binary_probability,0.42,jev-1.13.0
2025,2025-07-05,1,yes_no_choice,No,jev-1.13.0
2025,2025-07-05,1,who_choice,Donald Trump,jev-1.13.0
2025,2024-12-19,1,binary_probability,0.25,jev-1.13.0
2025,2024-12-19,1,yes_no_choice,No,jev-1.13.0
2025,2024-12-19,1,who_choice,Donald Trump,jev-1.13.0
2021,2021-10-17,1,binary_probability,0.02,jev-1.13.0
2021,2021-10-17,1,yes_no_choice,No,jev-1.13.0
2021,2021-10-17,1,who_choice,Joe Biden,jev-1.13.0
2025,2025-12-17,1,binary_probability,0.57,jev-1.13.0
2025,2025-12-17,1,yes_no_choice,Yes,jev-1.13.0
2025,2025-12-17,1,who_choice,Donald Trump,jev-1.13.0
2025,2024-02-04,1,binary_probability,0.07,jev-1.13.0
2025,2024-02-04,1,yes_no_choice,No,jev-1.13.0
2025,2024-02-04,1,who_choice,Joe Biden,jev-1.13.0
2021,2020-12-14,1,binary_probability,0.96,jev-1.13.0
2021,2020-12-14,1,yes_no_choice,Yes,jev-1.13.0
2021,2020-12-14,1,who_choice,Donald Trump,jev-1.13.0
2021,2020-09-10,1,binary_probability,0.98,jev-1.13.0
2021,2020-09-10,1,yes_no_choice,Yes,jev-1.13.0
2021,2020-09-10,1,who_choice,Donald Trump,jev-1.13.0
2021,2020-08-17,1,binary_probability,0.99,jev-1.13.0
2021,2020-08-17,1,yes_no_choice,Yes,jev-1.13.0
2021,2020-08-17,1,who_choice,Donald Trump,jev-1.13.0
2025,2025-03-13,1,binary_probability,0.61,jev-1.13.0
2025,2025-03-13,1,yes_no_choice,Yes,jev-1.13.0
2025,2025-03-13,1,who_choice,Donald Trump,jev-1.13.0
2021,2021-08-28,1,binary_probability,0.02,jev-1.13.0
2021,2021-08-28,1,yes_no_choice,No,jev-1.13.0
2021,2021-08-28,1,who_choice,Joe Biden,jev-1.13.0
2021,2021-04-24,1,binary_probability,0.03,jev-1.13.0
2021,2021-04-24,1,yes_no_choice,No,jev-1.13.0
2021,2021-04-24,1,who_choice,Joe Biden,jev-1.13.0
2021,2022-01-01,1,binary_probability,0.05,jev-1.13.0
2021,2022-01-01,1,yes_no_choice,No,jev-1.13.0
2021,2022-01-01,1,who_choice,Joe Biden,jev-1.13.0
2025,2025-09-06,1,binary_probability,0.43,jev-1.13.0
2025,2025-09-06,1,yes_no_choice,No,jev-1.13.0
2025,2025-09-06,1,who_choice,Donald Trump,jev-1.13.0
2025,2024-04-09,1,binary_probability,0.08,jev-1.13.0
2025,2024-04-09,1,yes_no_choice,No,jev-1.13.0
2025,2024-04-09,1,who_choice,Joe Biden,jev-1.13.0
2025,2025-08-17,1,binary_probability,0.4,jev-1.13.0
2025,2025-08-17,1,yes_no_choice,No,jev-1.13.0
2025,2025-08-17,1,who_choice,Donald Trump,jev-1.13.0
2025,2024-09-22,1,binary_probability,0.05,jev-1.13.0
2025,2024-09-22,1,yes_no_choice,No,jev-1.13.0
2025,2024-09-22,1,who_choice,Joe Biden,jev-1.13.0
2025,2024-12-23,1,binary_probability,0.23,jev-1.13.0
2025,2024-12-23,1,yes_no_choice,No,jev-1.13.0
2025,2024-12-23,1,who_choice,Donald Trump,jev-1.13.0
2025,2024-03-22,1,binary_probability,0.07,jev-1.13.0
2025,2024-03-22,1,yes_no_choice,No,jev-1.13.0
2025,2024-03-22,1,who_choice,Joe Biden,jev-1.13.0
2025,2024-08-18,1,binary_probability,0.07,jev-1.13.0
2025,2024-08-18,1,yes_no_choice,No,jev-1.13.0
2025,2024-08-18,1,who_choice,Joe Biden,jev-1.13.0
2021,2021-06-08,1,binary_probability,0.02,jev-1.13.0
2021,2021-06-08,1,yes_no_choice,No,jev-1.13.0
2021,2021-06-08,1,who_choice,Joe Biden,jev-1.13.0
2025,2025-03-11,1,binary_probability,0.63,jev-1.13.0
2025,2025-03-11,1,yes_no_choice,Yes,jev-1.13.0
2025,2025-03-11,1,who_choice,Donald Trump,jev-1.13.0
2025,2024-07-24,1,binary_probability,0.1,jev-1.13.0
2025,2024-07-24,1,yes_no_choice,No,jev-1.13.0
2025,2024-07-24,1,who_choice,Joe Biden,jev-1.13.0
2025,2025-10-14,1,binary_probability,0.47,jev-1.13.0
2025,2025-10-14,1,yes_no_choice,Yes,jev-1.13.0
2025,2025-10-14,1,who_choice,Donald Trump,jev-1.13.0
2021,2020-04-19,1,binary_probability,0.98,jev-1.13.0
2021,2020-04-19,1,yes_no_choice,Yes,jev-1.13.0
2021,2020-04-19,1,who_choice,Donald Trump,jev-1.13.0
2025,2025-09-17,1,binary_probability,0.4,jev-1.13.0
2025,2025-09-17,1,yes_no_choice,No,jev-1.13.0
2025,2025-09-17,1,who_choice,Donald Trump,jev-1.13.0
2021,2020-11-25,1,binary_probability,0.97,jev-1.13.0
2021,2020-11-25,1,yes_no_choice,Yes,jev-1.13.0
2021,2020-11-25,1,who_choice,Donald Trump,jev-1.13.0
2021,2021-04-08,1,binary_probability,0.04,jev-1.13.0
2021,2021-04-08,1,yes_no_choice,No,jev-1.13.0
2021,2021-04-08,1,who_choice,Joe Biden,jev-1.13.0
2025,2024-11-10,1,binary_probability,0.25,jev-1.13.0
2025,2024-11-10,1,yes_no_choice,No,jev-1.13.0
2025,2024-11-10,1,who_choice,Joe Biden,jev-1.13.0
2025,2025-02-24,1,binary_probability,0.62,jev-1.13.0
2025,2025-02-24,1,yes_no_choice,Yes,jev-1.13.0
2025,2025-02-24,1,who_choice,Donald Trump,jev-1.13.0
2025,2024-07-29,1,binary_probability,0.12,jev-1.13.0
2025,2024-07-29,1,yes_no_choice,No,jev-1.13.0
2025,2024-07-29,1,who_choice,Joe Biden,jev-1.13.0
2021,2020-03-18,1,binary_probability,0.98,jev-1.13.0
2021,2020-03-18,1,yes_no_choice,Yes,jev-1.13.0
2021,2020-03-18,1,who_choice,Donald Trump,jev-1.13.0
2021,2021-12-29,1,binary_probability,0.02,jev-1.13.0
2021,2021-12-29,1,yes_no_choice,No,jev-1.13.0
2021,2021-12-29,1,who_choice,Joe Biden,jev-1.13.0
2021,2021-11-30,1,binary_probability,0.02,jev-1.13.0
2021,2021-11-30,1,yes_no_choice,No,jev-1.13.0
2021,2021-11-30,1,who_choice,Joe Biden,jev-1.13.0
2021,2020-11-24,1,binary_probability,0.97,jev-1.13.0
2021,2020-11-24,1,yes_no_choice,Yes,jev-1.13.0
2021,2020-11-24,1,who_choice,Donald Trump,jev-1.13.0
2021,2022-01-12,1,binary_probability,0.09,jev-1.13.0
2021,2022-01-12,1,yes_no_choice,No,jev-1.13.0
2021,2022-01-12,1,who_choice,Joe Biden,jev-1.13.0
2021,2020-09-15,1,binary_probability,0.99,jev-1.13.0
2021,2020-09-15,1,yes_no_choice,Yes,jev-1.13.0
2021,2020-09-15,1,who_choice,Donald Trump,jev-1.13.0
2025,2025-08-26,1,binary_probability,0.43,jev-1.13.0
2025,2025-08-26,1,yes_no_choice,Yes,jev-1.13.0
2025,2025-08-26,1,who_choice,Donald Trump,jev-1.13.0
2025,2025-06-19,1,binary_probability,0.44,jev-1.13.0
2025,2025-06-19,1,yes_no_choice,No,jev-1.13.0
2025,2025-06-19,1,who_choice,Donald Trump,jev-1.13.0
2021,2021-06-10,1,binary_probability,0.02,jev-1.13.0
2021,2021-06-10,1,yes_no_choice,No,jev-1.13.0
2021,2021-06-10,1,who_choice,Joe Biden,jev-1.13.0
2021,2021-05-30,1,binary_probability,0.03,jev-1.13.0
2021,2021-05-30,1,yes_no_choice,No,jev-1.13.0
2021,2021-05-30,1,who_choice,Joe Biden,jev-1.13.0
2021,2020-11-04,1,binary_probability,0.97,jev-1.13.0
2021,2020-11-04,1,yes_no_choice,Yes,jev-1.13.0
2021,2020-11-04,1,who_choice,Donald Trump,jev-1.13.0
2021,2020-03-06,1,binary_probability,0.99,jev-1.13.0
2021,2020-03-06,1,yes_no_choice,Yes,jev-1.13.0
2021,2020-03-06,1,who_choice,Donald Trump,jev-1.13.0
2021,2021-11-25,1,binary_probability,0.02,jev-1.13.0
2021,2021-11-25,1,yes_no_choice,No,jev-1.13.0
2021,2021-11-25,1,who_choice,Joe Biden,jev-1.13.0
2021,2021-07-26,1,binary_probability,0.02,jev-1.13.0
2021,2021-07-26,1,yes_no_choice,No,jev-1.13.0
2021,2021-07-26,1,who_choice,Joe Biden,jev-1.13.0
2021,2020-04-20,1,binary_probability,0.98,jev-1.13.0
2021,2020-04-20,1,yes_no_choice,Yes,jev-1.13.0
2021,2020-04-20,1,who_choice,Donald Trump,jev-1.13.0
2025,2024-04-06,1,binary_probability,0.08,jev-1.13.0
2025,2024-04-06,1,yes_no_choice,No,jev-1.13.0
2025,2024-04-06,1,who_choice,Joe Biden,jev-1.13.0
2025,2025-04-17,1,binary_probability,0.44,jev-1.13.0
2025,2025-04-17,1,yes_no_choice,No,jev-1.13.0
2025,2025-04-17,1,who_choice,Donald Trump,jev-1.13.0
2021,2021-05-21,1,binary_probability,0.03,jev-1.13.0
2021,2021-05-21,1,yes_no_choice,No,jev-1.13.0
2021,2021-05-21,1,who_choice,Joe Biden,jev-1.13.0
2025,2025-01-27,1,binary_probability,0.54,jev-1.13.0
2025,2025-01-27,1,yes_no_choice,Yes,jev-1.13.0
2025,2025-01-27,1,who_choice,Donald Trump,jev-1.13.0
2021,2020-09-30,1,binary_probability,0.98,jev-1.13.0
2021,2020-09-30,1,yes_no_choice,Yes,jev-1.13.0
2021,2020-09-30,1,who_choice,Donald Trump,jev-1.13.0
2025,2025-08-24,1,binary_probability,0.4,jev-1.13.0
2025,2025-08-24,1,yes_no_choice,Yes,jev-1.13.0
2025,2025-08-24,1,who_choice,Donald Trump,jev-1.13.0
2021,2021-10-22,1,binary_probability,0.02,jev-1.13.0
2021,2021-10-22,1,yes_no_choice,No,jev-1.13.0
2021,2021-10-22,1,who_choice,Joe Biden,jev-1.13.0
2025,2025-09-04,1,binary_probability,0.42,jev-1.13.0
2025,2025-09-04,1,yes_no_choice,No,jev-1.13.0
2025,2025-09-04,1,who_choice,Donald Trump,jev-1.13.0
2025,2024-03-18,1,binary_probability,0.08,jev-1.13.0
2025,2024-03-18,1,yes_no_choice,No,jev-1.13.0
2025,2024-03-18,1,who_choice,Joe Biden,jev-1.13.0
2021,2020-10-26,1,binary_probability,0.99,jev-1.13.0
2021,2020-10-26,1,yes_no_choice,Yes,jev-1.13.0
2021,2020-10-26,1,who_choice,Donald Trump,jev-1.13.0
2021,2021-01-30,1,binary_probability,0.19,jev-1.13.0
2021,2021-01-30,1,yes_no_choice,No,jev-1.13.0
2021,2021-01-30,1,who_choice,Joe Biden,jev-1.13.0
2025,2024-07-25,1,binary_probability,0.11,jev-1.13.0
2025,2024-07-25,1,yes_no_choice,No,jev-1.13.0
2025,2024-07-25,1,who_choice,Joe Biden,jev-1.13.0
2021,2021-03-22,1,binary_probability,0.03,jev-1.13.0
2021,2021-03-22,1,yes_no_choice,No,jev-1.13.0
2021,2021-03-22,1,who_choice,Joe Biden,jev-1.13.0
2021,2021-12-25,1,binary_probability,0.02,jev-1.13.0
2021,2021-12-25,1,yes_no_choice,No,jev-1.13.0
2021,2021-12-25,1,who_choice,Joe Biden,jev-1.13.0
2025,2024-12-20,1,binary_probability,0.19,jev-1.13.0
2025,2024-12-20,1,yes_no_choice,No,jev-1.13.0
2025,2024-12-20,1,who_choice,Donald Trump,jev-1.13.0
2025,2024-07-12,1,binary_probability,0.08,jev-1.13.0
2025,2024-07-12,1,yes_no_choice,No,jev-1.13.0
2025,2024-07-12,1,who_choice,Joe Biden,jev-1.13.0
2025,2025-11-12,1,binary_probability,0.54,jev-1.13.0
2025,2025-11-12,1,yes_no_choice,Yes,jev-1.13.0
2025,2025-11-12,1,who_choice,Donald Trump,jev-1.13.0
2021,2020-03-25,1,binary_probability,0.98,jev-1.13.0
2021,2020-03-25,1,yes_no_choice,Yes,jev-1.13.0
2021,2020-03-25,1,who_choice,Donald Trump,jev-1.13.0
2021,2021-09-03,1,binary_probability,0.02,jev-1.13.0
2021,2021-09-03,1,yes_no_choice,No,jev-1.13.0
2021,2021-09-03,1,who_choice,Joe Biden,jev-1.13.0
2025,2024-05-11,1,binary_probability,0.05,jev-1.13.0
2025,2024-05-11,1,yes_no_choice,No,jev-1.13.0
2025,2024-05-11,1,who_choice,Joe Biden,jev-1.13.0
2021,2020-04-22,1,binary_probability,0.98,jev-1.13.0
2021,2020-04-22,1,yes_no_choice,Yes,jev-1.13.0
2021,2020-04-22,1,who_choice,Donald Trump,jev-1.13.0
2025,2025-06-05,1,binary_probability,0.49,jev-1.13.0
2025,2025-06-05,1,yes_no_choice,Yes,jev-1.13.0
2025,2025-06-05,1,who_choice,Donald Trump,jev-1.13.0
2021,2021-10-12,1,binary_probability,0.02,jev-1.13.0
2021,2021-10-12,1,yes_no_choice,No,jev-1.13.0
2021,2021-10-12,1,who_choice,Joe Biden,jev-1.13.0
2021,2020-07-26,1,binary_probability,0.98,jev-1.13.0
2021,2020-07-26,1,yes_no_choice,Yes,jev-1.13.0
2021,2020-07-26,1,who_choice,Donald Trump,jev-1.13.0
2021,2020-03-01,1,binary_probability,0.99,jev-1.13.0
2021,2020-03-01,1,yes_no_choice,Yes,jev-1.13.0
2021,2020-03-01,1,who_choice,Donald Trump,jev-1.13.0
2021,2020-02-01,1,binary_probability,0.99,jev-1.13.0
2021,2020-02-01,1,yes_no_choice,Yes,jev-1.13.0
2021,2020-02-01,1,who_choice,Donald Trump,jev-1.13.0
2025,2025-10-27,1,binary_probability,0.52,jev-1.13.0
2025,2025-10-27,1,yes_no_choice,Yes,jev-1.13.0
2025,2025-10-27,1,who_choice,Donald Trump,jev-1.13.0
2025,2026-01-06,1,binary_probability,0.43,jev-1.13.0
2025,2026-01-06,1,yes_no_choice,Yes,jev-1.13.0
2025,2026-01-06,1,who_choice,Donald Trump,jev-1.13.0
2021,2022-01-20,1,binary_probability,0.08,jev-1.13.0
2021,2022-01-20,1,yes_no_choice,No,jev-1.13.0
2021,2022-01-20,1,who_choice,Joe Biden,jev-1.13.0
2025,2024-08-09,1,binary_probability,0.09,jev-1.13.0
2025,2024-08-09,1,yes_no_choice,No,jev-1.13.0
2025,2024-08-09,1,who_choice,Joe Biden,jev-1.13.0
2025,2024-02-05,1,binary_probability,0.08,jev-1.13.0
2025,2024-02-05,1,yes_no_choice,No,jev-1.13.0
2025,2024-02-05,1,who_choice,Joe Biden,jev-1.13.0
2025,2024-09-13,1,binary_probability,0.06,jev-1.13.0
2025,2024-09-13,1,yes_no_choice,No,jev-1.13.0
2025,2024-09-13,1,who_choice,Joe Biden,jev-1.13.0
2025,2025-11-29,1,binary_probability,0.54,jev-1.13.0
2025,2025-11-29,1,yes_no_choice,Yes,jev-1.13.0
2025,2025-11-29,1,who_choice,Donald Trump,jev-1.13.0
2025,2024-11-11,1,binary_probability,0.25,jev-1.13.0
2025,2024-11-11,1,yes_no_choice,No,jev-1.13.0
2025,2024-11-11,1,who_choice,Joe Biden,jev-1.13.0
2021,2020-08-05,1,binary_probability,0.98,jev-1.13.0
2021,2020-08-05,1,yes_no_choice,Yes,jev-1.13.0
2021,2020-08-05,1,who_choice,Donald Trump,jev-1.13.0
2021,2020-04-29,1,binary_probability,0.98,jev-1.13.0
2021,2020-04-29,1,yes_no_choice,Yes,jev-1.13.0
2021,2020-04-29,1,who_choice,Donald Trump,jev-1.13.0
2021,2020-09-28,1,binary_probability,0.98,jev-1.13.0
2021,2020-09-28,1,yes_no_choice,Yes,jev-1.13.0
2021,2020-09-28,1,who_choice,Donald Trump,jev-1.13.0
2025,2025-06-12,1,binary_probability,0.47,jev-1.13.0
2025,2025-06-12,1,yes_no_choice,Yes,jev-1.13.0
2025,2025-06-12,1,who_choice,Donald Trump,jev-1.13.0
2025,2026-01-14,1,binary_probability,0.43,jev-1.13.0
2025,2026-01-14,1,yes_no_choice,Yes,jev-1.13.0
2025,2026-01-14,1,who_choice,Donald Trump,jev-1.13.0
2025,2025-08-25,1,binary_probability,0.38,jev-1.13.0
2025,2025-08-25,1,yes_no_choice,Yes,jev-1.13.0
2025,2025-08-25,1,who_choice,Donald Trump,jev-1.13.0
2025,2025-10-15,1,binary_probability,0.43,jev-1.13.0
2025,2025-10-15,1,yes_no_choice,Yes,jev-1.13.0
2025,2025-10-15,1,who_choice,Donald Trump,jev-1.13.0
2021,2021-06-07,1,binary_probability,0.03,jev-1.13.0
2021,2021-06-07,1,yes_no_choice,No,jev-1.13.0
2021,2021-06-07,1,who_choice,Joe Biden,jev-1.13.0
2025,2025-05-03,1,binary_probability,0.47,jev-1.13.0
2025,2025-05-03,1,yes_no_choice,Yes,jev-1.13.0
2025,2025-05-03,1,who_choice,Donald Trump,jev-1.13.0
2025,2025-02-10,1,binary_probability,0.63,jev-1.13.0
2025,2025-02-10,1,yes_no_choice,Yes,jev-1.13.0
2025,2025-02-10,1,who_choice,Donald Trump,jev-1.13.0
2021,2021-07-31,1,binary_probability,0.02,jev-1.13.0
2021,2021-07-31,1,yes_no_choice,No,jev-1.13.0
2021,2021-07-31,1,who_choice,Joe Biden,jev-1.13.0
2025,2024-09-19,1,binary_probability,0.06,jev-1.13.0
2025,2024-09-19,1,yes_no_choice,No,jev-1.13.0
2025,2024-09-19,1,who_choice,Joe Biden,jev-1.13.0
2025,2024-12-27,1,binary_probability,0.42,jev-1.13.0
2025,2024-12-27,1,yes_no_choice,No,jev-1.13.0
2025,2024-12-27,1,who_choice,Donald Trump,jev-1.13.0
2021,2021-03-08,1,binary_probability,0.03,jev-1.13.0
2021,2021-03-08,1,yes_no_choice,No,jev-1.13.0
2021,2021-03-08,1,who_choice,Joe Biden,jev-1.13.0
2021,2022-01-14,1,binary_probability,0.11,jev-1.13.0
2021,2022-01-14,1,yes_no_choice,No,jev-1.13.0
2021,2022-01-14,1,who_choice,Joe Biden,jev-1.13.0
2025,2025-11-18,1,binary_probability,0.56,jev-1.13.0
2025,2025-11-18,1,yes_no_choice,Yes,jev-1.13.0
2025,2025-11-18,1,who_choice,Donald Trump,jev-1.13.0
2021,2020-05-09,1,binary_probability,0.98,jev-1.13.0
2021,2020-05-09,1,yes_no_choice,Yes,jev-1.13.0
2021,2020-05-09,1,who_choice,Donald Trump,jev-1.13.0
2025,2025-07-24,1,binary_probability,0.45,jev-1.13.0
2025,2025-07-24,1,yes_no_choice,Yes,jev-1.13.0
2025,2025-07-24,1,who_choice,Donald Trump,jev-1.13.0
2025,2026-01-05,1,binary_probability,0.39,jev-1.13.0
2025,2026-01-05,1,yes_no_choice,Yes,jev-1.13.0
2025,2026-01-05,1,who_choice,Donald Trump,jev-1.13.0
2025,2024-03-01,1,binary_probability,0.09,jev-1.13.0
2025,2024-03-01,1,yes_no_choice,No,jev-1.13.0
2025,2024-03-01,1,who_choice,Joe Biden,jev-1.13.0
2025,2024-06-24,1,binary_probability,0.06,jev-1.13.0
2025,2024-06-24,1,yes_no_choice,No,jev-1.13.0
2025,2024-06-24,1,who_choice,Joe Biden,jev-1.13.0
2025,2025-03-17,1,binary_probability,0.53,jev-1.13.0
2025,2025-03-17,1,yes_no_choice,Yes,jev-1.13.0
2025,2025-03-17,1,who_choice,Donald Trump,jev-1.13.0
2025,2024-09-15,1,binary_probability,0.06,jev-1.13.0
2025,2024-09-15,1,yes_no_choice,No,jev-1.13.0
2025,2024-09-15,1,who_choice,Joe Biden,jev-1.13.0
2025,2025-11-19,1,binary_probability,0.55,jev-1.13.0
2025,2025-11-19,1,yes_no_choice,Yes,jev-1.13.0
2025,2025-11-19,1,who_choice,Donald Trump,jev-1.13.0
2025,2025-12-02,1,binary_probability,0.61,jev-1.13.0
2025,2025-12-02,1,yes_no_choice,Yes,jev-1.13.0
2025,2025-12-02,1,who_choice,Donald Trump,jev-1.13.0
2021,2020-04-07,1,binary_probability,0.99,jev-1.13.0
2021,2020-04-07,1,yes_no_choice,Yes,jev-1.13.0
2021,2020-04-07,1,who_choice,Donald Trump,jev-1.13.0
2025,2025-03-05,1,binary_probability,0.59,jev-1.13.0
2025,2025-03-05,1,yes_no_choice,Yes,jev-1.13.0
2025,2025-03-05,1,who_choice,Donald Trump,jev-1.13.0
2025,2025-07-04,1,binary_probability,0.43,jev-1.13.0
2025,2025-07-04,1,yes_no_choice,No,jev-1.13.0
2025,2025-07-04,1,who_choice,Donald Trump,jev-1.13.0
2021,2021-02-26,1,binary_probability,0.04,jev-1.13.0
2021,2021-02-26,1,yes_no_choice,No,jev-1.13.0
2021,2021-02-26,1,who_choice,Joe Biden,jev-1.13.0
2025,2025-01-25,1,binary_probability,0.55,jev-1.13.0
2025,2025-01-25,1,yes_no_choice,Yes,jev-1.13.0
2025,2025-01-25,1,who_choice,Donald Trump,jev-1.13.0
2021,2020-07-23,1,binary_probability,0.98,jev-1.13.0
2021,2020-07-23,1,yes_no_choice,Yes,jev-1.13.0
2021,2020-07-23,1,who_choice,Donald Trump,jev-1.13.0
2021,2021-07-14,1,binary_probability,0.02,jev-1.13.0
2021,2021-07-14,1,yes_no_choice,No,jev-1.13.0
2021,2021-07-14,1,who_choice,Joe Biden,jev-1.13.0
2021,2020-11-05,1,binary_probability,0.97,jev-1.13.0
2021,2020-11-05,1,yes_no_choice,Yes,jev-1.13.0
2021,2020-11-05,1,who_choice,Donald Trump,jev-1.13.0
2025,2024-11-20,1,binary_probability,0.24,jev-1.13.0
2025,2024-11-20,1,yes_no_choice,No,jev-1.13.0
2025,2024-11-20,1,who_choice,Donald Trump,jev-1.13.0
2021,2021-09-17,1,binary_probability,0.02,jev-1.13.0
2021,2021-09-17,1,yes_no_choice,No,jev-1.13.0
2021,2021-09-17,1,who_choice,Joe Biden,jev-1.13.0
2025,2025-05-10,1,binary_probability,0.51,jev-1.13.0
2025,2025-05-10,1,yes_no_choice,Yes,jev-1.13.0
2025,2025-05-10,1,who_choice,Donald Trump,jev-1.13.0
2021,2020-07-17,1,binary_probability,0.98,jev-1.13.0
2021,2020-07-17,1,yes_no_choice,Yes,jev-1.13.0
2021,2020-07-17,1,who_choice,Donald Trump,jev-1.13.0
2025,2024-09-01,1,binary_probability,0.06,jev-1.13.0
2025,2024-09-01,1,yes_no_choice,No,jev-1.13.0
2025,2024-09-01,1,who_choice,Joe Biden,jev-1.13.0
2021,2021-02-03,1,binary_probability,0.06,jev-1.13.0
2021,2021-02-03,1,yes_no_choice,No,jev-1.13.0
2021,2021-02-03,1,who_choice,Joe Biden,jev-1.13.0
2021,2021-12-12,1,binary_probability,0.02,jev-1.13.0
2021,2021-12-12,1,yes_no_choice,No,jev-1.13.0
2021,2021-12-12,1,who_choice,Joe Biden,jev-1.13.0
2025,2026-01-08,1,binary_probability,0.46,jev-1.13.0
2025,2026-01-08,1,yes_no_choice,Yes,jev-1.13.0
2025,2026-01-08,1,who_choice,Donald Trump,jev-1.13.0
2021,2021-02-28,1,binary_probability,0.05,jev-1.13.0
2021,2021-02-28,1,yes_no_choice,No,jev-1.13.0
2021,2021-02-28,1,who_choice,Joe Biden,jev-1.13.0
2021,2021-12-02,1,binary_probability,0.02,jev-1.13.0
2021,2021-12-02,1,yes_no_choice,No,jev-1.13.0
2021,2021-12-02,1,who_choice,Joe Biden,jev-1.13.0
2021,2021-03-25,1,binary_probability,0.03,jev-1.13.0
2021,2021-03-25,1,yes_no_choice,No,jev-1.13.0
2021,2021-03-25,1,who_choice,Joe Biden,jev-1.13.0
2021,2021-10-27,1,binary_probability,0.02,jev-1.13.0
2021,2021-10-27,1,yes_no_choice,No,jev-1.13.0
2021,2021-10-27,1,who_choice,Joe Biden,jev-1.13.0
2025,2025-02-16,1,binary_probability,0.72,jev-1.13.0
2025,2025-02-16,1,yes_no_choice,Yes,jev-1.13.0
2025,2025-02-16,1,who_choice,Donald Trump,jev-1.13.0
2021,2020-10-24,1,binary_probability,0.98,jev-1.13.0
2021,2020-10-24,1,yes_no_choice,Yes,jev-1.13.0
2021,2020-10-24,1,who_choice,Donald Trump,jev-1.13.0
2025,2025-10-06,1,binary_probability,0.46,jev-1.13.0
2025,2025-10-06,1,yes_no_choice,Yes,jev-1.13.0
2025,2025-10-06,1,who_choice,Donald Trump,jev-1.13.0
2025,2025-05-26,1,binary_probability,0.53,jev-1.13.0
2025,2025-05-26,1,yes_no_choice,Yes,jev-1.13.0
2025,2025-05-26,1,who_choice,Donald Trump,jev-1.13.0
2021,2020-06-24,1,binary_probability,0.98,jev-1.13.0
2021,2020-06-24,1,yes_no_choice,Yes,jev-1.13.0
2021,2020-06-24,1,who_choice,Donald Trump,jev-1.13.0
2021,2021-01-13,1,binary_probability,0.96,jev-1.13.0
2021,2021-01-13,1,yes_no_choice,Yes,jev-1.13.0
2021,2021-01-13,1,who_choice,Joe Biden,jev-1.13.0
2021,2020-06-08,1,binary_probability,0.98,jev-1.13.0
2021,2020-06-08,1,yes_no_choice,Yes,jev-1.13.0
2021,2020-06-08,1,who_choice,Donald Trump,jev-1.13.0
2021,2021-04-20,1,binary_probability,0.04,jev-1.13.0
2021,2021-04-20,1,yes_no_choice,No,jev-1.13.0
2021,2021-04-20,1,who_choice,Joe Biden,jev-1.13.0
2025,2025-05-18,1,binary_probability,0.5,jev-1.13.0
2025,2025-05-18,1,yes_no_choice,No,jev-1.13.0
2025,2025-05-18,1,who_choice,Donald Trump,jev-1.13.0
2021,2020-07-20,1,binary_probability,0.98,jev-1.13.0
2021,2020-07-20,1,yes_no_choice,Yes,jev-1.13.0
2021,2020-07-20,1,who_choice,Donald Trump,jev-1.13.0
2021,2020-09-24,1,binary_probability,0.98,jev-1.13.0
2021,2020-09-24,1,yes_no_choice,Yes,jev-1.13.0
2021,2020-09-24,1,who_choice,Donald Trump,jev-1.13.0
2021,2020-10-17,1,binary_probability,0.98,jev-1.13.0
2021,2020-10-17,1,yes_no_choice,Yes,jev-1.13.0
2021,2020-10-17,1,who_choice,Donald Trump,jev-1.13.0
2021,2020-09-13,1,binary_probability,0.98,jev-1.13.0
2021,2020-09-13,1,yes_no_choice,Yes,jev-1.13.0
2021,2020-09-13,1,who_choice,Donald Trump,jev-1.13.0
2021,2020-09-07,1,binary_probability,0.98,jev-1.13.0
2021,2020-09-07,1,yes_no_choice,Yes,jev-1.13.0
2021,2020-09-07,1,who_choice,Donald Trump,jev-1.13.0
2025,2025-11-02,1,binary_probability,0.52,jev-1.13.0
2025,2025-11-02,1,yes_no_choice,Yes,jev-1.13.0
2025,2025-11-02,1,who_choice,Donald Trump,jev-1.13.0
2021,2020-02-02,1,binary_probability,0.98,jev-1.13.0
2021,2020-02-02,1,yes_no_choice,Yes,jev-1.13.0
2021,2020-02-02,1,who_choice,Donald Trump,jev-1.13.0
2021,2021-06-03,1,binary_probability,0.02,jev-1.13.0
2021,2021-06-03,1,yes_no_choice,No,jev-1.13.0
2021,2021-06-03,1,who_choice,Joe Biden,jev-1.13.0
2021,2020-06-21,1,binary_probability,0.98,jev-1.13.0
2021,2020-06-21,1,yes_no_choice,Yes,jev-1.13.0
2021,2020-06-21,1,who_choice,Donald Trump,jev-1.13.0
2025,2024-07-09,1,binary_probability,0.09,jev-1.13.0
2025,2024-07-09,1,yes_no_choice,No,jev-1.13.0
2025,2024-07-09,1,who_choice,Joe Biden,jev-1.13.0
2021,2020-05-14,1,binary_probability,0.99,jev-1.13.0
2021,2020-05-14,1,yes_no_choice,Yes,jev-1.13.0
2021,2020-05-14,1,who_choice,Donald Trump,jev-1.13.0
2025,2025-07-20,1,binary_probability,0.41,jev-1.13.0
2025,2025-07-20,1,yes_no_choice,Yes,jev-1.13.0
2025,2025-07-20,1,who_choice,Donald Trump,jev-1.13.0
2025,2025-03-14,1,binary_probability,0.61,jev-1.13.0
2025,2025-03-14,1,yes_no_choice,Yes,jev-1.13.0
2025,2025-03-14,1,who_choice,Donald Trump,jev-1.13.0
2021,2020-05-20,1,binary_probability,0.99,jev-1.13.0
2021,2020-05-20,1,yes_no_choice,Yes,jev-1.13.0
2021,2020-05-20,1,who_choice,Donald Trump,jev-1.13.0
2021,2020-06-12,1,binary_probability,0.99,jev-1.13.0
2021,2020-06-12,1,yes_no_choice,Yes,jev-1.13.0
2021,2020-06-12,1,who_choice,Donald Trump,jev-1.13.0
2021,2020-12-30,1,binary_probability,0.95,jev-1.13.0
2021,2020-12-30,1,yes_no_choice,Yes,jev-1.13.0
2021,2020-12-30,1,who_choice,Donald Trump,jev-1.13.0
2025,2025-09-19,1,binary_probability,0.47,jev-1.13.0
2025,2025-09-19,1,yes_no_choice,No,jev-1.13.0
2025,2025-09-19,1,who_choice,Donald Trump,jev-1.13.0
2025,2025-07-11,1,binary_probability,0.45,jev-1.13.0
2025,2025-07-11,1,yes_no_choice,Yes,jev-1.13.0
2025,2025-07-11,1,who_choice,Donald Trump,jev-1.13.0
2021,2021-01-26,1,binary_probability,0.2,jev-1.13.0
2021,2021-01-26,1,yes_no_choice,No,jev-1.13.0
2021,2021-01-26,1,who_choice,Joe Biden,jev-1.13.0
2025,2025-11-13,1,binary_probability,0.55,jev-1.13.0
2025,2025-11-13,1,yes_no_choice,Yes,jev-1.13.0
2025,2025-11-13,1,who_choice,Donald Trump,jev-1.13.0
2021,2020-10-03,1,binary_probability,0.98,jev-1.13.0
2021,2020-10-03,1,yes_no_choice,Yes,jev-1.13.0
2021,2020-10-03,1,who_choice,Donald Trump,jev-1.13.0
2021,2020-03-23,1,binary_probability,0.98,jev-1.13.0
2021,2020-03-23,1,yes_no_choice,Yes,jev-1.13.0
2021,2020-03-23,1,who_choice,Donald Trump,jev-1.13.0
2021,2020-08-07,1,binary_probability,0.98,jev-1.13.0
2021,2020-08-07,1,yes_no_choice,Yes,jev-1.13.0
2021,2020-08-07,1,who_choice,Donald Trump,jev-1.13.0
2025,2024-07-20,1,binary_probability,0.09,jev-1.13.0
2025,2024-07-20,1,yes_no_choice,No,jev-1.13.0
2025,2024-07-20,1,who_choice,Joe Biden,jev-1.13.0
2025,2024-06-02,1,binary_probability,0.08,jev-1.13.0
2025,2024-06-02,1,yes_no_choice,No,jev-1.13.0
2025,2024-06-02,1,who_choice,Joe Biden,jev-1.13.0
2021,2021-01-04,1,binary_probability,0.97,jev-1.13.0
2021,2021-01-04,1,yes_no_choice,Yes,jev-1.13.0
2021,2021-01-04,1,who_choice,Donald Trump,jev-1.13.0
2021,2020-12-04,1,binary_probability,0.97,jev-1.13.0
2021,2020-12-04,1,yes_no_choice,Yes,jev-1.13.0
2021,2020-12-04,1,who_choice,Donald Trump,jev-1.13.0
2025,2024-09-11,1,binary_probability,0.04,jev-1.13.0
2025,2024-09-11,1,yes_no_choice,No,jev-1.13.0
2025,2024-09-11,1,who_choice,Joe Biden,jev-1.13.0
2021,2021-12-27,1,binary_probability,0.02,jev-1.13.0
2021,2021-12-27,1,yes_no_choice,No,jev-1.13.0
2021,2021-12-27,1,who_choice,Joe Biden,jev-1.13.0
2021,2021-08-13,1,binary_probability,0.03,jev-1.13.0
2021,2021-08-13,1,yes_no_choice,No,jev-1.13.0
2021,2021-08-13,1,who_choice,Joe Biden,jev-1.13.0
2025,2025-02-01,1,binary_probability,0.67,jev-1.13.0
2025,2025-02-01,1,yes_no_choice,Yes,jev-1.13.0
2025,2025-02-01,1,who_choice,Donald Trump,jev-1.13.0
2025,2024-10-18,1,binary_probability,0.12,jev-1.13.0
2025,2024-10-18,1,yes_no_choice,No,jev-1.13.0
2025,2024-10-18,1,who_choice,Joe Biden,jev-1.13.0
2025,2024-04-30,1,binary_probability,0.06,jev-1.13.0
2025,2024-04-30,1,yes_no_choice,No,jev-1.13.0
2025,2024-04-30,1,who_choice,Joe Biden,jev-1.13.0
2021,2021-05-17,1,binary_probability,0.04,jev-1.13.0
2021,2021-05-17,1,yes_no_choice,No,jev-1.13.0
2021,2021-05-17,1,who_choice,Joe Biden,jev-1.13.0
2021,2020-09-20,1,binary_probability,0.98,jev-1.13.0
2021,2020-09-20,1,yes_no_choice,Yes,jev-1.13.0
2021,2020-09-20,1,who_choice,Donald Trump,jev-1.13.0
2025,2025-03-18,1,binary_probability,0.55,jev-1.13.0
2025,2025-03-18,1,yes_no_choice,Yes,jev-1.13.0
2025,2025-03-18,1,who_choice,Donald Trump,jev-1.13.0
2025,2024-01-23,1,binary_probability,0.16,jev-1.13.0
2025,2024-01-23,1,yes_no_choice,No,jev-1.13.0
2025,2024-01-23,1,who_choice,Joe Biden,jev-1.13.0
2025,2024-03-31,1,binary_probability,0.06,jev-1.13.0
2025,2024-03-31,1,yes_no_choice,No,jev-1.13.0
2025,2024-03-31,1,who_choice,Joe Biden,jev-1.13.0
2025,2025-03-30,1,binary_probability,0.53,jev-1.13.0
2025,2025-03-30,1,yes_no_choice,Yes,jev-1.13.0
2025,2025-03-30,1,who_choice,Donald Trump,jev-1.13.0
2025,2025-01-14,1,binary_probability,0.51,jev-1.13.0
2025,2025-01-14,1,yes_no_choice,Yes,jev-1.13.0
2025,2025-01-14,1,who_choice,Donald Trump,jev-1.13.0
2021,2021-07-18,1,binary_probability,0.02,jev-1.13.0
2021,2021-07-18,1,yes_no_choice,No,jev-1.13.0
2021,2021-07-18,1,who_choice,Joe Biden,jev-1.13.0
2025,2025-01-28,1,binary_probability,0.51,jev-1.13.0
2025,2025-01-28,1,yes_no_choice,Yes,jev-1.13.0
2025,2025-01-28,1,who_choice,Donald Trump,jev-1.13.0
2021,2020-08-15,1,binary_probability,0.98,jev-1.13.0
2021,2020-08-15,1,yes_no_choice,Yes,jev-1.13.0
2021,2020-08-15,1,who_choice,Donald Trump,jev-1.13.0
2021,2021-02-18,1,binary_probability,0.06,jev-1.13.0
2021,2021-02-18,1,yes_no_choice,No,jev-1.13.0
2021,2021-02-18,1,who_choice,Joe Biden,jev-1.13.0
2021,2021-12-19,1,binary_probability,0.02,jev-1.13.0
2021,2021-12-19,1,yes_no_choice,No,jev-1.13.0
2021,2021-12-19,1,who_choice,Joe Biden,jev-1.13.0
2021,2020-11-16,1,binary_probability,0.96,jev-1.13.0
2021,2020-11-16,1,yes_no_choice,Yes,jev-1.13.0
2021,2020-11-16,1,who_choice,Donald Trump,jev-1.13.0
2021,2021-01-28,1,binary_probability,0.11,jev-1.13.0
2021,2021-01-28,1,yes_no_choice,No,jev-1.13.0
2021,2021-01-28,1,who_choice,Joe Biden,jev-1.13.0
2025,2025-12-28,1,binary_probability,0.56,jev-1.13.0
2025,2025-12-28,1,yes_no_choice,Yes,jev-1.13.0
2025,2025-12-28,1,who_choice,Donald Trump,jev-1.13.0
2021,2020-12-02,1,binary_probability,0.98,jev-1.13.0
2021,2020-12-02,1,yes_no_choice,Yes,jev-1.13.0
2021,2020-12-02,1,who_choice,Donald Trump,jev-1.13.0
2025,2024-08-13,1,binary_probability,0.07,jev-1.13.0
2025,2024-08-13,1,yes_no_choice,No,jev-1.13.0
2025,2024-08-13,1,who_choice,Joe Biden,jev-1.13.0
2025,2024-05-13,1,binary_probability,0.05,jev-1.13.0
2025,2024-05-13,1,yes_no_choice,No,jev-1.13.0
2025,2024-05-13,1,who_choice,Joe Biden,jev-1.13.0
2021,2021-12-28,1,binary_probability,0.02,jev-1.13.0
2021,2021-12-28,1,yes_no_choice,No,jev-1.13.0
2021,2021-12-28,1,who_choice,Joe Biden,jev-1.13.0
2025,2025-04-27,1,binary_probability,0.49,jev-1.13.0
2025,2025-04-27,1,yes_no_choice,Yes,jev-1.13.0
2025,2025-04-27,1,who_choice,Donald Trump,jev-1.13.0
2025,2024-08-07,1,binary_probability,0.07,jev-1.13.0
2025,2024-08-07,1,yes_no_choice,No,jev-1.13.0
2025,2024-08-07,1,who_choice,Joe Biden,jev-1.13.0
2025,2025-11-24,1,binary_probability,0.52,jev-1.13.0
2025,2025-11-24,1,yes_no_choice,Yes,jev-1.13.0
2025,2025-11-24,1,who_choice,Donald Trump,jev-1.13.0
2025,2025-09-13,1,binary_probability,0.36,jev-1.13.0
2025,2025-09-13,1,yes_no_choice,No,jev-1.13.0
2025,2025-09-13,1,who_choice,Donald Trump,jev-1.13.0
2021,2020-05-07,1,binary_probability,0.99,jev-1.13.0
2021,2020-05-07,1,yes_no_choice,Yes,jev-1.13.0
2021,2020-05-07,1,who_choice,Donald Trump,jev-1.13.0
2021,2021-04-18,1,binary_probability,0.03,jev-1.13.0
2021,2021-04-18,1,yes_no_choice,No,jev-1.13.0
2021,2021-04-18,1,who_choice,Joe Biden,jev-1.13.0
2021,2021-10-03,1,binary_probability,0.02,jev-1.13.0
2021,2021-10-03,1,yes_no_choice,No,jev-1.13.0
2021,2021-10-03,1,who_choice,Joe Biden,jev-1.13.0
2021,2021-08-29,1,binary_probability,0.02,jev-1.13.0
2021,2021-08-29,1,yes_no_choice,No,jev-1.13.0
2021,2021-08-29,1,who_choice,Joe Biden,jev-1.13.0
2025,2025-02-23,1,binary_probability,0.64,jev-1.13.0
2025,2025-02-23,1,yes_no_choice,Yes,jev-1.13.0
2025,2025-02-23,1,who_choice,Donald Trump,jev-1.13.0
2025,2024-07-04,1,binary_probability,0.1,jev-1.13.0
2025,2024-07-04,1,yes_no_choice,No,jev-1.13.0
2025,2024-07-04,1,who_choice,Joe Biden,jev-1.13.0
2021,2021-03-19,1,binary_probability,0.03,jev-1.13.0
2021,2021-03-19,1,yes_no_choice,No,jev-1.13.0
2021,2021-03-19,1,who_choice,Joe Biden,jev-1.13.0
2025,2024-02-28,1,binary_probability,0.07,jev-1.13.0
2025,2024-02-28,1,yes_no_choice,No,jev-1.13.0
2025,2024-02-28,1,who_choice,Joe Biden,jev-1.13.0
2025,2024-12-07,1,binary_probability,0.21,jev-1.13.0
2025,2024-12-07,1,yes_no_choice,No,jev-1.13.0
2025,2024-12-07,1,who_choice,Donald Trump,jev-1.13.0
2025,2025-02-18,1,binary_probability,0.67,jev-1.13.0
2025,2025-02-18,1,yes_no_choice,Yes,jev-1.13.0
2025,2025-02-18,1,who_choice,Donald Trump,jev-1.13.0
2021,2021-05-26,1,binary_probability,0.03,jev-1.13.0
2021,2021-05-26,1,yes_no_choice,No,jev-1.13.0
2021,2021-05-26,1,who_choice,Joe Biden,jev-1.13.0
2021,2021-09-19,1,binary_probability,0.02,jev-1.13.0
2021,2021-09-19,1,yes_no_choice,No,jev-1.13.0
2021,2021-09-19,1,who_choice,Joe Biden,jev-1.13.0
2021,2021-09-05,1,binary_probability,0.02,jev-1.13.0
2021,2021-09-05,1,yes_no_choice,No,jev-1.13.0
2021,2021-09-05,1,who_choice,Joe Biden,jev-1.13.0
2025,2025-03-27,1,binary_probability,0.58,jev-1.13.0
2025,2025-03-27,1,yes_no_choice,Yes,jev-1.13.0
2025,2025-03-27,1,who_choice,Donald Trump,jev-1.13.0
2025,2024-12-03,1,binary_probability,0.23,jev-1.13.0
2025,2024-12-03,1,yes_no_choice,No,jev-1.13.0
2025,2024-12-03,1,who_choice,Donald Trump,jev-1.13.0
2025,2025-06-30,1,binary_probability,0.48,jev-1.13.0
2025,2025-06-30,1,yes_no_choice,No,jev-1.13.0
2025,2025-06-30,1,who_choice,Donald Trump,jev-1.13.0
2021,2021-09-28,1,binary_probability,0.02,jev-1.13.0
2021,2021-09-28,1,yes_no_choice,No,jev-1.13.0
2021,2021-09-28,1,who_choice,Joe Biden,jev-1.13.0
2021,2021-12-04,1,binary_probability,0.02,jev-1.13.0
2021,2021-12-04,1,yes_no_choice,No,jev-1.13.0
2021,2021-12-04,1,who_choice,Joe Biden,jev-1.13.0
2021,2020-12-10,1,binary_probability,0.97,jev-1.13.0
2021,2020-12-10,1,yes_no_choice,Yes,jev-1.13.0
2021,2020-12-10,1,who_choice,Donald Trump,jev-1.13.0
2025,2024-08-01,1,binary_probability,0.12,jev-1.13.0
2025,2024-08-01,1,yes_no_choice,No,jev-1.13.0
2025,2024-08-01,1,who_choice,Joe Biden,jev-1.13.0
2025,2024-09-10,1,binary_probability,0.05,jev-1.13.0
2025,2024-09-10,1,yes_no_choice,No,jev-1.13.0
2025,2024-09-10,1,who_choice,Joe Biden,jev-1.13.0
2021,2021-12-23,1,binary_probability,0.02,jev-1.13.0
2021,2021-12-23,1,yes_no_choice,No,jev-1.13.0
2021,2021-12-23,1,who_choice,Joe Biden,jev-1.13.0
2025,2024-01-29,1,binary_probability,0.15,jev-1.13.0
2025,2024-01-29,1,yes_no_choice,No,jev-1.13.0
2025,2024-01-29,1,who_choice,Joe Biden,jev-1.13.0
2021,2022-01-08,1,binary_probability,0.07,jev-1.13.0
2021,2022-01-08,1,yes_no_choice,No,jev-1.13.0
2021,2022-01-08,1,who_choice,Joe Biden,jev-1.13.0
2025,2025-10-22,1,binary_probability,0.49,jev-1.13.0
2025,2025-10-22,1,yes_no_choice,Yes,jev-1.13.0
2025,2025-10-22,1,who_choice,Donald Trump,jev-1.13.0
2025,2024-05-07,1,binary_probability,0.1,jev-1.13.0
2025,2024-05-07,1,yes_no_choice,No,jev-1.13.0
2025,2024-05-07,1,who_choice,Joe Biden,jev-1.13.0
2021,2021-01-11,1,binary_probability,0.92,jev-1.13.0
2021,2021-01-11,1,yes_no_choice,Yes,jev-1.13.0
2021,2021-01-11,1,who_choice,Joe Biden,jev-1.13.0
2021,2021-07-29,1,binary_probability,0.02,jev-1.13.0
2021,2021-07-29,1,yes_no_choice,No,jev-1.13.0
2021,2021-07-29,1,who_choice,Joe Biden,jev-1.13.0
2025,2024-06-19,1,binary_probability,0.1,jev-1.13.0
2025,2024-06-19,1,yes_no_choice,No,jev-1.13.0
2025,2024-06-19,1,who_choice,Joe Biden,jev-1.13.0
2021,2021-04-29,1,binary_probability,0.03,jev-1.13.0
2021,2021-04-29,1,yes_no_choice,No,jev-1.13.0
2021,2021-04-29,1,who_choice,Joe Biden,jev-1.13.0
2025,2025-06-14,1,binary_probability,0.42,jev-1.13.0
2025,2025-06-14,1,yes_no_choice,No,jev-1.13.0
2025,2025-06-14,1,who_choice,Donald Trump,jev-1.13.0
2021,2020-06-06,1,binary_probability,0.98,jev-1.13.0
2021,2020-06-06,1,yes_no_choice,Yes,jev-1.13.0
2021,2020-06-06,1,who_choice,Donald Trump,jev-1.13.0
2025,2024-12-02,1,binary_probability,0.24,jev-1.13.0
2025,2024-12-02,1,yes_no_choice,No,jev-1.13.0
2025,2024-12-02,1,who_choice,Joe Biden,jev-1.13.0
2021,2020-09-01,1,binary_probability,0.98,jev-1.13.0
2021,2020-09-01,1,yes_no_choice,Yes,jev-1.13.0
2021,2020-09-01,1,who_choice,Donald Trump,jev-1.13.0
2025,2024-10-24,1,binary_probability,0.15,jev-1.13.0
2025,2024-10-24,1,yes_no_choice,No,jev-1.13.0
2025,2024-10-24,1,who_choice,Joe Biden,jev-1.13.0
2021,2021-03-14,1,binary_probability,0.03,jev-1.13.0
2021,2021-03-14,1,yes_no_choice,No,jev-1.13.0
2021,2021-03-14,1,who_choice,Joe Biden,jev-1.13.0
2021,2021-10-18,1,binary_probability,0.02,jev-1.13.0
2021,2021-10-18,1,yes_no_choice,No,jev-1.13.0
2021,2021-10-18,1,who_choice,Joe Biden,jev-1.13.0
2021,2020-04-09,1,binary_probability,0.98,jev-1.13.0
2021,2020-04-09,1,yes_no_choice,Yes,jev-1.13.0
2021,2020-04-09,1,who_choice,Donald Trump,jev-1.13.0
2021,2021-06-19,1,binary_probability,0.02,jev-1.13.0
2021,2021-06-19,1,yes_no_choice,No,jev-1.13.0
2021,2021-06-19,1,who_choice,Joe Biden,jev-1.13.0
2025,2026-01-18,1,binary_probability,0.43,jev-1.13.0
2025,2026-01-18,1,yes_no_choice,Yes,jev-1.13.0
2025,2026-01-18,1,who_choice,Donald Trump,jev-1.13.0
2021,2022-01-07,1,binary_probability,0.2,jev-1.13.0
2021,2022-01-07,1,yes_no_choice,No,jev-1.13.0
2021,2022-01-07,1,who_choice,Joe Biden,jev-1.13.0
2025,2025-12-13,1,binary_probability,0.54,jev-1.13.0
2025,2025-12-13,1,yes_no_choice,Yes,jev-1.13.0
2025,2025-12-13,1,who_choice,Donald Trump,jev-1.13.0
2025,2024-02-02,1,binary_probability,0.1,jev-1.13.0
2025,2024-02-02,1,yes_no_choice,No,jev-1.13.0
2025,2024-02-02,1,who_choice,Joe Biden,jev-1.13.0
2025,2024-01-26,1,binary_probability,0.16,jev-1.13.0
2025,2024-01-26,1,yes_no_choice,No,jev-1.13.0
2025,2024-01-26,1,who_choice,Joe Biden,jev-1.13.0
2025,2025-08-21,1,binary_probability,0.41,jev-1.13.0
2025,2025-08-21,1,yes_no_choice,No,jev-1.13.0
2025,2025-08-21,1,who_choice,Donald Trump,jev-1.13.0
2021,2020-05-27,1,binary_probability,0.98,jev-1.13.0
2021,2020-05-27,1,yes_no_choice,Yes,jev-1.13.0
2021,2020-05-27,1,who_choice,Donald Trump,jev-1.13.0
2025,2024-11-25,1,binary_probability,0.17,jev-1.13.0
2025,2024-11-25,1,yes_no_choice,No,jev-1.13.0
2025,2024-11-25,1,who_choice,Joe Biden,jev-1.13.0
2025,2025-05-21,1,binary_probability,0.48,jev-1.13.0
2025,2025-05-21,1,yes_no_choice,Yes,jev-1.13.0
2025,2025-05-21,1,who_choice,Donald Trump,jev-1.13.0
2025,2025-11-03,1,binary_probability,0.5,jev-1.13.0
2025,2025-11-03,1,yes_no_choice,Yes,jev-1.13.0
2025,2025-11-03,1,who_choice,Donald Trump,jev-1.13.0
2021,2021-03-18,1,binary_probability,0.03,jev-1.13.0
2021,2021-03-18,1,yes_no_choice,No,jev-1.13.0
2021,2021-03-18,1,who_choice,Joe Biden,jev-1.13.0
2021,2020-04-08,1,binary_probability,0.98,jev-1.13.0
2021,2020-04-08,1,yes_no_choice,Yes,jev-1.13.0
2021,2020-04-08,1,who_choice,Donald Trump,jev-1.13.0
2021,2020-08-06,1,binary_probability,0.98,jev-1.13.0
2021,2020-08-06,1,yes_no_choice,Yes,jev-1.13.0
2021,2020-08-06,1,who_choice,Donald Trump,jev-1.13.0
2025,2025-01-08,1,binary_probability,0.55,jev-1.13.0
2025,2025-01-08,1,yes_no_choice,Yes,jev-1.13.0
2025,2025-01-08,1,who_choice,Donald Trump,jev-1.13.0
2021,2021-06-20,1,binary_probability,0.02,jev-1.13.0
2021,2021-06-20,1,yes_no_choice,No,jev-1.13.0
2021,2021-06-20,1,who_choice,Joe Biden,jev-1.13.0
2021,2021-11-23,1,binary_probability,0.03,jev-1.13.0
2021,2021-11-23,1,yes_no_choice,No,jev-1.13.0
2021,2021-11-23,1,who_choice,Joe Biden,jev-1.13.0
2021,2020-06-03,1,binary_probability,0.98,jev-1.13.0
2021,2020-06-03,1,yes_no_choice,Yes,jev-1.13.0
2021,2020-06-03,1,who_choice,Donald Trump,jev-1.13.0
2025,2025-05-15,1,binary_probability,0.51,jev-1.13.0
2025,2025-05-15,1,yes_no_choice,Yes,jev-1.13.0
2025,2025-05-15,1,who_choice,Donald Trump,jev-1.13.0
2025,2025-07-26,1,binary_probability,0.48,jev-1.13.0
2025,2025-07-26,1,yes_no_choice,Yes,jev-1.13.0
2025,2025-07-26,1,who_choice,Donald Trump,jev-1.13.0
2025,2024-10-30,1,binary_probability,0.13,jev-1.13.0
2025,2024-10-30,1,yes_no_choice,No,jev-1.13.0
2025,2024-10-30,1,who_choice,Joe Biden,jev-1.13.0
2021,2021-03-01,1,binary_probability,0.03,jev-1.13.0
2021,2021-03-01,1,yes_no_choice,No,jev-1.13.0
2021,2021-03-01,1,who_choice,Joe Biden,jev-1.13.0
2021,2021-02-21,1,binary_probability,0.04,jev-1.13.0
2021,2021-02-21,1,yes_no_choice,No,jev-1.13.0
2021,2021-02-21,1,who_choice,Joe Biden,jev-1.13.0
2025,2024-10-21,1,binary_probability,0.12,jev-1.13.0
2025,2024-10-21,1,yes_no_choice,No,jev-1.13.0
2025,2024-10-21,1,who_choice,Joe Biden,jev-1.13.0
2021,2021-02-20,1,binary_probability,0.04,jev-1.13.0
2021,2021-02-20,1,yes_no_choice,No,jev-1.13.0
2021,2021-02-20,1,who_choice,Joe Biden,jev-1.13.0
2025,2025-06-26,1,binary_probability,0.46,jev-1.13.0
2025,2025-06-26,1,yes_no_choice,No,jev-1.13.0
2025,2025-06-26,1,who_choice,Donald Trump,jev-1.13.0
2025,2025-06-21,1,binary_probability,0.47,jev-1.13.0
2025,2025-06-21,1,yes_no_choice,No,jev-1.13.0
2025,2025-06-21,1,who_choice,Donald Trump,jev-1.13.0
2021,2021-10-08,1,binary_probability,0.02,jev-1.13.0
2021,2021-10-08,1,yes_no_choice,No,jev-1.13.0
2021,2021-10-08,1,who_choice,Joe Biden,jev-1.13.0
2021,2021-09-09,1,binary_probability,0.02,jev-1.13.0
2021,2021-09-09,1,yes_no_choice,No,jev-1.13.0
2021,2021-09-09,1,who_choice,Joe Biden,jev-1.13.0
2025,2024-12-31,1,binary_probability,0.31,jev-1.13.0
2025,2024-12-31,1,yes_no_choice,No,jev-1.13.0
2025,2024-12-31,1,who_choice,Donald Trump,jev-1.13.0
2021,2020-05-08,1,binary_probability,0.99,jev-1.13.0
2021,2020-05-08,1,yes_no_choice,Yes,jev-1.13.0
2021,2020-05-08,1,who_choice,Donald Trump,jev-1.13.0
2025,2025-01-21,1,binary_probability,0.58,jev-1.13.0
2025,2025-01-21,1,yes_no_choice,Yes,jev-1.13.0
2025,2025-01-21,1,who_choice,Donald Trump,jev-1.13.0
2025,2024-12-29,1,binary_probability,0.39,jev-1.13.0
2025,2024-12-29,1,yes_no_choice,No,jev-1.13.0
2025,2024-12-29,1,who_choice,Donald Trump,jev-1.13.0
2021,2020-08-12,1,binary_probability,0.99,jev-1.13.0
2021,2020-08-12,1,yes_no_choice,Yes,jev-1.13.0
2021,2020-08-12,1,who_choice,Donald Trump,jev-1.13.0
2025,2026-01-09,1,binary_probability,0.48,jev-1.13.0
2025,2026-01-09,1,yes_no_choice,Yes,jev-1.13.0
2025,2026-01-09,1,who_choice,Donald Trump,jev-1.13.0
2025,2025-06-01,1,binary_probability,0.41,jev-1.13.0
2025,2025-06-01,1,yes_no_choice,No,jev-1.13.0
2025,2025-06-01,1,who_choice,Donald Trump,jev-1.13.0
2025,2024-07-07,1,binary_probability,0.08,jev-1.13.0
2025,2024-07-07,1,yes_no_choice,No,jev-1.13.0
2025,2024-07-07,1,who_choice,Joe Biden,jev-1.13.0
2025,2024-05-16,1,binary_probability,0.06,jev-1.13.0
2025,2024-05-16,1,yes_no_choice,No,jev-1.13.0
2025,2024-05-16,1,who_choice,Joe Biden,jev-1.13.0
2025,2025-07-03,1,binary_probability,0.42,jev-1.13.0
2025,2025-07-03,1,yes_no_choice,No,jev-1.13.0
2025,2025-07-03,1,who_choice,Donald Trump,jev-1.13.0
2021,2020-08-28,1,binary_probability,0.98,jev-1.13.0
2021,2020-08-28,1,yes_no_choice,Yes,jev-1.13.0
2021,2020-08-28,1,who_choice,Donald Trump,jev-1.13.0
2021,2021-06-30,1,binary_probability,0.02,jev-1.13.0
2021,2021-06-30,1,yes_no_choice,No,jev-1.13.0
2021,2021-06-30,1,who_choice,Joe Biden,jev-1.13.0
2025,2025-10-01,1,binary_probability,0.41,jev-1.13.0
2025,2025-10-01,1,yes_no_choice,No,jev-1.13.0
2025,2025-10-01,1,who_choice,Donald Trump,jev-1.13.0
2021,2020-07-09,1,binary_probability,0.98,jev-1.13.0
2021,2020-07-09,1,yes_no_choice,Yes,jev-1.13.0
2021,2020-07-09,1,who_choice,Donald Trump,jev-1.13.0
2025,2024-03-27,1,binary_probability,0.07,jev-1.13.0
2025,2024-03-27,1,yes_no_choice,No,jev-1.13.0
2025,2024-03-27,1,who_choice,Joe Biden,jev-1.13.0
2021,2021-12-13,1,binary_probability,0.02,jev-1.13.0
2021,2021-12-13,1,yes_no_choice,No,jev-1.13.0
2021,2021-12-13,1,who_choice,Joe Biden,jev-1.13.0
2021,2021-11-28,1,binary_probability,0.02,jev-1.13.0
2021,2021-11-28,1,yes_no_choice,No,jev-1.13.0
2021,2021-11-28,1,who_choice,Joe Biden,jev-1.13.0
2021,2021-04-26,1,binary_probability,0.03,jev-1.13.0
2021,2021-04-26,1,yes_no_choice,No,jev-1.13.0
2021,2021-04-26,1,who_choice,Joe Biden,jev-1.13.0
2021,2021-08-27,1,binary_probability,0.02,jev-1.13.0
2021,2021-08-27,1,yes_no_choice,No,jev-1.13.0
2021,2021-08-27,1,who_choice,Joe Biden,jev-1.13.0
2025,2025-06-23,1,binary_probability,0.43,jev-1.13.0
2025,2025-06-23,1,yes_no_choice,No,jev-1.13.0
2025,2025-06-23,1,who_choice,Donald Trump,jev-1.13.0
2025,2025-10-02,1,binary_probability,0.39,jev-1.13.0
2025,2025-10-02,1,yes_no_choice,No,jev-1.13.0
2025,2025-10-02,1,who_choice,Donald Trump,jev-1.13.0
2025,2025-02-09,1,binary_probability,0.61,jev-1.13.0
2025,2025-02-09,1,yes_no_choice,Yes,jev-1.13.0
2025,2025-02-09,1,who_choice,Donald Trump,jev-1.13.0
2021,2020-02-23,1,binary_probability,0.98,jev-1.13.0
2021,2020-02-23,1,yes_no_choice,Yes,jev-1.13.0
2021,2020-02-23,1,who_choice,Donald Trump,jev-1.13.0
2021,2020-07-08,1,binary_probability,0.98,jev-1.13.0
2021,2020-07-08,1,yes_no_choice,Yes,jev-1.13.0
2021,2020-07-08,1,who_choice,Donald Trump,jev-1.13.0
2021,2020-06-30,1,binary_probability,0.98,jev-1.13.0
2021,2020-06-30,1,yes_no_choice,Yes,jev-1.13.0
2021,2020-06-30,1,who_choice,Donald Trump,jev-1.13.0
2025,2024-02-23,1,binary_probability,0.07,jev-1.13.0
2025,2024-02-23,1,yes_no_choice,No,jev-1.13.0
2025,2024-02-23,1,who_choice,Joe Biden,jev-1.13.0
2025,2025-09-05,1,binary_probability,0.45,jev-1.13.0
2025,2025-09-05,1,yes_no_choice,No,jev-1.13.0
2025,2025-09-05,1,who_choice,Donald Trump,jev-1.13.0
2021,2020-06-27,1,binary_probability,0.99,jev-1.13.0
2021,2020-06-27,1,yes_no_choice,Yes,jev-1.13.0
2021,2020-06-27,1,who_choice,Donald Trump,jev-1.13.0
2021,2020-05-16,1,binary_probability,0.99,jev-1.13.0
2021,2020-05-16,1,yes_no_choice,Yes,jev-1.13.0
2021,2020-05-16,1,who_choice,Donald Trump,jev-1.13.0
2021,2021-11-10,1,binary_probability,0.02,jev-1.13.0
2021,2021-11-10,1,yes_no_choice,No,jev-1.13.0
2021,2021-11-10,1,who_choice,Joe Biden,jev-1.13.0
2025,2025-06-27,1,binary_probability,0.48,jev-1.13.0
2025,2025-06-27,1,yes_no_choice,No,jev-1.13.0
2025,2025-06-27,1,who_choice,Donald Trump,jev-1.13.0
2021,2020-02-17,1,binary_probability,0.99,jev-1.13.0
2021,2020-02-17,1,yes_no_choice,Yes,jev-1.13.0
2021,2020-02-17,1,who_choice,Donald Trump,jev-1.13.0
2021,2021-10-15,1,binary_probability,0.02,jev-1.13.0
2021,2021-10-15,1,yes_no_choice,No,jev-1.13.0
2021,2021-10-15,1,who_choice,Joe Biden,jev-1.13.0
2025,2024-10-13,1,binary_probability,0.08,jev-1.13.0
2025,2024-10-13,1,yes_no_choice,No,jev-1.13.0
2025,2024-10-13,1,who_choice,Joe Biden,jev-1.13.0
2021,2020-05-26,1,binary_probability,0.98,jev-1.13.0
2021,2020-05-26,1,yes_no_choice,Yes,jev-1.13.0
2021,2020-05-26,1,who_choice,Donald Trump,jev-1.13.0
2025,2025-08-10,1,binary_probability,0.39,jev-1.13.0
2025,2025-08-10,1,yes_no_choice,No,jev-1.13.0
2025,2025-08-10,1,who_choice,Donald Trump,jev-1.13.0
2025,2024-10-03,1,binary_probability,0.08,jev-1.13.0
2025,2024-10-03,1,yes_no_choice,No,jev-1.13.0
2025,2024-10-03,1,who_choice,Joe Biden,jev-1.13.0
2021,2021-11-24,1,binary_probability,0.02,jev-1.13.0
2021,2021-11-24,1,yes_no_choice,No,jev-1.13.0
2021,2021-11-24,1,who_choice,Joe Biden,jev-1.13.0
2021,2021-05-24,1,binary_probability,0.03,jev-1.13.0
2021,2021-05-24,1,yes_no_choice,No,jev-1.13.0
2021,2021-05-24,1,who_choice,Joe Biden,jev-1.13.0
2025,2025-11-11,1,binary_probability,0.51,jev-1.13.0
2025,2025-11-11,1,yes_no_choice,Yes,jev-1.13.0
2025,2025-11-11,1,who_choice,Donald Trump,jev-1.13.0
2021,2020-02-18,1,binary_probability,0.99,jev-1.13.0
2021,2020-02-18,1,yes_no_choice,Yes,jev-1.13.0
2021,2020-02-18,1,who_choice,Donald Trump,jev-1.13.0
2021,2021-01-22,1,binary_probability,0.17,jev-1.13.0
2021,2021-01-22,1,yes_no_choice,No,jev-1.13.0
2021,2021-01-22,1,who_choice,Joe Biden,jev-1.13.0
2025,2024-02-11,1,binary_probability,0.09,jev-1.13.0
2025,2024-02-11,1,yes_no_choice,No,jev-1.13.0
2025,2024-02-11,1,who_choice,Joe Biden,jev-1.13.0
2021,2021-07-07,1,binary_probability,0.02,jev-1.13.0
2021,2021-07-07,1,yes_no_choice,No,jev-1.13.0
2021,2021-07-07,1,who_choice,Joe Biden,jev-1.13.0
2025,2024-08-12,1,binary_probability,0.09,jev-1.13.0
2025,2024-08-12,1,yes_no_choice,No,jev-1.13.0
2025,2024-08-12,1,who_choice,Joe Biden,jev-1.13.0
2021,2020-11-10,1,binary_probability,0.97,jev-1.13.0
2021,2020-11-10,1,yes_no_choice,Yes,jev-1.13.0
2021,2020-11-10,1,who_choice,Donald Trump,jev-1.13.0
2021,2021-08-14,1,binary_probability,0.02,jev-1.13.0
2021,2021-08-14,1,yes_no_choice,No,jev-1.13.0
2021,2021-08-14,1,who_choice,Joe Biden,jev-1.13.0
2025,2025-02-25,1,binary_probability,0.65,jev-1.13.0
2025,2025-02-25,1,yes_no_choice,Yes,jev-1.13.0
2025,2025-02-25,1,who_choice,Donald Trump,jev-1.13.0
2021,2021-04-02,1,binary_probability,0.04,jev-1.13.0
2021,2021-04-02,1,yes_no_choice,No,jev-1.13.0
2021,2021-04-02,1,who_choice,Joe Biden,jev-1.13.0
2025,2025-10-10,1,binary_probability,0.43,jev-1.13.0
2025,2025-10-10,1,yes_no_choice,Yes,jev-1.13.0
2025,2025-10-10,1,who_choice,Donald Trump,jev-1.13.0
2025,2024-12-21,1,binary_probability,0.23,jev-1.13.0
2025,2024-12-21,1,yes_no_choice,No,jev-1.13.0
2025,2024-12-21,1,who_choice,Donald Trump,jev-1.13.0
2021,2020-07-10,1,binary_probability,0.98,jev-1.13.0
2021,2020-07-10,1,yes_no_choice,Yes,jev-1.13.0
2021,2020-07-10,1,who_choice,Donald Trump,jev-1.13.0
2025,2024-06-03,1,binary_probability,0.08,jev-1.13.0
2025,2024-06-03,1,yes_no_choice,No,jev-1.13.0
2025,2024-06-03,1,who_choice,Joe Biden,jev-1.13.0
2021,2021-10-19,1,binary_probability,0.02,jev-1.13.0
2021,2021-10-19,1,yes_no_choice,No,jev-1.13.0
2021,2021-10-19,1,who_choice,Joe Biden,jev-1.13.0
2025,2024-02-08,1,binary_probability,0.09,jev-1.13.0
2025,2024-02-08,1,yes_no_choice,No,jev-1.13.0
2025,2024-02-08,1,who_choice,Joe Biden,jev-1.13.0
2025,2024-06-21,1,binary_probability,0.05,jev-1.13.0
2025,2024-06-21,1,yes_no_choice,No,jev-1.13.0
2025,2024-06-21,1,who_choice,Joe Biden,jev-1.13.0
2021,2020-08-21,1,binary_probability,0.99,jev-1.13.0
2021,2020-08-21,1,yes_no_choice,Yes,jev-1.13.0
2021,2020-08-21,1,who_choice,Donald Trump,jev-1.13.0
2025,2025-11-08,1,binary_probability,0.52,jev-1.13.0
2025,2025-11-08,1,yes_no_choice,Yes,jev-1.13.0
2025,2025-11-08,1,who_choice,Donald Trump,jev-1.13.0
2021,2021-10-01,1,binary_probability,0.02,jev-1.13.0
2021,2021-10-01,1,yes_no_choice,No,jev-1.13.0
2021,2021-10-01,1,who_choice,Joe Biden,jev-1.13.0
2025,2025-07-19,1,binary_probability,0.43,jev-1.13.0
2025,2025-07-19,1,yes_no_choice,Yes,jev-1.13.0
2025,2025-07-19,1,who_choice,Donald Trump,jev-1.13.0
2021,2020-11-26,1,binary_probability,0.97,jev-1.13.0
2021,2020-11-26,1,yes_no_choice,Yes,jev-1.13.0
2021,2020-11-26,1,who_choice,Donald Trump,jev-1.13.0
2025,2025-08-06,1,binary_probability,0.42,jev-1.13.0
2025,2025-08-06,1,yes_no_choice,No,jev-1.13.0
2025,2025-08-06,1,who_choice,Donald Trump,jev-1.13.0
2021,2021-08-06,1,binary_probability,0.02,jev-1.13.0
2021,2021-08-06,1,yes_no_choice,No,jev-1.13.0
2021,2021-08-06,1,who_choice,Joe Biden,jev-1.13.0
2021,2020-04-25,1,binary_probability,0.99,jev-1.13.0
2021,2020-04-25,1,yes_no_choice,Yes,jev-1.13.0
2021,2020-04-25,1,who_choice,Donald Trump,jev-1.13.0
2025,2024-10-11,1,binary_probability,0.16,jev-1.13.0
2025,2024-10-11,1,yes_no_choice,No,jev-1.13.0
2025,2024-10-11,1,who_choice,Joe Biden,jev-1.13.0
2021,2021-09-30,1,binary_probability,0.02,jev-1.13.0
2021,2021-09-30,1,yes_no_choice,No,jev-1.13.0
2021,2021-09-30,1,who_choice,Joe Biden,jev-1.13.0
2025,2025-07-06,1,binary_probability,0.45,jev-1.13.0
2025,2025-07-06,1,yes_no_choice,No,jev-1.13.0
2025,2025-07-06,1,who_choice,Donald Trump,jev-1.13.0
2021,2020-06-28,1,binary_probability,0.98,jev-1.13.0
2021,2020-06-28,1,yes_no_choice,Yes,jev-1.13.0
2021,2020-06-28,1,who_choice,Donald Trump,jev-1.13.0
2025,2024-07-11,1,binary_probability,0.07,jev-1.13.0
2025,2024-07-11,1,yes_no_choice,No,jev-1.13.0
2025,2024-07-11,1,who_choice,Joe Biden,jev-1.13.0
2025,2025-12-01,1,binary_probability,0.5,jev-1.13.0
2025,2025-12-01,1,yes_no_choice,Yes,jev-1.13.0
2025,2025-12-01,1,who_choice,Donald Trump,jev-1.13.0
2025,2024-11-02,1,binary_probability,0.2,jev-1.13.0
2025,2024-11-02,1,yes_no_choice,No,jev-1.13.0
2025,2024-11-02,1,who_choice,Joe Biden,jev-1.13.0
2021,2021-01-31,1,binary_probability,0.25,jev-1.13.0
2021,2021-01-31,1,yes_no_choice,No,jev-1.13.0
2021,2021-01-31,1,who_choice,Joe Biden,jev-1.13.0
2025,2024-09-26,1,binary_probability,0.05,jev-1.13.0
2025,2024-09-26,1,yes_no_choice,No,jev-1.13.0
2025,2024-09-26,1,who_choice,Joe Biden,jev-1.13.0
2021,2021-01-01,1,binary_probability,0.98,jev-1.13.0
2021,2021-01-01,1,yes_no_choice,Yes,jev-1.13.0
2021,2021-01-01,1,who_choice,Donald Trump,jev-1.13.0
2021,2020-03-11,1,binary_probability,0.99,jev-1.13.0
2021,2020-03-11,1,yes_no_choice,Yes,jev-1.13.0
2021,2020-03-11,1,who_choice,Donald Trump,jev-1.13.0
2021,2021-10-02,1,binary_probability,0.02,jev-1.13.0
2021,2021-10-02,1,yes_no_choice,No,jev-1.13.0
2021,2021-10-02,1,who_choice,Joe Biden,jev-1.13.0
2021,2020-05-30,1,binary_probability,0.98,jev-1.13.0
2021,2020-05-30,1,yes_no_choice,Yes,jev-1.13.0
2021,2020-05-30,1,who_choice,Donald Trump,jev-1.13.0
2025,2024-09-17,1,binary_probability,0.06,jev-1.13.0
2025,2024-09-17,1,yes_no_choice,No,jev-1.13.0
2025,2024-09-17,1,who_choice,Joe Biden,jev-1.13.0
2021,2021-03-12,1,binary_probability,0.03,jev-1.13.0
2021,2021-03-12,1,yes_no_choice,No,jev-1.13.0
2021,2021-03-12,1,who_choice,Joe Biden,jev-1.13.0
2025,2025-03-31,1,binary_probability,0.6,jev-1.13.0
2025,2025-03-31,1,yes_no_choice,Yes,jev-1.13.0
2025,2025-03-31,1,who_choice,Donald Trump,jev-1.13.0
2025,2025-08-20,1,binary_probability,0.42,jev-1.13.0
2025,2025-08-20,1,yes_no_choice,No,jev-1.13.0
2025,2025-08-20,1,who_choice,Donald Trump,jev-1.13.0
2021,2021-09-11,1,binary_probability,0.02,jev-1.13.0
2021,2021-09-11,1,yes_no_choice,No,jev-1.13.0
2021,2021-09-11,1,who_choice,Joe Biden,jev-1.13.0
2025,2024-03-16,1,binary_probability,0.09,jev-1.13.0
2025,2024-03-16,1,yes_no_choice,No,jev-1.13.0
2025,2024-03-16,1,who_choice,Joe Biden,jev-1.13.0
2025,2025-02-28,1,binary_probability,0.71,jev-1.13.0
2025,2025-02-28,1,yes_no_choice,Yes,jev-1.13.0
2025,2025-02-28,1,who_choice,Donald Trump,jev-1.13.0
2025,2024-07-15,1,binary_probability,0.1,jev-1.13.0
2025,2024-07-15,1,yes_no_choice,No,jev-1.13.0
2025,2024-07-15,1,who_choice,Joe Biden,jev-1.13.0
2025,2025-04-03,1,binary_probability,0.53,jev-1.13.0
2025,2025-04-03,1,yes_no_choice,No,jev-1.13.0
2025,2025-04-03,1,who_choice,Donald Trump,jev-1.13.0
2021,2020-07-12,1,binary_probability,0.99,jev-1.13.0
2021,2020-07-12,1,yes_no_choice,Yes,jev-1.13.0
2021,2020-07-12,1,who_choice,Donald Trump,jev-1.13.0
2025,2025-10-28,1,binary_probability,0.51,jev-1.13.0
2025,2025-10-28,1,yes_no_choice,Yes,jev-1.13.0
2025,2025-10-28,1,who_choice,Donald Trump,jev-1.13.0
2025,2024-07-26,1,binary_probability,0.1,jev-1.13.0
2025,2024-07-26,1,yes_no_choice,No,jev-1.13.0
2025,2024-07-26,1,who_choice,Joe Biden,jev-1.13.0
2025,2024-06-29,1,binary_probability,0.05,jev-1.13.0
2025,2024-06-29,1,yes_no_choice,No,jev-1.13.0
2025,2024-06-29,1,who_choice,Joe Biden,jev-1.13.0
2021,2021-07-28,1,binary_probability,0.02,jev-1.13.0
2021,2021-07-28,1,yes_no_choice,No,jev-1.13.0
2021,2021-07-28,1,who_choice,Joe Biden,jev-1.13.0
2025,2024-10-02,1,binary_probability,0.09,jev-1.13.0
2025,2024-10-02,1,yes_no_choice,No,jev-1.13.0
2025,2024-10-02,1,who_choice,Joe Biden,jev-1.13.0
2021,2020-02-06,1,binary_probability,0.99,jev-1.13.0
2021,2020-02-06,1,yes_no_choice,Yes,jev-1.13.0
2021,2020-02-06,1,who_choice,Donald Trump,jev-1.13.0
2025,2025-12-19,1,binary_probability,0.59,jev-1.13.0
2025,2025-12-19,1,yes_no_choice,Yes,jev-1.13.0
2025,2025-12-19,1,who_choice,Donald Trump,jev-1.13.0
2021,2020-06-20,1,binary_probability,0.98,jev-1.13.0
2021,2020-06-20,1,yes_no_choice,Yes,jev-1.13.0
2021,2020-06-20,1,who_choice,Donald Trump,jev-1.13.0
2021,2020-04-03,1,binary_probability,0.99,jev-1.13.0
2021,2020-04-03,1,yes_no_choice,Yes,jev-1.13.0
2021,2020-04-03,1,who_choice,Donald Trump,jev-1.13.0
2021,2021-07-24,1,binary_probability,0.02,jev-1.13.0
2021,2021-07-24,1,yes_no_choice,No,jev-1.13.0
2021,2021-07-24,1,who_choice,Joe Biden,jev-1.13.0
2025,2024-12-24,1,binary_probability,0.17,jev-1.13.0
2025,2024-12-24,1,yes_no_choice,No,jev-1.13.0
2025,2024-12-24,1,who_choice,Donald Trump,jev-1.13.0
2025,2025-09-28,1,binary_probability,0.46,jev-1.13.0
2025,2025-09-28,1,yes_no_choice,No,jev-1.13.0
2025,2025-09-28,1,who_choice,Donald Trump,jev-1.13.0
2021,2021-04-14,1,binary_probability,0.03,jev-1.13.0
2021,2021-04-14,1,yes_no_choice,No,jev-1.13.0
2021,2021-04-14,1,who_choice,Joe Biden,jev-1.13.0
2021,2020-07-13,1,binary_probability,0.98,jev-1.13.0
2021,2020-07-13,1,yes_no_choice,Yes,jev-1.13.0
2021,2020-07-13,1,who_choice,Donald Trump,jev-1.13.0
2021,2021-06-09,1,binary_probability,0.02,jev-1.13.0
2021,2021-06-09,1,yes_no_choice,No,jev-1.13.0
2021,2021-06-09,1,who_choice,Joe Biden,jev-1.13.0
2025,2025-11-17,1,binary_probability,0.49,jev-1.13.0
2025,2025-11-17,1,yes_no_choice,Yes,jev-1.13.0
2025,2025-11-17,1,who_choice,Donald Trump,jev-1.13.0
2021,2021-02-11,1,binary_probability,0.04,jev-1.13.0
2021,2021-02-11,1,yes_no_choice,No,jev-1.13.0
2021,2021-02-11,1,who_choice,Joe Biden,jev-1.13.0
2021,2021-09-14,1,binary_probability,0.02,jev-1.13.0
2021,2021-09-14,1,yes_no_choice,No,jev-1.13.0
2021,2021-09-14,1,who_choice,Joe Biden,jev-1.13.0
2025,2025-12-24,1,binary_probability,0.54,jev-1.13.0
2025,2025-12-24,1,yes_no_choice,Yes,jev-1.13.0
2025,2025-12-24,1,who_choice,Donald Trump,jev-1.13.0
2021,2021-02-22,1,binary_probability,0.06,jev-1.13.0
2021,2021-02-22,1,yes_no_choice,No,jev-1.13.0
2021,2021-02-22,1,who_choice,Joe Biden,jev-1.13.0
2021,2021-01-23,1,binary_probability,0.12,jev-1.13.0
2021,2021-01-23,1,yes_no_choice,No,jev-1.13.0
2021,2021-01-23,1,who_choice,Joe Biden,jev-1.13.0
2021,2021-07-22,1,binary_probability,0.02,jev-1.13.0
2021,2021-07-22,1,yes_no_choice,No,jev-1.13.0
2021,2021-07-22,1,who_choice,Joe Biden,jev-1.13.0
2021,2021-10-14,1,binary_probability,0.02,jev-1.13.0
2021,2021-10-14,1,yes_no_choice,No,jev-1.13.0
2021,2021-10-14,1,who_choice,Joe Biden,jev-1.13.0
2025,2025-10-31,1,binary_probability,0.57,jev-1.13.0
2025,2025-10-31,1,yes_no_choice,Yes,jev-1.13.0
2025,2025-10-31,1,who_choice,Donald Trump,jev-1.13.0
2021,2020-06-26,1,binary_probability,0.98,jev-1.13.0
2021,2020-06-26,1,yes_no_choice,Yes,jev-1.13.0
2021,2020-06-26,1,who_choice,Donald Trump,jev-1.13.0
2025,2025-06-11,1,binary_probability,0.48,jev-1.13.0
2025,2025-06-11,1,yes_no_choice,Yes,jev-1.13.0
2025,2025-06-11,1,who_choice,Donald Trump,jev-1.13.0
2025,2025-01-12,1,binary_probability,0.59,jev-1.13.0
2025,2025-01-12,1,yes_no_choice,Yes,jev-1.13.0
2025,2025-01-12,1,who_choice,Donald Trump,jev-1.13.0
2025,2025-11-05,1,binary_probability,0.57,jev-1.13.0
2025,2025-11-05,1,yes_no_choice,Yes,jev-1.13.0
2025,2025-11-05,1,who_choice,Donald Trump,jev-1.13.0
2025,2025-03-19,1,binary_probability,0.54,jev-1.13.0
2025,2025-03-19,1,yes_no_choice,Yes,jev-1.13.0
2025,2025-03-19,1,who_choice,Donald Trump,jev-1.13.0
2025,2024-07-16,1,binary_probability,0.11,jev-1.13.0
2025,2024-07-16,1,yes_no_choice,No,jev-1.13.0
2025,2024-07-16,1,who_choice,Joe Biden,jev-1.13.0
2025,2024-01-21,1,binary_probability,0.17,jev-1.13.0
2025,2024-01-21,1,yes_no_choice,No,jev-1.13.0
2025,2024-01-21,1,who_choice,Joe Biden,jev-1.13.0
2021,2020-11-19,1,binary_probability,0.97,jev-1.13.0
2021,2020-11-19,1,yes_no_choice,Yes,jev-1.13.0
2021,2020-11-19,1,who_choice,Donald Trump,jev-1.13.0
2021,2020-03-31,1,binary_probability,0.98,jev-1.13.0
2021,2020-03-31,1,yes_no_choice,Yes,jev-1.13.0
2021,2020-03-31,1,who_choice,Donald Trump,jev-1.13.0
2021,2021-04-09,1,binary_probability,0.03,jev-1.13.0
2021,2021-04-09,1,yes_no_choice,No,jev-1.13.0
2021,2021-04-09,1,who_choice,Joe Biden,jev-1.13.0
2025,2025-07-12,1,binary_probability,0.44,jev-1.13.0
2025,2025-07-12,1,yes_no_choice,Yes,jev-1.13.0
2025,2025-07-12,1,who_choice,Donald Trump,jev-1.13.0
2025,2024-05-26,1,binary_probability,0.05,jev-1.13.0
2025,2024-05-26,1,yes_no_choice,No,jev-1.13.0
2025,2024-05-26,1,who_choice,Joe Biden,jev-1.13.0
2025,2025-02-14,1,binary_probability,0.66,jev-1.13.0
2025,2025-02-14,1,yes_no_choice,Yes,jev-1.13.0
2025,2025-02-14,1,who_choice,Donald Trump,jev-1.13.0
2021,2021-05-02,1,binary_probability,0.03,jev-1.13.0
2021,2021-05-02,1,yes_no_choice,No,jev-1.13.0
2021,2021-05-02,1,who_choice,Joe Biden,jev-1.13.0
2025,2024-09-02,1,binary_probability,0.06,jev-1.13.0
2025,2024-09-02,1,yes_no_choice,No,jev-1.13.0
2025,2024-09-02,1,who_choice,Joe Biden,jev-1.13.0
2021,2022-01-18,1,binary_probability,0.07,jev-1.13.0
2021,2022-01-18,1,yes_no_choice,No,jev-1.13.0
2021,2022-01-18,1,who_choice,Joe Biden,jev-1.13.0
2025,2024-11-08,1,binary_probability,0.28,jev-1.13.0
2025,2024-11-08,1,yes_no_choice,No,jev-1.13.0
2025,2024-11-08,1,who_choice,Joe Biden,jev-1.13.0
2025,2024-12-26,1,binary_probability,0.34,jev-1.13.0
2025,2024-12-26,1,yes_no_choice,No,jev-1.13.0
2025,2024-12-26,1,who_choice,Donald Trump,jev-1.13.0
2025,2025-09-20,1,binary_probability,0.42,jev-1.13.0
2025,2025-09-20,1,yes_no_choice,No,jev-1.13.0
2025,2025-09-20,1,who_choice,Donald Trump,jev-1.13.0
2025,2025-12-10,1,binary_probability,0.55,jev-1.13.0
2025,2025-12-10,1,yes_no_choice,Yes,jev-1.13.0
2025,2025-12-10,1,who_choice,Donald Trump,jev-1.13.0
2021,2021-11-12,1,binary_probability,0.02,jev-1.13.0
2021,2021-11-12,1,yes_no_choice,No,jev-1.13.0
2021,2021-11-12,1,who_choice,Joe Biden,jev-1.13.0
2021,2021-04-15,1,binary_probability,0.04,jev-1.13.0
2021,2021-04-15,1,yes_no_choice,No,jev-1.13.0
2021,2021-04-15,1,who_choice,Joe Biden,jev-1.13.0
2025,2025-03-12,1,binary_probability,0.59,jev-1.13.0
2025,2025-03-12,1,yes_no_choice,Yes,jev-1.13.0
2025,2025-03-12,1,who_choice,Donald Trump,jev-1.13.0
2025,2024-09-24,1,binary_probability,0.05,jev-1.13.0
2025,2024-09-24,1,yes_no_choice,No,jev-1.13.0
2025,2024-09-24,1,who_choice,Joe Biden,jev-1.13.0
2025,2024-10-26,1,binary_probability,0.17,jev-1.13.0
2025,2024-10-26,1,yes_no_choice,No,jev-1.13.0
2025,2024-10-26,1,who_choice,Joe Biden,jev-1.13.0
2025,2024-03-04,1,binary_probability,0.12,jev-1.13.0
2025,2024-03-04,1,yes_no_choice,No,jev-1.13.0
2025,2024-03-04,1,who_choice,Joe Biden,jev-1.13.0
2021,2021-02-02,1,binary_probability,0.07,jev-1.13.0
2021,2021-02-02,1,yes_no_choice,No,jev-1.13.0
2021,2021-02-02,1,who_choice,Joe Biden,jev-1.13.0
2025,2024-06-17,1,binary_probability,0.09,jev-1.13.0
2025,2024-06-17,1,yes_no_choice,No,jev-1.13.0
2025,2024-06-17,1,who_choice,Joe Biden,jev-1.13.0
2021,2021-06-18,1,binary_probability,0.02,jev-1.13.0
2021,2021-06-18,1,yes_no_choice,No,jev-1.13.0
2021,2021-06-18,1,who_choice,Joe Biden,jev-1.13.0
2021,2021-02-08,1,binary_probability,0.07,jev-1.13.0
2021,2021-02-08,1,yes_no_choice,No,jev-1.13.0
2021,2021-02-08,1,who_choice,Joe Biden,jev-1.13.0
2021,2020-06-09,1,binary_probability,0.99,jev-1.13.0
2021,2020-06-09,1,yes_no_choice,Yes,jev-1.13.0
2021,2020-06-09,1,who_choice,Donald Trump,jev-1.13.0
2021,2020-10-01,1,binary_probability,0.99,jev-1.13.0
2021,2020-10-01,1,yes_no_choice,Yes,jev-1.13.0
2021,2020-10-01,1,who_choice,Donald Trump,jev-1.13.0
2025,2024-04-04,1,binary_probability,0.07,jev-1.13.0
2025,2024-04-04,1,yes_no_choice,No,jev-1.13.0
2025,2024-04-04,1,who_choice,Joe Biden,jev-1.13.0
2025,2024-09-09,1,binary_probability,0.07,jev-1.13.0
2025,2024-09-09,1,yes_no_choice,No,jev-1.13.0
2025,2024-09-09,1,who_choice,Joe Biden,jev-1.13.0
2025,2024-12-01,1,binary_probability,0.18,jev-1.13.0
2025,2024-12-01,1,yes_no_choice,No,jev-1.13.0
2025,2024-12-01,1,who_choice,Donald Trump,jev-1.13.0
2021,2021-09-10,1,binary_probability,0.02,jev-1.13.0
2021,2021-09-10,1,yes_no_choice,No,jev-1.13.0
2021,2021-09-10,1,who_choice,Joe Biden,jev-1.13.0
2021,2020-10-06,1,binary_probability,0.99,jev-1.13.0
2021,2020-10-06,1,yes_no_choice,Yes,jev-1.13.0
2021,2020-10-06,1,who_choice,Donald Trump,jev-1.13.0
2021,2020-03-04,1,binary_probability,0.98,jev-1.13.0
2021,2020-03-04,1,yes_no_choice,Yes,jev-1.13.0
2021,2020-03-04,1,who_choice,Donald Trump,jev-1.13.0
2021,2021-12-31,1,binary_probability,0.02,jev-1.13.0
2021,2021-12-31,1,yes_no_choice,No,jev-1.13.0
2021,2021-12-31,1,who_choice,Joe Biden,jev-1.13.0
2025,2024-07-05,1,binary_probability,0.09,jev-1.13.0
2025,2024-07-05,1,yes_no_choice,No,jev-1.13.0
2025,2024-07-05,1,who_choice,Joe Biden,jev-1.13.0
2021,2021-05-29,1,binary_probability,0.03,jev-1.13.0
2021,2021-05-29,1,yes_no_choice,No,jev-1.13.0
2021,2021-05-29,1,who_choice,Joe Biden,jev-1.13.0
2021,2021-12-30,1,binary_probability,0.02,jev-1.13.0
2021,2021-12-30,1,yes_no_choice,No,jev-1.13.0
2021,2021-12-30,1,who_choice,Joe Biden,jev-1.13.0
2025,2024-05-08,1,binary_probability,0.05,jev-1.13.0
2025,2024-05-08,1,yes_no_choice,No,jev-1.13.0
2025,2024-05-08,1,who_choice,Joe Biden,jev-1.13.0
2025,2024-08-04,1,binary_probability,0.15,jev-1.13.0
2025,2024-08-04,1,yes_no_choice,No,jev-1.13.0
2025,2024-08-04,1,who_choice,Joe Biden,jev-1.13.0
2021,2020-10-08,1,binary_probability,0.99,jev-1.13.0
2021,2020-10-08,1,yes_no_choice,Yes,jev-1.13.0
2021,2020-10-08,1,who_choice,Donald Trump,jev-1.13.0
2021,2021-08-16,1,binary_probability,0.02,jev-1.13.0
2021,2021-08-16,1,yes_no_choice,No,jev-1.13.0
2021,2021-08-16,1,who_choice,Joe Biden,jev-1.13.0
2025,2026-01-12,1,binary_probability,0.43,jev-1.13.0
2025,2026-01-12,1,yes_no_choice,Yes,jev-1.13.0
2025,2026-01-12,1,who_choice,Donald Trump,jev-1.13.0
2025,2025-08-07,1,binary_probability,0.4,jev-1.13.0
2025,2025-08-07,1,yes_no_choice,No,jev-1.13.0
2025,2025-08-07,1,who_choice,Donald Trump,jev-1.13.0
2025,2025-05-04,1,binary_probability,0.46,jev-1.13.0
2025,2025-05-04,1,yes_no_choice,Yes,jev-1.13.0
2025,2025-05-04,1,who_choice,Donald Trump,jev-1.13.0
2025,2025-05-02,2,binary_probability,0.46,jev-1.13.0
2025,2025-05-02,2,yes_no_choice,No,jev-1.13.0
2025,2025-05-02,2,who_choice,Donald Trump,jev-1.13.0
2025,2025-01-21,2,binary_probability,0.55,jev-1.13.0
2025,2025-01-21,2,yes_no_choice,Yes,jev-1.13.0
2025,2025-01-21,2,who_choice,Donald Trump,jev-1.13.0
2025,2024-09-26,2,binary_probability,0.05,jev-1.13.0
2025,2024-09-26,2,yes_no_choice,No,jev-1.13.0
2025,2024-09-26,2,who_choice,Joe Biden,jev-1.13.0
2021,2020-10-08,2,binary_probability,0.99,jev-1.13.0
2021,2020-10-08,2,yes_no_choice,Yes,jev-1.13.0
2021,2020-10-08,2,who_choice,Donald Trump,jev-1.13.0
2025,2024-12-16,2,binary_probability,0.25,jev-1.13.0
2025,2024-12-16,2,yes_no_choice,No,jev-1.13.0
2025,2024-12-16,2,who_choice,Donald Trump,jev-1.13.0
2021,2020-04-17,2,binary_probability,0.99,jev-1.13.0
2021,2020-04-17,2,yes_no_choice,Yes,jev-1.13.0
2021,2020-04-17,2,who_choice,Donald Trump,jev-1.13.0
2021,2021-02-12,2,binary_probability,0.04,jev-1.13.0
2021,2021-02-12,2,yes_no_choice,No,jev-1.13.0
2021,2021-02-12,2,who_choice,Joe Biden,jev-1.13.0
2021,2020-04-15,2,binary_probability,0.98,jev-1.13.0
2021,2020-04-15,2,yes_no_choice,Yes,jev-1.13.0
2021,2020-04-15,2,who_choice,Donald Trump,jev-1.13.0
2025,2025-07-16,2,binary_probability,0.44,jev-1.13.0
2025,2025-07-16,2,yes_no_choice,Yes,jev-1.13.0
2025,2025-07-16,2,who_choice,Donald Trump,jev-1.13.0
2025,2024-06-06,2,binary_probability,0.1,jev-1.13.0
2025,2024-06-06,2,yes_no_choice,No,jev-1.13.0
2025,2024-06-06,2,who_choice,Joe Biden,jev-1.13.0
2021,2020-04-12,2,binary_probability,0.99,jev-1.13.0
2021,2020-04-12,2,yes_no_choice,Yes,jev-1.13.0
2021,2020-04-12,2,who_choice,Donald Trump,jev-1.13.0
2021,2021-01-24,2,binary_probability,0.09,jev-1.13.0
2021,2021-01-24,2,yes_no_choice,No,jev-1.13.0
2021,2021-01-24,2,who_choice,Joe Biden,jev-1.13.0
2025,2025-04-09,2,binary_probability,0.51,jev-1.13.0
2025,2025-04-09,2,yes_no_choice,Yes,jev-1.13.0
2025,2025-04-09,2,who_choice,Donald Trump,jev-1.13.0
2025,2025-01-16,2,binary_probability,0.56,jev-1.13.0
2025,2025-01-16,2,yes_no_choice,Yes,jev-1.13.0
2025,2025-01-16,2,who_choice,Donald Trump,jev-1.13.0
2025,2024-01-31,2,binary_probability,0.15,jev-1.13.0
2025,2024-01-31,2,yes_no_choice,No,jev-1.13.0
2025,2024-01-31,2,who_choice,Joe Biden,jev-1.13.0
2025,2025-12-03,2,binary_probability,0.58,jev-1.13.0
2025,2025-12-03,2,yes_no_choice,Yes,jev-1.13.0
2025,2025-12-03,2,who_choice,Donald Trump,jev-1.13.0
2021,2021-02-15,2,binary_probability,0.05,jev-1.13.0
2021,2021-02-15,2,yes_no_choice,No,jev-1.13.0
2021,2021-02-15,2,who_choice,Joe Biden,jev-1.13.0
2025,2025-09-12,2,binary_probability,0.44,jev-1.13.0
2025,2025-09-12,2,yes_no_choice,No,jev-1.13.0
2025,2025-09-12,2,who_choice,Donald Trump,jev-1.13.0
2025,2024-01-24,2,binary_probability,0.13,jev-1.13.0
2025,2024-01-24,2,yes_no_choice,No,jev-1.13.0
2025,2024-01-24,2,who_choice,Joe Biden,jev-1.13.0
2025,2025-09-01,2,binary_probability,0.43,jev-1.13.0
2025,2025-09-01,2,yes_no_choice,No,jev-1.13.0
2025,2025-09-01,2,who_choice,Donald Trump,jev-1.13.0
2021,2020-08-09,2,binary_probability,0.98,jev-1.13.0
2021,2020-08-09,2,yes_no_choice,Yes,jev-1.13.0
2021,2020-08-09,2,who_choice,Donald Trump,jev-1.13.0
2025,2025-08-09,2,binary_probability,0.46,jev-1.13.0
2025,2025-08-09,2,yes_no_choice,Yes,jev-1.13.0
2025,2025-08-09,2,who_choice,Donald Trump,jev-1.13.0
2021,2021-12-15,2,binary_probability,0.02,jev-1.13.0
2021,2021-12-15,2,yes_no_choice,No,jev-1.13.0
2021,2021-12-15,2,who_choice,Joe Biden,jev-1.13.0
2021,2020-08-29,2,binary_probability,0.99,jev-1.13.0
2021,2020-08-29,2,yes_no_choice,Yes,jev-1.13.0
2021,2020-08-29,2,who_choice,Donald Trump,jev-1.13.0
2025,2025-10-29,2,binary_probability,0.53,jev-1.13.0
2025,2025-10-29,2,yes_no_choice,Yes,jev-1.13.0
2025,2025-10-29,2,who_choice,Donald Trump,jev-1.13.0
2025,2025-09-29,2,binary_probability,0.47,jev-1.13.0
2025,2025-09-29,2,yes_no_choice,No,jev-1.13.0
2025,2025-09-29,2,who_choice,Donald Trump,jev-1.13.0
2025,2024-12-13,2,binary_probability,0.26,jev-1.13.0
2025,2024-12-13,2,yes_no_choice,No,jev-1.13.0
2025,2024-12-13,2,who_choice,Donald Trump,jev-1.13.0
2025,2025-12-04,2,binary_probability,0.57,jev-1.13.0
2025,2025-12-04,2,yes_no_choice,Yes,jev-1.13.0
2025,2025-12-04,2,who_choice,Donald Trump,jev-1.13.0
2021,2020-07-01,2,binary_probability,0.98,jev-1.13.0
2021,2020-07-01,2,yes_no_choice,Yes,jev-1.13.0
2021,2020-07-01,2,who_choice,Donald Trump,jev-1.13.0
2025,2024-06-12,2,binary_probability,0.07,jev-1.13.0
2025,2024-06-12,2,yes_no_choice,No,jev-1.13.0
2025,2024-06-12,2,who_choice,Joe Biden,jev-1.13.0
2025,2025-11-23,2,binary_probability,0.57,jev-1.13.0
2025,2025-11-23,2,yes_no_choice,Yes,jev-1.13.0
2025,2025-11-23,2,who_choice,Donald Trump,jev-1.13.0
2025,2024-05-04,2,binary_probability,0.07,jev-1.13.0
2025,2024-05-04,2,yes_no_choice,No,jev-1.13.0
2025,2024-05-04,2,who_choice,Joe Biden,jev-1.13.0
2025,2025-05-10,2,binary_probability,0.52,jev-1.13.0
2025,2025-05-10,2,yes_no_choice,Yes,jev-1.13.0
2025,2025-05-10,2,who_choice,Donald Trump,jev-1.13.0
2021,2020-03-25,2,binary_probability,0.98,jev-1.13.0
2021,2020-03-25,2,yes_no_choice,Yes,jev-1.13.0
2021,2020-03-25,2,who_choice,Donald Trump,jev-1.13.0
2021,2020-04-09,2,binary_probability,0.98,jev-1.13.0
2021,2020-04-09,2,yes_no_choice,Yes,jev-1.13.0
2021,2020-04-09,2,who_choice,Donald Trump,jev-1.13.0
2021,2021-05-20,2,binary_probability,0.03,jev-1.13.0
2021,2021-05-20,2,yes_no_choice,No,jev-1.13.0
2021,2021-05-20,2,who_choice,Joe Biden,jev-1.13.0
2025,2025-07-09,2,binary_probability,0.46,jev-1.13.0
2025,2025-07-09,2,yes_no_choice,Yes,jev-1.13.0
2025,2025-07-09,2,who_choice,Donald Trump,jev-1.13.0
2025,2025-07-22,2,binary_probability,0.45,jev-1.13.0
2025,2025-07-22,2,yes_no_choice,Yes,jev-1.13.0
2025,2025-07-22,2,who_choice,Donald Trump,jev-1.13.0
2021,2020-06-10,2,binary_probability,0.98,jev-1.13.0
2021,2020-06-10,2,yes_no_choice,Yes,jev-1.13.0
2021,2020-06-10,2,who_choice,Donald Trump,jev-1.13.0
2021,2021-04-22,2,binary_probability,0.03,jev-1.13.0
2021,2021-04-22,2,yes_no_choice,No,jev-1.13.0
2021,2021-04-22,2,who_choice,Joe Biden,jev-1.13.0
2025,2024-07-17,2,binary_probability,0.12,jev-1.13.0
2025,2024-07-17,2,yes_no_choice,No,jev-1.13.0
2025,2024-07-17,2,who_choice,Joe Biden,jev-1.13.0
2025,2024-05-24,2,binary_probability,0.06,jev-1.13.0
2025,2024-05-24,2,yes_no_choice,No,jev-1.13.0
2025,2024-05-24,2,who_choice,Joe Biden,jev-1.13.0
2021,2021-02-14,2,binary_probability,0.04,jev-1.13.0
2021,2021-02-14,2,yes_no_choice,No,jev-1.13.0
2021,2021-02-14,2,who_choice,Joe Biden,jev-1.13.0
2021,2020-10-02,2,binary_probability,0.99,jev-1.13.0
2021,2020-10-02,2,yes_no_choice,Yes,jev-1.13.0
2021,2020-10-02,2,who_choice,Donald Trump,jev-1.13.0
2025,2025-06-01,2,binary_probability,0.42,jev-1.13.0
2025,2025-06-01,2,yes_no_choice,Yes,jev-1.13.0
2025,2025-06-01,2,who_choice,Donald Trump,jev-1.13.0
2025,2025-08-15,2,binary_probability,0.39,jev-1.13.0
2025,2025-08-15,2,yes_no_choice,No,jev-1.13.0
2025,2025-08-15,2,who_choice,Donald Trump,jev-1.13.0
2025,2024-12-14,2,binary_probability,0.22,jev-1.13.0
2025,2024-12-14,2,yes_no_choice,No,jev-1.13.0
2025,2024-12-14,2,who_choice,Donald Trump,jev-1.13.0
2021,2020-07-23,2,binary_probability,0.98,jev-1.13.0
2021,2020-07-23,2,yes_no_choice,Yes,jev-1.13.0
2021,2020-07-23,2,who_choice,Donald Trump,jev-1.13.0
2021,2020-12-22,2,binary_probability,0.97,jev-1.13.0
2021,2020-12-22,2,yes_no_choice,Yes,jev-1.13.0
2021,2020-12-22,2,who_choice,Donald Trump,jev-1.13.0
2021,2020-11-29,2,binary_probability,0.96,jev-1.13.0
2021,2020-11-29,2,yes_no_choice,Yes,jev-1.13.0
2021,2020-11-29,2,who_choice,Donald Trump,jev-1.13.0
2021,2020-10-05,2,binary_probability,0.99,jev-1.13.0
2021,2020-10-05,2,yes_no_choice,Yes,jev-1.13.0
2021,2020-10-05,2,who_choice,Donald Trump,jev-1.13.0
2025,2024-03-14,2,binary_probability,0.08,jev-1.13.0
2025,2024-03-14,2,yes_no_choice,No,jev-1.13.0
2025,2024-03-14,2,who_choice,Joe Biden,jev-1.13.0
2021,2021-04-18,2,binary_probability,0.03,jev-1.13.0
2021,2021-04-18,2,yes_no_choice,No,jev-1.13.0
2021,2021-04-18,2,who_choice,Joe Biden,jev-1.13.0
2021,2020-01-25,2,binary_probability,0.98,jev-1.13.0
2021,2020-01-25,2,yes_no_choice,Yes,jev-1.13.0
2021,2020-01-25,2,who_choice,Donald Trump,jev-1.13.0
2025,2026-01-07,2,binary_probability,0.46,jev-1.13.0
2025,2026-01-07,2,yes_no_choice,Yes,jev-1.13.0
2025,2026-01-07,2,who_choice,Donald Trump,jev-1.13.0
2025,2025-11-11,2,binary_probability,0.57,jev-1.13.0
2025,2025-11-11,2,yes_no_choice,Yes,jev-1.13.0
2025,2025-11-11,2,who_choice,Donald Trump,jev-1.13.0
2021,2020-07-06,2,binary_probability,0.98,jev-1.13.0
2021,2020-07-06,2,yes_no_choice,Yes,jev-1.13.0
2021,2020-07-06,2,who_choice,Donald Trump,jev-1.13.0
2021,2021-09-12,2,binary_probability,0.02,jev-1.13.0
2021,2021-09-12,2,yes_no_choice,No,jev-1.13.0
2021,2021-09-12,2,who_choice,Joe Biden,jev-1.13.0
2021,2020-08-28,2,binary_probability,0.99,jev-1.13.0
2021,2020-08-28,2,yes_no_choice,Yes,jev-1.13.0
2021,2020-08-28,2,who_choice,Donald Trump,jev-1.13.0
2025,2024-07-29,2,binary_probability,0.13,jev-1.13.0
2025,2024-07-29,2,yes_no_choice,No,jev-1.13.0
2025,2024-07-29,2,who_choice,Joe Biden,jev-1.13.0
2025,2025-07-28,2,binary_probability,0.44,jev-1.13.0
2025,2025-07-28,2,yes_no_choice,Yes,jev-1.13.0
2025,2025-07-28,2,who_choice,Donald Trump,jev-1.13.0
2021,2021-02-20,2,binary_probability,0.05,jev-1.13.0
2021,2021-02-20,2,yes_no_choice,No,jev-1.13.0
2021,2021-02-20,2,who_choice,Joe Biden,jev-1.13.0
2021,2021-04-07,2,binary_probability,0.04,jev-1.13.0
2021,2021-04-07,2,yes_no_choice,No,jev-1.13.0
2021,2021-04-07,2,who_choice,Joe Biden,jev-1.13.0
2021,2021-05-17,2,binary_probability,0.03,jev-1.13.0
2021,2021-05-17,2,yes_no_choice,No,jev-1.13.0
2021,2021-05-17,2,who_choice,Joe Biden,jev-1.13.0
2021,2021-10-03,2,binary_probability,0.02,jev-1.13.0
2021,2021-10-03,2,yes_no_choice,No,jev-1.13.0
2021,2021-10-03,2,who_choice,Joe Biden,jev-1.13.0
2021,2022-01-07,2,binary_probability,0.18,jev-1.13.0
2021,2022-01-07,2,yes_no_choice,No,jev-1.13.0
2021,2022-01-07,2,who_choice,Joe Biden,jev-1.13.0
2025,2024-09-21,2,binary_probability,0.04,jev-1.13.0
2025,2024-09-21,2,yes_no_choice,No,jev-1.13.0
2025,2024-09-21,2,who_choice,Joe Biden,jev-1.13.0
2021,2021-06-21,2,binary_probability,0.02,jev-1.13.0
2021,2021-06-21,2,yes_no_choice,No,jev-1.13.0
2021,2021-06-21,2,who_choice,Joe Biden,jev-1.13.0
2021,2021-01-12,2,binary_probability,0.94,jev-1.13.0
2021,2021-01-12,2,yes_no_choice,Yes,jev-1.13.0
2021,2021-01-12,2,who_choice,Joe Biden,jev-1.13.0
2021,2022-01-11,2,binary_probability,0.07,jev-1.13.0
2021,2022-01-11,2,yes_no_choice,No,jev-1.13.0
2021,2022-01-11,2,who_choice,Joe Biden,jev-1.13.0
2025,2024-02-05,2,binary_probability,0.11,jev-1.13.0
2025,2024-02-05,2,yes_no_choice,No,jev-1.13.0
2025,2024-02-05,2,who_choice,Joe Biden,jev-1.13.0
2021,2020-11-03,2,binary_probability,0.97,jev-1.13.0
2021,2020-11-03,2,yes_no_choice,Yes,jev-1.13.0
2021,2020-11-03,2,who_choice,Donald Trump,jev-1.13.0
2021,2020-02-02,2,binary_probability,0.98,jev-1.13.0
2021,2020-02-02,2,yes_no_choice,Yes,jev-1.13.0
2021,2020-02-02,2,who_choice,Donald Trump,jev-1.13.0
2025,2025-12-28,2,binary_probability,0.58,jev-1.13.0
2025,2025-12-28,2,yes_no_choice,Yes,jev-1.13.0
2025,2025-12-28,2,who_choice,Donald Trump,jev-1.13.0
2021,2021-12-22,2,binary_probability,0.02,jev-1.13.0
2021,2021-12-22,2,yes_no_choice,No,jev-1.13.0
2021,2021-12-22,2,who_choice,Joe Biden,jev-1.13.0
2025,2024-04-06,2,binary_probability,0.07,jev-1.13.0
2025,2024-04-06,2,yes_no_choice,No,jev-1.13.0
2025,2024-04-06,2,who_choice,Joe Biden,jev-1.13.0
2021,2020-06-06,2,binary_probability,0.99,jev-1.13.0
2021,2020-06-06,2,yes_no_choice,Yes,jev-1.13.0
2021,2020-06-06,2,who_choice,Donald Trump,jev-1.13.0
2021,2021-03-05,2,binary_probability,0.04,jev-1.13.0
2021,2021-03-05,2,yes_no_choice,No,jev-1.13.0
2021,2021-03-05,2,who_choice,Joe Biden,jev-1.13.0
2025,2025-08-06,2,binary_probability,0.42,jev-1.13.0
2025,2025-08-06,2,yes_no_choice,No,jev-1.13.0
2025,2025-08-06,2,who_choice,Donald Trump,jev-1.13.0
2025,2025-11-05,2,binary_probability,0.51,jev-1.13.0
2025,2025-11-05,2,yes_no_choice,Yes,jev-1.13.0
2025,2025-11-05,2,who_choice,Donald Trump,jev-1.13.0
2025,2025-05-18,2,binary_probability,0.52,jev-1.13.0
2025,2025-05-18,2,yes_no_choice,Yes,jev-1.13.0
2025,2025-05-18,2,who_choice,Donald Trump,jev-1.13.0
2021,2021-02-01,2,binary_probability,0.09,jev-1.13.0
2021,2021-02-01,2,yes_no_choice,No,jev-1.13.0
2021,2021-02-01,2,who_choice,Joe Biden,jev-1.13.0
2021,2020-02-09,2,binary_probability,0.99,jev-1.13.0
2021,2020-02-09,2,yes_no_choice,Yes,jev-1.13.0
2021,2020-02-09,2,who_choice,Donald Trump,jev-1.13.0
2021,2020-03-17,2,binary_probability,0.98,jev-1.13.0
2021,2020-03-17,2,yes_no_choice,Yes,jev-1.13.0
2021,2020-03-17,2,who_choice,Donald Trump,jev-1.13.0
2021,2021-02-23,2,binary_probability,0.05,jev-1.13.0
2021,2021-02-23,2,yes_no_choice,No,jev-1.13.0
2021,2021-02-23,2,who_choice,Joe Biden,jev-1.13.0
2021,2020-05-14,2,binary_probability,0.99,jev-1.13.0
2021,2020-05-14,2,yes_no_choice,Yes,jev-1.13.0
2021,2020-05-14,2,who_choice,Donald Trump,jev-1.13.0
2021,2020-10-18,2,binary_probability,0.98,jev-1.13.0
2021,2020-10-18,2,yes_no_choice,Yes,jev-1.13.0
2021,2020-10-18,2,who_choice,Donald Trump,jev-1.13.0
2025,2024-12-22,2,binary_probability,0.19,jev-1.13.0
2025,2024-12-22,2,yes_no_choice,No,jev-1.13.0
2025,2024-12-22,2,who_choice,Donald Trump,jev-1.13.0
2025,2024-02-20,2,binary_probability,0.09,jev-1.13.0
2025,2024-02-20,2,yes_no_choice,No,jev-1.13.0
2025,2024-02-20,2,who_choice,Joe Biden,jev-1.13.0
2025,2025-06-06,2,binary_probability,0.48,jev-1.13.0
2025,2025-06-06,2,yes_no_choice,Yes,jev-1.13.0
2025,2025-06-06,2,who_choice,Donald Trump,jev-1.13.0
2025,2024-02-23,2,binary_probability,0.05,jev-1.13.0
2025,2024-02-23,2,yes_no_choice,No,jev-1.13.0
2025,2024-02-23,2,who_choice,Joe Biden,jev-1.13.0
2025,2024-03-23,2,binary_probability,0.07,jev-1.13.0
2025,2024-03-23,2,yes_no_choice,No,jev-1.13.0
2025,2024-03-23,2,who_choice,Joe Biden,jev-1.13.0
2025,2025-01-01,2,binary_probability,0.25,jev-1.13.0
2025,2025-01-01,2,yes_no_choice,No,jev-1.13.0
2025,2025-01-01,2,who_choice,Donald Trump,jev-1.13.0
2025,2025-05-25,2,binary_probability,0.53,jev-1.13.0
2025,2025-05-25,2,yes_no_choice,No,jev-1.13.0
2025,2025-05-25,2,who_choice,Donald Trump,jev-1.13.0
2021,2021-07-18,2,binary_probability,0.02,jev-1.13.0
2021,2021-07-18,2,yes_no_choice,No,jev-1.13.0
2021,2021-07-18,2,who_choice,Joe Biden,jev-1.13.0
2025,2025-10-10,2,binary_probability,0.43,jev-1.13.0
2025,2025-10-10,2,yes_no_choice,No,jev-1.13.0
2025,2025-10-10,2,who_choice,Donald Trump,jev-1.13.0
2025,2024-04-10,2,binary_probability,0.06,jev-1.13.0
2025,2024-04-10,2,yes_no_choice,No,jev-1.13.0
2025,2024-04-10,2,who_choice,Joe Biden,jev-1.13.0
2025,2025-05-19,2,binary_probability,0.53,jev-1.13.0
2025,2025-05-19,2,yes_no_choice,Yes,jev-1.13.0
2025,2025-05-19,2,who_choice,Donald Trump,jev-1.13.0
2025,2024-05-13,2,binary_probability,0.07,jev-1.13.0
2025,2024-05-13,2,yes_no_choice,No,jev-1.13.0
2025,2024-05-13,2,who_choice,Joe Biden,jev-1.13.0
2025,2025-02-26,2,binary_probability,0.69,jev-1.13.0
2025,2025-02-26,2,yes_no_choice,Yes,jev-1.13.0
2025,2025-02-26,2,who_choice,Donald Trump,jev-1.13.0
2025,2025-11-26,2,binary_probability,0.54,jev-1.13.0
2025,2025-11-26,2,yes_no_choice,Yes,jev-1.13.0
2025,2025-11-26,2,who_choice,Donald Trump,jev-1.13.0
2021,2020-10-11,2,binary_probability,0.98,jev-1.13.0
2021,2020-10-11,2,yes_no_choice,Yes,jev-1.13.0
2021,2020-10-11,2,who_choice,Donald Trump,jev-1.13.0
2021,2020-07-16,2,binary_probability,0.99,jev-1.13.0
2021,2020-07-16,2,yes_no_choice,Yes,jev-1.13.0
2021,2020-07-16,2,who_choice,Donald Trump,jev-1.13.0
2021,2021-01-08,2,binary_probability,0.93,jev-1.13.0
2021,2021-01-08,2,yes_no_choice,Yes,jev-1.13.0
2021,2021-01-08,2,who_choice,Joe Biden,jev-1.13.0
2025,2024-07-16,2,binary_probability,0.16,jev-1.13.0
2025,2024-07-16,2,yes_no_choice,No,jev-1.13.0
2025,2024-07-16,2,who_choice,Joe Biden,jev-1.13.0
2025,2026-01-05,2,binary_probability,0.44,jev-1.13.0
2025,2026-01-05,2,yes_no_choice,Yes,jev-1.13.0
2025,2026-01-05,2,who_choice,Donald Trump,jev-1.13.0
2021,2020-04-01,2,binary_probability,0.98,jev-1.13.0
2021,2020-04-01,2,yes_no_choice,Yes,jev-1.13.0
2021,2020-04-01,2,who_choice,Donald Trump,jev-1.13.0
2021,2020-06-24,2,binary_probability,0.98,jev-1.13.0
2021,2020-06-24,2,yes_no_choice,Yes,jev-1.13.0
2021,2020-06-24,2,who_choice,Donald Trump,jev-1.13.0
2025,2025-10-15,2,binary_probability,0.44,jev-1.13.0
2025,2025-10-15,2,yes_no_choice,No,jev-1.13.0
2025,2025-10-15,2,who_choice,Donald Trump,jev-1.13.0
2025,2025-11-19,2,binary_probability,0.55,jev-1.13.0
2025,2025-11-19,2,yes_no_choice,Yes,jev-1.13.0
2025,2025-11-19,2,who_choice,Donald Trump,jev-1.13.0
2025,2025-07-18,2,binary_probability,0.46,jev-1.13.0
2025,2025-07-18,2,yes_no_choice,Yes,jev-1.13.0
2025,2025-07-18,2,who_choice,Donald Trump,jev-1.13.0
2025,2024-09-27,2,binary_probability,0.05,jev-1.13.0
2025,2024-09-27,2,yes_no_choice,No,jev-1.13.0
2025,2024-09-27,2,who_choice,Joe Biden,jev-1.13.0
2025,2025-07-11,2,binary_probability,0.44,jev-1.13.0
2025,2025-07-11,2,yes_no_choice,Yes,jev-1.13.0
2025,2025-07-11,2,who_choice,Donald Trump,jev-1.13.0
2021,2020-11-28,2,binary_probability,0.97,jev-1.13.0
2021,2020-11-28,2,yes_no_choice,Yes,jev-1.13.0
2021,2020-11-28,2,who_choice,Donald Trump,jev-1.13.0
2021,2020-07-11,2,binary_probability,0.98,jev-1.13.0
2021,2020-07-11,2,yes_no_choice,Yes,jev-1.13.0
2021,2020-07-11,2,who_choice,Donald Trump,jev-1.13.0
2025,2025-09-15,2,binary_probability,0.4,jev-1.13.0
2025,2025-09-15,2,yes_no_choice,No,jev-1.13.0
2025,2025-09-15,2,who_choice,Donald Trump,jev-1.13.0
2021,2020-03-13,2,binary_probability,0.99,jev-1.13.0
2021,2020-03-13,2,yes_no_choice,Yes,jev-1.13.0
2021,2020-03-13,2,who_choice,Donald Trump,jev-1.13.0
2025,2025-03-02,2,binary_probability,0.55,jev-1.13.0
2025,2025-03-02,2,yes_no_choice,Yes,jev-1.13.0
2025,2025-03-02,2,who_choice,Donald Trump,jev-1.13.0
2021,2021-07-19,2,binary_probability,0.02,jev-1.13.0
2021,2021-07-19,2,yes_no_choice,No,jev-1.13.0
2021,2021-07-19,2,who_choice,Joe Biden,jev-1.13.0
2021,2020-07-10,2,binary_probability,0.98,jev-1.13.0
2021,2020-07-10,2,yes_no_choice,Yes,jev-1.13.0
2021,2020-07-10,2,who_choice,Donald Trump,jev-1.13.0
2025,2024-05-06,2,binary_probability,0.08,jev-1.13.0
2025,2024-05-06,2,yes_no_choice,No,jev-1.13.0
2025,2024-05-06,2,who_choice,Joe Biden,jev-1.13.0
2021,2021-09-15,2,binary_probability,0.02,jev-1.13.0
2021,2021-09-15,2,yes_no_choice,No,jev-1.13.0
2021,2021-09-15,2,who_choice,Joe Biden,jev-1.13.0
2025,2024-06-02,2,binary_probability,0.06,jev-1.13.0
2025,2024-06-02,2,yes_no_choice,No,jev-1.13.0
2025,2024-06-02,2,who_choice,Joe Biden,jev-1.13.0
2025,2024-05-20,2,binary_probability,0.08,jev-1.13.0
2025,2024-05-20,2,yes_no_choice,No,jev-1.13.0
2025,2024-05-20,2,who_choice,Joe Biden,jev-1.13.0
2025,2026-01-14,2,binary_probability,0.44,jev-1.13.0
2025,2026-01-14,2,yes_no_choice,Yes,jev-1.13.0
2025,2026-01-14,2,who_choice,Donald Trump,jev-1.13.0
2025,2024-08-02,2,binary_probability,0.08,jev-1.13.0
2025,2024-08-02,2,yes_no_choice,No,jev-1.13.0
2025,2024-08-02,2,who_choice,Joe Biden,jev-1.13.0
2025,2025-07-29,2,binary_probability,0.46,jev-1.13.0
2025,2025-07-29,2,yes_no_choice,Yes,jev-1.13.0
2025,2025-07-29,2,who_choice,Donald Trump,jev-1.13.0
2021,2020-11-18,2,binary_probability,0.97,jev-1.13.0
2021,2020-11-18,2,yes_no_choice,Yes,jev-1.13.0
2021,2020-11-18,2,who_choice,Donald Trump,jev-1.13.0
2021,2021-05-26,2,binary_probability,0.03,jev-1.13.0
2021,2021-05-26,2,yes_no_choice,No,jev-1.13.0
2021,2021-05-26,2,who_choice,Joe Biden,jev-1.13.0
2025,2025-10-05,2,binary_probability,0.46,jev-1.13.0
2025,2025-10-05,2,yes_no_choice,Yes,jev-1.13.0
2025,2025-10-05,2,who_choice,Donald Trump,jev-1.13.0
2025,2024-11-08,2,binary_probability,0.29,jev-1.13.0
2025,2024-11-08,2,yes_no_choice,No,jev-1.13.0
2025,2024-11-08,2,who_choice,Joe Biden,jev-1.13.0
2025,2024-09-17,2,binary_probability,0.06,jev-1.13.0
2025,2024-09-17,2,yes_no_choice,No,jev-1.13.0
2025,2024-09-17,2,who_choice,Joe Biden,jev-1.13.0
2025,2024-07-26,2,binary_probability,0.12,jev-1.13.0
2025,2024-07-26,2,yes_no_choice,No,jev-1.13.0
2025,2024-07-26,2,who_choice,Joe Biden,jev-1.13.0
2025,2025-06-18,2,binary_probability,0.46,jev-1.13.0
2025,2025-06-18,2,yes_no_choice,No,jev-1.13.0
2025,2025-06-18,2,who_choice,Donald Trump,jev-1.13.0
2021,2020-06-14,2,binary_probability,0.98,jev-1.13.0
2021,2020-06-14,2,yes_no_choice,Yes,jev-1.13.0
2021,2020-06-14,2,who_choice,Donald Trump,jev-1.13.0
2021,2021-07-08,2,binary_probability,0.02,jev-1.13.0
2021,2021-07-08,2,yes_no_choice,No,jev-1.13.0
2021,2021-07-08,2,who_choice,Joe Biden,jev-1.13.0
2021,2021-07-26,2,binary_probability,0.02,jev-1.13.0
2021,2021-07-26,2,yes_no_choice,No,jev-1.13.0
2021,2021-07-26,2,who_choice,Joe Biden,jev-1.13.0
2021,2021-06-23,2,binary_probability,0.02,jev-1.13.0
2021,2021-06-23,2,yes_no_choice,No,jev-1.13.0
2021,2021-06-23,2,who_choice,Joe Biden,jev-1.13.0
2021,2020-02-12,2,binary_probability,0.99,jev-1.13.0
2021,2020-02-12,2,yes_no_choice,Yes,jev-1.13.0
2021,2020-02-12,2,who_choice,Donald Trump,jev-1.13.0
2021,2021-01-02,2,binary_probability,0.97,jev-1.13.0
2021,2021-01-02,2,yes_no_choice,Yes,jev-1.13.0
2021,2021-01-02,2,who_choice,Donald Trump,jev-1.13.0
2025,2025-08-08,2,binary_probability,0.44,jev-1.13.0
2025,2025-08-08,2,yes_no_choice,No,jev-1.13.0
2025,2025-08-08,2,who_choice,Donald Trump,jev-1.13.0
2021,2021-12-29,2,binary_probability,0.01,jev-1.13.0
2021,2021-12-29,2,yes_no_choice,No,jev-1.13.0
2021,2021-12-29,2,who_choice,Joe Biden,jev-1.13.0
2021,2021-08-09,2,binary_probability,0.02,jev-1.13.0
2021,2021-08-09,2,yes_no_choice,No,jev-1.13.0
2021,2021-08-09,2,who_choice,Joe Biden,jev-1.13.0
2021,2021-03-13,2,binary_probability,0.04,jev-1.13.0
2021,2021-03-13,2,yes_no_choice,No,jev-1.13.0
2021,2021-03-13,2,who_choice,Joe Biden,jev-1.13.0
2025,2024-01-30,2,binary_probability,0.31,jev-1.13.0
2025,2024-01-30,2,yes_no_choice,No,jev-1.13.0
2025,2024-01-30,2,who_choice,Joe Biden,jev-1.13.0
2021,2021-02-10,2,binary_probability,0.06,jev-1.13.0
2021,2021-02-10,2,yes_no_choice,No,jev-1.13.0
2021,2021-02-10,2,who_choice,Joe Biden,jev-1.13.0
2025,2024-03-21,2,binary_probability,0.07,jev-1.13.0
2025,2024-03-21,2,yes_no_choice,No,jev-1.13.0
2025,2024-03-21,2,who_choice,Joe Biden,jev-1.13.0
2021,2021-08-30,2,binary_probability,0.02,jev-1.13.0
2021,2021-08-30,2,yes_no_choice,No,jev-1.13.0
2021,2021-08-30,2,who_choice,Joe Biden,jev-1.13.0
2021,2020-01-29,2,binary_probability,0.98,jev-1.13.0
2021,2020-01-29,2,yes_no_choice,Yes,jev-1.13.0
2021,2020-01-29,2,who_choice,Donald Trump,jev-1.13.0
2025,2024-03-07,2,binary_probability,0.09,jev-1.13.0
2025,2024-03-07,2,yes_no_choice,No,jev-1.13.0
2025,2024-03-07,2,who_choice,Joe Biden,jev-1.13.0
2021,2020-05-26,2,binary_probability,0.99,jev-1.13.0
2021,2020-05-26,2,yes_no_choice,Yes,jev-1.13.0
2021,2020-05-26,2,who_choice,Donald Trump,jev-1.13.0
2025,2024-10-22,2,binary_probability,0.16,jev-1.13.0
2025,2024-10-22,2,yes_no_choice,No,jev-1.13.0
2025,2024-10-22,2,who_choice,Joe Biden,jev-1.13.0
2025,2025-11-09,2,binary_probability,0.55,jev-1.13.0
2025,2025-11-09,2,yes_no_choice,Yes,jev-1.13.0
2025,2025-11-09,2,who_choice,Donald Trump,jev-1.13.0
2021,2021-10-26,2,binary_probability,0.02,jev-1.13.0
2021,2021-10-26,2,yes_no_choice,No,jev-1.13.0
2021,2021-10-26,2,who_choice,Joe Biden,jev-1.13.0
2025,2025-10-23,2,binary_probability,0.49,jev-1.13.0
2025,2025-10-23,2,yes_no_choice,Yes,jev-1.13.0
2025,2025-10-23,2,who_choice,Donald Trump,jev-1.13.0
2025,2025-11-04,2,binary_probability,0.52,jev-1.13.0
2025,2025-11-04,2,yes_no_choice,Yes,jev-1.13.0
2025,2025-11-04,2,who_choice,Donald Trump,jev-1.13.0
2021,2021-02-05,2,binary_probability,0.06,jev-1.13.0
2021,2021-02-05,2,yes_no_choice,No,jev-1.13.0
2021,2021-02-05,2,who_choice,Joe Biden,jev-1.13.0
2021,2021-03-02,2,binary_probability,0.03,jev-1.13.0
2021,2021-03-02,2,yes_no_choice,No,jev-1.13.0
2021,2021-03-02,2,who_choice,Joe Biden,jev-1.13.0
2025,2025-11-22,2,binary_probability,0.54,jev-1.13.0
2025,2025-11-22,2,yes_no_choice,Yes,jev-1.13.0
2025,2025-11-22,2,who_choice,Donald Trump,jev-1.13.0
2021,2021-06-16,2,binary_probability,0.02,jev-1.13.0
2021,2021-06-16,2,yes_no_choice,No,jev-1.13.0
2021,2021-06-16,2,who_choice,Joe Biden,jev-1.13.0
2025,2024-08-16,2,binary_probability,0.07,jev-1.13.0
2025,2024-08-16,2,yes_no_choice,No,jev-1.13.0
2025,2024-08-16,2,who_choice,Joe Biden,jev-1.13.0
2021,2020-01-24,2,binary_probability,0.98,jev-1.13.0
2021,2020-01-24,2,yes_no_choice,Yes,jev-1.13.0
2021,2020-01-24,2,who_choice,Donald Trump,jev-1.13.0
2025,2025-05-13,2,binary_probability,0.54,jev-1.13.0
2025,2025-05-13,2,yes_no_choice,Yes,jev-1.13.0
2025,2025-05-13,2,who_choice,Donald Trump,jev-1.13.0
2025,2024-08-31,2,binary_probability,0.09,jev-1.13.0
2025,2024-08-31,2,yes_no_choice,No,jev-1.13.0
2025,2024-08-31,2,who_choice,Joe Biden,jev-1.13.0
2025,2025-09-07,2,binary_probability,0.44,jev-1.13.0
2025,2025-09-07,2,yes_no_choice,No,jev-1.13.0
2025,2025-09-07,2,who_choice,Donald Trump,jev-1.13.0
2021,2020-05-13,2,binary_probability,0.98,jev-1.13.0
2021,2020-05-13,2,yes_no_choice,Yes,jev-1.13.0
2021,2020-05-13,2,who_choice,Donald Trump,jev-1.13.0
2025,2024-07-14,2,binary_probability,0.11,jev-1.13.0
2025,2024-07-14,2,yes_no_choice,No,jev-1.13.0
2025,2024-07-14,2,who_choice,Joe Biden,jev-1.13.0
2025,2025-08-11,2,binary_probability,0.42,jev-1.13.0
2025,2025-08-11,2,yes_no_choice,No,jev-1.13.0
2025,2025-08-11,2,who_choice,Donald Trump,jev-1.13.0
2021,2020-08-12,2,binary_probability,0.99,jev-1.13.0
2021,2020-08-12,2,yes_no_choice,Yes,jev-1.13.0
2021,2020-08-12,2,who_choice,Donald Trump,jev-1.13.0
2025,2024-07-09,2,binary_probability,0.09,jev-1.13.0
2025,2024-07-09,2,yes_no_choice,No,jev-1.13.0
2025,2024-07-09,2,who_choice,Joe Biden,jev-1.13.0
2021,2020-02-17,2,binary_probability,0.99,jev-1.13.0
2021,2020-02-17,2,yes_no_choice,Yes,jev-1.13.0
2021,2020-02-17,2,who_choice,Donald Trump,jev-1.13.0
2021,2020-08-11,2,binary_probability,0.99,jev-1.13.0
2021,2020-08-11,2,yes_no_choice,Yes,jev-1.13.0
2021,2020-08-11,2,who_choice,Donald Trump,jev-1.13.0
2025,2024-09-09,2,binary_probability,0.08,jev-1.13.0
2025,2024-09-09,2,yes_no_choice,No,jev-1.13.0
2025,2024-09-09,2,who_choice,Joe Biden,jev-1.13.0
2025,2025-10-20,2,binary_probability,0.48,jev-1.13.0
2025,2025-10-20,2,yes_no_choice,Yes,jev-1.13.0
2025,2025-10-20,2,who_choice,Donald Trump,jev-1.13.0
2025,2025-11-30,2,binary_probability,0.55,jev-1.13.0
2025,2025-11-30,2,yes_no_choice,Yes,jev-1.13.0
2025,2025-11-30,2,who_choice,Donald Trump,jev-1.13.0
2025,2025-08-07,2,binary_probability,0.4,jev-1.13.0
2025,2025-08-07,2,yes_no_choice,No,jev-1.13.0
2025,2025-08-07,2,who_choice,Donald Trump,jev-1.13.0
2025,2024-02-21,2,binary_probability,0.07,jev-1.13.0
2025,2024-02-21,2,yes_no_choice,No,jev-1.13.0
2025,2024-02-21,2,who_choice,Joe Biden,jev-1.13.0
2021,2021-06-03,2,binary_probability,0.03,jev-1.13.0
2021,2021-06-03,2,yes_no_choice,No,jev-1.13.0
2021,2021-06-03,2,who_choice,Joe Biden,jev-1.13.0
2025,2024-06-17,2,binary_probability,0.07,jev-1.13.0
2025,2024-06-17,2,yes_no_choice,No,jev-1.13.0
2025,2024-06-17,2,who_choice,Joe Biden,jev-1.13.0
2021,2020-09-07,2,binary_probability,0.98,jev-1.13.0
2021,2020-09-07,2,yes_no_choice,Yes,jev-1.13.0
2021,2020-09-07,2,who_choice,Donald Trump,jev-1.13.0
2025,2024-08-29,2,binary_probability,0.11,jev-1.13.0
2025,2024-08-29,2,yes_no_choice,No,jev-1.13.0
2025,2024-08-29,2,who_choice,Joe Biden,jev-1.13.0
2021,2021-04-19,2,binary_probability,0.03,jev-1.13.0
2021,2021-04-19,2,yes_no_choice,No,jev-1.13.0
2021,2021-04-19,2,who_choice,Joe Biden,jev-1.13.0
2025,2024-02-13,2,binary_probability,0.06,jev-1.13.0
2025,2024-02-13,2,yes_no_choice,No,jev-1.13.0
2025,2024-02-13,2,who_choice,Joe Biden,jev-1.13.0
2025,2024-06-20,2,binary_probability,0.06,jev-1.13.0
2025,2024-06-20,2,yes_no_choice,No,jev-1.13.0
2025,2024-06-20,2,who_choice,Joe Biden,jev-1.13.0
2025,2025-11-21,2,binary_probability,0.51,jev-1.13.0
2025,2025-11-21,2,yes_no_choice,Yes,jev-1.13.0
2025,2025-11-21,2,who_choice,Donald Trump,jev-1.13.0
2021,2021-07-23,2,binary_probability,0.02,jev-1.13.0
2021,2021-07-23,2,yes_no_choice,No,jev-1.13.0
2021,2021-07-23,2,who_choice,Joe Biden,jev-1.13.0
2025,2025-11-29,2,binary_probability,0.57,jev-1.13.0
2025,2025-11-29,2,yes_no_choice,Yes,jev-1.13.0
2025,2025-11-29,2,who_choice,Donald Trump,jev-1.13.0
2025,2024-02-18,2,binary_probability,0.08,jev-1.13.0
2025,2024-02-18,2,yes_no_choice,No,jev-1.13.0
2025,2024-02-18,2,who_choice,Joe Biden,jev-1.13.0
2025,2024-06-14,2,binary_probability,0.06,jev-1.13.0
2025,2024-06-14,2,yes_no_choice,No,jev-1.13.0
2025,2024-06-14,2,who_choice,Joe Biden,jev-1.13.0
2025,2025-06-05,2,binary_probability,0.46,jev-1.13.0
2025,2025-06-05,2,yes_no_choice,No,jev-1.13.0
2025,2025-06-05,2,who_choice,Donald Trump,jev-1.13.0
2021,2020-06-23,2,binary_probability,0.98,jev-1.13.0
2021,2020-06-23,2,yes_no_choice,Yes,jev-1.13.0
2021,2020-06-23,2,who_choice,Donald Trump,jev-1.13.0
2021,2020-04-22,2,binary_probability,0.98,jev-1.13.0
2021,2020-04-22,2,yes_no_choice,Yes,jev-1.13.0
2021,2020-04-22,2,who_choice,Donald Trump,jev-1.13.0
2021,2020-03-16,2,binary_probability,0.99,jev-1.13.0
2021,2020-03-16,2,yes_no_choice,Yes,jev-1.13.0
2021,2020-03-16,2,who_choice,Donald Trump,jev-1.13.0
2025,2024-02-10,2,binary_probability,0.08,jev-1.13.0
2025,2024-02-10,2,yes_no_choice,No,jev-1.13.0
2025,2024-02-10,2,who_choice,Joe Biden,jev-1.13.0
2021,2021-03-31,2,binary_probability,0.03,jev-1.13.0
2021,2021-03-31,2,yes_no_choice,No,jev-1.13.0
2021,2021-03-31,2,who_choice,Joe Biden,jev-1.13.0
2025,2024-03-31,2,binary_probability,0.07,jev-1.13.0
2025,2024-03-31,2,yes_no_choice,No,jev-1.13.0
2025,2024-03-31,2,who_choice,Joe Biden,jev-1.13.0
2025,2024-10-31,2,binary_probability,0.18,jev-1.13.0
2025,2024-10-31,2,yes_no_choice,No,jev-1.13.0
2025,2024-10-31,2,who_choice,Joe Biden,jev-1.13.0
2025,2024-03-24,2,binary_probability,0.07,jev-1.13.0
2025,2024-03-24,2,yes_no_choice,No,jev-1.13.0
2025,2024-03-24,2,who_choice,Joe Biden,jev-1.13.0
2025,2025-06-13,2,binary_probability,0.45,jev-1.13.0
2025,2025-06-13,2,yes_no_choice,Yes,jev-1.13.0
2025,2025-06-13,2,who_choice,Donald Trump,jev-1.13.0
2021,2021-10-01,2,binary_probability,0.03,jev-1.13.0
2021,2021-10-01,2,yes_no_choice,No,jev-1.13.0
2021,2021-10-01,2,who_choice,Joe Biden,jev-1.13.0
2025,2025-05-01,2,binary_probability,0.46,jev-1.13.0
2025,2025-05-01,2,yes_no_choice,No,jev-1.13.0
2025,2025-05-01,2,who_choice,Donald Trump,jev-1.13.0
2025,2024-08-03,2,binary_probability,0.1,jev-1.13.0
2025,2024-08-03,2,yes_no_choice,No,jev-1.13.0
2025,2024-08-03,2,who_choice,Joe Biden,jev-1.13.0
2025,2024-12-11,2,binary_probability,0.28,jev-1.13.0
2025,2024-12-11,2,yes_no_choice,No,jev-1.13.0
2025,2024-12-11,2,who_choice,Donald Trump,jev-1.13.0
2025,2024-02-17,2,binary_probability,0.08,jev-1.13.0
2025,2024-02-17,2,yes_no_choice,No,jev-1.13.0
2025,2024-02-17,2,who_choice,Joe Biden,jev-1.13.0
2021,2021-07-09,2,binary_probability,0.02,jev-1.13.0
2021,2021-07-09,2,yes_no_choice,No,jev-1.13.0
2021,2021-07-09,2,who_choice,Joe Biden,jev-1.13.0
2025,2025-04-22,2,binary_probability,0.46,jev-1.13.0
2025,2025-04-22,2,yes_no_choice,Yes,jev-1.13.0
2025,2025-04-22,2,who_choice,Donald Trump,jev-1.13.0
2025,2025-06-11,2,binary_probability,0.45,jev-1.13.0
2025,2025-06-11,2,yes_no_choice,Yes,jev-1.13.0
2025,2025-06-11,2,who_choice,Donald Trump,jev-1.13.0
2025,2024-11-06,2,binary_probability,0.26,jev-1.13.0
2025,2024-11-06,2,yes_no_choice,No,jev-1.13.0
2025,2024-11-06,2,who_choice,Joe Biden,jev-1.13.0
2021,2020-12-02,2,binary_probability,0.98,jev-1.13.0
2021,2020-12-02,2,yes_no_choice,Yes,jev-1.13.0
2021,2020-12-02,2,who_choice,Donald Trump,jev-1.13.0
2025,2024-11-30,2,binary_probability,0.18,jev-1.13.0
2025,2024-11-30,2,yes_no_choice,No,jev-1.13.0
2025,2024-11-30,2,who_choice,Joe Biden,jev-1.13.0
2025,2024-12-29,2,binary_probability,0.32,jev-1.13.0
2025,2024-12-29,2,yes_no_choice,No,jev-1.13.0
2025,2024-12-29,2,who_choice,Donald Trump,jev-1.13.0
2021,2021-04-24,2,binary_probability,0.03,jev-1.13.0
2021,2021-04-24,2,yes_no_choice,No,jev-1.13.0
2021,2021-04-24,2,who_choice,Joe Biden,jev-1.13.0
2025,2025-05-11,2,binary_probability,0.45,jev-1.13.0
2025,2025-05-11,2,yes_no_choice,No,jev-1.13.0
2025,2025-05-11,2,who_choice,Donald Trump,jev-1.13.0
2025,2025-03-01,2,binary_probability,0.56,jev-1.13.0
2025,2025-03-01,2,yes_no_choice,Yes,jev-1.13.0
2025,2025-03-01,2,who_choice,Donald Trump,jev-1.13.0
2025,2025-02-18,2,binary_probability,0.65,jev-1.13.0
2025,2025-02-18,2,yes_no_choice,Yes,jev-1.13.0
2025,2025-02-18,2,who_choice,Donald Trump,jev-1.13.0
2025,2025-01-14,2,binary_probability,0.59,jev-1.13.0
2025,2025-01-14,2,yes_no_choice,Yes,jev-1.13.0
2025,2025-01-14,2,who_choice,Donald Trump,jev-1.13.0
2021,2020-02-27,2,binary_probability,0.99,jev-1.13.0
2021,2020-02-27,2,yes_no_choice,Yes,jev-1.13.0
2021,2020-02-27,2,who_choice,Donald Trump,jev-1.13.0
2021,2021-07-22,2,binary_probability,0.02,jev-1.13.0
2021,2021-07-22,2,yes_no_choice,No,jev-1.13.0
2021,2021-07-22,2,who_choice,Joe Biden,jev-1.13.0
2025,2025-01-04,2,binary_probability,0.39,jev-1.13.0
2025,2025-01-04,2,yes_no_choice,Yes,jev-1.13.0
2025,2025-01-04,2,who_choice,Donald Trump,jev-1.13.0
2021,2021-10-27,2,binary_probability,0.02,jev-1.13.0
2021,2021-10-27,2,yes_no_choice,No,jev-1.13.0
2021,2021-10-27,2,who_choice,Joe Biden,jev-1.13.0
2025,2025-06-28,2,binary_probability,0.46,jev-1.13.0
2025,2025-06-28,2,yes_no_choice,No,jev-1.13.0
2025,2025-06-28,2,who_choice,Donald Trump,jev-1.13.0
2021,2021-01-07,2,binary_probability,0.97,jev-1.13.0
2021,2021-01-07,2,yes_no_choice,Yes,jev-1.13.0
2021,2021-01-07,2,who_choice,Donald Trump,jev-1.13.0
2021,2020-10-13,2,binary_probability,0.99,jev-1.13.0
2021,2020-10-13,2,yes_no_choice,Yes,jev-1.13.0
2021,2020-10-13,2,who_choice,Donald Trump,jev-1.13.0
2021,2021-12-05,2,binary_probability,0.02,jev-1.13.0
2021,2021-12-05,2,yes_no_choice,No,jev-1.13.0
2021,2021-12-05,2,who_choice,Joe Biden,jev-1.13.0
2021,2021-03-12,2,binary_probability,0.03,jev-1.13.0
2021,2021-03-12,2,yes_no_choice,No,jev-1.13.0
2021,2021-03-12,2,who_choice,Joe Biden,jev-1.13.0
2021,2021-08-02,2,binary_probability,0.02,jev-1.13.0
2021,2021-08-02,2,yes_no_choice,No,jev-1.13.0
2021,2021-08-02,2,who_choice,Joe Biden,jev-1.13.0
2021,2021-08-31,2,binary_probability,0.02,jev-1.13.0
2021,2021-08-31,2,yes_no_choice,No,jev-1.13.0
2021,2021-08-31,2,who_choice,Joe Biden,jev-1.13.0
2025,2025-11-15,2,binary_probability,0.53,jev-1.13.0
2025,2025-11-15,2,yes_no_choice,Yes,jev-1.13.0
2025,2025-11-15,2,who_choice,Donald Trump,jev-1.13.0
2025,2025-11-25,2,binary_probability,0.57,jev-1.13.0
2025,2025-11-25,2,yes_no_choice,Yes,jev-1.13.0
2025,2025-11-25,2,who_choice,Donald Trump,jev-1.13.0
2025,2024-03-28,2,binary_probability,0.08,jev-1.13.0
2025,2024-03-28,2,yes_no_choice,No,jev-1.13.0
2025,2024-03-28,2,who_choice,Joe Biden,jev-1.13.0
2025,2024-10-16,2,binary_probability,0.14,jev-1.13.0
2025,2024-10-16,2,yes_no_choice,No,jev-1.13.0
2025,2024-10-16,2,who_choice,Joe Biden,jev-1.13.0
2025,2025-01-22,2,binary_probability,0.66,jev-1.13.0
2025,2025-01-22,2,yes_no_choice,Yes,jev-1.13.0
2025,2025-01-22,2,who_choice,Donald Trump,jev-1.13.0
2025,2024-08-23,2,binary_probability,0.06,jev-1.13.0
2025,2024-08-23,2,yes_no_choice,No,jev-1.13.0
2025,2024-08-23,2,who_choice,Joe Biden,jev-1.13.0
2025,2024-08-30,2,binary_probability,0.1,jev-1.13.0
2025,2024-08-30,2,yes_no_choice,No,jev-1.13.0
2025,2024-08-30,2,who_choice,Joe Biden,jev-1.13.0
2021,2021-09-16,2,binary_probability,0.02,jev-1.13.0
2021,2021-09-16,2,yes_no_choice,No,jev-1.13.0
2021,2021-09-16,2,who_choice,Joe Biden,jev-1.13.0
2025,2025-07-25,2,binary_probability,0.45,jev-1.13.0
2025,2025-07-25,2,yes_no_choice,Yes,jev-1.13.0
2025,2025-07-25,2,who_choice,Donald Trump,jev-1.13.0
2025,2024-04-27,2,binary_probability,0.04,jev-1.13.0
2025,2024-04-27,2,yes_no_choice,No,jev-1.13.0
2025,2024-04-27,2,who_choice,Joe Biden,jev-1.13.0
2025,2024-05-11,2,binary_probability,0.06,jev-1.13.0
2025,2024-05-11,2,yes_no_choice,No,jev-1.13.0
2025,2024-05-11,2,who_choice,Joe Biden,jev-1.13.0
2025,2025-08-22,2,binary_probability,0.42,jev-1.13.0
2025,2025-08-22,2,yes_no_choice,Yes,jev-1.13.0
2025,2025-08-22,2,who_choice,Donald Trump,jev-1.13.0
2025,2025-11-03,2,binary_probability,0.53,jev-1.13.0
2025,2025-11-03,2,yes_no_choice,Yes,jev-1.13.0
2025,2025-11-03,2,who_choice,Donald Trump,jev-1.13.0
2021,2021-03-23,2,binary_probability,0.02,jev-1.13.0
2021,2021-03-23,2,yes_no_choice,No,jev-1.13.0
2021,2021-03-23,2,who_choice,Joe Biden,jev-1.13.0
2025,2025-03-06,2,binary_probability,0.64,jev-1.13.0
2025,2025-03-06,2,yes_no_choice,Yes,jev-1.13.0
2025,2025-03-06,2,who_choice,Donald Trump,jev-1.13.0
2025,2025-04-06,2,binary_probability,0.52,jev-1.13.0
2025,2025-04-06,2,yes_no_choice,Yes,jev-1.13.0
2025,2025-04-06,2,who_choice,Donald Trump,jev-1.13.0
2025,2025-04-30,2,binary_probability,0.49,jev-1.13.0
2025,2025-04-30,2,yes_no_choice,No,jev-1.13.0
2025,2025-04-30,2,who_choice,Donald Trump,jev-1.13.0
2025,2025-10-08,2,binary_probability,0.44,jev-1.13.0
2025,2025-10-08,2,yes_no_choice,Yes,jev-1.13.0
2025,2025-10-08,2,who_choice,Donald Trump,jev-1.13.0
2025,2024-08-08,2,binary_probability,0.1,jev-1.13.0
2025,2024-08-08,2,yes_no_choice,No,jev-1.13.0
2025,2024-08-08,2,who_choice,Joe Biden,jev-1.13.0
2021,2021-11-06,2,binary_probability,0.02,jev-1.13.0
2021,2021-11-06,2,yes_no_choice,No,jev-1.13.0
2021,2021-11-06,2,who_choice,Joe Biden,jev-1.13.0
2021,2020-09-20,2,binary_probability,0.99,jev-1.13.0
2021,2020-09-20,2,yes_no_choice,Yes,jev-1.13.0
2021,2020-09-20,2,who_choice,Donald Trump,jev-1.13.0
2025,2024-03-20,2,binary_probability,0.11,jev-1.13.0
2025,2024-03-20,2,yes_no_choice,No,jev-1.13.0
2025,2024-03-20,2,who_choice,Joe Biden,jev-1.13.0
2021,2021-09-01,2,binary_probability,0.01,jev-1.13.0
2021,2021-09-01,2,yes_no_choice,No,jev-1.13.0
2021,2021-09-01,2,who_choice,Joe Biden,jev-1.13.0
2021,2020-05-16,2,binary_probability,0.98,jev-1.13.0
2021,2020-05-16,2,yes_no_choice,Yes,jev-1.13.0
2021,2020-05-16,2,who_choice,Donald Trump,jev-1.13.0
2025,2024-10-11,2,binary_probability,0.1,jev-1.13.0
2025,2024-10-11,2,yes_no_choice,No,jev-1.13.0
2025,2024-10-11,2,who_choice,Joe Biden,jev-1.13.0
2021,2020-07-22,2,binary_probability,0.99,jev-1.13.0
2021,2020-07-22,2,yes_no_choice,Yes,jev-1.13.0
2021,2020-07-22,2,who_choice,Donald Trump,jev-1.13.0
2021,2020-08-27,2,binary_probability,0.98,jev-1.13.0
2021,2020-08-27,2,yes_no_choice,Yes,jev-1.13.0
2021,2020-08-27,2,who_choice,Donald Trump,jev-1.13.0
2021,2021-04-27,2,binary_probability,0.03,jev-1.13.0
2021,2021-04-27,2,yes_no_choice,No,jev-1.13.0
2021,2021-04-27,2,who_choice,Joe Biden,jev-1.13.0
2021,2021-01-10,2,binary_probability,0.97,jev-1.13.0
2021,2021-01-10,2,yes_no_choice,Yes,jev-1.13.0
2021,2021-01-10,2,who_choice,Donald Trump,jev-1.13.0
2025,2025-04-21,2,binary_probability,0.52,jev-1.13.0
2025,2025-04-21,2,yes_no_choice,Yes,jev-1.13.0
2025,2025-04-21,2,who_choice,Donald Trump,jev-1.13.0
2025,2024-05-30,2,binary_probability,0.09,jev-1.13.0
2025,2024-05-30,2,yes_no_choice,No,jev-1.13.0
2025,2024-05-30,2,who_choice,Joe Biden,jev-1.13.0
2025,2025-12-21,2,binary_probability,0.55,jev-1.13.0
2025,2025-12-21,2,yes_no_choice,Yes,jev-1.13.0
2025,2025-12-21,2,who_choice,Donald Trump,jev-1.13.0
2025,2025-07-15,2,binary_probability,0.44,jev-1.13.0
2025,2025-07-15,2,yes_no_choice,No,jev-1.13.0
2025,2025-07-15,2,who_choice,Donald Trump,jev-1.13.0
2025,2024-02-12,2,binary_probability,0.08,jev-1.13.0
2025,2024-02-12,2,yes_no_choice,No,jev-1.13.0
2025,2024-02-12,2,who_choice,Joe Biden,jev-1.13.0
2025,2024-07-06,2,binary_probability,0.11,jev-1.13.0
2025,2024-07-06,2,yes_no_choice,No,jev-1.13.0
2025,2024-07-06,2,who_choice,Joe Biden,jev-1.13.0
2021,2020-12-16,2,binary_probability,0.96,jev-1.13.0
2021,2020-12-16,2,yes_no_choice,Yes,jev-1.13.0
2021,2020-12-16,2,who_choice,Donald Trump,jev-1.13.0
2025,2025-05-09,2,binary_probability,0.54,jev-1.13.0
2025,2025-05-09,2,yes_no_choice,Yes,jev-1.13.0
2025,2025-05-09,2,who_choice,Donald Trump,jev-1.13.0
2025,2024-03-01,2,binary_probability,0.12,jev-1.13.0
2025,2024-03-01,2,yes_no_choice,No,jev-1.13.0
2025,2024-03-01,2,who_choice,Joe Biden,jev-1.13.0
2021,2020-10-25,2,binary_probability,0.98,jev-1.13.0
2021,2020-10-25,2,yes_no_choice,Yes,jev-1.13.0
2021,2020-10-25,2,who_choice,Donald Trump,jev-1.13.0
2025,2024-08-01,2,binary_probability,0.15,jev-1.13.0
2025,2024-08-01,2,yes_no_choice,No,jev-1.13.0
2025,2024-08-01,2,who_choice,Joe Biden,jev-1.13.0
2025,2025-07-21,2,binary_probability,0.42,jev-1.13.0
2025,2025-07-21,2,yes_no_choice,Yes,jev-1.13.0
2025,2025-07-21,2,who_choice,Donald Trump,jev-1.13.0
2025,2024-02-19,2,binary_probability,0.09,jev-1.13.0
2025,2024-02-19,2,yes_no_choice,No,jev-1.13.0
2025,2024-02-19,2,who_choice,Joe Biden,jev-1.13.0
2021,2021-05-24,2,binary_probability,0.03,jev-1.13.0
2021,2021-05-24,2,yes_no_choice,No,jev-1.13.0
2021,2021-05-24,2,who_choice,Joe Biden,jev-1.13.0
2025,2025-01-20,2,binary_probability,0.62,jev-1.13.0
2025,2025-01-20,2,yes_no_choice,Yes,jev-1.13.0
2025,2025-01-20,2,who_choice,Donald Trump,jev-1.13.0
2021,2021-05-30,2,binary_probability,0.03,jev-1.13.0
2021,2021-05-30,2,yes_no_choice,No,jev-1.13.0
2021,2021-05-30,2,who_choice,Joe Biden,jev-1.13.0
2021,2021-11-28,2,binary_probability,0.02,jev-1.13.0
2021,2021-11-28,2,yes_no_choice,No,jev-1.13.0
2021,2021-11-28,2,who_choice,Joe Biden,jev-1.13.0
2021,2020-11-27,2,binary_probability,0.97,jev-1.13.0
2021,2020-11-27,2,yes_no_choice,Yes,jev-1.13.0
2021,2020-11-27,2,who_choice,Donald Trump,jev-1.13.0
2025,2024-11-25,2,binary_probability,0.17,jev-1.13.0
2025,2024-11-25,2,yes_no_choice,No,jev-1.13.0
2025,2024-11-25,2,who_choice,Joe Biden,jev-1.13.0
2021,2020-07-08,2,binary_probability,0.99,jev-1.13.0
2021,2020-07-08,2,yes_no_choice,Yes,jev-1.13.0
2021,2020-07-08,2,who_choice,Donald Trump,jev-1.13.0
2025,2025-11-08,2,binary_probability,0.56,jev-1.13.0
2025,2025-11-08,2,yes_no_choice,Yes,jev-1.13.0
2025,2025-11-08,2,who_choice,Donald Trump,jev-1.13.0
2025,2025-03-26,2,binary_probability,0.59,jev-1.13.0
2025,2025-03-26,2,yes_no_choice,Yes,jev-1.13.0
2025,2025-03-26,2,who_choice,Donald Trump,jev-1.13.0
2025,2025-02-10,2,binary_probability,0.67,jev-1.13.0
2025,2025-02-10,2,yes_no_choice,Yes,jev-1.13.0
2025,2025-02-10,2,who_choice,Donald Trump,jev-1.13.0
2021,2020-05-31,2,binary_probability,0.99,jev-1.13.0
2021,2020-05-31,2,yes_no_choice,Yes,jev-1.13.0
2021,2020-05-31,2,who_choice,Donald Trump,jev-1.13.0
2025,2024-06-16,2,binary_probability,0.08,jev-1.13.0
2025,2024-06-16,2,yes_no_choice,No,jev-1.13.0
2025,2024-06-16,2,who_choice,Joe Biden,jev-1.13.0
2025,2025-07-23,2,binary_probability,0.43,jev-1.13.0
2025,2025-07-23,2,yes_no_choice,Yes,jev-1.13.0
2025,2025-07-23,2,who_choice,Donald Trump,jev-1.13.0
2021,2020-06-16,2,binary_probability,0.99,jev-1.13.0
2021,2020-06-16,2,yes_no_choice,Yes,jev-1.13.0
2021,2020-06-16,2,who_choice,Donald Trump,jev-1.13.0
2025,2025-04-03,2,binary_probability,0.54,jev-1.13.0
2025,2025-04-03,2,yes_no_choice,Yes,jev-1.13.0
2025,2025-04-03,2,who_choice,Donald Trump,jev-1.13.0
2025,2024-01-23,2,binary_probability,0.13,jev-1.13.0
2025,2024-01-23,2,yes_no_choice,No,jev-1.13.0
2025,2024-01-23,2,who_choice,Joe Biden,jev-1.13.0
2021,2021-01-21,2,binary_probability,0.41,jev-1.13.0
2021,2021-01-21,2,yes_no_choice,No,jev-1.13.0
2021,2021-01-21,2,who_choice,Joe Biden,jev-1.13.0
2021,2020-04-11,2,binary_probability,0.98,jev-1.13.0
2021,2020-04-11,2,yes_no_choice,Yes,jev-1.13.0
2021,2020-04-11,2,who_choice,Donald Trump,jev-1.13.0
2025,2025-11-17,2,binary_probability,0.51,jev-1.13.0
2025,2025-11-17,2,yes_no_choice,Yes,jev-1.13.0
2025,2025-11-17,2,who_choice,Donald Trump,jev-1.13.0
2021,2021-10-20,2,binary_probability,0.02,jev-1.13.0
2021,2021-10-20,2,yes_no_choice,No,jev-1.13.0
2021,2021-10-20,2,who_choice,Joe Biden,jev-1.13.0
2021,2021-08-25,2,binary_probability,0.02,jev-1.13.0
2021,2021-08-25,2,yes_no_choice,No,jev-1.13.0
2021,2021-08-25,2,who_choice,Joe Biden,jev-1.13.0
2021,2021-11-04,2,binary_probability,0.03,jev-1.13.0
2021,2021-11-04,2,yes_no_choice,No,jev-1.13.0
2021,2021-11-04,2,who_choice,Joe Biden,jev-1.13.0
2025,2024-06-09,2,binary_probability,0.09,jev-1.13.0
2025,2024-06-09,2,yes_no_choice,No,jev-1.13.0
2025,2024-06-09,2,who_choice,Joe Biden,jev-1.13.0
2021,2020-12-24,2,binary_probability,0.97,jev-1.13.0
2021,2020-12-24,2,yes_no_choice,Yes,jev-1.13.0
2021,2020-12-24,2,who_choice,Donald Trump,jev-1.13.0
2021,2020-05-27,2,binary_probability,0.99,jev-1.13.0
2021,2020-05-27,2,yes_no_choice,Yes,jev-1.13.0
2021,2020-05-27,2,who_choice,Donald Trump,jev-1.13.0
2021,2021-11-12,2,binary_probability,0.02,jev-1.13.0
2021,2021-11-12,2,yes_no_choice,No,jev-1.13.0
2021,2021-11-12,2,who_choice,Joe Biden,jev-1.13.0
2025,2024-03-17,2,binary_probability,0.09,jev-1.13.0
2025,2024-03-17,2,yes_no_choice,No,jev-1.13.0
2025,2024-03-17,2,who_choice,Joe Biden,jev-1.13.0
2025,2025-03-17,2,binary_probability,0.5,jev-1.13.0
2025,2025-03-17,2,yes_no_choice,Yes,jev-1.13.0
2025,2025-03-17,2,who_choice,Donald Trump,jev-1.13.0
2021,2021-06-29,2,binary_probability,0.02,jev-1.13.0
2021,2021-06-29,2,yes_no_choice,No,jev-1.13.0
2021,2021-06-29,2,who_choice,Joe Biden,jev-1.13.0
2021,2020-05-05,2,binary_probability,0.98,jev-1.13.0
2021,2020-05-05,2,yes_no_choice,Yes,jev-1.13.0
2021,2020-05-05,2,who_choice,Donald Trump,jev-1.13.0
2021,2020-07-13,2,binary_probability,0.98,jev-1.13.0
2021,2020-07-13,2,yes_no_choice,Yes,jev-1.13.0
2021,2020-07-13,2,who_choice,Donald Trump,jev-1.13.0
2021,2021-08-04,2,binary_probability,0.02,jev-1.13.0
2021,2021-08-04,2,yes_no_choice,No,jev-1.13.0
2021,2021-08-04,2,who_choice,Joe Biden,jev-1.13.0
2021,2020-11-02,2,binary_probability,0.98,jev-1.13.0
2021,2020-11-02,2,yes_no_choice,Yes,jev-1.13.0
2021,2020-11-02,2,who_choice,Donald Trump,jev-1.13.0
2025,2024-06-15,2,binary_probability,0.05,jev-1.13.0
2025,2024-06-15,2,yes_no_choice,No,jev-1.13.0
2025,2024-06-15,2,who_choice,Joe Biden,jev-1.13.0
2021,2020-03-06,2,binary_probability,0.99,jev-1.13.0
2021,2020-03-06,2,yes_no_choice,Yes,jev-1.13.0
2021,2020-03-06,2,who_choice,Donald Trump,jev-1.13.0
2025,2024-10-02,2,binary_probability,0.11,jev-1.13.0
2025,2024-10-02,2,yes_no_choice,No,jev-1.13.0
2025,2024-10-02,2,who_choice,Joe Biden,jev-1.13.0
2025,2026-01-03,2,binary_probability,0.44,jev-1.13.0
2025,2026-01-03,2,yes_no_choice,Yes,jev-1.13.0
2025,2026-01-03,2,who_choice,Donald Trump,jev-1.13.0
2021,2021-09-30,2,binary_probability,0.01,jev-1.13.0
2021,2021-09-30,2,yes_no_choice,No,jev-1.13.0
2021,2021-09-30,2,who_choice,Joe Biden,jev-1.13.0
2025,2024-12-24,2,binary_probability,0.23,jev-1.13.0
2025,2024-12-24,2,yes_no_choice,No,jev-1.13.0
2025,2024-12-24,2,who_choice,Donald Trump,jev-1.13.0
2025,2025-06-03,2,binary_probability,0.48,jev-1.13.0
2025,2025-06-03,2,yes_no_choice,No,jev-1.13.0
2025,2025-06-03,2,who_choice,Donald Trump,jev-1.13.0
2025,2024-10-03,2,binary_probability,0.11,jev-1.13.0
2025,2024-10-03,2,yes_no_choice,No,jev-1.13.0
2025,2024-10-03,2,who_choice,Joe Biden,jev-1.13.0
2025,2024-12-26,2,binary_probability,0.25,jev-1.13.0
2025,2024-12-26,2,yes_no_choice,No,jev-1.13.0
2025,2024-12-26,2,who_choice,Donald Trump,jev-1.13.0
2021,2022-01-15,2,binary_probability,0.08,jev-1.13.0
2021,2022-01-15,2,yes_no_choice,No,jev-1.13.0
2021,2022-01-15,2,who_choice,Joe Biden,jev-1.13.0
2021,2020-04-05,2,binary_probability,0.98,jev-1.13.0
2021,2020-04-05,2,yes_no_choice,Yes,jev-1.13.0
2021,2020-04-05,2,who_choice,Donald Trump,jev-1.13.0
2021,2020-01-27,2,binary_probability,0.98,jev-1.13.0
2021,2020-01-27,2,yes_no_choice,Yes,jev-1.13.0
2021,2020-01-27,2,who_choice,Donald Trump,jev-1.13.0
2025,2024-05-29,2,binary_probability,0.07,jev-1.13.0
2025,2024-05-29,2,yes_no_choice,No,jev-1.13.0
2025,2024-05-29,2,who_choice,Joe Biden,jev-1.13.0
2021,2021-06-18,2,binary_probability,0.02,jev-1.13.0
2021,2021-06-18,2,yes_no_choice,No,jev-1.13.0
2021,2021-06-18,2,who_choice,Joe Biden,jev-1.13.0
2025,2024-04-29,2,binary_probability,0.07,jev-1.13.0
2025,2024-04-29,2,yes_no_choice,No,jev-1.13.0
2025,2024-04-29,2,who_choice,Joe Biden,jev-1.13.0
2021,2020-08-05,2,binary_probability,0.98,jev-1.13.0
2021,2020-08-05,2,yes_no_choice,Yes,jev-1.13.0
2021,2020-08-05,2,who_choice,Donald Trump,jev-1.13.0
2021,2021-07-15,2,binary_probability,0.02,jev-1.13.0
2021,2021-07-15,2,yes_no_choice,No,jev-1.13.0
2021,2021-07-15,2,who_choice,Joe Biden,jev-1.13.0
2021,2021-01-30,2,binary_probability,0.19,jev-1.13.0
2021,2021-01-30,2,yes_no_choice,No,jev-1.13.0
2021,2021-01-30,2,who_choice,Joe Biden,jev-1.13.0
2021,2021-07-28,2,binary_probability,0.02,jev-1.13.0
2021,2021-07-28,2,yes_no_choice,No,jev-1.13.0
2021,2021-07-28,2,who_choice,Joe Biden,jev-1.13.0
2025,2024-09-15,2,binary_probability,0.06,jev-1.13.0
2025,2024-09-15,2,yes_no_choice,No,jev-1.13.0
2025,2024-09-15,2,who_choice,Joe Biden,jev-1.13.0
2021,2020-11-23,2,binary_probability,0.97,jev-1.13.0
2021,2020-11-23,2,yes_no_choice,Yes,jev-1.13.0
2021,2020-11-23,2,who_choice,Donald Trump,jev-1.13.0
2021,2021-09-04,2,binary_probability,0.02,jev-1.13.0
2021,2021-09-04,2,yes_no_choice,No,jev-1.13.0
2021,2021-09-04,2,who_choice,Joe Biden,jev-1.13.0
2025,2025-02-08,2,binary_probability,0.69,jev-1.13.0
2025,2025-02-08,2,yes_no_choice,Yes,jev-1.13.0
2025,2025-02-08,2,who_choice,Donald Trump,jev-1.13.0
2021,2020-10-26,2,binary_probability,0.98,jev-1.13.0
2021,2020-10-26,2,yes_no_choice,Yes,jev-1.13.0
2021,2020-10-26,2,who_choice,Donald Trump,jev-1.13.0
2021,2020-12-25,2,binary_probability,0.97,jev-1.13.0
2021,2020-12-25,2,yes_no_choice,Yes,jev-1.13.0
2021,2020-12-25,2,who_choice,Donald Trump,jev-1.13.0
2021,2021-02-18,2,binary_probability,0.03,jev-1.13.0
2021,2021-02-18,2,yes_no_choice,No,jev-1.13.0
2021,2021-02-18,2,who_choice,Joe Biden,jev-1.13.0
2025,2025-08-28,2,binary_probability,0.4,jev-1.13.0
2025,2025-08-28,2,yes_no_choice,Yes,jev-1.13.0
2025,2025-08-28,2,who_choice,Donald Trump,jev-1.13.0
2021,2020-01-30,2,binary_probability,0.98,jev-1.13.0
2021,2020-01-30,2,yes_no_choice,Yes,jev-1.13.0
2021,2020-01-30,2,who_choice,Donald Trump,jev-1.13.0
2025,2025-10-28,2,binary_probability,0.49,jev-1.13.0
2025,2025-10-28,2,yes_no_choice,Yes,jev-1.13.0
2025,2025-10-28,2,who_choice,Donald Trump,jev-1.13.0
2025,2024-08-04,2,binary_probability,0.1,jev-1.13.0
2025,2024-08-04,2,yes_no_choice,No,jev-1.13.0
2025,2024-08-04,2,who_choice,Joe Biden,jev-1.13.0
2025,2024-10-14,2,binary_probability,0.12,jev-1.13.0
2025,2024-10-14,2,yes_no_choice,No,jev-1.13.0
2025,2024-10-14,2,who_choice,Joe Biden,jev-1.13.0
2025,2025-07-26,2,binary_probability,0.47,jev-1.13.0
2025,2025-07-26,2,yes_no_choice,Yes,jev-1.13.0
2025,2025-07-26,2,who_choice,Donald Trump,jev-1.13.0
2021,2021-10-06,2,binary_probability,0.03,jev-1.13.0
2021,2021-10-06,2,yes_no_choice,No,jev-1.13.0
2021,2021-10-06,2,who_choice,Joe Biden,jev-1.13.0
2025,2025-09-17,2,binary_probability,0.4,jev-1.13.0
2025,2025-09-17,2,yes_no_choice,No,jev-1.13.0
2025,2025-09-17,2,who_choice,Donald Trump,jev-1.13.0
2021,2021-10-13,2,binary_probability,0.02,jev-1.13.0
2021,2021-10-13,2,yes_no_choice,No,jev-1.13.0
2021,2021-10-13,2,who_choice,Joe Biden,jev-1.13.0
2025,2025-04-04,2,binary_probability,0.54,jev-1.13.0
2025,2025-04-04,2,yes_no_choice,Yes,jev-1.13.0
2025,2025-04-04,2,who_choice,Donald Trump,jev-1.13.0
2021,2020-12-05,2,binary_probability,0.98,jev-1.13.0
2021,2020-12-05,2,yes_no_choice,Yes,jev-1.13.0
2021,2020-12-05,2,who_choice,Donald Trump,jev-1.13.0
2025,2024-07-31,2,binary_probability,0.12,jev-1.13.0
2025,2024-07-31,2,yes_no_choice,No,jev-1.13.0
2025,2024-07-31,2,who_choice,Joe Biden,jev-1.13.0
2025,2024-11-05,2,binary_probability,0.23,jev-1.13.0
2025,2024-11-05,2,yes_no_choice,No,jev-1.13.0
2025,2024-11-05,2,who_choice,Joe Biden,jev-1.13.0
2021,2021-12-27,2,binary_probability,0.02,jev-1.13.0
2021,2021-12-27,2,yes_no_choice,No,jev-1.13.0
2021,2021-12-27,2,who_choice,Joe Biden,jev-1.13.0
2021,2021-06-06,2,binary_probability,0.03,jev-1.13.0
2021,2021-06-06,2,yes_no_choice,No,jev-1.13.0
2021,2021-06-06,2,who_choice,Joe Biden,jev-1.13.0
2025,2025-04-24,2,binary_probability,0.52,jev-1.13.0
2025,2025-04-24,2,yes_no_choice,Yes,jev-1.13.0
2025,2025-04-24,2,who_choice,Donald Trump,jev-1.13.0
2025,2025-12-13,2,binary_probability,0.55,jev-1.13.0
2025,2025-12-13,2,yes_no_choice,Yes,jev-1.13.0
2025,2025-12-13,2,who_choice,Donald Trump,jev-1.13.0
2021,2020-12-26,2,binary_probability,0.96,jev-1.13.0
2021,2020-12-26,2,yes_no_choice,Yes,jev-1.13.0
2021,2020-12-26,2,who_choice,Donald Trump,jev-1.13.0
2025,2024-05-16,2,binary_probability,0.05,jev-1.13.0
2025,2024-05-16,2,yes_no_choice,No,jev-1.13.0
2025,2024-05-16,2,who_choice,Joe Biden,jev-1.13.0
2021,2020-08-23,2,binary_probability,0.98,jev-1.13.0
2021,2020-08-23,2,yes_no_choice,Yes,jev-1.13.0
2021,2020-08-23,2,who_choice,Donald Trump,jev-1.13.0
2025,2025-09-25,2,binary_probability,0.43,jev-1.13.0
2025,2025-09-25,2,yes_no_choice,No,jev-1.13.0
2025,2025-09-25,2,who_choice,Donald Trump,jev-1.13.0
2021,2020-02-04,2,binary_probability,0.99,jev-1.13.0
2021,2020-02-04,2,yes_no_choice,Yes,jev-1.13.0
2021,2020-02-04,2,who_choice,Donald Trump,jev-1.13.0
2025,2025-02-09,2,binary_probability,0.63,jev-1.13.0
2025,2025-02-09,2,yes_no_choice,Yes,jev-1.13.0
2025,2025-02-09,2,who_choice,Donald Trump,jev-1.13.0
2025,2024-09-18,2,binary_probability,0.07,jev-1.13.0
2025,2024-09-18,2,yes_no_choice,No,jev-1.13.0
2025,2024-09-18,2,who_choice,Joe Biden,jev-1.13.0
2021,2021-11-03,2,binary_probability,0.02,jev-1.13.0
2021,2021-11-03,2,yes_no_choice,No,jev-1.13.0
2021,2021-11-03,2,who_choice,Joe Biden,jev-1.13.0
2025,2025-03-04,2,binary_probability,0.59,jev-1.13.0
2025,2025-03-04,2,yes_no_choice,Yes,jev-1.13.0
2025,2025-03-04,2,who_choice,Donald Trump,jev-1.13.0
2025,2025-02-17,2,binary_probability,0.69,jev-1.13.0
2025,2025-02-17,2,yes_no_choice,Yes,jev-1.13.0
2025,2025-02-17,2,who_choice,Donald Trump,jev-1.13.0
2025,2025-04-29,2,binary_probability,0.48,jev-1.13.0
2025,2025-04-29,2,yes_no_choice,No,jev-1.13.0
2025,2025-04-29,2,who_choice,Donald Trump,jev-1.13.0
2025,2024-12-20,2,binary_probability,0.24,jev-1.13.0
2025,2024-12-20,2,yes_no_choice,No,jev-1.13.0
2025,2024-12-20,2,who_choice,Donald Trump,jev-1.13.0
2025,2025-01-29,2,binary_probability,0.54,jev-1.13.0
2025,2025-01-29,2,yes_no_choice,Yes,jev-1.13.0
2025,2025-01-29,2,who_choice,Donald Trump,jev-1.13.0
2025,2024-11-15,2,binary_probability,0.24,jev-1.13.0
2025,2024-11-15,2,yes_no_choice,No,jev-1.13.0
2025,2024-11-15,2,who_choice,Donald Trump,jev-1.13.0
2025,2025-04-11,2,binary_probability,0.5,jev-1.13.0
2025,2025-04-11,2,yes_no_choice,Yes,jev-1.13.0
2025,2025-04-11,2,who_choice,Donald Trump,jev-1.13.0
2021,2021-08-06,2,binary_probability,0.02,jev-1.13.0
2021,2021-08-06,2,yes_no_choice,No,jev-1.13.0
2021,2021-08-06,2,who_choice,Joe Biden,jev-1.13.0
2025,2024-06-21,2,binary_probability,0.05,jev-1.13.0
2025,2024-06-21,2,yes_no_choice,No,jev-1.13.0
2025,2024-06-21,2,who_choice,Joe Biden,jev-1.13.0
2021,2020-07-26,2,binary_probability,0.98,jev-1.13.0
2021,2020-07-26,2,yes_no_choice,Yes,jev-1.13.0
2021,2020-07-26,2,who_choice,Donald Trump,jev-1.13.0
2025,2025-06-14,2,binary_probability,0.48,jev-1.13.0
2025,2025-06-14,2,yes_no_choice,Yes,jev-1.13.0
2025,2025-06-14,2,who_choice,Donald Trump,jev-1.13.0
2021,2020-05-10,2,binary_probability,0.99,jev-1.13.0
2021,2020-05-10,2,yes_no_choice,Yes,jev-1.13.0
2021,2020-05-10,2,who_choice,Donald Trump,jev-1.13.0
2025,2025-02-03,2,binary_probability,0.65,jev-1.13.0
2025,2025-02-03,2,yes_no_choice,Yes,jev-1.13.0
2025,2025-02-03,2,who_choice,Donald Trump,jev-1.13.0
2021,2021-02-19,2,binary_probability,0.06,jev-1.13.0
2021,2021-02-19,2,yes_no_choice,No,jev-1.13.0
2021,2021-02-19,2,who_choice,Joe Biden,jev-1.13.0
2021,2021-06-20,2,binary_probability,0.02,jev-1.13.0
2021,2021-06-20,2,yes_no_choice,No,jev-1.13.0
2021,2021-06-20,2,who_choice,Joe Biden,jev-1.13.0
2021,2021-01-27,2,binary_probability,0.35,jev-1.13.0
2021,2021-01-27,2,yes_no_choice,No,jev-1.13.0
2021,2021-01-27,2,who_choice,Joe Biden,jev-1.13.0
2021,2021-12-04,2,binary_probability,0.02,jev-1.13.0
2021,2021-12-04,2,yes_no_choice,No,jev-1.13.0
2021,2021-12-04,2,who_choice,Joe Biden,jev-1.13.0
2025,2025-03-15,2,binary_probability,0.49,jev-1.13.0
2025,2025-03-15,2,yes_no_choice,Yes,jev-1.13.0
2025,2025-03-15,2,who_choice,Donald Trump,jev-1.13.0
2021,2021-01-19,2,binary_probability,0.95,jev-1.13.0
2021,2021-01-19,2,yes_no_choice,Yes,jev-1.13.0
2021,2021-01-19,2,who_choice,Donald Trump,jev-1.13.0
2021,2021-02-25,2,binary_probability,0.05,jev-1.13.0
2021,2021-02-25,2,yes_no_choice,No,jev-1.13.0
2021,2021-02-25,2,who_choice,Joe Biden,jev-1.13.0
2021,2021-12-08,2,binary_probability,0.02,jev-1.13.0
2021,2021-12-08,2,yes_no_choice,No,jev-1.13.0
2021,2021-12-08,2,who_choice,Joe Biden,jev-1.13.0
2025,2025-10-04,2,binary_probability,0.41,jev-1.13.0
2025,2025-10-04,2,yes_no_choice,No,jev-1.13.0
2025,2025-10-04,2,who_choice,Donald Trump,jev-1.13.0
2021,2021-06-19,2,binary_probability,0.02,jev-1.13.0
2021,2021-06-19,2,yes_no_choice,No,jev-1.13.0
2021,2021-06-19,2,who_choice,Joe Biden,jev-1.13.0
2021,2020-09-02,2,binary_probability,0.98,jev-1.13.0
2021,2020-09-02,2,yes_no_choice,Yes,jev-1.13.0
2021,2020-09-02,2,who_choice,Donald Trump,jev-1.13.0
2021,2020-03-22,2,binary_probability,0.98,jev-1.13.0
2021,2020-03-22,2,yes_no_choice,Yes,jev-1.13.0
2021,2020-03-22,2,who_choice,Donald Trump,jev-1.13.0
2025,2024-08-26,2,binary_probability,0.11,jev-1.13.0
2025,2024-08-26,2,yes_no_choice,No,jev-1.13.0
2025,2024-08-26,2,who_choice,Joe Biden,jev-1.13.0
2025,2025-03-08,2,binary_probability,0.58,jev-1.13.0
2025,2025-03-08,2,yes_no_choice,Yes,jev-1.13.0
2025,2025-03-08,2,who_choice,Donald Trump,jev-1.13.0
2021,2021-08-21,2,binary_probability,0.02,jev-1.13.0
2021,2021-08-21,2,yes_no_choice,No,jev-1.13.0
2021,2021-08-21,2,who_choice,Joe Biden,jev-1.13.0
2025,2025-01-31,2,binary_probability,0.48,jev-1.13.0
2025,2025-01-31,2,yes_no_choice,Yes,jev-1.13.0
2025,2025-01-31,2,who_choice,Donald Trump,jev-1.13.0
2025,2024-12-30,2,binary_probability,0.3,jev-1.13.0
2025,2024-12-30,2,yes_no_choice,No,jev-1.13.0
2025,2024-12-30,2,who_choice,Donald Trump,jev-1.13.0
2025,2024-08-13,2,binary_probability,0.07,jev-1.13.0
2025,2024-08-13,2,yes_no_choice,No,jev-1.13.0
2025,2024-08-13,2,who_choice,Joe Biden,jev-1.13.0
2021,2020-09-30,2,binary_probability,0.98,jev-1.13.0
2021,2020-09-30,2,yes_no_choice,Yes,jev-1.13.0
2021,2020-09-30,2,who_choice,Donald Trump,jev-1.13.0
2021,2020-05-06,2,binary_probability,0.99,jev-1.13.0
2021,2020-05-06,2,yes_no_choice,Yes,jev-1.13.0
2021,2020-05-06,2,who_choice,Donald Trump,jev-1.13.0
2021,2021-11-08,2,binary_probability,0.02,jev-1.13.0
2021,2021-11-08,2,yes_no_choice,No,jev-1.13.0
2021,2021-11-08,2,who_choice,Joe Biden,jev-1.13.0
2021,2020-11-14,2,binary_probability,0.96,jev-1.13.0
2021,2020-11-14,2,yes_no_choice,Yes,jev-1.13.0
2021,2020-11-14,2,who_choice,Donald Trump,jev-1.13.0
2025,2025-10-14,2,binary_probability,0.48,jev-1.13.0
2025,2025-10-14,2,yes_no_choice,Yes,jev-1.13.0
2025,2025-10-14,2,who_choice,Donald Trump,jev-1.13.0
2025,2025-05-05,2,binary_probability,0.47,jev-1.13.0
2025,2025-05-05,2,yes_no_choice,Yes,jev-1.13.0
2025,2025-05-05,2,who_choice,Donald Trump,jev-1.13.0
2025,2024-12-03,2,binary_probability,0.3,jev-1.13.0
2025,2024-12-03,2,yes_no_choice,No,jev-1.13.0
2025,2024-12-03,2,who_choice,Donald Trump,jev-1.13.0
2025,2024-11-13,2,binary_probability,0.22,jev-1.13.0
2025,2024-11-13,2,yes_no_choice,No,jev-1.13.0
2025,2024-11-13,2,who_choice,Joe Biden,jev-1.13.0
2021,2020-09-17,2,binary_probability,0.99,jev-1.13.0
2021,2020-09-17,2,yes_no_choice,Yes,jev-1.13.0
2021,2020-09-17,2,who_choice,Donald Trump,jev-1.13.0
2021,2020-01-26,2,binary_probability,0.99,jev-1.13.0
2021,2020-01-26,2,yes_no_choice,Yes,jev-1.13.0
2021,2020-01-26,2,who_choice,Donald Trump,jev-1.13.0
2025,2025-05-23,2,binary_probability,0.49,jev-1.13.0
2025,2025-05-23,2,yes_no_choice,Yes,jev-1.13.0
2025,2025-05-23,2,who_choice,Donald Trump,jev-1.13.0
2025,2025-06-22,2,binary_probability,0.49,jev-1.13.0
2025,2025-06-22,2,yes_no_choice,Yes,jev-1.13.0
2025,2025-06-22,2,who_choice,Donald Trump,jev-1.13.0
2025,2024-06-29,2,binary_probability,0.06,jev-1.13.0
2025,2024-06-29,2,yes_no_choice,No,jev-1.13.0
2025,2024-06-29,2,who_choice,Joe Biden,jev-1.13.0
2025,2024-02-04,2,binary_probability,0.09,jev-1.13.0
2025,2024-02-04,2,yes_no_choice,No,jev-1.13.0
2025,2024-02-04,2,who_choice,Joe Biden,jev-1.13.0
2025,2024-08-18,2,binary_probability,0.07,jev-1.13.0
2025,2024-08-18,2,yes_no_choice,No,jev-1.13.0
2025,2024-08-18,2,who_choice,Joe Biden,jev-1.13.0
2025,2025-05-14,2,binary_probability,0.53,jev-1.13.0
2025,2025-05-14,2,yes_no_choice,Yes,jev-1.13.0
2025,2025-05-14,2,who_choice,Donald Trump,jev-1.13.0
2025,2024-10-07,2,binary_probability,0.15,jev-1.13.0
2025,2024-10-07,2,yes_no_choice,No,jev-1.13.0
2025,2024-10-07,2,who_choice,Joe Biden,jev-1.13.0
2021,2021-11-18,2,binary_probability,0.02,jev-1.13.0
2021,2021-11-18,2,yes_no_choice,No,jev-1.13.0
2021,2021-11-18,2,who_choice,Joe Biden,jev-1.13.0
2021,2020-06-30,2,binary_probability,0.98,jev-1.13.0
2021,2020-06-30,2,yes_no_choice,Yes,jev-1.13.0
2021,2020-06-30,2,who_choice,Donald Trump,jev-1.13.0
2021,2021-06-30,2,binary_probability,0.02,jev-1.13.0
2021,2021-06-30,2,yes_no_choice,No,jev-1.13.0
2021,2021-06-30,2,who_choice,Joe Biden,jev-1.13.0
2025,2024-08-05,2,binary_probability,0.14,jev-1.13.0
2025,2024-08-05,2,yes_no_choice,No,jev-1.13.0
2025,2024-08-05,2,who_choice,Joe Biden,jev-1.13.0
2025,2025-12-30,2,binary_probability,0.59,jev-1.13.0
2025,2025-12-30,2,yes_no_choice,Yes,jev-1.13.0
2025,2025-12-30,2,who_choice,Donald Trump,jev-1.13.0
2025,2024-03-26,2,binary_probability,0.07,jev-1.13.0
2025,2024-03-26,2,yes_no_choice,No,jev-1.13.0
2025,2024-03-26,2,who_choice,Joe Biden,jev-1.13.0
2021,2021-05-31,2,binary_probability,0.03,jev-1.13.0
2021,2021-05-31,2,yes_no_choice,No,jev-1.13.0
2021,2021-05-31,2,who_choice,Joe Biden,jev-1.13.0
2025,2024-03-02,2,binary_probability,0.12,jev-1.13.0
2025,2024-03-02,2,yes_no_choice,No,jev-1.13.0
2025,2024-03-02,2,who_choice,Joe Biden,jev-1.13.0
2025,2025-02-24,2,binary_probability,0.69,jev-1.13.0
2025,2025-02-24,2,yes_no_choice,Yes,jev-1.13.0
2025,2025-02-24,2,who_choice,Donald Trump,jev-1.13.0
2025,2024-04-25,2,binary_probability,0.04,jev-1.13.0
2025,2024-04-25,2,yes_no_choice,No,jev-1.13.0
2025,2024-04-25,2,who_choice,Joe Biden,jev-1.13.0
2025,2025-07-06,2,binary_probability,0.45,jev-1.13.0
2025,2025-07-06,2,yes_no_choice,No,jev-1.13.0
2025,2025-07-06,2,who_choice,Donald Trump,jev-1.13.0
2025,2025-05-29,2,binary_probability,0.53,jev-1.13.0
2025,2025-05-29,2,yes_no_choice,Yes,jev-1.13.0
2025,2025-05-29,2,who_choice,Donald Trump,jev-1.13.0
2021,2020-02-20,2,binary_probability,0.98,jev-1.13.0
2021,2020-02-20,2,yes_no_choice,Yes,jev-1.13.0
2021,2020-02-20,2,who_choice,Donald Trump,jev-1.13.0
2021,2021-04-14,2,binary_probability,0.03,jev-1.13.0
2021,2021-04-14,2,yes_no_choice,No,jev-1.13.0
2021,2021-04-14,2,who_choice,Joe Biden,jev-1.13.0
2021,2020-03-30,2,binary_probability,0.98,jev-1.13.0
2021,2020-03-30,2,yes_no_choice,Yes,jev-1.13.0
2021,2020-03-30,2,who_choice,Donald Trump,jev-1.13.0
2021,2021-05-16,2,binary_probability,0.03,jev-1.13.0
2021,2021-05-16,2,yes_no_choice,No,jev-1.13.0
2021,2021-05-16,2,who_choice,Joe Biden,jev-1.13.0
2021,2021-11-25,2,binary_probability,0.02,jev-1.13.0
2021,2021-11-25,2,yes_no_choice,No,jev-1.13.0
2021,2021-11-25,2,who_choice,Joe Biden,jev-1.13.0
2021,2020-01-28,2,binary_probability,0.98,jev-1.13.0
2021,2020-01-28,2,yes_no_choice,Yes,jev-1.13.0
2021,2020-01-28,2,who_choice,Donald Trump,jev-1.13.0
2025,2025-12-25,2,binary_probability,0.55,jev-1.13.0
2025,2025-12-25,2,yes_no_choice,Yes,jev-1.13.0
2025,2025-12-25,2,who_choice,Donald Trump,jev-1.13.0
2021,2021-03-15,2,binary_probability,0.03,jev-1.13.0
2021,2021-03-15,2,yes_no_choice,No,jev-1.13.0
2021,2021-03-15,2,who_choice,Joe Biden,jev-1.13.0
2021,2020-05-07,2,binary_probability,0.98,jev-1.13.0
2021,2020-05-07,2,yes_no_choice,Yes,jev-1.13.0
2021,2020-05-07,2,who_choice,Donald Trump,jev-1.13.0
2021,2020-06-18,2,binary_probability,0.98,jev-1.13.0
2021,2020-06-18,2,yes_no_choice,Yes,jev-1.13.0
2021,2020-06-18,2,who_choice,Donald Trump,jev-1.13.0
2025,2024-12-28,2,binary_probability,0.29,jev-1.13.0
2025,2024-12-28,2,yes_no_choice,No,jev-1.13.0
2025,2024-12-28,2,who_choice,Donald Trump,jev-1.13.0
2025,2024-12-04,2,binary_probability,0.27,jev-1.13.0
2025,2024-12-04,2,yes_no_choice,No,jev-1.13.0
2025,2024-12-04,2,who_choice,Donald Trump,jev-1.13.0
2025,2024-12-06,2,binary_probability,0.2,jev-1.13.0
2025,2024-12-06,2,yes_no_choice,No,jev-1.13.0
2025,2024-12-06,2,who_choice,Donald Trump,jev-1.13.0
2021,2021-06-05,2,binary_probability,0.02,jev-1.13.0
2021,2021-06-05,2,yes_no_choice,No,jev-1.13.0
2021,2021-06-05,2,who_choice,Joe Biden,jev-1.13.0
2025,2025-04-20,2,binary_probability,0.48,jev-1.13.0
2025,2025-04-20,2,yes_no_choice,No,jev-1.13.0
2025,2025-04-20,2,who_choice,Donald Trump,jev-1.13.0
2021,2021-01-17,2,binary_probability,0.96,jev-1.13.0
2021,2021-01-17,2,yes_no_choice,Yes,jev-1.13.0
2021,2021-01-17,2,who_choice,Donald Trump,jev-1.13.0
2025,2025-05-06,2,binary_probability,0.46,jev-1.13.0
2025,2025-05-06,2,yes_no_choice,Yes,jev-1.13.0
2025,2025-05-06,2,who_choice,Donald Trump,jev-1.13.0
2025,2025-03-19,2,binary_probability,0.55,jev-1.13.0
2025,2025-03-19,2,yes_no_choice,Yes,jev-1.13.0
2025,2025-03-19,2,who_choice,Donald Trump,jev-1.13.0
2025,2025-11-06,2,binary_probability,0.57,jev-1.13.0
2025,2025-11-06,2,yes_no_choice,Yes,jev-1.13.0
2025,2025-11-06,2,who_choice,Donald Trump,jev-1.13.0
2021,2020-05-19,2,binary_probability,0.98,jev-1.13.0
2021,2020-05-19,2,yes_no_choice,Yes,jev-1.13.0
2021,2020-05-19,2,who_choice,Donald Trump,jev-1.13.0
2021,2020-07-07,2,binary_probability,0.98,jev-1.13.0
2021,2020-07-07,2,yes_no_choice,Yes,jev-1.13.0
2021,2020-07-07,2,who_choice,Donald Trump,jev-1.13.0
2025,2025-06-26,2,binary_probability,0.44,jev-1.13.0
2025,2025-06-26,2,yes_no_choice,No,jev-1.13.0
2025,2025-06-26,2,who_choice,Donald Trump,jev-1.13.0
2025,2025-08-10,2,binary_probability,0.44,jev-1.13.0
2025,2025-08-10,2,yes_no_choice,Yes,jev-1.13.0
2025,2025-08-10,2,who_choice,Donald Trump,jev-1.13.0
2025,2025-03-09,2,binary_probability,0.67,jev-1.13.0
2025,2025-03-09,2,yes_no_choice,Yes,jev-1.13.0
2025,2025-03-09,2,who_choice,Donald Trump,jev-1.13.0
2021,2021-11-15,2,binary_probability,0.02,jev-1.13.0
2021,2021-11-15,2,yes_no_choice,No,jev-1.13.0
2021,2021-11-15,2,who_choice,Joe Biden,jev-1.13.0
2021,2020-02-10,2,binary_probability,0.99,jev-1.13.0
2021,2020-02-10,2,yes_no_choice,Yes,jev-1.13.0
2021,2020-02-10,2,who_choice,Donald Trump,jev-1.13.0
2021,2021-10-11,2,binary_probability,0.02,jev-1.13.0
2021,2021-10-11,2,yes_no_choice,No,jev-1.13.0
2021,2021-10-11,2,who_choice,Joe Biden,jev-1.13.0
2021,2021-01-01,2,binary_probability,0.98,jev-1.13.0
2021,2021-01-01,2,yes_no_choice,Yes,jev-1.13.0
2021,2021-01-01,2,who_choice,Donald Trump,jev-1.13.0
2021,2020-12-10,2,binary_probability,0.97,jev-1.13.0
2021,2020-12-10,2,yes_no_choice,Yes,jev-1.13.0
2021,2020-12-10,2,who_choice,Donald Trump,jev-1.13.0
2021,2021-10-29,2,binary_probability,0.02,jev-1.13.0
2021,2021-10-29,2,yes_no_choice,No,jev-1.13.0
2021,2021-10-29,2,who_choice,Joe Biden,jev-1.13.0
2021,2021-06-26,2,binary_probability,0.02,jev-1.13.0
2021,2021-06-26,2,yes_no_choice,No,jev-1.13.0
2021,2021-06-26,2,who_choice,Joe Biden,jev-1.13.0
2021,2020-06-03,2,binary_probability,0.98,jev-1.13.0
2021,2020-06-03,2,yes_no_choice,Yes,jev-1.13.0
2021,2020-06-03,2,who_choice,Donald Trump,jev-1.13.0
2021,2020-12-17,2,binary_probability,0.97,jev-1.13.0
2021,2020-12-17,2,yes_no_choice,Yes,jev-1.13.0
2021,2020-12-17,2,who_choice,Donald Trump,jev-1.13.0
2025,2025-09-13,2,binary_probability,0.47,jev-1.13.0
2025,2025-09-13,2,yes_no_choice,No,jev-1.13.0
2025,2025-09-13,2,who_choice,Donald Trump,jev-1.13.0
2021,2021-06-01,2,binary_probability,0.02,jev-1.13.0
2021,2021-06-01,2,yes_no_choice,No,jev-1.13.0
2021,2021-06-01,2,who_choice,Joe Biden,jev-1.13.0
2025,2024-08-28,2,binary_probability,0.08,jev-1.13.0
2025,2024-08-28,2,yes_no_choice,No,jev-1.13.0
2025,2024-08-28,2,who_choice,Joe Biden,jev-1.13.0
2021,2021-04-23,2,binary_probability,0.03,jev-1.13.0
2021,2021-04-23,2,yes_no_choice,No,jev-1.13.0
2021,2021-04-23,2,who_choice,Joe Biden,jev-1.13.0
2025,2024-06-27,2,binary_probability,0.04,jev-1.13.0
2025,2024-06-27,2,yes_no_choice,No,jev-1.13.0
2025,2024-06-27,2,who_choice,Joe Biden,jev-1.13.0
2025,2025-12-10,2,binary_probability,0.57,jev-1.13.0
2025,2025-12-10,2,yes_no_choice,Yes,jev-1.13.0
2025,2025-12-10,2,who_choice,Donald Trump,jev-1.13.0
2025,2025-03-21,2,binary_probability,0.6,jev-1.13.0
2025,2025-03-21,2,yes_no_choice,Yes,jev-1.13.0
2025,2025-03-21,2,who_choice,Donald Trump,jev-1.13.0
2021,2020-06-29,2,binary_probability,0.98,jev-1.13.0
2021,2020-06-29,2,yes_no_choice,Yes,jev-1.13.0
2021,2020-06-29,2,who_choice,Donald Trump,jev-1.13.0
2025,2025-01-03,2,binary_probability,0.41,jev-1.13.0
2025,2025-01-03,2,yes_no_choice,No,jev-1.13.0
2025,2025-01-03,2,who_choice,Donald Trump,jev-1.13.0
2025,2025-01-02,2,binary_probability,0.38,jev-1.13.0
2025,2025-01-02,2,yes_no_choice,No,jev-1.13.0
2025,2025-01-02,2,who_choice,Donald Trump,jev-1.13.0
2021,2021-09-09,2,binary_probability,0.02,jev-1.13.0
2021,2021-09-09,2,yes_no_choice,No,jev-1.13.0
2021,2021-09-09,2,who_choice,Joe Biden,jev-1.13.0
2021,2020-05-09,2,binary_probability,0.98,jev-1.13.0
2021,2020-05-09,2,yes_no_choice,Yes,jev-1.13.0
2021,2020-05-09,2,who_choice,Donald Trump,jev-1.13.0
2021,2020-02-16,2,binary_probability,0.99,jev-1.13.0
2021,2020-02-16,2,yes_no_choice,Yes,jev-1.13.0
2021,2020-02-16,2,who_choice,Donald Trump,jev-1.13.0
2021,2021-12-12,2,binary_probability,0.02,jev-1.13.0
2021,2021-12-12,2,yes_no_choice,No,jev-1.13.0
2021,2021-12-12,2,who_choice,Joe Biden,jev-1.13.0
2025,2025-10-12,2,binary_probability,0.44,jev-1.13.0
2025,2025-10-12,2,yes_no_choice,Yes,jev-1.13.0
2025,2025-10-12,2,who_choice,Donald Trump,jev-1.13.0
2025,2026-01-20,2,binary_probability,0.5,jev-1.13.0
2025,2026-01-20,2,yes_no_choice,Yes,jev-1.13.0
2025,2026-01-20,2,who_choice,Donald Trump,jev-1.13.0
2021,2020-06-07,2,binary_probability,0.98,jev-1.13.0
2021,2020-06-07,2,yes_no_choice,Yes,jev-1.13.0
2021,2020-06-07,2,who_choice,Donald Trump,jev-1.13.0
2025,2025-04-12,2,binary_probability,0.47,jev-1.13.0
2025,2025-04-12,2,yes_no_choice,Yes,jev-1.13.0
2025,2025-04-12,2,who_choice,Donald Trump,jev-1.13.0
2021,2021-09-29,2,binary_probability,0.02,jev-1.13.0
2021,2021-09-29,2,yes_no_choice,No,jev-1.13.0
2021,2021-09-29,2,who_choice,Joe Biden,jev-1.13.0
2021,2020-03-21,2,binary_probability,0.99,jev-1.13.0
2021,2020-03-21,2,yes_no_choice,Yes,jev-1.13.0
2021,2020-03-21,2,who_choice,Donald Trump,jev-1.13.0
2025,2025-03-16,2,binary_probability,0.58,jev-1.13.0
2025,2025-03-16,2,yes_no_choice,Yes,jev-1.13.0
2025,2025-03-16,2,who_choice,Donald Trump,jev-1.13.0
2021,2020-08-24,2,binary_probability,0.99,jev-1.13.0
2021,2020-08-24,2,yes_no_choice,Yes,jev-1.13.0
2021,2020-08-24,2,who_choice,Donald Trump,jev-1.13.0
2025,2024-12-07,2,binary_probability,0.26,jev-1.13.0
2025,2024-12-07,2,yes_no_choice,No,jev-1.13.0
2025,2024-12-07,2,who_choice,Donald Trump,jev-1.13.0
2021,2020-06-15,2,binary_probability,0.98,jev-1.13.0
2021,2020-06-15,2,yes_no_choice,Yes,jev-1.13.0
2021,2020-06-15,2,who_choice,Donald Trump,jev-1.13.0
2021,2020-05-11,2,binary_probability,0.98,jev-1.13.0
2021,2020-05-11,2,yes_no_choice,Yes,jev-1.13.0
2021,2020-05-11,2,who_choice,Donald Trump,jev-1.13.0
2021,2021-01-25,2,binary_probability,0.16,jev-1.13.0
2021,2021-01-25,2,yes_no_choice,No,jev-1.13.0
2021,2021-01-25,2,who_choice,Joe Biden,jev-1.13.0
2021,2021-12-01,2,binary_probability,0.02,jev-1.13.0
2021,2021-12-01,2,yes_no_choice,No,jev-1.13.0
2021,2021-12-01,2,who_choice,Joe Biden,jev-1.13.0
2021,2021-09-23,2,binary_probability,0.02,jev-1.13.0
2021,2021-09-23,2,yes_no_choice,No,jev-1.13.0
2021,2021-09-23,2,who_choice,Joe Biden,jev-1.13.0
2025,2025-09-04,2,binary_probability,0.42,jev-1.13.0
2025,2025-09-04,2,yes_no_choice,No,jev-1.13.0
2025,2025-09-04,2,who_choice,Donald Trump,jev-1.13.0
2021,2020-03-08,2,binary_probability,0.99,jev-1.13.0
2021,2020-03-08,2,yes_no_choice,Yes,jev-1.13.0
2021,2020-03-08,2,who_choice,Donald Trump,jev-1.13.0
2025,2024-03-19,2,binary_probability,0.09,jev-1.13.0
2025,2024-03-19,2,yes_no_choice,No,jev-1.13.0
2025,2024-03-19,2,who_choice,Joe Biden,jev-1.13.0
2021,2021-12-31,2,binary_probability,0.02,jev-1.13.0
2021,2021-12-31,2,yes_no_choice,No,jev-1.13.0
2021,2021-12-31,2,who_choice,Joe Biden,jev-1.13.0
2021,2021-01-13,2,binary_probability,0.96,jev-1.13.0
2021,2021-01-13,2,yes_no_choice,Yes,jev-1.13.0
2021,2021-01-13,2,who_choice,Donald Trump,jev-1.13.0
2025,2025-03-30,2,binary_probability,0.62,jev-1.13.0
2025,2025-03-30,2,yes_no_choice,Yes,jev-1.13.0
2025,2025-03-30,2,who_choice,Donald Trump,jev-1.13.0
2025,2024-04-11,2,binary_probability,0.05,jev-1.13.0
2025,2024-04-11,2,yes_no_choice,No,jev-1.13.0
2025,2024-04-11,2,who_choice,Joe Biden,jev-1.13.0
2021,2021-08-28,2,binary_probability,0.02,jev-1.13.0
2021,2021-08-28,2,yes_no_choice,No,jev-1.13.0
2021,2021-08-28,2,who_choice,Joe Biden,jev-1.13.0
2025,2024-09-03,2,binary_probability,0.06,jev-1.13.0
2025,2024-09-03,2,yes_no_choice,No,jev-1.13.0
2025,2024-09-03,2,who_choice,Joe Biden,jev-1.13.0
2025,2024-11-16,2,binary_probability,0.24,jev-1.13.0
2025,2024-11-16,2,yes_no_choice,No,jev-1.13.0
2025,2024-11-16,2,who_choice,Donald Trump,jev-1.13.0
2021,2020-07-18,2,binary_probability,0.98,jev-1.13.0
2021,2020-07-18,2,yes_no_choice,Yes,jev-1.13.0
2021,2020-07-18,2,who_choice,Donald Trump,jev-1.13.0
2021,2021-01-03,2,binary_probability,0.96,jev-1.13.0
2021,2021-01-03,2,yes_no_choice,Yes,jev-1.13.0
2021,2021-01-03,2,who_choice,Donald Trump,jev-1.13.0
2021,2022-01-19,2,binary_probability,0.09,jev-1.13.0
2021,2022-01-19,2,yes_no_choice,No,jev-1.13.0
2021,2022-01-19,2,who_choice,Joe Biden,jev-1.13.0
2021,2020-08-20,2,binary_probability,0.98,jev-1.13.0
2021,2020-08-20,2,yes_no_choice,Yes,jev-1.13.0
2021,2020-08-20,2,who_choice,Donald Trump,jev-1.13.0
2025,2025-02-14,2,binary_probability,0.67,jev-1.13.0
2025,2025-02-14,2,yes_no_choice,Yes,jev-1.13.0
2025,2025-02-14,2,who_choice,Donald Trump,jev-1.13.0
2025,2025-09-21,2,binary_probability,0.38,jev-1.13.0
2025,2025-09-21,2,yes_no_choice,No,jev-1.13.0
2025,2025-09-21,2,who_choice,Donald Trump,jev-1.13.0
2021,2021-02-24,2,binary_probability,0.04,jev-1.13.0
2021,2021-02-24,2,yes_no_choice,No,jev-1.13.0
2021,2021-02-24,2,who_choice,Joe Biden,jev-1.13.0
2021,2021-10-28,2,binary_probability,0.02,jev-1.13.0
2021,2021-10-28,2,yes_no_choice,No,jev-1.13.0
2021,2021-10-28,2,who_choice,Joe Biden,jev-1.13.0
2025,2024-03-25,2,binary_probability,0.08,jev-1.13.0
2025,2024-03-25,2,yes_no_choice,No,jev-1.13.0
2025,2024-03-25,2,who_choice,Joe Biden,jev-1.13.0
2025,2025-07-01,2,binary_probability,0.43,jev-1.13.0
2025,2025-07-01,2,yes_no_choice,No,jev-1.13.0
2025,2025-07-01,2,who_choice,Donald Trump,jev-1.13.0
2021,2021-07-25,2,binary_probability,0.02,jev-1.13.0
2021,2021-07-25,2,yes_no_choice,No,jev-1.13.0
2021,2021-07-25,2,who_choice,Joe Biden,jev-1.13.0
2021,2020-03-12,2,binary_probability,0.98,jev-1.13.0
2021,2020-03-12,2,yes_no_choice,Yes,jev-1.13.0
2021,2020-03-12,2,who_choice,Donald Trump,jev-1.13.0
2021,2021-12-17,2,binary_probability,0.02,jev-1.13.0
2021,2021-12-17,2,yes_no_choice,No,jev-1.13.0
2021,2021-12-17,2,who_choice,Joe Biden,jev-1.13.0
2025,2025-08-26,2,binary_probability,0.45,jev-1.13.0
2025,2025-08-26,2,yes_no_choice,No,jev-1.13.0
2025,2025-08-26,2,who_choice,Donald Trump,jev-1.13.0
2021,2020-05-24,2,binary_probability,0.98,jev-1.13.0
2021,2020-05-24,2,yes_no_choice,Yes,jev-1.13.0
2021,2020-05-24,2,who_choice,Donald Trump,jev-1.13.0
2025,2025-12-27,2,binary_probability,0.56,jev-1.13.0
2025,2025-12-27,2,yes_no_choice,Yes,jev-1.13.0
2025,2025-12-27,2,who_choice,Donald Trump,jev-1.13.0
2021,2021-12-10,2,binary_probability,0.02,jev-1.13.0
2021,2021-12-10,2,yes_no_choice,No,jev-1.13.0
2021,2021-12-10,2,who_choice,Joe Biden,jev-1.13.0
2025,2024-07-01,2,binary_probability,0.08,jev-1.13.0
2025,2024-07-01,2,yes_no_choice,No,jev-1.13.0
2025,2024-07-01,2,who_choice,Joe Biden,jev-1.13.0
2021,2020-08-18,2,binary_probability,0.99,jev-1.13.0
2021,2020-08-18,2,yes_no_choice,Yes,jev-1.13.0
2021,2020-08-18,2,who_choice,Donald Trump,jev-1.13.0
2021,2021-12-06,2,binary_probability,0.04,jev-1.13.0
2021,2021-12-06,2,yes_no_choice,No,jev-1.13.0
2021,2021-12-06,2,who_choice,Joe Biden,jev-1.13.0
2021,2021-08-13,2,binary_probability,0.02,jev-1.13.0
2021,2021-08-13,2,yes_no_choice,No,jev-1.13.0
2021,2021-08-13,2,who_choice,Joe Biden,jev-1.13.0
2021,2020-07-28,2,binary_probability,0.98,jev-1.13.0
2021,2020-07-28,2,yes_no_choice,Yes,jev-1.13.0
2021,2020-07-28,2,who_choice,Donald Trump,jev-1.13.0
2025,2024-07-03,2,binary_probability,0.09,jev-1.13.0
2025,2024-07-03,2,yes_no_choice,No,jev-1.13.0
2025,2024-07-03,2,who_choice,Joe Biden,jev-1.13.0
2025,2024-01-29,2,binary_probability,0.28,jev-1.13.0
2025,2024-01-29,2,yes_no_choice,No,jev-1.13.0
2025,2024-01-29,2,who_choice,Joe Biden,jev-1.13.0
2021,2021-10-15,2,binary_probability,0.02,jev-1.13.0
2021,2021-10-15,2,yes_no_choice,No,jev-1.13.0
2021,2021-10-15,2,who_choice,Joe Biden,jev-1.13.0
2021,2021-08-03,2,binary_probability,0.02,jev-1.13.0
2021,2021-08-03,2,yes_no_choice,No,jev-1.13.0
2021,2021-08-03,2,who_choice,Joe Biden,jev-1.13.0
2021,2020-04-20,2,binary_probability,0.98,jev-1.13.0
2021,2020-04-20,2,yes_no_choice,Yes,jev-1.13.0
2021,2020-04-20,2,who_choice,Donald Trump,jev-1.13.0
2025,2024-04-04,2,binary_probability,0.08,jev-1.13.0
2025,2024-04-04,2,yes_no_choice,No,jev-1.13.0
2025,2024-04-04,2,who_choice,Joe Biden,jev-1.13.0
2021,2020-02-25,2,binary_probability,0.99,jev-1.13.0
2021,2020-02-25,2,yes_no_choice,Yes,jev-1.13.0
2021,2020-02-25,2,who_choice,Donald Trump,jev-1.13.0
2021,2020-08-02,2,binary_probability,0.98,jev-1.13.0
2021,2020-08-02,2,yes_no_choice,Yes,jev-1.13.0
2021,2020-08-02,2,who_choice,Donald Trump,jev-1.13.0
2021,2021-04-04,2,binary_probability,0.04,jev-1.13.0
2021,2021-04-04,2,yes_no_choice,No,jev-1.13.0
2021,2021-04-04,2,who_choice,Joe Biden,jev-1.13.0
2025,2024-05-22,2,binary_probability,0.05,jev-1.13.0
2025,2024-05-22,2,yes_no_choice,No,jev-1.13.0
2025,2024-05-22,2,who_choice,Joe Biden,jev-1.13.0
2025,2024-07-25,2,binary_probability,0.1,jev-1.13.0
2025,2024-07-25,2,yes_no_choice,No,jev-1.13.0
2025,2024-07-25,2,who_choice,Joe Biden,jev-1.13.0
2021,2021-03-18,2,binary_probability,0.04,jev-1.13.0
2021,2021-03-18,2,yes_no_choice,No,jev-1.13.0
2021,2021-03-18,2,who_choice,Joe Biden,jev-1.13.0
2025,2025-12-26,2,binary_probability,0.53,jev-1.13.0
2025,2025-12-26,2,yes_no_choice,Yes,jev-1.13.0
2025,2025-12-26,2,who_choice,Donald Trump,jev-1.13.0
2025,2024-11-07,2,binary_probability,0.23,jev-1.13.0
2025,2024-11-07,2,yes_no_choice,No,jev-1.13.0
2025,2024-11-07,2,who_choice,Joe Biden,jev-1.13.0
2021,2020-03-23,2,binary_probability,0.98,jev-1.13.0
2021,2020-03-23,2,yes_no_choice,Yes,jev-1.13.0
2021,2020-03-23,2,who_choice,Donald Trump,jev-1.13.0
2021,2021-10-12,2,binary_probability,0.02,jev-1.13.0
2021,2021-10-12,2,yes_no_choice,No,jev-1.13.0
2021,2021-10-12,2,who_choice,Joe Biden,jev-1.13.0
2021,2020-02-03,2,binary_probability,0.98,jev-1.13.0
2021,2020-02-03,2,yes_no_choice,Yes,jev-1.13.0
2021,2020-02-03,2,who_choice,Donald Trump,jev-1.13.0
2021,2021-11-17,2,binary_probability,0.02,jev-1.13.0
2021,2021-11-17,2,yes_no_choice,No,jev-1.13.0
2021,2021-11-17,2,who_choice,Joe Biden,jev-1.13.0
2025,2025-10-19,2,binary_probability,0.47,jev-1.13.0
2025,2025-10-19,2,yes_no_choice,Yes,jev-1.13.0
2025,2025-10-19,2,who_choice,Donald Trump,jev-1.13.0
2021,2020-11-25,2,binary_probability,0.97,jev-1.13.0
2021,2020-11-25,2,yes_no_choice,Yes,jev-1.13.0
2021,2020-11-25,2,who_choice,Donald Trump,jev-1.13.0
2021,2021-06-09,2,binary_probability,0.03,jev-1.13.0
2021,2021-06-09,2,yes_no_choice,No,jev-1.13.0
2021,2021-06-09,2,who_choice,Joe Biden,jev-1.13.0
2021,2021-09-11,2,binary_probability,0.02,jev-1.13.0
2021,2021-09-11,2,yes_no_choice,No,jev-1.13.0
2021,2021-09-11,2,who_choice,Joe Biden,jev-1.13.0
2021,2020-04-25,2,binary_probability,0.98,jev-1.13.0
2021,2020-04-25,2,yes_no_choice,Yes,jev-1.13.0
2021,2020-04-25,2,who_choice,Donald Trump,jev-1.13.0
2021,2020-06-13,2,binary_probability,0.98,jev-1.13.0
2021,2020-06-13,2,yes_no_choice,Yes,jev-1.13.0
2021,2020-06-13,2,who_choice,Donald Trump,jev-1.13.0
2021,2020-11-26,2,binary_probability,0.97,jev-1.13.0
2021,2020-11-26,2,yes_no_choice,Yes,jev-1.13.0
2021,2020-11-26,2,who_choice,Donald Trump,jev-1.13.0
2021,2020-12-19,2,binary_probability,0.95,jev-1.13.0
2021,2020-12-19,2,yes_no_choice,Yes,jev-1.13.0
2021,2020-12-19,2,who_choice,Donald Trump,jev-1.13.0
2021,2021-04-09,2,binary_probability,0.04,jev-1.13.0
2021,2021-04-09,2,yes_no_choice,No,jev-1.13.0
2021,2021-04-09,2,who_choice,Joe Biden,jev-1.13.0
2021,2021-02-26,2,binary_probability,0.04,jev-1.13.0
2021,2021-02-26,2,yes_no_choice,No,jev-1.13.0
2021,2021-02-26,2,who_choice,Joe Biden,jev-1.13.0
2021,2020-11-06,2,binary_probability,0.97,jev-1.13.0
2021,2020-11-06,2,yes_no_choice,Yes,jev-1.13.0
2021,2020-11-06,2,who_choice,Donald Trump,jev-1.13.0
2021,2021-06-08,2,binary_probability,0.02,jev-1.13.0
2021,2021-06-08,2,yes_no_choice,No,jev-1.13.0
2021,2021-06-08,2,who_choice,Joe Biden,jev-1.13.0
2021,2021-06-25,2,binary_probability,0.02,jev-1.13.0
2021,2021-06-25,2,yes_no_choice,No,jev-1.13.0
2021,2021-06-25,2,who_choice,Joe Biden,jev-1.13.0
2021,2020-03-14,2,binary_probability,0.99,jev-1.13.0
2021,2020-03-14,2,yes_no_choice,Yes,jev-1.13.0
2021,2020-03-14,2,who_choice,Donald Trump,jev-1.13.0
2021,2021-05-11,2,binary_probability,0.03,jev-1.13.0
2021,2021-05-11,2,yes_no_choice,No,jev-1.13.0
2021,2021-05-11,2,who_choice,Joe Biden,jev-1.13.0
2025,2025-09-09,2,binary_probability,0.46,jev-1.13.0
2025,2025-09-09,2,yes_no_choice,Yes,jev-1.13.0
2025,2025-09-09,2,who_choice,Donald Trump,jev-1.13.0
2025,2024-04-19,2,binary_probability,0.06,jev-1.13.0
2025,2024-04-19,2,yes_no_choice,No,jev-1.13.0
2025,2024-04-19,2,who_choice,Joe Biden,jev-1.13.0
2021,2021-01-04,2,binary_probability,0.96,jev-1.13.0
2021,2021-01-04,2,yes_no_choice,Yes,jev-1.13.0
2021,2021-01-04,2,who_choice,Donald Trump,jev-1.13.0
2021,2021-12-19,2,binary_probability,0.02,jev-1.13.0
2021,2021-12-19,2,yes_no_choice,No,jev-1.13.0
2021,2021-12-19,2,who_choice,Joe Biden,jev-1.13.0
2025,2025-02-04,2,binary_probability,0.69,jev-1.13.0
2025,2025-02-04,2,yes_no_choice,Yes,jev-1.13.0
2025,2025-02-04,2,who_choice,Donald Trump,jev-1.13.0
2021,2021-11-13,2,binary_probability,0.02,jev-1.13.0
2021,2021-11-13,2,yes_no_choice,No,jev-1.13.0
2021,2021-11-13,2,who_choice,Joe Biden,jev-1.13.0
2025,2025-04-16,2,binary_probability,0.52,jev-1.13.0
2025,2025-04-16,2,yes_no_choice,No,jev-1.13.0
2025,2025-04-16,2,who_choice,Donald Trump,jev-1.13.0
2025,2024-07-28,2,binary_probability,0.11,jev-1.13.0
2025,2024-07-28,2,yes_no_choice,No,jev-1.13.0
2025,2024-07-28,2,who_choice,Joe Biden,jev-1.13.0
2025,2025-04-28,2,binary_probability,0.5,jev-1.13.0
2025,2025-04-28,2,yes_no_choice,Yes,jev-1.13.0
2025,2025-04-28,2,who_choice,Donald Trump,jev-1.13.0
2025,2024-05-28,2,binary_probability,0.07,jev-1.13.0
2025,2024-05-28,2,yes_no_choice,No,jev-1.13.0
2025,2024-05-28,2,who_choice,Joe Biden,jev-1.13.0
2025,2025-08-02,2,binary_probability,0.4,jev-1.13.0
2025,2025-08-02,2,yes_no_choice,No,jev-1.13.0
2025,2025-08-02,2,who_choice,Donald Trump,jev-1.13.0
2025,2024-07-23,2,binary_probability,0.13,jev-1.13.0
2025,2024-07-23,2,yes_no_choice,No,jev-1.13.0
2025,2024-07-23,2,who_choice,Joe Biden,jev-1.13.0
2025,2024-05-31,2,binary_probability,0.07,jev-1.13.0
2025,2024-05-31,2,yes_no_choice,No,jev-1.13.0
2025,2024-05-31,2,who_choice,Joe Biden,jev-1.13.0
2021,2020-07-30,2,binary_probability,0.98,jev-1.13.0
2021,2020-07-30,2,yes_no_choice,Yes,jev-1.13.0
2021,2020-07-30,2,who_choice,Donald Trump,jev-1.13.0
2025,2024-06-10,2,binary_probability,0.07,jev-1.13.0
2025,2024-06-10,2,yes_no_choice,No,jev-1.13.0
2025,2024-06-10,2,who_choice,Joe Biden,jev-1.13.0
2025,2024-11-20,2,binary_probability,0.25,jev-1.13.0
2025,2024-11-20,2,yes_no_choice,No,jev-1.13.0
2025,2024-11-20,2,who_choice,Donald Trump,jev-1.13.0
2021,2020-08-10,2,binary_probability,0.98,jev-1.13.0
2021,2020-08-10,2,yes_no_choice,Yes,jev-1.13.0
2021,2020-08-10,2,who_choice,Donald Trump,jev-1.13.0
2021,2021-04-05,2,binary_probability,0.04,jev-1.13.0
2021,2021-04-05,2,yes_no_choice,No,jev-1.13.0
2021,2021-04-05,2,who_choice,Joe Biden,jev-1.13.0
2025,2024-09-07,2,binary_probability,0.06,jev-1.13.0
2025,2024-09-07,2,yes_no_choice,No,jev-1.13.0
2025,2024-09-07,2,who_choice,Joe Biden,jev-1.13.0
2025,2024-07-18,2,binary_probability,0.11,jev-1.13.0
2025,2024-07-18,2,yes_no_choice,No,jev-1.13.0
2025,2024-07-18,2,who_choice,Joe Biden,jev-1.13.0
2021,2020-09-01,2,binary_probability,0.98,jev-1.13.0
2021,2020-09-01,2,yes_no_choice,Yes,jev-1.13.0
2021,2020-09-01,2,who_choice,Donald Trump,jev-1.13.0
2025,2025-09-16,2,binary_probability,0.4,jev-1.13.0
2025,2025-09-16,2,yes_no_choice,No,jev-1.13.0
2025,2025-09-16,2,who_choice,Donald Trump,jev-1.13.0
2021,2022-01-08,2,binary_probability,0.09,jev-1.13.0
2021,2022-01-08,2,yes_no_choice,No,jev-1.13.0
2021,2022-01-08,2,who_choice,Joe Biden,jev-1.13.0
2025,2025-02-19,2,binary_probability,0.69,jev-1.13.0
2025,2025-02-19,2,yes_no_choice,Yes,jev-1.13.0
2025,2025-02-19,2,who_choice,Donald Trump,jev-1.13.0
2021,2020-08-19,2,binary_probability,0.99,jev-1.13.0
2021,2020-08-19,2,yes_no_choice,Yes,jev-1.13.0
2021,2020-08-19,2,who_choice,Donald Trump,jev-1.13.0
2025,2024-02-24,2,binary_probability,0.07,jev-1.13.0
2025,2024-02-24,2,yes_no_choice,No,jev-1.13.0
2025,2024-02-24,2,who_choice,Joe Biden,jev-1.13.0
2025,2024-12-31,2,binary_probability,0.23,jev-1.13.0
2025,2024-12-31,2,yes_no_choice,No,jev-1.13.0
2025,2024-12-31,2,who_choice,Donald Trump,jev-1.13.0
2025,2024-04-18,2,binary_probability,0.04,jev-1.13.0
2025,2024-04-18,2,yes_no_choice,No,jev-1.13.0
2025,2024-04-18,2,who_choice,Joe Biden,jev-1.13.0
2021,2021-11-02,2,binary_probability,0.02,jev-1.13.0
2021,2021-11-02,2,yes_no_choice,No,jev-1.13.0
2021,2021-11-02,2,who_choice,Joe Biden,jev-1.13.0
2021,2020-02-06,2,binary_probability,0.99,jev-1.13.0
2021,2020-02-06,2,yes_no_choice,Yes,jev-1.13.0
2021,2020-02-06,2,who_choice,Donald Trump,jev-1.13.0
2025,2025-05-21,2,binary_probability,0.51,jev-1.13.0
2025,2025-05-21,2,yes_no_choice,Yes,jev-1.13.0
2025,2025-05-21,2,who_choice,Donald Trump,jev-1.13.0
2025,2025-07-13,2,binary_probability,0.44,jev-1.13.0
2025,2025-07-13,2,yes_no_choice,Yes,jev-1.13.0
2025,2025-07-13,2,who_choice,Donald Trump,jev-1.13.0
2025,2025-01-11,2,binary_probability,0.62,jev-1.13.0
2025,2025-01-11,2,yes_no_choice,Yes,jev-1.13.0
2025,2025-01-11,2,who_choice,Donald Trump,jev-1.13.0
2021,2021-12-30,2,binary_probability,0.02,jev-1.13.0
2021,2021-12-30,2,yes_no_choice,No,jev-1.13.0
2021,2021-12-30,2,who_choice,Joe Biden,jev-1.13.0
2021,2020-03-05,2,binary_probability,0.98,jev-1.13.0
2021,2020-03-05,2,yes_no_choice,Yes,jev-1.13.0
2021,2020-03-05,2,who_choice,Donald Trump,jev-1.13.0
2021,2021-01-20,2,binary_probability,0.75,jev-1.13.0
2021,2021-01-20,2,yes_no_choice,Yes,jev-1.13.0
2021,2021-01-20,2,who_choice,Joe Biden,jev-1.13.0
2021,2022-01-09,2,binary_probability,0.08,jev-1.13.0
2021,2022-01-09,2,yes_no_choice,No,jev-1.13.0
2021,2022-01-09,2,who_choice,Joe Biden,jev-1.13.0
2021,2020-10-15,2,binary_probability,0.99,jev-1.13.0
2021,2020-10-15,2,yes_no_choice,Yes,jev-1.13.0
2021,2020-10-15,2,who_choice,Donald Trump,jev-1.13.0
2021,2021-07-30,2,binary_probability,0.02,jev-1.13.0
2021,2021-07-30,2,yes_no_choice,No,jev-1.13.0
2021,2021-07-30,2,who_choice,Joe Biden,jev-1.13.0
2025,2025-07-02,2,binary_probability,0.45,jev-1.13.0
2025,2025-07-02,2,yes_no_choice,No,jev-1.13.0
2025,2025-07-02,2,who_choice,Donald Trump,jev-1.13.0
2025,2024-05-19,2,binary_probability,0.05,jev-1.13.0
2025,2024-05-19,2,yes_no_choice,No,jev-1.13.0
2025,2024-05-19,2,who_choice,Joe Biden,jev-1.13.0
2021,2021-05-23,2,binary_probability,0.02,jev-1.13.0
2021,2021-05-23,2,yes_no_choice,No,jev-1.13.0
2021,2021-05-23,2,who_choice,Joe Biden,jev-1.13.0
2025,2024-09-20,2,binary_probability,0.06,jev-1.13.0
2025,2024-09-20,2,yes_no_choice,No,jev-1.13.0
2025,2024-09-20,2,who_choice,Joe Biden,jev-1.13.0
2025,2025-08-12,2,binary_probability,0.4,jev-1.13.0
2025,2025-08-12,2,yes_no_choice,No,jev-1.13.0
2025,2025-08-12,2,who_choice,Donald Trump,jev-1.13.0
2021,2020-07-27,2,binary_probability,0.98,jev-1.13.0
2021,2020-07-27,2,yes_no_choice,Yes,jev-1.13.0
2021,2020-07-27,2,who_choice,Donald Trump,jev-1.13.0
2021,2021-01-23,2,binary_probability,0.09,jev-1.13.0
2021,2021-01-23,2,yes_no_choice,No,jev-1.13.0
2021,2021-01-23,2,who_choice,Joe Biden,jev-1.13.0
2025,2024-02-16,2,binary_probability,0.07,jev-1.13.0
2025,2024-02-16,2,yes_no_choice,No,jev-1.13.0
2025,2024-02-16,2,who_choice,Joe Biden,jev-1.13.0
2025,2024-09-10,2,binary_probability,0.08,jev-1.13.0
2025,2024-09-10,2,yes_no_choice,No,jev-1.13.0
2025,2024-09-10,2,who_choice,Joe Biden,jev-1.13.0
2025,2024-04-13,2,binary_probability,0.04,jev-1.13.0
2025,2024-04-13,2,yes_no_choice,No,jev-1.13.0
2025,2024-04-13,2,who_choice,Joe Biden,jev-1.13.0
2021,2021-02-02,2,binary_probability,0.08,jev-1.13.0
2021,2021-02-02,2,yes_no_choice,No,jev-1.13.0
2021,2021-02-02,2,who_choice,Joe Biden,jev-1.13.0
2025,2024-04-15,2,binary_probability,0.07,jev-1.13.0
2025,2024-04-15,2,yes_no_choice,No,jev-1.13.0
2025,2024-04-15,2,who_choice,Joe Biden,jev-1.13.0
2021,2020-11-21,2,binary_probability,0.97,jev-1.13.0
2021,2020-11-21,2,yes_no_choice,Yes,jev-1.13.0
2021,2020-11-21,2,who_choice,Donald Trump,jev-1.13.0
2021,2021-02-27,2,binary_probability,0.09,jev-1.13.0
2021,2021-02-27,2,yes_no_choice,No,jev-1.13.0
2021,2021-02-27,2,who_choice,Joe Biden,jev-1.13.0
2021,2020-12-18,2,binary_probability,0.96,jev-1.13.0
2021,2020-12-18,2,yes_no_choice,Yes,jev-1.13.0
2021,2020-12-18,2,who_choice,Donald Trump,jev-1.13.0
2025,2024-05-23,2,binary_probability,0.06,jev-1.13.0
2025,2024-05-23,2,yes_no_choice,No,jev-1.13.0
2025,2024-05-23,2,who_choice,Joe Biden,jev-1.13.0
2021,2020-06-25,2,binary_probability,0.98,jev-1.13.0
2021,2020-06-25,2,yes_no_choice,Yes,jev-1.13.0
2021,2020-06-25,2,who_choice,Donald Trump,jev-1.13.0
2021,2020-12-09,2,binary_probability,0.98,jev-1.13.0
2021,2020-12-09,2,yes_no_choice,Yes,jev-1.13.0
2021,2020-12-09,2,who_choice,Donald Trump,jev-1.13.0
2021,2020-12-15,2,binary_probability,0.96,jev-1.13.0
2021,2020-12-15,2,yes_no_choice,Yes,jev-1.13.0
2021,2020-12-15,2,who_choice,Donald Trump,jev-1.13.0
2021,2021-06-17,2,binary_probability,0.02,jev-1.13.0
2021,2021-06-17,2,yes_no_choice,No,jev-1.13.0
2021,2021-06-17,2,who_choice,Joe Biden,jev-1.13.0
2025,2024-11-17,2,binary_probability,0.22,jev-1.13.0
2025,2024-11-17,2,yes_no_choice,No,jev-1.13.0
2025,2024-11-17,2,who_choice,Donald Trump,jev-1.13.0
2021,2020-07-17,2,binary_probability,0.98,jev-1.13.0
2021,2020-07-17,2,yes_no_choice,Yes,jev-1.13.0
2021,2020-07-17,2,who_choice,Donald Trump,jev-1.13.0
2025,2025-01-15,2,binary_probability,0.48,jev-1.13.0
2025,2025-01-15,2,yes_no_choice,Yes,jev-1.13.0
2025,2025-01-15,2,who_choice,Donald Trump,jev-1.13.0
2021,2021-03-21,2,binary_probability,0.02,jev-1.13.0
2021,2021-03-21,2,yes_no_choice,No,jev-1.13.0
2021,2021-03-21,2,who_choice,Joe Biden,jev-1.13.0
2021,2020-07-12,2,binary_probability,0.98,jev-1.13.0
2021,2020-07-12,2,yes_no_choice,Yes,jev-1.13.0
2021,2020-07-12,2,who_choice,Donald Trump,jev-1.13.0
2021,2021-04-16,2,binary_probability,0.03,jev-1.13.0
2021,2021-04-16,2,yes_no_choice,No,jev-1.13.0
2021,2021-04-16,2,who_choice,Joe Biden,jev-1.13.0
2025,2025-05-20,2,binary_probability,0.52,jev-1.13.0
2025,2025-05-20,2,yes_no_choice,Yes,jev-1.13.0
2025,2025-05-20,2,who_choice,Donald Trump,jev-1.13.0
2021,2021-09-08,2,binary_probability,0.02,jev-1.13.0
2021,2021-09-08,2,yes_no_choice,No,jev-1.13.0
2021,2021-09-08,2,who_choice,Joe Biden,jev-1.13.0
2025,2025-01-28,2,binary_probability,0.51,jev-1.13.0
2025,2025-01-28,2,yes_no_choice,Yes,jev-1.13.0
2025,2025-01-28,2,who_choice,Donald Trump,jev-1.13.0
2021,2020-12-29,2,binary_probability,0.95,jev-1.13.0
2021,2020-12-29,2,yes_no_choice,Yes,jev-1.13.0
2021,2020-12-29,2,who_choice,Donald Trump,jev-1.13.0
2021,2021-11-27,2,binary_probability,0.03,jev-1.13.0
2021,2021-11-27,2,yes_no_choice,No,jev-1.13.0
2021,2021-11-27,2,who_choice,Joe Biden,jev-1.13.0
2025,2025-08-01,2,binary_probability,0.41,jev-1.13.0
2025,2025-08-01,2,yes_no_choice,No,jev-1.13.0
2025,2025-08-01,2,who_choice,Donald Trump,jev-1.13.0
2025,2024-05-09,2,binary_probability,0.09,jev-1.13.0
2025,2024-05-09,2,yes_no_choice,No,jev-1.13.0
2025,2024-05-09,2,who_choice,Joe Biden,jev-1.13.0
2021,2020-12-03,2,binary_probability,0.98,jev-1.13.0
2021,2020-12-03,2,yes_no_choice,Yes,jev-1.13.0
2021,2020-12-03,2,who_choice,Donald Trump,jev-1.13.0
2021,2021-07-24,2,binary_probability,0.02,jev-1.13.0
2021,2021-07-24,2,yes_no_choice,No,jev-1.13.0
2021,2021-07-24,2,who_choice,Joe Biden,jev-1.13.0
2021,2020-10-20,2,binary_probability,0.98,jev-1.13.0
2021,2020-10-20,2,yes_no_choice,Yes,jev-1.13.0
2021,2020-10-20,2,who_choice,Donald Trump,jev-1.13.0
2025,2025-03-29,2,binary_probability,0.59,jev-1.13.0
2025,2025-03-29,2,yes_no_choice,Yes,jev-1.13.0
2025,2025-03-29,2,who_choice,Donald Trump,jev-1.13.0
2025,2024-11-09,2,binary_probability,0.14,jev-1.13.0
2025,2024-11-09,2,yes_no_choice,No,jev-1.13.0
2025,2024-11-09,2,who_choice,Joe Biden,jev-1.13.0
2025,2024-06-23,2,binary_probability,0.06,jev-1.13.0
2025,2024-06-23,2,yes_no_choice,No,jev-1.13.0
2025,2024-06-23,2,who_choice,Joe Biden,jev-1.13.0
2025,2025-05-15,2,binary_probability,0.54,jev-1.13.0
2025,2025-05-15,2,yes_no_choice,Yes,jev-1.13.0
2025,2025-05-15,2,who_choice,Donald Trump,jev-1.13.0
2021,2021-08-05,2,binary_probability,0.02,jev-1.13.0
2021,2021-08-05,2,yes_no_choice,No,jev-1.13.0
2021,2021-08-05,2,who_choice,Joe Biden,jev-1.13.0
2025,2025-04-18,2,binary_probability,0.56,jev-1.13.0
2025,2025-04-18,2,yes_no_choice,Yes,jev-1.13.0
2025,2025-04-18,2,who_choice,Donald Trump,jev-1.13.0
2025,2025-06-30,2,binary_probability,0.48,jev-1.13.0
2025,2025-06-30,2,yes_no_choice,Yes,jev-1.13.0
2025,2025-06-30,2,who_choice,Donald Trump,jev-1.13.0
2021,2021-08-11,2,binary_probability,0.02,jev-1.13.0
2021,2021-08-11,2,yes_no_choice,No,jev-1.13.0
2021,2021-08-11,2,who_choice,Joe Biden,jev-1.13.0
2021,2020-08-13,2,binary_probability,0.98,jev-1.13.0
2021,2020-08-13,2,yes_no_choice,Yes,jev-1.13.0
2021,2020-08-13,2,who_choice,Donald Trump,jev-1.13.0
2025,2024-02-15,2,binary_probability,0.07,jev-1.13.0
2025,2024-02-15,2,yes_no_choice,No,jev-1.13.0
2025,2024-02-15,2,who_choice,Joe Biden,jev-1.13.0
2025,2025-05-04,2,binary_probability,0.5,jev-1.13.0
2025,2025-05-04,2,yes_no_choice,Yes,jev-1.13.0
2025,2025-05-04,2,who_choice,Donald Trump,jev-1.13.0
2021,2020-04-04,2,binary_probability,0.98,jev-1.13.0
2021,2020-04-04,2,yes_no_choice,Yes,jev-1.13.0
2021,2020-04-04,2,who_choice,Donald Trump,jev-1.13.0
2021,2020-11-04,2,binary_probability,0.97,jev-1.13.0
2021,2020-11-04,2,yes_no_choice,Yes,jev-1.13.0
2021,2020-11-04,2,who_choice,Donald Trump,jev-1.13.0
2021,2021-07-02,2,binary_probability,0.02,jev-1.13.0
2021,2021-07-02,2,yes_no_choice,No,jev-1.13.0
2021,2021-07-02,2,who_choice,Joe Biden,jev-1.13.0
2025,2024-07-20,2,binary_probability,0.09,jev-1.13.0
2025,2024-07-20,2,yes_no_choice,No,jev-1.13.0
2025,2024-07-20,2,who_choice,Joe Biden,jev-1.13.0
2025,2025-03-07,2,binary_probability,0.63,jev-1.13.0
2025,2025-03-07,2,yes_no_choice,Yes,jev-1.13.0
2025,2025-03-07,2,who_choice,Donald Trump,jev-1.13.0
2021,2021-12-07,2,binary_probability,0.02,jev-1.13.0
2021,2021-12-07,2,yes_no_choice,No,jev-1.13.0
2021,2021-12-07,2,who_choice,Joe Biden,jev-1.13.0
2025,2024-07-21,2,binary_probability,0.12,jev-1.13.0
2025,2024-07-21,2,yes_no_choice,No,jev-1.13.0
2025,2024-07-21,2,who_choice,Joe Biden,jev-1.13.0
2021,2021-12-03,2,binary_probability,0.02,jev-1.13.0
2021,2021-12-03,2,yes_no_choice,No,jev-1.13.0
2021,2021-12-03,2,who_choice,Joe Biden,jev-1.13.0
2025,2024-06-25,2,binary_probability,0.07,jev-1.13.0
2025,2024-06-25,2,yes_no_choice,No,jev-1.13.0
2025,2024-06-25,2,who_choice,Joe Biden,jev-1.13.0
2025,2025-10-11,2,binary_probability,0.47,jev-1.13.0
2025,2025-10-11,2,yes_no_choice,No,jev-1.13.0
2025,2025-10-11,2,who_choice,Donald Trump,jev-1.13.0
2025,2025-09-20,2,binary_probability,0.42,jev-1.13.0
2025,2025-09-20,2,yes_no_choice,No,jev-1.13.0
2025,2025-09-20,2,who_choice,Donald Trump,jev-1.13.0
2021,2021-04-10,2,binary_probability,0.03,jev-1.13.0
2021,2021-04-10,2,yes_no_choice,No,jev-1.13.0
2021,2021-04-10,2,who_choice,Joe Biden,jev-1.13.0
2025,2024-12-09,2,binary_probability,0.32,jev-1.13.0
2025,2024-12-09,2,yes_no_choice,No,jev-1.13.0
2025,2024-12-09,2,who_choice,Donald Trump,jev-1.13.0
2025,2024-08-27,2,binary_probability,0.1,jev-1.13.0
2025,2024-08-27,2,yes_no_choice,No,jev-1.13.0
2025,2024-08-27,2,who_choice,Joe Biden,jev-1.13.0
2021,2021-08-29,2,binary_probability,0.02,jev-1.13.0
2021,2021-08-29,2,yes_no_choice,No,jev-1.13.0
2021,2021-08-29,2,who_choice,Joe Biden,jev-1.13.0
2025,2024-12-21,2,binary_probability,0.25,jev-1.13.0
2025,2024-12-21,2,yes_no_choice,No,jev-1.13.0
2025,2024-12-21,2,who_choice,Donald Trump,jev-1.13.0
2021,2020-01-23,2,binary_probability,0.98,jev-1.13.0
2021,2020-01-23,2,yes_no_choice,Yes,jev-1.13.0
2021,2020-01-23,2,who_choice,Donald Trump,jev-1.13.0
2025,2025-01-18,2,binary_probability,0.59,jev-1.13.0
2025,2025-01-18,2,yes_no_choice,Yes,jev-1.13.0
2025,2025-01-18,2,who_choice,Donald Trump,jev-1.13.0
2021,2020-11-15,2,binary_probability,0.97,jev-1.13.0
2021,2020-11-15,2,yes_no_choice,Yes,jev-1.13.0
2021,2020-11-15,2,who_choice,Donald Trump,jev-1.13.0
2025,2026-01-02,2,binary_probability,0.45,jev-1.13.0
2025,2026-01-02,2,yes_no_choice,Yes,jev-1.13.0
2025,2026-01-02,2,who_choice,Donald Trump,jev-1.13.0
2025,2024-06-19,2,binary_probability,0.07,jev-1.13.0
2025,2024-06-19,2,yes_no_choice,No,jev-1.13.0
2025,2024-06-19,2,who_choice,Joe Biden,jev-1.13.0
2021,2021-10-30,2,binary_probability,0.02,jev-1.13.0
2021,2021-10-30,2,yes_no_choice,No,jev-1.13.0
2021,2021-10-30,2,who_choice,Joe Biden,jev-1.13.0
2021,2021-02-09,2,binary_probability,0.05,jev-1.13.0
2021,2021-02-09,2,yes_no_choice,No,jev-1.13.0
2021,2021-02-09,2,who_choice,Joe Biden,jev-1.13.0
2025,2024-10-28,2,binary_probability,0.14,jev-1.13.0
2025,2024-10-28,2,yes_no_choice,No,jev-1.13.0
2025,2024-10-28,2,who_choice,Joe Biden,jev-1.13.0
2021,2021-09-22,2,binary_probability,0.01,jev-1.13.0
2021,2021-09-22,2,yes_no_choice,No,jev-1.13.0
2021,2021-09-22,2,who_choice,Joe Biden,jev-1.13.0
2025,2025-06-15,2,binary_probability,0.46,jev-1.13.0
2025,2025-06-15,2,yes_no_choice,No,jev-1.13.0
2025,2025-06-15,2,who_choice,Donald Trump,jev-1.13.0
2021,2020-04-29,2,binary_probability,0.98,jev-1.13.0
2021,2020-04-29,2,yes_no_choice,Yes,jev-1.13.0
2021,2020-04-29,2,who_choice,Donald Trump,jev-1.13.0
2021,2020-05-18,2,binary_probability,0.99,jev-1.13.0
2021,2020-05-18,2,yes_no_choice,Yes,jev-1.13.0
2021,2020-05-18,2,who_choice,Donald Trump,jev-1.13.0
2021,2021-10-18,2,binary_probability,0.02,jev-1.13.0
2021,2021-10-18,2,yes_no_choice,No,jev-1.13.0
2021,2021-10-18,2,who_choice,Joe Biden,jev-1.13.0
2021,2021-01-26,2,binary_probability,0.25,jev-1.13.0
2021,2021-01-26,2,yes_no_choice,No,jev-1.13.0
2021,2021-01-26,2,who_choice,Joe Biden,jev-1.13.0
2025,2025-08-03,2,binary_probability,0.42,jev-1.13.0
2025,2025-08-03,2,yes_no_choice,No,jev-1.13.0
2025,2025-08-03,2,who_choice,Donald Trump,jev-1.13.0
2021,2020-09-03,2,binary_probability,0.98,jev-1.13.0
2021,2020-09-03,2,yes_no_choice,Yes,jev-1.13.0
2021,2020-09-03,2,who_choice,Donald Trump,jev-1.13.0
2021,2021-01-29,2,binary_probability,0.22,jev-1.13.0
2021,2021-01-29,2,yes_no_choice,No,jev-1.13.0
2021,2021-01-29,2,who_choice,Joe Biden,jev-1.13.0
2025,2024-05-18,2,binary_probability,0.06,jev-1.13.0
2025,2024-05-18,2,yes_no_choice,No,jev-1.13.0
2025,2024-05-18,2,who_choice,Joe Biden,jev-1.13.0
2025,2025-07-12,2,binary_probability,0.44,jev-1.13.0
2025,2025-07-12,2,yes_no_choice,No,jev-1.13.0
2025,2025-07-12,2,who_choice,Donald Trump,jev-1.13.0
2025,2024-09-16,2,binary_probability,0.05,jev-1.13.0
2025,2024-09-16,2,yes_no_choice,No,jev-1.13.0
2025,2024-09-16,2,who_choice,Joe Biden,jev-1.13.0
2021,2020-04-10,2,binary_probability,0.99,jev-1.13.0
2021,2020-04-10,2,yes_no_choice,Yes,jev-1.13.0
2021,2020-04-10,2,who_choice,Donald Trump,jev-1.13.0
2021,2020-10-07,2,binary_probability,0.99,jev-1.13.0
2021,2020-10-07,2,yes_no_choice,Yes,jev-1.13.0
2021,2020-10-07,2,who_choice,Donald Trump,jev-1.13.0
2021,2020-03-03,2,binary_probability,0.98,jev-1.13.0
2021,2020-03-03,2,yes_no_choice,Yes,jev-1.13.0
2021,2020-03-03,2,who_choice,Donald Trump,jev-1.13.0
2021,2020-02-05,2,binary_probability,0.99,jev-1.13.0
2021,2020-02-05,2,yes_no_choice,Yes,jev-1.13.0
2021,2020-02-05,2,who_choice,Donald Trump,jev-1.13.0
2025,2025-10-21,2,binary_probability,0.47,jev-1.13.0
2025,2025-10-21,2,yes_no_choice,Yes,jev-1.13.0
2025,2025-10-21,2,who_choice,Donald Trump,jev-1.13.0
2021,2021-12-13,2,binary_probability,0.02,jev-1.13.0
2021,2021-12-13,2,yes_no_choice,No,jev-1.13.0
2021,2021-12-13,2,who_choice,Joe Biden,jev-1.13.0
2025,2024-08-21,2,binary_probability,0.05,jev-1.13.0
2025,2024-08-21,2,yes_no_choice,No,jev-1.13.0
2025,2024-08-21,2,who_choice,Joe Biden,jev-1.13.0
2025,2024-10-08,2,binary_probability,0.09,jev-1.13.0
2025,2024-10-08,2,yes_no_choice,No,jev-1.13.0
2025,2024-10-08,2,who_choice,Joe Biden,jev-1.13.0
2025,2025-11-20,2,binary_probability,0.57,jev-1.13.0
2025,2025-11-20,2,yes_no_choice,Yes,jev-1.13.0
2025,2025-11-20,2,who_choice,Donald Trump,jev-1.13.0
2021,2020-02-14,2,binary_probability,0.99,jev-1.13.0
2021,2020-02-14,2,yes_no_choice,Yes,jev-1.13.0
2021,2020-02-14,2,who_choice,Donald Trump,jev-1.13.0
2021,2021-05-28,2,binary_probability,0.02,jev-1.13.0
2021,2021-05-28,2,yes_no_choice,No,jev-1.13.0
2021,2021-05-28,2,who_choice,Joe Biden,jev-1.13.0
2021,2021-09-21,2,binary_probability,0.02,jev-1.13.0
2021,2021-09-21,2,yes_no_choice,No,jev-1.13.0
2021,2021-09-21,2,who_choice,Joe Biden,jev-1.13.0
2021,2021-08-15,2,binary_probability,0.02,jev-1.13.0
2021,2021-08-15,2,yes_no_choice,No,jev-1.13.0
2021,2021-08-15,2,who_choice,Joe Biden,jev-1.13.0
2021,2021-09-07,2,binary_probability,0.02,jev-1.13.0
2021,2021-09-07,2,yes_no_choice,No,jev-1.13.0
2021,2021-09-07,2,who_choice,Joe Biden,jev-1.13.0
2025,2024-03-03,2,binary_probability,0.12,jev-1.13.0
2025,2024-03-03,2,yes_no_choice,No,jev-1.13.0
2025,2024-03-03,2,who_choice,Joe Biden,jev-1.13.0
2025,2026-01-06,2,binary_probability,0.46,jev-1.13.0
2025,2026-01-06,2,yes_no_choice,Yes,jev-1.13.0
2025,2026-01-06,2,who_choice,Donald Trump,jev-1.13.0
2021,2021-11-05,2,binary_probability,0.02,jev-1.13.0
2021,2021-11-05,2,yes_no_choice,No,jev-1.13.0
2021,2021-11-05,2,who_choice,Joe Biden,jev-1.13.0
2025,2024-10-26,2,binary_probability,0.14,jev-1.13.0
2025,2024-10-26,2,yes_no_choice,No,jev-1.13.0
2025,2024-10-26,2,who_choice,Joe Biden,jev-1.13.0
2025,2025-02-20,2,binary_probability,0.71,jev-1.13.0
2025,2025-02-20,2,yes_no_choice,Yes,jev-1.13.0
2025,2025-02-20,2,who_choice,Donald Trump,jev-1.13.0
2021,2020-10-14,2,binary_probability,0.98,jev-1.13.0
2021,2020-10-14,2,yes_no_choice,Yes,jev-1.13.0
2021,2020-10-14,2,who_choice,Donald Trump,jev-1.13.0
2025,2025-07-17,2,binary_probability,0.4,jev-1.13.0
2025,2025-07-17,2,yes_no_choice,No,jev-1.13.0
2025,2025-07-17,2,who_choice,Donald Trump,jev-1.13.0
2021,2020-03-29,2,binary_probability,0.98,jev-1.13.0
2021,2020-03-29,2,yes_no_choice,Yes,jev-1.13.0
2021,2020-03-29,2,who_choice,Donald Trump,jev-1.13.0
2025,2025-08-19,2,binary_probability,0.37,jev-1.13.0
2025,2025-08-19,2,yes_no_choice,No,jev-1.13.0
2025,2025-08-19,2,who_choice,Donald Trump,jev-1.13.0
2021,2021-08-16,2,binary_probability,0.02,jev-1.13.0
2021,2021-08-16,2,yes_no_choice,No,jev-1.13.0
2021,2021-08-16,2,who_choice,Joe Biden,jev-1.13.0
2021,2020-02-15,2,binary_probability,0.99,jev-1.13.0
2021,2020-02-15,2,yes_no_choice,Yes,jev-1.13.0
2021,2020-02-15,2,who_choice,Donald Trump,jev-1.13.0
2025,2025-04-15,2,binary_probability,0.49,jev-1.13.0
2025,2025-04-15,2,yes_no_choice,No,jev-1.13.0
2025,2025-04-15,2,who_choice,Donald Trump,jev-1.13.0
2025,2025-06-09,2,binary_probability,0.45,jev-1.13.0
2025,2025-06-09,2,yes_no_choice,Yes,jev-1.13.0
2025,2025-06-09,2,who_choice,Donald Trump,jev-1.13.0
2021,2021-12-26,2,binary_probability,0.02,jev-1.13.0
2021,2021-12-26,2,yes_no_choice,No,jev-1.13.0
2021,2021-12-26,2,who_choice,Joe Biden,jev-1.13.0
2021,2020-09-26,2,binary_probability,0.98,jev-1.13.0
2021,2020-09-26,2,yes_no_choice,Yes,jev-1.13.0
2021,2020-09-26,2,who_choice,Donald Trump,jev-1.13.0
2021,2021-10-21,2,binary_probability,0.02,jev-1.13.0
2021,2021-10-21,2,yes_no_choice,No,jev-1.13.0
2021,2021-10-21,2,who_choice,Joe Biden,jev-1.13.0
2025,2024-09-29,2,binary_probability,0.05,jev-1.13.0
2025,2024-09-29,2,yes_no_choice,No,jev-1.13.0
2025,2024-09-29,2,who_choice,Joe Biden,jev-1.13.0
2021,2021-02-22,2,binary_probability,0.05,jev-1.13.0
2021,2021-02-22,2,yes_no_choice,No,jev-1.13.0
2021,2021-02-22,2,who_choice,Joe Biden,jev-1.13.0
2021,2021-08-01,2,binary_probability,0.02,jev-1.13.0
2021,2021-08-01,2,yes_no_choice,No,jev-1.13.0
2021,2021-08-01,2,who_choice,Joe Biden,jev-1.13.0
2021,2020-09-19,2,binary_probability,0.98,jev-1.13.0
2021,2020-09-19,2,yes_no_choice,Yes,jev-1.13.0
2021,2020-09-19,2,who_choice,Donald Trump,jev-1.13.0
2021,2020-07-21,2,binary_probability,0.98,jev-1.13.0
2021,2020-07-21,2,yes_no_choice,Yes,jev-1.13.0
2021,2020-07-21,2,who_choice,Donald Trump,jev-1.13.0
2021,2020-03-26,2,binary_probability,0.99,jev-1.13.0
2021,2020-03-26,2,yes_no_choice,Yes,jev-1.13.0
2021,2020-03-26,2,who_choice,Donald Trump,jev-1.13.0
2021,2021-08-07,2,binary_probability,0.02,jev-1.13.0
2021,2021-08-07,2,yes_no_choice,No,jev-1.13.0
2021,2021-08-07,2,who_choice,Joe Biden,jev-1.13.0
2021,2020-09-12,2,binary_probability,0.99,jev-1.13.0
2021,2020-09-12,2,yes_no_choice,Yes,jev-1.13.0
2021,2020-09-12,2,who_choice,Donald Trump,jev-1.13.0
2025,2025-06-08,2,binary_probability,0.51,jev-1.13.0
2025,2025-06-08,2,yes_no_choice,Yes,jev-1.13.0
2025,2025-06-08,2,who_choice,Donald Trump,jev-1.13.0
2021,2021-06-12,2,binary_probability,0.02,jev-1.13.0
2021,2021-06-12,2,yes_no_choice,No,jev-1.13.0
2021,2021-06-12,2,who_choice,Joe Biden,jev-1.13.0
2025,2024-08-12,2,binary_probability,0.08,jev-1.13.0
2025,2024-08-12,2,yes_no_choice,No,jev-1.13.0
2025,2024-08-12,2,who_choice,Joe Biden,jev-1.13.0
2025,2025-03-31,2,binary_probability,0.58,jev-1.13.0
2025,2025-03-31,2,yes_no_choice,Yes,jev-1.13.0
2025,2025-03-31,2,who_choice,Donald Trump,jev-1.13.0
2025,2024-06-07,2,binary_probability,0.07,jev-1.13.0
2025,2024-06-07,2,yes_no_choice,No,jev-1.13.0
2025,2024-06-07,2,who_choice,Joe Biden,jev-1.13.0
2025,2025-10-17,2,binary_probability,0.45,jev-1.13.0
2025,2025-10-17,2,yes_no_choice,Yes,jev-1.13.0
2025,2025-10-17,2,who_choice,Donald Trump,jev-1.13.0
2025,2026-01-10,2,binary_probability,0.48,jev-1.13.0
2025,2026-01-10,2,yes_no_choice,Yes,jev-1.13.0
2025,2026-01-10,2,who_choice,Donald Trump,jev-1.13.0
2025,2024-10-18,2,binary_probability,0.14,jev-1.13.0
2025,2024-10-18,2,yes_no_choice,No,jev-1.13.0
2025,2024-10-18,2,who_choice,Joe Biden,jev-1.13.0
2025,2024-10-12,2,binary_probability,0.16,jev-1.13.0
2025,2024-10-12,2,yes_no_choice,No,jev-1.13.0
2025,2024-10-12,2,who_choice,Joe Biden,jev-1.13.0
2025,2024-03-30,2,binary_probability,0.07,jev-1.13.0
2025,2024-03-30,2,yes_no_choice,No,jev-1.13.0
2025,2024-03-30,2,who_choice,Joe Biden,jev-1.13.0
2021,2020-05-02,2,binary_probability,0.99,jev-1.13.0
2021,2020-05-02,2,yes_no_choice,Yes,jev-1.13.0
2021,2020-05-02,2,who_choice,Donald Trump,jev-1.13.0
2025,2025-02-02,2,binary_probability,0.68,jev-1.13.0
2025,2025-02-02,2,yes_no_choice,Yes,jev-1.13.0
2025,2025-02-02,2,who_choice,Donald Trump,jev-1.13.0
2025,2024-02-27,2,binary_probability,0.08,jev-1.13.0
2025,2024-02-27,2,yes_no_choice,No,jev-1.13.0
2025,2024-02-27,2,who_choice,Joe Biden,jev-1.13.0
2021,2021-10-07,2,binary_probability,0.02,jev-1.13.0
2021,2021-10-07,2,yes_no_choice,No,jev-1.13.0
2021,2021-10-07,2,who_choice,Joe Biden,jev-1.13.0
2025,2025-01-24,2,binary_probability,0.62,jev-1.13.0
2025,2025-01-24,2,yes_no_choice,Yes,jev-1.13.0
2025,2025-01-24,2,who_choice,Donald Trump,jev-1.13.0
2025,2025-10-03,2,binary_probability,0.45,jev-1.13.0
2025,2025-10-03,2,yes_no_choice,No,jev-1.13.0
2025,2025-10-03,2,who_choice,Donald Trump,jev-1.13.0
2021,2020-03-28,2,binary_probability,0.99,jev-1.13.0
2021,2020-03-28,2,yes_no_choice,Yes,jev-1.13.0
2021,2020-03-28,2,who_choice,Donald Trump,jev-1.13.0
2025,2024-09-30,2,binary_probability,0.06,jev-1.13.0
2025,2024-09-30,2,yes_no_choice,No,jev-1.13.0
2025,2024-09-30,2,who_choice,Joe Biden,jev-1.13.0
2025,2024-11-10,2,binary_probability,0.14,jev-1.13.0
2025,2024-11-10,2,yes_no_choice,No,jev-1.13.0
2025,2024-11-10,2,who_choice,Joe Biden,jev-1.13.0
2021,2021-12-24,2,binary_probability,0.01,jev-1.13.0
2021,2021-12-24,2,yes_no_choice,No,jev-1.13.0
2021,2021-12-24,2,who_choice,Joe Biden,jev-1.13.0
2021,2020-03-24,2,binary_probability,0.99,jev-1.13.0
2021,2020-03-24,2,yes_no_choice,Yes,jev-1.13.0
2021,2020-03-24,2,who_choice,Donald Trump,jev-1.13.0
2021,2021-06-11,2,binary_probability,0.02,jev-1.13.0
2021,2021-06-11,2,yes_no_choice,No,jev-1.13.0
2021,2021-06-11,2,who_choice,Joe Biden,jev-1.13.0
2021,2020-02-26,2,binary_probability,0.98,jev-1.13.0
2021,2020-02-26,2,yes_no_choice,Yes,jev-1.13.0
2021,2020-02-26,2,who_choice,Donald Trump,jev-1.13.0
2021,2021-05-06,2,binary_probability,0.04,jev-1.13.0
2021,2021-05-06,2,yes_no_choice,No,jev-1.13.0
2021,2021-05-06,2,who_choice,Joe Biden,jev-1.13.0
2021,2020-06-09,2,binary_probability,0.99,jev-1.13.0
2021,2020-06-09,2,yes_no_choice,Yes,jev-1.13.0
2021,2020-06-09,2,who_choice,Donald Trump,jev-1.13.0
2021,2022-01-18,2,binary_probability,0.08,jev-1.13.0
2021,2022-01-18,2,yes_no_choice,No,jev-1.13.0
2021,2022-01-18,2,who_choice,Joe Biden,jev-1.13.0
2021,2020-04-06,2,binary_probability,0.98,jev-1.13.0
2021,2020-04-06,2,yes_no_choice,Yes,jev-1.13.0
2021,2020-04-06,2,who_choice,Donald Trump,jev-1.13.0
2025,2025-09-18,2,binary_probability,0.46,jev-1.13.0
2025,2025-09-18,2,yes_no_choice,No,jev-1.13.0
2025,2025-09-18,2,who_choice,Donald Trump,jev-1.13.0
2025,2024-10-17,2,binary_probability,0.14,jev-1.13.0
2025,2024-10-17,2,yes_no_choice,No,jev-1.13.0
2025,2024-10-17,2,who_choice,Joe Biden,jev-1.13.0
2025,2025-01-19,2,binary_probability,0.63,jev-1.13.0
2025,2025-01-19,2,yes_no_choice,Yes,jev-1.13.0
2025,2025-01-19,2,who_choice,Donald Trump,jev-1.13.0
2021,2021-02-06,2,binary_probability,0.3,jev-1.13.0
2021,2021-02-06,2,yes_no_choice,No,jev-1.13.0
2021,2021-02-06,2,who_choice,Joe Biden,jev-1.13.0
2025,2024-04-30,2,binary_probability,0.06,jev-1.13.0
2025,2024-04-30,2,yes_no_choice,No,jev-1.13.0
2025,2024-04-30,2,who_choice,Joe Biden,jev-1.13.0
2021,2020-10-19,2,binary_probability,0.99,jev-1.13.0
2021,2020-10-19,2,yes_no_choice,Yes,jev-1.13.0
2021,2020-10-19,2,who_choice,Donald Trump,jev-1.13.0
2021,2021-12-18,2,binary_probability,0.02,jev-1.13.0
2021,2021-12-18,2,yes_no_choice,No,jev-1.13.0
2021,2021-12-18,2,who_choice,Joe Biden,jev-1.13.0
2021,2020-09-11,2,binary_probability,0.98,jev-1.13.0
2021,2020-09-11,2,yes_no_choice,Yes,jev-1.13.0
2021,2020-09-11,2,who_choice,Donald Trump,jev-1.13.0
2025,2026-01-18,2,binary_probability,0.46,jev-1.13.0
2025,2026-01-18,2,yes_no_choice,Yes,jev-1.13.0
2025,2026-01-18,2,who_choice,Donald Trump,jev-1.13.0
2025,2025-10-22,2,binary_probability,0.49,jev-1.13.0
2025,2025-10-22,2,yes_no_choice,Yes,jev-1.13.0
2025,2025-10-22,2,who_choice,Donald Trump,jev-1.13.0
2021,2022-01-04,2,binary_probability,0.08,jev-1.13.0
2021,2022-01-04,2,yes_no_choice,No,jev-1.13.0
2021,2022-01-04,2,who_choice,Joe Biden,jev-1.13.0
2025,2024-01-27,2,binary_probability,0.23,jev-1.13.0
2025,2024-01-27,2,yes_no_choice,No,jev-1.13.0
2025,2024-01-27,2,who_choice,Joe Biden,jev-1.13.0
2025,2025-09-22,2,binary_probability,0.38,jev-1.13.0
2025,2025-09-22,2,yes_no_choice,No,jev-1.13.0
2025,2025-09-22,2,who_choice,Donald Trump,jev-1.13.0
2021,2020-05-12,2,binary_probability,0.98,jev-1.13.0
2021,2020-05-12,2,yes_no_choice,Yes,jev-1.13.0
2021,2020-05-12,2,who_choice,Donald Trump,jev-1.13.0
2021,2021-08-08,2,binary_probability,0.02,jev-1.13.0
2021,2021-08-08,2,yes_no_choice,No,jev-1.13.0
2021,2021-08-08,2,who_choice,Joe Biden,jev-1.13.0
2021,2021-04-06,2,binary_probability,0.04,jev-1.13.0
2021,2021-04-06,2,yes_no_choice,No,jev-1.13.0
2021,2021-04-06,2,who_choice,Joe Biden,jev-1.13.0
2021,2020-06-05,2,binary_probability,0.98,jev-1.13.0
2021,2020-06-05,2,yes_no_choice,Yes,jev-1.13.0
2021,2020-06-05,2,who_choice,Donald Trump,jev-1.13.0
2025,2024-10-05,2,binary_probability,0.09,jev-1.13.0
2025,2024-10-05,2,yes_no_choice,No,jev-1.13.0
2025,2024-10-05,2,who_choice,Joe Biden,jev-1.13.0
2025,2025-01-30,2,binary_probability,0.54,jev-1.13.0
2025,2025-01-30,2,yes_no_choice,Yes,jev-1.13.0
2025,2025-01-30,2,who_choice,Donald Trump,jev-1.13.0
2021,2021-12-28,2,binary_probability,0.02,jev-1.13.0
2021,2021-12-28,2,yes_no_choice,No,jev-1.13.0
2021,2021-12-28,2,who_choice,Joe Biden,jev-1.13.0
2021,2020-07-02,2,binary_probability,0.98,jev-1.13.0
2021,2020-07-02,2,yes_no_choice,Yes,jev-1.13.0
2021,2020-07-02,2,who_choice,Donald Trump,jev-1.13.0
2025,2025-12-29,2,binary_probability,0.62,jev-1.13.0
2025,2025-12-29,2,yes_no_choice,Yes,jev-1.13.0
2025,2025-12-29,2,who_choice,Donald Trump,jev-1.13.0
2025,2025-01-23,2,binary_probability,0.66,jev-1.13.0
2025,2025-01-23,2,yes_no_choice,Yes,jev-1.13.0
2025,2025-01-23,2,who_choice,Donald Trump,jev-1.13.0
2021,2021-01-18,2,binary_probability,0.92,jev-1.13.0
2021,2021-01-18,2,yes_no_choice,No,jev-1.13.0
2021,2021-01-18,2,who_choice,Joe Biden,jev-1.13.0
2025,2025-02-01,2,binary_probability,0.71,jev-1.13.0
2025,2025-02-01,2,yes_no_choice,Yes,jev-1.13.0
2025,2025-02-01,2,who_choice,Donald Trump,jev-1.13.0
2021,2021-04-01,2,binary_probability,0.04,jev-1.13.0
2021,2021-04-01,2,yes_no_choice,No,jev-1.13.0
2021,2021-04-01,2,who_choice,Joe Biden,jev-1.13.0
2021,2021-03-16,2,binary_probability,0.03,jev-1.13.0
2021,2021-03-16,2,yes_no_choice,No,jev-1.13.0
2021,2021-03-16,2,who_choice,Joe Biden,jev-1.13.0
2021,2020-02-01,2,binary_probability,0.99,jev-1.13.0
2021,2020-02-01,2,yes_no_choice,Yes,jev-1.13.0
2021,2020-02-01,2,who_choice,Donald Trump,jev-1.13.0
2025,2025-08-16,2,binary_probability,0.41,jev-1.13.0
2025,2025-08-16,2,yes_no_choice,No,jev-1.13.0
2025,2025-08-16,2,who_choice,Donald Trump,jev-1.13.0
2025,2024-05-25,2,binary_probability,0.05,jev-1.13.0
2025,2024-05-25,2,yes_no_choice,No,jev-1.13.0
2025,2024-05-25,2,who_choice,Joe Biden,jev-1.13.0
2025,2024-07-05,2,binary_probability,0.09,jev-1.13.0
2025,2024-07-05,2,yes_no_choice,No,jev-1.13.0
2025,2024-07-05,2,who_choice,Joe Biden,jev-1.13.0
2025,2024-07-22,2,binary_probability,0.11,jev-1.13.0
2025,2024-07-22,2,yes_no_choice,No,jev-1.13.0
2025,2024-07-22,2,who_choice,Joe Biden,jev-1.13.0
2025,2024-07-15,2,binary_probability,0.07,jev-1.13.0
2025,2024-07-15,2,yes_no_choice,No,jev-1.13.0
2025,2024-07-15,2,who_choice,Joe Biden,jev-1.13.0
2021,2020-12-13,2,binary_probability,0.97,jev-1.13.0
2021,2020-12-13,2,yes_no_choice,Yes,jev-1.13.0
2021,2020-12-13,2,who_choice,Donald Trump,jev-1.13.0
2025,2024-12-02,2,binary_probability,0.32,jev-1.13.0
2025,2024-12-02,2,yes_no_choice,No,jev-1.13.0
2025,2024-12-02,2,who_choice,Donald Trump,jev-1.13.0
2021,2020-10-16,2,binary_probability,0.99,jev-1.13.0
2021,2020-10-16,2,yes_no_choice,Yes,jev-1.13.0
2021,2020-10-16,2,who_choice,Donald Trump,jev-1.13.0
2025,2024-02-01,2,binary_probability,0.07,jev-1.13.0
2025,2024-02-01,2,yes_no_choice,No,jev-1.13.0
2025,2024-02-01,2,who_choice,Joe Biden,jev-1.13.0
2025,2025-10-16,2,binary_probability,0.44,jev-1.13.0
2025,2025-10-16,2,yes_no_choice,Yes,jev-1.13.0
2025,2025-10-16,2,who_choice,Donald Trump,jev-1.13.0
2025,2024-06-22,2,binary_probability,0.04,jev-1.13.0
2025,2024-06-22,2,yes_no_choice,No,jev-1.13.0
2025,2024-06-22,2,who_choice,Joe Biden,jev-1.13.0
2021,2021-05-13,2,binary_probability,0.04,jev-1.13.0
2021,2021-05-13,2,yes_no_choice,No,jev-1.13.0
2021,2021-05-13,2,who_choice,Joe Biden,jev-1.13.0
2021,2020-10-24,2,binary_probability,0.98,jev-1.13.0
2021,2020-10-24,2,yes_no_choice,Yes,jev-1.13.0
2021,2020-10-24,2,who_choice,Donald Trump,jev-1.13.0
2025,2024-02-07,2,binary_probability,0.07,jev-1.13.0
2025,2024-02-07,2,yes_no_choice,No,jev-1.13.0
2025,2024-02-07,2,who_choice,Joe Biden,jev-1.13.0
2021,2020-07-19,2,binary_probability,0.98,jev-1.13.0
2021,2020-07-19,2,yes_no_choice,Yes,jev-1.13.0
2021,2020-07-19,2,who_choice,Donald Trump,jev-1.13.0
2025,2024-08-10,2,binary_probability,0.07,jev-1.13.0
2025,2024-08-10,2,yes_no_choice,No,jev-1.13.0
2025,2024-08-10,2,who_choice,Joe Biden,jev-1.13.0
2025,2025-06-02,2,binary_probability,0.52,jev-1.13.0
2025,2025-06-02,2,yes_no_choice,No,jev-1.13.0
2025,2025-06-02,2,who_choice,Donald Trump,jev-1.13.0
2025,2025-10-02,2,binary_probability,0.43,jev-1.13.0
2025,2025-10-02,2,yes_no_choice,Yes,jev-1.13.0
2025,2025-10-02,2,who_choice,Donald Trump,jev-1.13.0
2021,2021-09-18,2,binary_probability,0.02,jev-1.13.0
2021,2021-09-18,2,yes_no_choice,No,jev-1.13.0
2021,2021-09-18,2,who_choice,Joe Biden,jev-1.13.0
2021,2020-04-26,2,binary_probability,0.99,jev-1.13.0
2021,2020-04-26,2,yes_no_choice,Yes,jev-1.13.0
2021,2020-04-26,2,who_choice,Donald Trump,jev-1.13.0
2021,2021-10-05,2,binary_probability,0.03,jev-1.13.0
2021,2021-10-05,2,yes_no_choice,No,jev-1.13.0
2021,2021-10-05,2,who_choice,Joe Biden,jev-1.13.0
2021,2022-01-20,2,binary_probability,0.07,jev-1.13.0
2021,2022-01-20,2,yes_no_choice,No,jev-1.13.0
2021,2022-01-20,2,who_choice,Joe Biden,jev-1.13.0
2021,2020-10-23,2,binary_probability,0.98,jev-1.13.0
2021,2020-10-23,2,yes_no_choice,Yes,jev-1.13.0
2021,2020-10-23,2,who_choice,Donald Trump,jev-1.13.0
2021,2022-01-03,2,binary_probability,0.08,jev-1.13.0
2021,2022-01-03,2,yes_no_choice,No,jev-1.13.0
2021,2022-01-03,2,who_choice,Joe Biden,jev-1.13.0
2021,2021-07-01,2,binary_probability,0.02,jev-1.13.0
2021,2021-07-01,2,yes_no_choice,No,jev-1.13.0
2021,2021-07-01,2,who_choice,Joe Biden,jev-1.13.0
2025,2024-02-26,2,binary_probability,0.06,jev-1.13.0
2025,2024-02-26,2,yes_no_choice,No,jev-1.13.0
2025,2024-02-26,2,who_choice,Joe Biden,jev-1.13.0
2025,2025-10-07,2,binary_probability,0.49,jev-1.13.0
2025,2025-10-07,2,yes_no_choice,No,jev-1.13.0
2025,2025-10-07,2,who_choice,Donald Trump,jev-1.13.0
2025,2024-08-15,2,binary_probability,0.14,jev-1.13.0
2025,2024-08-15,2,yes_no_choice,No,jev-1.13.0
2025,2024-08-15,2,who_choice,Joe Biden,jev-1.13.0
2025,2025-07-24,2,binary_probability,0.48,jev-1.13.0
2025,2025-07-24,2,yes_no_choice,Yes,jev-1.13.0
2025,2025-07-24,2,who_choice,Donald Trump,jev-1.13.0
2021,2020-08-22,2,binary_probability,0.99,jev-1.13.0
2021,2020-08-22,2,yes_no_choice,Yes,jev-1.13.0
2021,2020-08-22,2,who_choice,Donald Trump,jev-1.13.0
2021,2021-11-01,2,binary_probability,0.02,jev-1.13.0
2021,2021-11-01,2,yes_no_choice,No,jev-1.13.0
2021,2021-11-01,2,who_choice,Joe Biden,jev-1.13.0
2025,2025-03-27,2,binary_probability,0.56,jev-1.13.0
2025,2025-03-27,2,yes_no_choice,Yes,jev-1.13.0
2025,2025-03-27,2,who_choice,Donald Trump,jev-1.13.0
2021,2020-08-14,2,binary_probability,0.98,jev-1.13.0
2021,2020-08-14,2,yes_no_choice,Yes,jev-1.13.0
2021,2020-08-14,2,who_choice,Donald Trump,jev-1.13.0
2021,2020-11-10,2,binary_probability,0.97,jev-1.13.0
2021,2020-11-10,2,yes_no_choice,Yes,jev-1.13.0
2021,2020-11-10,2,who_choice,Donald Trump,jev-1.13.0
2021,2020-10-04,2,binary_probability,0.98,jev-1.13.0
2021,2020-10-04,2,yes_no_choice,Yes,jev-1.13.0
2021,2020-10-04,2,who_choice,Donald Trump,jev-1.13.0
2025,2024-08-24,2,binary_probability,0.06,jev-1.13.0
2025,2024-08-24,2,yes_no_choice,No,jev-1.13.0
2025,2024-08-24,2,who_choice,Joe Biden,jev-1.13.0
2025,2024-02-25,2,binary_probability,0.07,jev-1.13.0
2025,2024-02-25,2,yes_no_choice,No,jev-1.13.0
2025,2024-02-25,2,who_choice,Joe Biden,jev-1.13.0
2025,2025-04-10,2,binary_probability,0.49,jev-1.13.0
2025,2025-04-10,2,yes_no_choice,No,jev-1.13.0
2025,2025-04-10,2,who_choice,Donald Trump,jev-1.13.0
2025,2025-01-25,2,binary_probability,0.54,jev-1.13.0
2025,2025-01-25,2,yes_no_choice,Yes,jev-1.13.0
2025,2025-01-25,2,who_choice,Donald Trump,jev-1.13.0
2021,2021-05-01,2,binary_probability,0.03,jev-1.13.0
2021,2021-05-01,2,yes_no_choice,No,jev-1.13.0
2021,2021-05-01,2,who_choice,Joe Biden,jev-1.13.0
2025,2025-06-24,2,binary_probability,0.46,jev-1.13.0
2025,2025-06-24,2,yes_no_choice,No,jev-1.13.0
2025,2025-06-24,2,who_choice,Donald Trump,jev-1.13.0
2021,2020-04-28,2,binary_probability,0.98,jev-1.13.0
2021,2020-04-28,2,yes_no_choice,Yes,jev-1.13.0
2021,2020-04-28,2,who_choice,Donald Trump,jev-1.13.0
2025,2024-03-16,2,binary_probability,0.08,jev-1.13.0
2025,2024-03-16,2,yes_no_choice,No,jev-1.13.0
2025,2024-03-16,2,who_choice,Joe Biden,jev-1.13.0
2021,2020-08-17,2,binary_probability,0.98,jev-1.13.0
2021,2020-08-17,2,yes_no_choice,Yes,jev-1.13.0
2021,2020-08-17,2,who_choice,Donald Trump,jev-1.13.0
2025,2025-02-25,2,binary_probability,0.65,jev-1.13.0
2025,2025-02-25,2,yes_no_choice,Yes,jev-1.13.0
2025,2025-02-25,2,who_choice,Donald Trump,jev-1.13.0
2025,2025-06-04,2,binary_probability,0.48,jev-1.13.0
2025,2025-06-04,2,yes_no_choice,No,jev-1.13.0
2025,2025-06-04,2,who_choice,Donald Trump,jev-1.13.0
2025,2024-07-13,2,binary_probability,0.11,jev-1.13.0
2025,2024-07-13,2,yes_no_choice,No,jev-1.13.0
2025,2024-07-13,2,who_choice,Joe Biden,jev-1.13.0
2025,2026-01-08,2,binary_probability,0.52,jev-1.13.0
2025,2026-01-08,2,yes_no_choice,Yes,jev-1.13.0
2025,2026-01-08,2,who_choice,Donald Trump,jev-1.13.0
2021,2021-12-14,2,binary_probability,0.03,jev-1.13.0
2021,2021-12-14,2,yes_no_choice,No,jev-1.13.0
2021,2021-12-14,2,who_choice,Joe Biden,jev-1.13.0
2025,2025-12-17,2,binary_probability,0.55,jev-1.13.0
2025,2025-12-17,2,yes_no_choice,Yes,jev-1.13.0
2025,2025-12-17,2,who_choice,Donald Trump,jev-1.13.0
2025,2025-09-30,2,binary_probability,0.42,jev-1.13.0
2025,2025-09-30,2,yes_no_choice,Yes,jev-1.13.0
2025,2025-09-30,2,who_choice,Donald Trump,jev-1.13.0
2025,2025-05-27,2,binary_probability,0.48,jev-1.13.0
2025,2025-05-27,2,yes_no_choice,Yes,jev-1.13.0
2025,2025-05-27,2,who_choice,Donald Trump,jev-1.13.0
2025,2026-01-12,2,binary_probability,0.47,jev-1.13.0
2025,2026-01-12,2,yes_no_choice,Yes,jev-1.13.0
2025,2026-01-12,2,who_choice,Donald Trump,jev-1.13.0
2025,2025-12-14,2,binary_probability,0.55,jev-1.13.0
2025,2025-12-14,2,yes_no_choice,Yes,jev-1.13.0
2025,2025-12-14,2,who_choice,Donald Trump,jev-1.13.0
2021,2020-11-24,2,binary_probability,0.97,jev-1.13.0
2021,2020-11-24,2,yes_no_choice,Yes,jev-1.13.0
2021,2020-11-24,2,who_choice,Donald Trump,jev-1.13.0
2025,2025-03-22,2,binary_probability,0.59,jev-1.13.0
2025,2025-03-22,2,yes_no_choice,Yes,jev-1.13.0
2025,2025-03-22,2,who_choice,Donald Trump,jev-1.13.0
2021,2020-11-08,2,binary_probability,0.96,jev-1.13.0
2021,2020-11-08,2,yes_no_choice,Yes,jev-1.13.0
2021,2020-11-08,2,who_choice,Donald Trump,jev-1.13.0
2021,2021-03-19,2,binary_probability,0.03,jev-1.13.0
2021,2021-03-19,2,yes_no_choice,No,jev-1.13.0
2021,2021-03-19,2,who_choice,Joe Biden,jev-1.13.0
2025,2024-11-04,2,binary_probability,0.21,jev-1.13.0
2025,2024-11-04,2,yes_no_choice,No,jev-1.13.0
2025,2024-11-04,2,who_choice,Joe Biden,jev-1.13.0
2021,2020-01-21,2,binary_probability,0.82,jev-1.13.0
2021,2020-01-21,2,yes_no_choice,Yes,jev-1.13.0
2021,2020-01-21,2,who_choice,Donald Trump,jev-1.13.0
2021,2021-12-09,2,binary_probability,0.02,jev-1.13.0
2021,2021-12-09,2,yes_no_choice,No,jev-1.13.0
2021,2021-12-09,2,who_choice,Joe Biden,jev-1.13.0
2021,2021-11-14,2,binary_probability,0.02,jev-1.13.0
2021,2021-11-14,2,yes_no_choice,No,jev-1.13.0
2021,2021-11-14,2,who_choice,Joe Biden,jev-1.13.0
2025,2025-11-02,2,binary_probability,0.5,jev-1.13.0
2025,2025-11-02,2,yes_no_choice,Yes,jev-1.13.0
2025,2025-11-02,2,who_choice,Donald Trump,jev-1.13.0
2025,2024-03-11,2,binary_probability,0.1,jev-1.13.0
2025,2024-03-11,2,yes_no_choice,No,jev-1.13.0
2025,2024-03-11,2,who_choice,Joe Biden,jev-1.13.0
2021,2020-12-01,2,binary_probability,0.97,jev-1.13.0
2021,2020-12-01,2,yes_no_choice,Yes,jev-1.13.0
2021,2020-12-01,2,who_choice,Donald Trump,jev-1.13.0
2025,2024-01-26,2,binary_probability,0.12,jev-1.13.0
2025,2024-01-26,2,yes_no_choice,No,jev-1.13.0
2025,2024-01-26,2,who_choice,Joe Biden,jev-1.13.0
2025,2024-04-21,2,binary_probability,0.05,jev-1.13.0
2025,2024-04-21,2,yes_no_choice,No,jev-1.13.0
2025,2024-04-21,2,who_choice,Joe Biden,jev-1.13.0
2021,2021-11-07,2,binary_probability,0.02,jev-1.13.0
2021,2021-11-07,2,yes_no_choice,No,jev-1.13.0
2021,2021-11-07,2,who_choice,Joe Biden,jev-1.13.0
2021,2021-03-27,2,binary_probability,0.02,jev-1.13.0
2021,2021-03-27,2,yes_no_choice,No,jev-1.13.0
2021,2021-03-27,2,who_choice,Joe Biden,jev-1.13.0
2025,2024-12-15,2,binary_probability,0.2,jev-1.13.0
2025,2024-12-15,2,yes_no_choice,No,jev-1.13.0
2025,2024-12-15,2,who_choice,Donald Trump,jev-1.13.0
2021,2022-01-01,2,binary_probability,0.06,jev-1.13.0
2021,2022-01-01,2,yes_no_choice,No,jev-1.13.0
2021,2022-01-01,2,who_choice,Joe Biden,jev-1.13.0
2025,2024-12-27,2,binary_probability,0.32,jev-1.13.0
2025,2024-12-27,2,yes_no_choice,No,jev-1.13.0
2025,2024-12-27,2,who_choice,Donald Trump,jev-1.13.0
2021,2020-03-11,2,binary_probability,0.99,jev-1.13.0
2021,2020-03-11,2,yes_no_choice,Yes,jev-1.13.0
2021,2020-03-11,2,who_choice,Donald Trump,jev-1.13.0
2025,2024-07-08,2,binary_probability,0.08,jev-1.13.0
2025,2024-07-08,2,yes_no_choice,No,jev-1.13.0
2025,2024-07-08,2,who_choice,Joe Biden,jev-1.13.0
2025,2024-07-30,2,binary_probability,0.08,jev-1.13.0
2025,2024-07-30,2,yes_no_choice,No,jev-1.13.0
2025,2024-07-30,2,who_choice,Joe Biden,jev-1.13.0
2021,2021-05-05,2,binary_probability,0.04,jev-1.13.0
2021,2021-05-05,2,yes_no_choice,No,jev-1.13.0
2021,2021-05-05,2,who_choice,Joe Biden,jev-1.13.0
2025,2025-04-14,2,binary_probability,0.48,jev-1.13.0
2025,2025-04-14,2,yes_no_choice,Yes,jev-1.13.0
2025,2025-04-14,2,who_choice,Donald Trump,jev-1.13.0
2025,2025-06-19,2,binary_probability,0.41,jev-1.13.0
2025,2025-06-19,2,yes_no_choice,No,jev-1.13.0
2025,2025-06-19,2,who_choice,Donald Trump,jev-1.13.0
2025,2024-09-28,2,binary_probability,0.05,jev-1.13.0
2025,2024-09-28,2,yes_no_choice,No,jev-1.13.0
2025,2024-09-28,2,who_choice,Joe Biden,jev-1.13.0
2025,2024-04-02,2,binary_probability,0.06,jev-1.13.0
2025,2024-04-02,2,yes_no_choice,No,jev-1.13.0
2025,2024-04-02,2,who_choice,Joe Biden,jev-1.13.0
2025,2025-10-25,2,binary_probability,0.51,jev-1.13.0
2025,2025-10-25,2,yes_no_choice,Yes,jev-1.13.0
2025,2025-10-25,2,who_choice,Donald Trump,jev-1.13.0
2025,2024-02-11,2,binary_probability,0.08,jev-1.13.0
2025,2024-02-11,2,yes_no_choice,No,jev-1.13.0
2025,2024-02-11,2,who_choice,Joe Biden,jev-1.13.0
2021,2021-03-09,2,binary_probability,0.03,jev-1.13.0
2021,2021-03-09,2,yes_no_choice,No,jev-1.13.0
2021,2021-03-09,2,who_choice,Joe Biden,jev-1.13.0
2021,2020-04-23,2,binary_probability,0.99,jev-1.13.0
2021,2020-04-23,2,yes_no_choice,Yes,jev-1.13.0
2021,2020-04-23,2,who_choice,Donald Trump,jev-1.13.0
2021,2020-12-31,2,binary_probability,0.97,jev-1.13.0
2021,2020-12-31,2,yes_no_choice,Yes,jev-1.13.0
2021,2020-12-31,2,who_choice,Donald Trump,jev-1.13.0
2025,2024-09-06,2,binary_probability,0.06,jev-1.13.0
2025,2024-09-06,2,yes_no_choice,No,jev-1.13.0
2025,2024-09-06,2,who_choice,Joe Biden,jev-1.13.0
2025,2025-01-13,2,binary_probability,0.55,jev-1.13.0
2025,2025-01-13,2,yes_no_choice,Yes,jev-1.13.0
2025,2025-01-13,2,who_choice,Donald Trump,jev-1.13.0
2025,2024-04-09,2,binary_probability,0.06,jev-1.13.0
2025,2024-04-09,2,yes_no_choice,No,jev-1.13.0
2025,2024-04-09,2,who_choice,Joe Biden,jev-1.13.0
2021,2021-11-21,2,binary_probability,0.03,jev-1.13.0
2021,2021-11-21,2,yes_no_choice,No,jev-1.13.0
2021,2021-11-21,2,who_choice,Joe Biden,jev-1.13.0
2025,2024-10-24,2,binary_probability,0.14,jev-1.13.0
2025,2024-10-24,2,yes_no_choice,No,jev-1.13.0
2025,2024-10-24,2,who_choice,Joe Biden,jev-1.13.0
2021,2021-02-08,2,binary_probability,0.05,jev-1.13.0
2021,2021-02-08,2,yes_no_choice,No,jev-1.13.0
2021,2021-02-08,2,who_choice,Joe Biden,jev-1.13.0
2021,2021-09-03,2,binary_probability,0.02,jev-1.13.0
2021,2021-09-03,2,yes_no_choice,No,jev-1.13.0
2021,2021-09-03,2,who_choice,Joe Biden,jev-1.13.0
2021,2020-09-09,2,binary_probability,0.99,jev-1.13.0
2021,2020-09-09,2,yes_no_choice,Yes,jev-1.13.0
2021,2020-09-09,2,who_choice,Donald Trump,jev-1.13.0
2025,2025-06-20,2,binary_probability,0.45,jev-1.13.0
2025,2025-06-20,2,yes_no_choice,No,jev-1.13.0
2025,2025-06-20,2,who_choice,Donald Trump,jev-1.13.0
2025,2025-06-16,2,binary_probability,0.48,jev-1.13.0
2025,2025-06-16,2,yes_no_choice,No,jev-1.13.0
2025,2025-06-16,2,who_choice,Donald Trump,jev-1.13.0
2021,2021-03-20,2,binary_probability,0.03,jev-1.13.0
2021,2021-03-20,2,yes_no_choice,No,jev-1.13.0
2021,2021-03-20,2,who_choice,Joe Biden,jev-1.13.0
2025,2024-12-05,2,binary_probability,0.24,jev-1.13.0
2025,2024-12-05,2,yes_no_choice,No,jev-1.13.0
2025,2024-12-05,2,who_choice,Donald Trump,jev-1.13.0
2021,2021-12-20,2,binary_probability,0.02,jev-1.13.0
2021,2021-12-20,2,yes_no_choice,No,jev-1.13.0
2021,2021-12-20,2,who_choice,Joe Biden,jev-1.13.0
2025,2024-04-28,2,binary_probability,0.05,jev-1.13.0
2025,2024-04-28,2,yes_no_choice,No,jev-1.13.0
2025,2024-04-28,2,who_choice,Joe Biden,jev-1.13.0
2021,2020-09-06,2,binary_probability,0.98,jev-1.13.0
2021,2020-09-06,2,yes_no_choice,Yes,jev-1.13.0
2021,2020-09-06,2,who_choice,Donald Trump,jev-1.13.0
2021,2022-01-10,2,binary_probability,0.08,jev-1.13.0
2021,2022-01-10,2,yes_no_choice,No,jev-1.13.0
2021,2022-01-10,2,who_choice,Joe Biden,jev-1.13.0
2025,2025-11-16,2,binary_probability,0.51,jev-1.13.0
2025,2025-11-16,2,yes_no_choice,Yes,jev-1.13.0
2025,2025-11-16,2,who_choice,Donald Trump,jev-1.13.0
2025,2024-01-25,2,binary_probability,0.14,jev-1.13.0
2025,2024-01-25,2,yes_no_choice,No,jev-1.13.0
2025,2024-01-25,2,who_choice,Joe Biden,jev-1.13.0
2021,2021-09-13,2,binary_probability,0.02,jev-1.13.0
2021,2021-09-13,2,yes_no_choice,No,jev-1.13.0
2021,2021-09-13,2,who_choice,Joe Biden,jev-1.13.0
2025,2024-04-26,2,binary_probability,0.06,jev-1.13.0
2025,2024-04-26,2,yes_no_choice,No,jev-1.13.0
2025,2024-04-26,2,who_choice,Joe Biden,jev-1.13.0
2021,2021-04-13,2,binary_probability,0.03,jev-1.13.0
2021,2021-04-13,2,yes_no_choice,No,jev-1.13.0
2021,2021-04-13,2,who_choice,Joe Biden,jev-1.13.0
2025,2026-01-19,2,binary_probability,0.45,jev-1.13.0
2025,2026-01-19,2,yes_no_choice,Yes,jev-1.13.0
2025,2026-01-19,2,who_choice,Donald Trump,jev-1.13.0
2021,2021-05-10,2,binary_probability,0.03,jev-1.13.0
2021,2021-05-10,2,yes_no_choice,No,jev-1.13.0
2021,2021-05-10,2,who_choice,Joe Biden,jev-1.13.0
2021,2021-09-24,2,binary_probability,0.02,jev-1.13.0
2021,2021-09-24,2,yes_no_choice,No,jev-1.13.0
2021,2021-09-24,2,who_choice,Joe Biden,jev-1.13.0
2021,2021-11-26,2,binary_probability,0.03,jev-1.13.0
2021,2021-11-26,2,yes_no_choice,No,jev-1.13.0
2021,2021-11-26,2,who_choice,Joe Biden,jev-1.13.0
2025,2024-09-25,2,binary_probability,0.05,jev-1.13.0
2025,2024-09-25,2,yes_no_choice,No,jev-1.13.0
2025,2024-09-25,2,who_choice,Joe Biden,jev-1.13.0
2021,2021-04-26,2,binary_probability,0.02,jev-1.13.0
2021,2021-04-26,2,yes_no_choice,No,jev-1.13.0
2021,2021-04-26,2,who_choice,Joe Biden,jev-1.13.0
2025,2024-09-11,2,binary_probability,0.05,jev-1.13.0
2025,2024-09-11,2,yes_no_choice,No,jev-1.13.0
2025,2024-09-11,2,who_choice,Joe Biden,jev-1.13.0
2021,2021-10-31,2,binary_probability,0.02,jev-1.13.0
2021,2021-10-31,2,yes_no_choice,No,jev-1.13.0
2021,2021-10-31,2,who_choice,Joe Biden,jev-1.13.0
2025,2025-09-24,2,binary_probability,0.45,jev-1.13.0
2025,2025-09-24,2,yes_no_choice,No,jev-1.13.0
2025,2025-09-24,2,who_choice,Donald Trump,jev-1.13.0
2021,2020-05-20,2,binary_probability,0.99,jev-1.13.0
2021,2020-05-20,2,yes_no_choice,Yes,jev-1.13.0
2021,2020-05-20,2,who_choice,Donald Trump,jev-1.13.0
2025,2024-07-04,2,binary_probability,0.11,jev-1.13.0
2025,2024-07-04,2,yes_no_choice,No,jev-1.13.0
2025,2024-07-04,2,who_choice,Joe Biden,jev-1.13.0
2025,2024-12-18,2,binary_probability,0.27,jev-1.13.0
2025,2024-12-18,2,yes_no_choice,No,jev-1.13.0
2025,2024-12-18,2,who_choice,Donald Trump,jev-1.13.0
2025,2024-09-23,2,binary_probability,0.06,jev-1.13.0
2025,2024-09-23,2,yes_no_choice,No,jev-1.13.0
2025,2024-09-23,2,who_choice,Joe Biden,jev-1.13.0
2021,2021-05-07,2,binary_probability,0.03,jev-1.13.0
2021,2021-05-07,2,yes_no_choice,No,jev-1.13.0
2021,2021-05-07,2,who_choice,Joe Biden,jev-1.13.0
2025,2025-07-04,2,binary_probability,0.48,jev-1.13.0
2025,2025-07-04,2,yes_no_choice,No,jev-1.13.0
2025,2025-07-04,2,who_choice,Donald Trump,jev-1.13.0
2025,2025-01-09,2,binary_probability,0.55,jev-1.13.0
2025,2025-01-09,2,yes_no_choice,Yes,jev-1.13.0
2025,2025-01-09,2,who_choice,Donald Trump,jev-1.13.0
2025,2024-05-21,2,binary_probability,0.05,jev-1.13.0
2025,2024-05-21,2,yes_no_choice,No,jev-1.13.0
2025,2024-05-21,2,who_choice,Joe Biden,jev-1.13.0
2021,2020-10-28,2,binary_probability,0.98,jev-1.13.0
2021,2020-10-28,2,yes_no_choice,Yes,jev-1.13.0
2021,2020-10-28,2,who_choice,Donald Trump,jev-1.13.0
2025,2024-03-29,2,binary_probability,0.08,jev-1.13.0
2025,2024-03-29,2,yes_no_choice,No,jev-1.13.0
2025,2024-03-29,2,who_choice,Joe Biden,jev-1.13.0
2025,2024-11-02,2,binary_probability,0.24,jev-1.13.0
2025,2024-11-02,2,yes_no_choice,No,jev-1.13.0
2025,2024-11-02,2,who_choice,Joe Biden,jev-1.13.0
2025,2024-05-15,2,binary_probability,0.06,jev-1.13.0
2025,2024-05-15,2,yes_no_choice,No,jev-1.13.0
2025,2024-05-15,2,who_choice,Joe Biden,jev-1.13.0
2021,2021-03-08,2,binary_probability,0.03,jev-1.13.0
2021,2021-03-08,2,yes_no_choice,No,jev-1.13.0
2021,2021-03-08,2,who_choice,Joe Biden,jev-1.13.0
2021,2020-03-20,2,binary_probability,0.98,jev-1.13.0
2021,2020-03-20,2,yes_no_choice,Yes,jev-1.13.0
2021,2020-03-20,2,who_choice,Donald Trump,jev-1.13.0
2021,2020-09-21,2,binary_probability,0.99,jev-1.13.0
2021,2020-09-21,2,yes_no_choice,Yes,jev-1.13.0
2021,2020-09-21,2,who_choice,Donald Trump,jev-1.13.0
2021,2020-10-30,2,binary_probability,0.98,jev-1.13.0
2021,2020-10-30,2,yes_no_choice,Yes,jev-1.13.0
2021,2020-10-30,2,who_choice,Donald Trump,jev-1.13.0
2025,2025-09-10,2,binary_probability,0.46,jev-1.13.0
2025,2025-09-10,2,yes_no_choice,No,jev-1.13.0
2025,2025-09-10,2,who_choice,Donald Trump,jev-1.13.0
2021,2021-06-04,2,binary_probability,0.02,jev-1.13.0
2021,2021-06-04,2,yes_no_choice,No,jev-1.13.0
2021,2021-06-04,2,who_choice,Joe Biden,jev-1.13.0
2021,2021-04-28,2,binary_probability,0.03,jev-1.13.0
2021,2021-04-28,2,yes_no_choice,No,jev-1.13.0
2021,2021-04-28,2,who_choice,Joe Biden,jev-1.13.0
2021,2021-05-27,2,binary_probability,0.03,jev-1.13.0
2021,2021-05-27,2,yes_no_choice,No,jev-1.13.0
2021,2021-05-27,2,who_choice,Joe Biden,jev-1.13.0
2021,2021-05-19,2,binary_probability,0.03,jev-1.13.0
2021,2021-05-19,2,yes_no_choice,No,jev-1.13.0
2021,2021-05-19,2,who_choice,Joe Biden,jev-1.13.0
2025,2024-09-02,2,binary_probability,0.07,jev-1.13.0
2025,2024-09-02,2,yes_no_choice,No,jev-1.13.0
2025,2024-09-02,2,who_choice,Joe Biden,jev-1.13.0
2021,2021-10-02,2,binary_probability,0.03,jev-1.13.0
2021,2021-10-02,2,yes_no_choice,No,jev-1.13.0
2021,2021-10-02,2,who_choice,Joe Biden,jev-1.13.0
2021,2020-12-20,2,binary_probability,0.96,jev-1.13.0
2021,2020-12-20,2,yes_no_choice,Yes,jev-1.13.0
2021,2020-12-20,2,who_choice,Donald Trump,jev-1.13.0
2021,2021-04-30,2,binary_probability,0.03,jev-1.13.0
2021,2021-04-30,2,yes_no_choice,No,jev-1.13.0
2021,2021-04-30,2,who_choice,Joe Biden,jev-1.13.0
2021,2020-02-23,2,binary_probability,0.98,jev-1.13.0
2021,2020-02-23,2,yes_no_choice,Yes,jev-1.13.0
2021,2020-02-23,2,who_choice,Donald Trump,jev-1.13.0
2025,2025-06-17,2,binary_probability,0.41,jev-1.13.0
2025,2025-06-17,2,yes_no_choice,No,jev-1.13.0
2025,2025-06-17,2,who_choice,Donald Trump,jev-1.13.0
2025,2025-02-11,2,binary_probability,0.67,jev-1.13.0
2025,2025-02-11,2,yes_no_choice,Yes,jev-1.13.0
2025,2025-02-11,2,who_choice,Donald Trump,jev-1.13.0
2025,2024-06-08,2,binary_probability,0.06,jev-1.13.0
2025,2024-06-08,2,yes_no_choice,No,jev-1.13.0
2025,2024-06-08,2,who_choice,Joe Biden,jev-1.13.0
2025,2025-03-14,2,binary_probability,0.56,jev-1.13.0
2025,2025-03-14,2,yes_no_choice,Yes,jev-1.13.0
2025,2025-03-14,2,who_choice,Donald Trump,jev-1.13.0
2021,2020-10-10,2,binary_probability,0.98,jev-1.13.0
2021,2020-10-10,2,yes_no_choice,Yes,jev-1.13.0
2021,2020-10-10,2,who_choice,Donald Trump,jev-1.13.0
2021,2021-09-28,2,binary_probability,0.02,jev-1.13.0
2021,2021-09-28,2,yes_no_choice,No,jev-1.13.0
2021,2021-09-28,2,who_choice,Joe Biden,jev-1.13.0
2021,2020-02-11,2,binary_probability,0.98,jev-1.13.0
2021,2020-02-11,2,yes_no_choice,Yes,jev-1.13.0
2021,2020-02-11,2,who_choice,Donald Trump,jev-1.13.0
2021,2021-08-18,2,binary_probability,0.01,jev-1.13.0
2021,2021-08-18,2,yes_no_choice,No,jev-1.13.0
2021,2021-08-18,2,who_choice,Joe Biden,jev-1.13.0
2021,2020-09-29,2,binary_probability,0.99,jev-1.13.0
2021,2020-09-29,2,yes_no_choice,Yes,jev-1.13.0
2021,2020-09-29,2,who_choice,Donald Trump,jev-1.13.0
2021,2020-10-06,2,binary_probability,0.98,jev-1.13.0
2021,2020-10-06,2,yes_no_choice,Yes,jev-1.13.0
2021,2020-10-06,2,who_choice,Donald Trump,jev-1.13.0
2021,2020-12-11,2,binary_probability,0.97,jev-1.13.0
2021,2020-12-11,2,yes_no_choice,Yes,jev-1.13.0
2021,2020-12-11,2,who_choice,Donald Trump,jev-1.13.0
2021,2021-09-19,2,binary_probability,0.02,jev-1.13.0
2021,2021-09-19,2,yes_no_choice,No,jev-1.13.0
2021,2021-09-19,2,who_choice,Joe Biden,jev-1.13.0
2025,2025-09-11,2,binary_probability,0.38,jev-1.13.0
2025,2025-09-11,2,yes_no_choice,No,jev-1.13.0
2025,2025-09-11,2,who_choice,Donald Trump,jev-1.13.0
2025,2025-10-26,2,binary_probability,0.46,jev-1.13.0
2025,2025-10-26,2,yes_no_choice,Yes,jev-1.13.0
2025,2025-10-26,2,who_choice,Donald Trump,jev-1.13.0
2021,2021-03-10,2,binary_probability,0.03,jev-1.13.0
2021,2021-03-10,2,yes_no_choice,No,jev-1.13.0
2021,2021-03-10,2,who_choice,Joe Biden,jev-1.13.0
2021,2021-06-14,2,binary_probability,0.02,jev-1.13.0
2021,2021-06-14,2,yes_no_choice,No,jev-1.13.0
2021,2021-06-14,2,who_choice,Joe Biden,jev-1.13.0
2025,2025-07-03,2,binary_probability,0.39,jev-1.13.0
2025,2025-07-03,2,yes_no_choice,No,jev-1.13.0
2025,2025-07-03,2,who_choice,Donald Trump,jev-1.13.0
2025,2024-12-12,2,binary_probability,0.31,jev-1.13.0
2025,2024-12-12,2,yes_no_choice,No,jev-1.13.0
2025,2024-12-12,2,who_choice,Donald Trump,jev-1.13.0
2025,2025-08-13,2,binary_probability,0.42,jev-1.13.0
2025,2025-08-13,2,yes_no_choice,Yes,jev-1.13.0
2025,2025-08-13,2,who_choice,Donald Trump,jev-1.13.0
2021,2020-11-05,2,binary_probability,0.97,jev-1.13.0
2021,2020-11-05,2,yes_no_choice,Yes,jev-1.13.0
2021,2020-11-05,2,who_choice,Donald Trump,jev-1.13.0
2025,2025-06-21,2,binary_probability,0.46,jev-1.13.0
2025,2025-06-21,2,yes_no_choice,Yes,jev-1.13.0
2025,2025-06-21,2,who_choice,Donald Trump,jev-1.13.0
2021,2021-10-14,2,binary_probability,0.02,jev-1.13.0
2021,2021-10-14,2,yes_no_choice,No,jev-1.13.0
2021,2021-10-14,2,who_choice,Joe Biden,jev-1.13.0
2021,2020-11-11,2,binary_probability,0.97,jev-1.13.0
2021,2020-11-11,2,yes_no_choice,Yes,jev-1.13.0
2021,2020-11-11,2,who_choice,Donald Trump,jev-1.13.0
2025,2024-10-01,2,binary_probability,0.1,jev-1.13.0
2025,2024-10-01,2,yes_no_choice,No,jev-1.13.0
2025,2024-10-01,2,who_choice,Joe Biden,jev-1.13.0
2025,2025-07-20,2,binary_probability,0.44,jev-1.13.0
2025,2025-07-20,2,yes_no_choice,Yes,jev-1.13.0
2025,2025-07-20,2,who_choice,Donald Trump,jev-1.13.0
2025,2024-07-11,2,binary_probability,0.13,jev-1.13.0
2025,2024-07-11,2,yes_no_choice,No,jev-1.13.0
2025,2024-07-11,2,who_choice,Joe Biden,jev-1.13.0
2021,2021-10-22,2,binary_probability,0.02,jev-1.13.0
2021,2021-10-22,2,yes_no_choice,No,jev-1.13.0
2021,2021-10-22,2,who_choice,Joe Biden,jev-1.13.0
2025,2024-04-22,2,binary_probability,0.06,jev-1.13.0
2025,2024-04-22,2,yes_no_choice,No,jev-1.13.0
2025,2024-04-22,2,who_choice,Joe Biden,jev-1.13.0
2025,2024-04-14,2,binary_probability,0.06,jev-1.13.0
2025,2024-04-14,2,yes_no_choice,No,jev-1.13.0
2025,2024-04-14,2,who_choice,Joe Biden,jev-1.13.0
2025,2024-08-14,2,binary_probability,0.1,jev-1.13.0
2025,2024-08-14,2,yes_no_choice,No,jev-1.13.0
2025,2024-08-14,2,who_choice,Joe Biden,jev-1.13.0
2021,2020-07-03,2,binary_probability,0.98,jev-1.13.0
2021,2020-07-03,2,yes_no_choice,Yes,jev-1.13.0
2021,2020-07-03,2,who_choice,Donald Trump,jev-1.13.0
2021,2020-02-19,2,binary_probability,0.98,jev-1.13.0
2021,2020-02-19,2,yes_no_choice,Yes,jev-1.13.0
2021,2020-02-19,2,who_choice,Donald Trump,jev-1.13.0
2025,2024-05-07,2,binary_probability,0.07,jev-1.13.0
2025,2024-05-07,2,yes_no_choice,No,jev-1.13.0
2025,2024-05-07,2,who_choice,Joe Biden,jev-1.13.0
2025,2025-09-08,2,binary_probability,0.45,jev-1.13.0
2025,2025-09-08,2,yes_no_choice,No,jev-1.13.0
2025,2025-09-08,2,who_choice,Donald Trump,jev-1.13.0
2025,2025-09-28,2,binary_probability,0.42,jev-1.13.0
2025,2025-09-28,2,yes_no_choice,Yes,jev-1.13.0
2025,2025-09-28,2,who_choice,Donald Trump,jev-1.13.0
2021,2020-07-29,2,binary_probability,0.99,jev-1.13.0
2021,2020-07-29,2,yes_no_choice,Yes,jev-1.13.0
2021,2020-07-29,2,who_choice,Donald Trump,jev-1.13.0
2025,2025-07-10,2,binary_probability,0.48,jev-1.13.0
2025,2025-07-10,2,yes_no_choice,Yes,jev-1.13.0
2025,2025-07-10,2,who_choice,Donald Trump,jev-1.13.0
2025,2024-02-29,2,binary_probability,0.08,jev-1.13.0
2025,2024-02-29,2,yes_no_choice,No,jev-1.13.0
2025,2024-02-29,2,who_choice,Joe Biden,jev-1.13.0
2025,2024-03-05,2,binary_probability,0.11,jev-1.13.0
2025,2024-03-05,2,yes_no_choice,No,jev-1.13.0
2025,2024-03-05,2,who_choice,Joe Biden,jev-1.13.0
2021,2020-05-30,2,binary_probability,0.98,jev-1.13.0
2021,2020-05-30,2,yes_no_choice,Yes,jev-1.13.0
2021,2020-05-30,2,who_choice,Donald Trump,jev-1.13.0
2021,2022-01-13,2,binary_probability,0.08,jev-1.13.0
2021,2022-01-13,2,yes_no_choice,No,jev-1.13.0
2021,2022-01-13,2,who_choice,Joe Biden,jev-1.13.0
2021,2021-11-29,2,binary_probability,0.02,jev-1.13.0
2021,2021-11-29,2,yes_no_choice,No,jev-1.13.0
2021,2021-11-29,2,who_choice,Joe Biden,jev-1.13.0
2021,2020-10-12,2,binary_probability,0.99,jev-1.13.0
2021,2020-10-12,2,yes_no_choice,Yes,jev-1.13.0
2021,2020-10-12,2,who_choice,Donald Trump,jev-1.13.0
2025,2024-03-10,2,binary_probability,0.07,jev-1.13.0
2025,2024-03-10,2,yes_no_choice,No,jev-1.13.0
2025,2024-03-10,2,who_choice,Joe Biden,jev-1.13.0
2025,2024-10-29,2,binary_probability,0.15,jev-1.13.0
2025,2024-10-29,2,yes_no_choice,No,jev-1.13.0
2025,2024-10-29,2,who_choice,Joe Biden,jev-1.13.0
2025,2025-09-26,2,binary_probability,0.45,jev-1.13.0
2025,2025-09-26,2,yes_no_choice,Yes,jev-1.13.0
2025,2025-09-26,2,who_choice,Donald Trump,jev-1.13.0
2025,2024-03-27,2,binary_probability,0.06,jev-1.13.0
2025,2024-03-27,2,yes_no_choice,No,jev-1.13.0
2025,2024-03-27,2,who_choice,Joe Biden,jev-1.13.0
2025,2025-02-06,2,binary_probability,0.7,jev-1.13.0
2025,2025-02-06,2,yes_no_choice,Yes,jev-1.13.0
2025,2025-02-06,2,who_choice,Donald Trump,jev-1.13.0
2025,2025-12-05,2,binary_probability,0.55,jev-1.13.0
2025,2025-12-05,2,yes_no_choice,Yes,jev-1.13.0
2025,2025-12-05,2,who_choice,Donald Trump,jev-1.13.0
2025,2025-11-28,2,binary_probability,0.55,jev-1.13.0
2025,2025-11-28,2,yes_no_choice,Yes,jev-1.13.0
2025,2025-11-28,2,who_choice,Donald Trump,jev-1.13.0
2021,2020-02-18,2,binary_probability,0.98,jev-1.13.0
2021,2020-02-18,2,yes_no_choice,Yes,jev-1.13.0
2021,2020-02-18,2,who_choice,Donald Trump,jev-1.13.0
2025,2024-02-22,2,binary_probability,0.08,jev-1.13.0
2025,2024-02-22,2,yes_no_choice,No,jev-1.13.0
2025,2024-02-22,2,who_choice,Joe Biden,jev-1.13.0
2025,2024-06-18,2,binary_probability,0.06,jev-1.13.0
2025,2024-06-18,2,yes_no_choice,No,jev-1.13.0
2025,2024-06-18,2,who_choice,Joe Biden,jev-1.13.0
2025,2025-08-14,2,binary_probability,0.36,jev-1.13.0
2025,2025-08-14,2,yes_no_choice,No,jev-1.13.0
2025,2025-08-14,2,who_choice,Donald Trump,jev-1.13.0
2021,2021-12-16,2,binary_probability,0.02,jev-1.13.0
2021,2021-12-16,2,yes_no_choice,No,jev-1.13.0
2021,2021-12-16,2,who_choice,Joe Biden,jev-1.13.0
2021,2020-09-10,2,binary_probability,0.98,jev-1.13.0
2021,2020-09-10,2,yes_no_choice,Yes,jev-1.13.0
2021,2020-09-10,2,who_choice,Donald Trump,jev-1.13.0
2021,2020-08-15,2,binary_probability,0.99,jev-1.13.0
2021,2020-08-15,2,yes_no_choice,Yes,jev-1.13.0
2021,2020-08-15,2,who_choice,Donald Trump,jev-1.13.0
2021,2020-05-03,2,binary_probability,0.98,jev-1.13.0
2021,2020-05-03,2,yes_no_choice,Yes,jev-1.13.0
2021,2020-05-03,2,who_choice,Donald Trump,jev-1.13.0
2021,2020-04-07,2,binary_probability,0.98,jev-1.13.0
2021,2020-04-07,2,yes_no_choice,Yes,jev-1.13.0
2021,2020-04-07,2,who_choice,Donald Trump,jev-1.13.0
2021,2021-06-22,2,binary_probability,0.02,jev-1.13.0
2021,2021-06-22,2,yes_no_choice,No,jev-1.13.0
2021,2021-06-22,2,who_choice,Joe Biden,jev-1.13.0
2021,2021-10-04,2,binary_probability,0.02,jev-1.13.0
2021,2021-10-04,2,yes_no_choice,No,jev-1.13.0
2021,2021-10-04,2,who_choice,Joe Biden,jev-1.13.0
2025,2025-10-24,2,binary_probability,0.5,jev-1.13.0
2025,2025-10-24,2,yes_no_choice,Yes,jev-1.13.0
2025,2025-10-24,2,who_choice,Donald Trump,jev-1.13.0
2021,2020-02-08,2,binary_probability,0.99,jev-1.13.0
2021,2020-02-08,2,yes_no_choice,Yes,jev-1.13.0
2021,2020-02-08,2,who_choice,Donald Trump,jev-1.13.0
2021,2021-09-06,2,binary_probability,0.02,jev-1.13.0
2021,2021-09-06,2,yes_no_choice,No,jev-1.13.0
2021,2021-09-06,2,who_choice,Joe Biden,jev-1.13.0
2025,2024-04-23,2,binary_probability,0.05,jev-1.13.0
2025,2024-04-23,2,yes_no_choice,No,jev-1.13.0
2025,2024-04-23,2,who_choice,Joe Biden,jev-1.13.0
2021,2021-08-22,2,binary_probability,0.02,jev-1.13.0
2021,2021-08-22,2,yes_no_choice,No,jev-1.13.0
2021,2021-08-22,2,who_choice,Joe Biden,jev-1.13.0
2021,2021-03-04,2,binary_probability,0.05,jev-1.13.0
2021,2021-03-04,2,yes_no_choice,No,jev-1.13.0
2021,2021-03-04,2,who_choice,Joe Biden,jev-1.13.0
2021,2020-11-30,2,binary_probability,0.96,jev-1.13.0
2021,2020-11-30,2,yes_no_choice,Yes,jev-1.13.0
2021,2020-11-30,2,who_choice,Donald Trump,jev-1.13.0
2021,2020-09-15,2,binary_probability,0.99,jev-1.13.0
2021,2020-09-15,2,yes_no_choice,Yes,jev-1.13.0
2021,2020-09-15,2,who_choice,Donald Trump,jev-1.13.0
2021,2021-05-08,2,binary_probability,0.03,jev-1.13.0
2021,2021-05-08,2,yes_no_choice,No,jev-1.13.0
2021,2021-05-08,2,who_choice,Joe Biden,jev-1.13.0
2025,2024-11-12,2,binary_probability,0.24,jev-1.13.0
2025,2024-11-12,2,yes_no_choice,No,jev-1.13.0
2025,2024-11-12,2,who_choice,Joe Biden,jev-1.13.0
2021,2021-01-15,2,binary_probability,0.95,jev-1.13.0
2021,2021-01-15,2,yes_no_choice,Yes,jev-1.13.0
2021,2021-01-15,2,who_choice,Donald Trump,jev-1.13.0
2021,2021-12-11,2,binary_probability,0.02,jev-1.13.0
2021,2021-12-11,2,yes_no_choice,No,jev-1.13.0
2021,2021-12-11,2,who_choice,Joe Biden,jev-1.13.0
2025,2024-03-18,2,binary_probability,0.09,jev-1.13.0
2025,2024-03-18,2,yes_no_choice,No,jev-1.13.0
2025,2024-03-18,2,who_choice,Joe Biden,jev-1.13.0
2025,2024-12-01,2,binary_probability,0.23,jev-1.13.0
2025,2024-12-01,2,yes_no_choice,No,jev-1.13.0
2025,2024-12-01,2,who_choice,Donald Trump,jev-1.13.0
2025,2024-05-03,2,binary_probability,0.08,jev-1.13.0
2025,2024-05-03,2,yes_no_choice,No,jev-1.13.0
2025,2024-05-03,2,who_choice,Joe Biden,jev-1.13.0
2021,2020-05-22,2,binary_probability,0.98,jev-1.13.0
2021,2020-05-22,2,yes_no_choice,Yes,jev-1.13.0
2021,2020-05-22,2,who_choice,Donald Trump,jev-1.13.0
2025,2025-04-27,2,binary_probability,0.47,jev-1.13.0
2025,2025-04-27,2,yes_no_choice,Yes,jev-1.13.0
2025,2025-04-27,2,who_choice,Donald Trump,jev-1.13.0
2025,2024-06-05,2,binary_probability,0.06,jev-1.13.0
2025,2024-06-05,2,yes_no_choice,No,jev-1.13.0
2025,2024-06-05,2,who_choice,Joe Biden,jev-1.13.0
2025,2024-05-08,2,binary_probability,0.04,jev-1.13.0
2025,2024-05-08,2,yes_no_choice,No,jev-1.13.0
2025,2024-05-08,2,who_choice,Joe Biden,jev-1.13.0
2025,2025-08-29,2,binary_probability,0.47,jev-1.13.0
2025,2025-08-29,2,yes_no_choice,Yes,jev-1.13.0
2025,2025-08-29,2,who_choice,Donald Trump,jev-1.13.0
2025,2025-10-13,2,binary_probability,0.44,jev-1.13.0
2025,2025-10-13,2,yes_no_choice,No,jev-1.13.0
2025,2025-10-13,2,who_choice,Donald Trump,jev-1.13.0
2021,2021-03-26,2,binary_probability,0.03,jev-1.13.0
2021,2021-03-26,2,yes_no_choice,No,jev-1.13.0
2021,2021-03-26,2,who_choice,Joe Biden,jev-1.13.0
2021,2020-10-17,2,binary_probability,0.98,jev-1.13.0
2021,2020-10-17,2,yes_no_choice,Yes,jev-1.13.0
2021,2020-10-17,2,who_choice,Donald Trump,jev-1.13.0
2025,2024-10-23,2,binary_probability,0.14,jev-1.13.0
2025,2024-10-23,2,yes_no_choice,No,jev-1.13.0
2025,2024-10-23,2,who_choice,Joe Biden,jev-1.13.0
2021,2021-08-12,2,binary_probability,0.02,jev-1.13.0
2021,2021-08-12,2,yes_no_choice,No,jev-1.13.0
2021,2021-08-12,2,who_choice,Joe Biden,jev-1.13.0
2025,2024-04-01,2,binary_probability,0.07,jev-1.13.0
2025,2024-04-01,2,yes_no_choice,No,jev-1.13.0
2025,2024-04-01,2,who_choice,Joe Biden,jev-1.13.0
2021,2021-08-10,2,binary_probability,0.02,jev-1.13.0
2021,2021-08-10,2,yes_no_choice,No,jev-1.13.0
2021,2021-08-10,2,who_choice,Joe Biden,jev-1.13.0
2021,2020-10-27,2,binary_probability,0.98,jev-1.13.0
2021,2020-10-27,2,yes_no_choice,Yes,jev-1.13.0
2021,2020-10-27,2,who_choice,Donald Trump,jev-1.13.0
2025,2025-02-16,2,binary_probability,0.64,jev-1.13.0
2025,2025-02-16,2,yes_no_choice,Yes,jev-1.13.0
2025,2025-02-16,2,who_choice,Donald Trump,jev-1.13.0
2025,2025-10-27,2,binary_probability,0.51,jev-1.13.0
2025,2025-10-27,2,yes_no_choice,Yes,jev-1.13.0
2025,2025-10-27,2,who_choice,Donald Trump,jev-1.13.0
2025,2025-03-20,2,binary_probability,0.55,jev-1.13.0
2025,2025-03-20,2,yes_no_choice,Yes,jev-1.13.0
2025,2025-03-20,2,who_choice,Donald Trump,jev-1.13.0
2021,2021-07-03,2,binary_probability,0.02,jev-1.13.0
2021,2021-07-03,2,yes_no_choice,No,jev-1.13.0
2021,2021-07-03,2,who_choice,Joe Biden,jev-1.13.0
2021,2020-06-01,2,binary_probability,0.98,jev-1.13.0
2021,2020-06-01,2,yes_no_choice,Yes,jev-1.13.0
2021,2020-06-01,2,who_choice,Donald Trump,jev-1.13.0
2025,2025-02-23,2,binary_probability,0.65,jev-1.13.0
2025,2025-02-23,2,yes_no_choice,Yes,jev-1.13.0
2025,2025-02-23,2,who_choice,Donald Trump,jev-1.13.0
2025,2024-02-03,2,binary_probability,0.11,jev-1.13.0
2025,2024-02-03,2,yes_no_choice,No,jev-1.13.0
2025,2024-02-03,2,who_choice,Joe Biden,jev-1.13.0
2021,2020-03-18,2,binary_probability,0.99,jev-1.13.0
2021,2020-03-18,2,yes_no_choice,Yes,jev-1.13.0
2021,2020-03-18,2,who_choice,Donald Trump,jev-1.13.0
2025,2025-09-06,2,binary_probability,0.44,jev-1.13.0
2025,2025-09-06,2,yes_no_choice,No,jev-1.13.0
2025,2025-09-06,2,who_choice,Donald Trump,jev-1.13.0
2021,2020-08-30,2,binary_probability,0.98,jev-1.13.0
2021,2020-08-30,2,yes_no_choice,Yes,jev-1.13.0
2021,2020-08-30,2,who_choice,Donald Trump,jev-1.13.0
2021,2021-05-15,2,binary_probability,0.03,jev-1.13.0
2021,2021-05-15,2,yes_no_choice,No,jev-1.13.0
2021,2021-05-15,2,who_choice,Joe Biden,jev-1.13.0
2025,2025-01-27,2,binary_probability,0.6,jev-1.13.0
2025,2025-01-27,2,yes_no_choice,Yes,jev-1.13.0
2025,2025-01-27,2,who_choice,Donald Trump,jev-1.13.0
2025,2025-05-24,2,binary_probability,0.45,jev-1.13.0
2025,2025-05-24,2,yes_no_choice,Yes,jev-1.13.0
2025,2025-05-24,2,who_choice,Donald Trump,jev-1.13.0
2025,2025-08-30,2,binary_probability,0.43,jev-1.13.0
2025,2025-08-30,2,yes_no_choice,Yes,jev-1.13.0
2025,2025-08-30,2,who_choice,Donald Trump,jev-1.13.0
2025,2025-11-07,2,binary_probability,0.53,jev-1.13.0
2025,2025-11-07,2,yes_no_choice,Yes,jev-1.13.0
2025,2025-11-07,2,who_choice,Donald Trump,jev-1.13.0
2021,2021-06-13,2,binary_probability,0.02,jev-1.13.0
2021,2021-06-13,2,yes_no_choice,No,jev-1.13.0
2021,2021-06-13,2,who_choice,Joe Biden,jev-1.13.0
2025,2024-11-01,2,binary_probability,0.22,jev-1.13.0
2025,2024-11-01,2,yes_no_choice,No,jev-1.13.0
2025,2024-11-01,2,who_choice,Joe Biden,jev-1.13.0
2021,2020-04-14,2,binary_probability,0.98,jev-1.13.0
2021,2020-04-14,2,yes_no_choice,Yes,jev-1.13.0
2021,2020-04-14,2,who_choice,Donald Trump,jev-1.13.0
2021,2020-12-23,2,binary_probability,0.97,jev-1.13.0
2021,2020-12-23,2,yes_no_choice,Yes,jev-1.13.0
2021,2020-12-23,2,who_choice,Donald Trump,jev-1.13.0
2021,2021-04-21,2,binary_probability,0.03,jev-1.13.0
2021,2021-04-21,2,yes_no_choice,No,jev-1.13.0
2021,2021-04-21,2,who_choice,Joe Biden,jev-1.13.0
2021,2021-03-14,2,binary_probability,0.03,jev-1.13.0
2021,2021-03-14,2,yes_no_choice,No,jev-1.13.0
2021,2021-03-14,2,who_choice,Joe Biden,jev-1.13.0
2021,2022-01-14,2,binary_probability,0.11,jev-1.13.0
2021,2022-01-14,2,yes_no_choice,No,jev-1.13.0
2021,2022-01-14,2,who_choice,Joe Biden,jev-1.13.0
2025,2024-04-05,2,binary_probability,0.07,jev-1.13.0
2025,2024-04-05,2,yes_no_choice,No,jev-1.13.0
2025,2024-04-05,2,who_choice,Joe Biden,jev-1.13.0
2025,2025-12-06,2,binary_probability,0.57,jev-1.13.0
2025,2025-12-06,2,yes_no_choice,Yes,jev-1.13.0
2025,2025-12-06,2,who_choice,Donald Trump,jev-1.13.0
2021,2021-07-17,2,binary_probability,0.02,jev-1.13.0
2021,2021-07-17,2,yes_no_choice,No,jev-1.13.0
2021,2021-07-17,2,who_choice,Joe Biden,jev-1.13.0
2025,2024-05-10,2,binary_probability,0.05,jev-1.13.0
2025,2024-05-10,2,yes_no_choice,No,jev-1.13.0
2025,2024-05-10,2,who_choice,Joe Biden,jev-1.13.0
2021,2020-11-16,2,binary_probability,0.96,jev-1.13.0
2021,2020-11-16,2,yes_no_choice,Yes,jev-1.13.0
2021,2020-11-16,2,who_choice,Donald Trump,jev-1.13.0
2021,2021-09-27,2,binary_probability,0.02,jev-1.13.0
2021,2021-09-27,2,yes_no_choice,No,jev-1.13.0
2021,2021-09-27,2,who_choice,Joe Biden,jev-1.13.0
2025,2025-01-26,2,binary_probability,0.56,jev-1.13.0
2025,2025-01-26,2,yes_no_choice,Yes,jev-1.13.0
2025,2025-01-26,2,who_choice,Donald Trump,jev-1.13.0
2021,2020-08-03,2,binary_probability,0.98,jev-1.13.0
2021,2020-08-03,2,yes_no_choice,Yes,jev-1.13.0
2021,2020-08-03,2,who_choice,Donald Trump,jev-1.13.0
2021,2021-05-18,2,binary_probability,0.03,jev-1.13.0
2021,2021-05-18,2,yes_no_choice,No,jev-1.13.0
2021,2021-05-18,2,who_choice,Joe Biden,jev-1.13.0
2021,2020-08-08,2,binary_probability,0.98,jev-1.13.0
2021,2020-08-08,2,yes_no_choice,Yes,jev-1.13.0
2021,2020-08-08,2,who_choice,Donald Trump,jev-1.13.0
2025,2025-12-22,2,binary_probability,0.55,jev-1.13.0
2025,2025-12-22,2,yes_no_choice,Yes,jev-1.13.0
2025,2025-12-22,2,who_choice,Donald Trump,jev-1.13.0
2021,2021-03-06,2,binary_probability,0.03,jev-1.13.0
2021,2021-03-06,2,yes_no_choice,No,jev-1.13.0
2021,2021-03-06,2,who_choice,Joe Biden,jev-1.13.0
2025,2025-05-08,2,binary_probability,0.5,jev-1.13.0
2025,2025-05-08,2,yes_no_choice,No,jev-1.13.0
2025,2025-05-08,2,who_choice,Donald Trump,jev-1.13.0
2025,2025-04-17,2,binary_probability,0.51,jev-1.13.0
2025,2025-04-17,2,yes_no_choice,Yes,jev-1.13.0
2025,2025-04-17,2,who_choice,Donald Trump,jev-1.13.0
2021,2021-08-17,2,binary_probability,0.02,jev-1.13.0
2021,2021-08-17,2,yes_no_choice,No,jev-1.13.0
2021,2021-08-17,2,who_choice,Joe Biden,jev-1.13.0
2025,2025-10-06,2,binary_probability,0.43,jev-1.13.0
2025,2025-10-06,2,yes_no_choice,No,jev-1.13.0
2025,2025-10-06,2,who_choice,Donald Trump,jev-1.13.0
2021,2020-05-08,2,binary_probability,0.99,jev-1.13.0
2021,2020-05-08,2,yes_no_choice,Yes,jev-1.13.0
2021,2020-05-08,2,who_choice,Donald Trump,jev-1.13.0
2025,2025-05-31,2,binary_probability,0.44,jev-1.13.0
2025,2025-05-31,2,yes_no_choice,Yes,jev-1.13.0
2025,2025-05-31,2,who_choice,Donald Trump,jev-1.13.0
2021,2020-09-13,2,binary_probability,0.98,jev-1.13.0
2021,2020-09-13,2,yes_no_choice,Yes,jev-1.13.0
2021,2020-09-13,2,who_choice,Donald Trump,jev-1.13.0
2025,2024-04-07,2,binary_probability,0.06,jev-1.13.0
2025,2024-04-07,2,yes_no_choice,No,jev-1.13.0
2025,2024-04-07,2,who_choice,Joe Biden,jev-1.13.0
2021,2020-08-26,2,binary_probability,0.99,jev-1.13.0
2021,2020-08-26,2,yes_no_choice,Yes,jev-1.13.0
2021,2020-08-26,2,who_choice,Donald Trump,jev-1.13.0
2021,2020-03-07,2,binary_probability,0.98,jev-1.13.0
2021,2020-03-07,2,yes_no_choice,Yes,jev-1.13.0
2021,2020-03-07,2,who_choice,Donald Trump,jev-1.13.0
2025,2025-09-27,2,binary_probability,0.42,jev-1.13.0
2025,2025-09-27,2,yes_no_choice,Yes,jev-1.13.0
2025,2025-09-27,2,who_choice,Donald Trump,jev-1.13.0
2025,2025-07-07,2,binary_probability,0.45,jev-1.13.0
2025,2025-07-07,2,yes_no_choice,No,jev-1.13.0
2025,2025-07-07,2,who_choice,Donald Trump,jev-1.13.0
2025,2024-06-28,2,binary_probability,0.06,jev-1.13.0
2025,2024-06-28,2,yes_no_choice,No,jev-1.13.0
2025,2024-06-28,2,who_choice,Joe Biden,jev-1.13.0
2021,2021-02-13,2,binary_probability,0.05,jev-1.13.0
2021,2021-02-13,2,yes_no_choice,No,jev-1.13.0
2021,2021-02-13,2,who_choice,Joe Biden,jev-1.13.0
2025,2025-02-28,2,binary_probability,0.67,jev-1.13.0
2025,2025-02-28,2,yes_no_choice,Yes,jev-1.13.0
2025,2025-02-28,2,who_choice,Donald Trump,jev-1.13.0
2021,2020-09-22,2,binary_probability,0.99,jev-1.13.0
2021,2020-09-22,2,yes_no_choice,Yes,jev-1.13.0
2021,2020-09-22,2,who_choice,Donald Trump,jev-1.13.0
2021,2021-11-24,2,binary_probability,0.02,jev-1.13.0
2021,2021-11-24,2,yes_no_choice,No,jev-1.13.0
2021,2021-11-24,2,who_choice,Joe Biden,jev-1.13.0
2021,2020-04-02,2,binary_probability,0.98,jev-1.13.0
2021,2020-04-02,2,yes_no_choice,Yes,jev-1.13.0
2021,2020-04-02,2,who_choice,Donald Trump,jev-1.13.0
2021,2021-10-24,2,binary_probability,0.02,jev-1.13.0
2021,2021-10-24,2,yes_no_choice,No,jev-1.13.0
2021,2021-10-24,2,who_choice,Joe Biden,jev-1.13.0
2025,2024-04-12,2,binary_probability,0.05,jev-1.13.0
2025,2024-04-12,2,yes_no_choice,No,jev-1.13.0
2025,2024-04-12,2,who_choice,Joe Biden,jev-1.13.0
2025,2025-12-08,2,binary_probability,0.54,jev-1.13.0
2025,2025-12-08,2,yes_no_choice,Yes,jev-1.13.0
2025,2025-12-08,2,who_choice,Donald Trump,jev-1.13.0
2025,2024-03-12,2,binary_probability,0.07,jev-1.13.0
2025,2024-03-12,2,yes_no_choice,No,jev-1.13.0
2025,2024-03-12,2,who_choice,Joe Biden,jev-1.13.0
2025,2025-08-25,2,binary_probability,0.42,jev-1.13.0
2025,2025-08-25,2,yes_no_choice,Yes,jev-1.13.0
2025,2025-08-25,2,who_choice,Donald Trump,jev-1.13.0
2025,2025-07-19,2,binary_probability,0.48,jev-1.13.0
2025,2025-07-19,2,yes_no_choice,Yes,jev-1.13.0
2025,2025-07-19,2,who_choice,Donald Trump,jev-1.13.0
2025,2024-05-26,2,binary_probability,0.06,jev-1.13.0
2025,2024-05-26,2,yes_no_choice,No,jev-1.13.0
2025,2024-05-26,2,who_choice,Joe Biden,jev-1.13.0
2021,2021-06-15,2,binary_probability,0.02,jev-1.13.0
2021,2021-06-15,2,yes_no_choice,No,jev-1.13.0
2021,2021-06-15,2,who_choice,Joe Biden,jev-1.13.0
2021,2020-06-20,2,binary_probability,0.98,jev-1.13.0
2021,2020-06-20,2,yes_no_choice,Yes,jev-1.13.0
2021,2020-06-20,2,who_choice,Donald Trump,jev-1.13.0
2021,2021-06-10,2,binary_probability,0.02,jev-1.13.0
2021,2021-06-10,2,yes_no_choice,No,jev-1.13.0
2021,2021-06-10,2,who_choice,Joe Biden,jev-1.13.0
2021,2020-12-06,2,binary_probability,0.97,jev-1.13.0
2021,2020-12-06,2,yes_no_choice,Yes,jev-1.13.0
2021,2020-12-06,2,who_choice,Donald Trump,jev-1.13.0
2021,2021-02-16,2,binary_probability,0.04,jev-1.13.0
2021,2021-02-16,2,yes_no_choice,No,jev-1.13.0
2021,2021-02-16,2,who_choice,Joe Biden,jev-1.13.0
2025,2024-08-25,2,binary_probability,0.06,jev-1.13.0
2025,2024-08-25,2,yes_no_choice,No,jev-1.13.0
2025,2024-08-25,2,who_choice,Joe Biden,jev-1.13.0
2025,2026-01-16,2,binary_probability,0.48,jev-1.13.0
2025,2026-01-16,2,yes_no_choice,Yes,jev-1.13.0
2025,2026-01-16,2,who_choice,Donald Trump,jev-1.13.0
2025,2025-09-05,2,binary_probability,0.41,jev-1.13.0
2025,2025-09-05,2,yes_no_choice,Yes,jev-1.13.0
2025,2025-09-05,2,who_choice,Donald Trump,jev-1.13.0
2021,2021-02-17,2,binary_probability,0.05,jev-1.13.0
2021,2021-02-17,2,yes_no_choice,No,jev-1.13.0
2021,2021-02-17,2,who_choice,Joe Biden,jev-1.13.0
2021,2021-03-22,2,binary_probability,0.02,jev-1.13.0
2021,2021-03-22,2,yes_no_choice,No,jev-1.13.0
2021,2021-03-22,2,who_choice,Joe Biden,jev-1.13.0
2025,2025-01-17,2,binary_probability,0.57,jev-1.13.0
2025,2025-01-17,2,yes_no_choice,No,jev-1.13.0
2025,2025-01-17,2,who_choice,Donald Trump,jev-1.13.0
2025,2024-03-08,2,binary_probability,0.1,jev-1.13.0
2025,2024-03-08,2,yes_no_choice,No,jev-1.13.0
2025,2024-03-08,2,who_choice,Joe Biden,jev-1.13.0
2021,2020-09-28,2,binary_probability,0.98,jev-1.13.0
2021,2020-09-28,2,yes_no_choice,Yes,jev-1.13.0
2021,2020-09-28,2,who_choice,Donald Trump,jev-1.13.0
2025,2024-05-12,2,binary_probability,0.06,jev-1.13.0
2025,2024-05-12,2,yes_no_choice,No,jev-1.13.0
2025,2024-05-12,2,who_choice,Joe Biden,jev-1.13.0
2021,2020-12-21,2,binary_probability,0.96,jev-1.13.0
2021,2020-12-21,2,yes_no_choice,Yes,jev-1.13.0
2021,2020-12-21,2,who_choice,Donald Trump,jev-1.13.0
2021,2020-02-24,2,binary_probability,0.98,jev-1.13.0
2021,2020-02-24,2,yes_no_choice,Yes,jev-1.13.0
2021,2020-02-24,2,who_choice,Donald Trump,jev-1.13.0
2025,2024-06-11,2,binary_probability,0.08,jev-1.13.0
2025,2024-06-11,2,yes_no_choice,No,jev-1.13.0
2025,2024-06-11,2,who_choice,Joe Biden,jev-1.13.0
2025,2025-10-09,2,binary_probability,0.45,jev-1.13.0
2025,2025-10-09,2,yes_no_choice,Yes,jev-1.13.0
2025,2025-10-09,2,who_choice,Donald Trump,jev-1.13.0
2021,2021-04-15,2,binary_probability,0.04,jev-1.13.0
2021,2021-04-15,2,yes_no_choice,No,jev-1.13.0
2021,2021-04-15,2,who_choice,Joe Biden,jev-1.13.0
2021,2021-02-03,2,binary_probability,0.11,jev-1.13.0
2021,2021-02-03,2,yes_no_choice,No,jev-1.13.0
2021,2021-02-03,2,who_choice,Joe Biden,jev-1.13.0
2025,2025-02-07,2,binary_probability,0.73,jev-1.13.0
2025,2025-02-07,2,yes_no_choice,Yes,jev-1.13.0
2025,2025-02-07,2,who_choice,Donald Trump,jev-1.13.0
2025,2025-03-24,2,binary_probability,0.59,jev-1.13.0
2025,2025-03-24,2,yes_no_choice,Yes,jev-1.13.0
2025,2025-03-24,2,who_choice,Donald Trump,jev-1.13.0
2025,2025-06-25,2,binary_probability,0.46,jev-1.13.0
2025,2025-06-25,2,yes_no_choice,Yes,jev-1.13.0
2025,2025-06-25,2,who_choice,Donald Trump,jev-1.13.0
2021,2020-05-01,2,binary_probability,0.99,jev-1.13.0
2021,2020-05-01,2,yes_no_choice,Yes,jev-1.13.0
2021,2020-05-01,2,who_choice,Donald Trump,jev-1.13.0
2025,2026-01-13,2,binary_probability,0.47,jev-1.13.0
2025,2026-01-13,2,yes_no_choice,Yes,jev-1.13.0
2025,2026-01-13,2,who_choice,Donald Trump,jev-1.13.0
2025,2025-12-31,2,binary_probability,0.55,jev-1.13.0
2025,2025-12-31,2,yes_no_choice,Yes,jev-1.13.0
2025,2025-12-31,2,who_choice,Donald Trump,jev-1.13.0
2025,2024-10-10,2,binary_probability,0.15,jev-1.13.0
2025,2024-10-10,2,yes_no_choice,No,jev-1.13.0
2025,2024-10-10,2,who_choice,Joe Biden,jev-1.13.0
2025,2024-02-02,2,binary_probability,0.12,jev-1.13.0
2025,2024-02-02,2,yes_no_choice,No,jev-1.13.0
2025,2024-02-02,2,who_choice,Joe Biden,jev-1.13.0
2025,2025-10-18,2,binary_probability,0.45,jev-1.13.0
2025,2025-10-18,2,yes_no_choice,Yes,jev-1.13.0
2025,2025-10-18,2,who_choice,Donald Trump,jev-1.13.0
2025,2025-10-31,2,binary_probability,0.52,jev-1.13.0
2025,2025-10-31,2,yes_no_choice,Yes,jev-1.13.0
2025,2025-10-31,2,who_choice,Donald Trump,jev-1.13.0
2025,2024-11-19,2,binary_probability,0.23,jev-1.13.0
2025,2024-11-19,2,yes_no_choice,No,jev-1.13.0
2025,2024-11-19,2,who_choice,Donald Trump,jev-1.13.0
2025,2025-09-23,2,binary_probability,0.41,jev-1.13.0
2025,2025-09-23,2,yes_no_choice,No,jev-1.13.0
2025,2025-09-23,2,who_choice,Donald Trump,jev-1.13.0
2025,2024-04-20,2,binary_probability,0.06,jev-1.13.0
2025,2024-04-20,2,yes_no_choice,No,jev-1.13.0
2025,2024-04-20,2,who_choice,Joe Biden,jev-1.13.0
2021,2020-12-30,2,binary_probability,0.96,jev-1.13.0
2021,2020-12-30,2,yes_no_choice,Yes,jev-1.13.0
2021,2020-12-30,2,who_choice,Donald Trump,jev-1.13.0
2025,2025-01-12,2,binary_probability,0.5,jev-1.13.0
2025,2025-01-12,2,yes_no_choice,Yes,jev-1.13.0
2025,2025-01-12,2,who_choice,Donald Trump,jev-1.13.0
2021,2020-11-09,2,binary_probability,0.97,jev-1.13.0
2021,2020-11-09,2,yes_no_choice,Yes,jev-1.13.0
2021,2020-11-09,2,who_choice,Donald Trump,jev-1.13.0
2025,2025-10-30,2,binary_probability,0.48,jev-1.13.0
2025,2025-10-30,2,yes_no_choice,Yes,jev-1.13.0
2025,2025-10-30,2,who_choice,Donald Trump,jev-1.13.0
2025,2025-12-12,2,binary_probability,0.53,jev-1.13.0
2025,2025-12-12,2,yes_no_choice,Yes,jev-1.13.0
2025,2025-12-12,2,who_choice,Donald Trump,jev-1.13.0
2025,2024-04-16,2,binary_probability,0.06,jev-1.13.0
2025,2024-04-16,2,yes_no_choice,No,jev-1.13.0
2025,2024-04-16,2,who_choice,Joe Biden,jev-1.13.0
2025,2025-04-23,2,binary_probability,0.49,jev-1.13.0
2025,2025-04-23,2,yes_no_choice,Yes,jev-1.13.0
2025,2025-04-23,2,who_choice,Donald Trump,jev-1.13.0
2021,2021-03-30,2,binary_probability,0.02,jev-1.13.0
2021,2021-03-30,2,yes_no_choice,No,jev-1.13.0
2021,2021-03-30,2,who_choice,Joe Biden,jev-1.13.0
2021,2021-03-25,2,binary_probability,0.03,jev-1.13.0
2021,2021-03-25,2,yes_no_choice,No,jev-1.13.0
2021,2021-03-25,2,who_choice,Joe Biden,jev-1.13.0
2025,2025-03-10,2,binary_probability,0.54,jev-1.13.0
2025,2025-03-10,2,yes_no_choice,Yes,jev-1.13.0
2025,2025-03-10,2,who_choice,Donald Trump,jev-1.13.0
2021,2020-08-16,2,binary_probability,0.98,jev-1.13.0
2021,2020-08-16,2,yes_no_choice,Yes,jev-1.13.0
2021,2020-08-16,2,who_choice,Donald Trump,jev-1.13.0
2021,2021-10-23,2,binary_probability,0.02,jev-1.13.0
2021,2021-10-23,2,yes_no_choice,No,jev-1.13.0
2021,2021-10-23,2,who_choice,Joe Biden,jev-1.13.0
2025,2024-01-21,2,binary_probability,0.24,jev-1.13.0
2025,2024-01-21,2,yes_no_choice,No,jev-1.13.0
2025,2024-01-21,2,who_choice,Joe Biden,jev-1.13.0
2021,2021-09-25,2,binary_probability,0.02,jev-1.13.0
2021,2021-09-25,2,yes_no_choice,No,jev-1.13.0
2021,2021-09-25,2,who_choice,Joe Biden,jev-1.13.0
2025,2025-03-28,2,binary_probability,0.57,jev-1.13.0
2025,2025-03-28,2,yes_no_choice,Yes,jev-1.13.0
2025,2025-03-28,2,who_choice,Donald Trump,jev-1.13.0
2025,2024-09-19,2,binary_probability,0.06,jev-1.13.0
2025,2024-09-19,2,yes_no_choice,No,jev-1.13.0
2025,2024-09-19,2,who_choice,Joe Biden,jev-1.13.0
2025,2024-10-30,2,binary_probability,0.15,jev-1.13.0
2025,2024-10-30,2,yes_no_choice,No,jev-1.13.0
2025,2024-10-30,2,who_choice,Joe Biden,jev-1.13.0
2021,2020-02-28,2,binary_probability,0.98,jev-1.13.0
2021,2020-02-28,2,yes_no_choice,Yes,jev-1.13.0
2021,2020-02-28,2,who_choice,Donald Trump,jev-1.13.0
2025,2025-11-13,2,binary_probability,0.56,jev-1.13.0
2025,2025-11-13,2,yes_no_choice,Yes,jev-1.13.0
2025,2025-11-13,2,who_choice,Donald Trump,jev-1.13.0
2025,2025-08-20,2,binary_probability,0.39,jev-1.13.0
2025,2025-08-20,2,yes_no_choice,Yes,jev-1.13.0
2025,2025-08-20,2,who_choice,Donald Trump,jev-1.13.0
2025,2025-12-20,2,binary_probability,0.6,jev-1.13.0
2025,2025-12-20,2,yes_no_choice,Yes,jev-1.13.0
2025,2025-12-20,2,who_choice,Donald Trump,jev-1.13.0
2025,2025-08-27,2,binary_probability,0.45,jev-1.13.0
2025,2025-08-27,2,yes_no_choice,Yes,jev-1.13.0
2025,2025-08-27,2,who_choice,Donald Trump,jev-1.13.0
2021,2021-05-09,2,binary_probability,0.04,jev-1.13.0
2021,2021-05-09,2,yes_no_choice,No,jev-1.13.0
2021,2021-05-09,2,who_choice,Joe Biden,jev-1.13.0
2021,2021-12-02,2,binary_probability,0.03,jev-1.13.0
2021,2021-12-02,2,yes_no_choice,No,jev-1.13.0
2021,2021-12-02,2,who_choice,Joe Biden,jev-1.13.0
2025,2025-04-25,2,binary_probability,0.54,jev-1.13.0
2025,2025-04-25,2,yes_no_choice,Yes,jev-1.13.0
2025,2025-04-25,2,who_choice,Donald Trump,jev-1.13.0
2025,2025-02-15,2,binary_probability,0.66,jev-1.13.0
2025,2025-02-15,2,yes_no_choice,Yes,jev-1.13.0
2025,2025-02-15,2,who_choice,Donald Trump,jev-1.13.0
2021,2020-06-04,2,binary_probability,0.98,jev-1.13.0
2021,2020-06-04,2,yes_no_choice,Yes,jev-1.13.0
2021,2020-06-04,2,who_choice,Donald Trump,jev-1.13.0
2021,2020-09-04,2,binary_probability,0.98,jev-1.13.0
2021,2020-09-04,2,yes_no_choice,Yes,jev-1.13.0
2021,2020-09-04,2,who_choice,Donald Trump,jev-1.13.0
2025,2024-06-26,2,binary_probability,0.05,jev-1.13.0
2025,2024-06-26,2,yes_no_choice,No,jev-1.13.0
2025,2024-06-26,2,who_choice,Joe Biden,jev-1.13.0
2025,2025-11-10,2,binary_probability,0.51,jev-1.13.0
2025,2025-11-10,2,yes_no_choice,Yes,jev-1.13.0
2025,2025-11-10,2,who_choice,Donald Trump,jev-1.13.0
2025,2024-10-15,2,binary_probability,0.13,jev-1.13.0
2025,2024-10-15,2,yes_no_choice,No,jev-1.13.0
2025,2024-10-15,2,who_choice,Joe Biden,jev-1.13.0
2021,2021-09-05,2,binary_probability,0.02,jev-1.13.0
2021,2021-09-05,2,yes_no_choice,No,jev-1.13.0
2021,2021-09-05,2,who_choice,Joe Biden,jev-1.13.0
2021,2020-04-19,2,binary_probability,0.99,jev-1.13.0
2021,2020-04-19,2,yes_no_choice,Yes,jev-1.13.0
2021,2020-04-19,2,who_choice,Donald Trump,jev-1.13.0
2025,2024-03-04,2,binary_probability,0.11,jev-1.13.0
2025,2024-03-04,2,yes_no_choice,No,jev-1.13.0
2025,2024-03-04,2,who_choice,Joe Biden,jev-1.13.0
2021,2021-02-28,2,binary_probability,0.04,jev-1.13.0
2021,2021-02-28,2,yes_no_choice,No,jev-1.13.0
2021,2021-02-28,2,who_choice,Joe Biden,jev-1.13.0
2021,2021-01-05,2,binary_probability,0.96,jev-1.13.0
2021,2021-01-05,2,yes_no_choice,Yes,jev-1.13.0
2021,2021-01-05,2,who_choice,Donald Trump,jev-1.13.0
2025,2025-11-18,2,binary_probability,0.52,jev-1.13.0
2025,2025-11-18,2,yes_no_choice,Yes,jev-1.13.0
2025,2025-11-18,2,who_choice,Donald Trump,jev-1.13.0
2025,2025-08-24,2,binary_probability,0.4,jev-1.13.0
2025,2025-08-24,2,yes_no_choice,No,jev-1.13.0
2025,2025-08-24,2,who_choice,Donald Trump,jev-1.13.0
2025,2025-06-10,2,binary_probability,0.46,jev-1.13.0
2025,2025-06-10,2,yes_no_choice,Yes,jev-1.13.0
2025,2025-06-10,2,who_choice,Donald Trump,jev-1.13.0
2025,2024-10-13,2,binary_probability,0.09,jev-1.13.0
2025,2024-10-13,2,yes_no_choice,No,jev-1.13.0
2025,2024-10-13,2,who_choice,Joe Biden,jev-1.13.0
2021,2021-05-14,2,binary_probability,0.03,jev-1.13.0
2021,2021-05-14,2,yes_no_choice,No,jev-1.13.0
2021,2021-05-14,2,who_choice,Joe Biden,jev-1.13.0
2025,2025-12-23,2,binary_probability,0.54,jev-1.13.0
2025,2025-12-23,2,yes_no_choice,Yes,jev-1.13.0
2025,2025-12-23,2,who_choice,Donald Trump,jev-1.13.0
2021,2021-05-21,2,binary_probability,0.03,jev-1.13.0
2021,2021-05-21,2,yes_no_choice,No,jev-1.13.0
2021,2021-05-21,2,who_choice,Joe Biden,jev-1.13.0
2021,2020-09-16,2,binary_probability,0.99,jev-1.13.0
2021,2020-09-16,2,yes_no_choice,Yes,jev-1.13.0
2021,2020-09-16,2,who_choice,Donald Trump,jev-1.13.0
2021,2021-07-10,2,binary_probability,0.02,jev-1.13.0
2021,2021-07-10,2,yes_no_choice,No,jev-1.13.0
2021,2021-07-10,2,who_choice,Joe Biden,jev-1.13.0
2021,2021-01-14,2,binary_probability,0.97,jev-1.13.0
2021,2021-01-14,2,yes_no_choice,Yes,jev-1.13.0
2021,2021-01-14,2,who_choice,Donald Trump,jev-1.13.0
2025,2024-01-22,2,binary_probability,0.17,jev-1.13.0
2025,2024-01-22,2,yes_no_choice,No,jev-1.13.0
2025,2024-01-22,2,who_choice,Joe Biden,jev-1.13.0
2021,2021-04-17,2,binary_probability,0.03,jev-1.13.0
2021,2021-04-17,2,yes_no_choice,No,jev-1.13.0
2021,2021-04-17,2,who_choice,Joe Biden,jev-1.13.0
2021,2021-11-19,2,binary_probability,0.02,jev-1.13.0
2021,2021-11-19,2,yes_no_choice,No,jev-1.13.0
2021,2021-11-19,2,who_choice,Joe Biden,jev-1.13.0
2025,2025-03-05,2,binary_probability,0.62,jev-1.13.0
2025,2025-03-05,2,yes_no_choice,Yes,jev-1.13.0
2025,2025-03-05,2,who_choice,Donald Trump,jev-1.13.0
2021,2021-09-14,2,binary_probability,0.02,jev-1.13.0
2021,2021-09-14,2,yes_no_choice,No,jev-1.13.0
2021,2021-09-14,2,who_choice,Joe Biden,jev-1.13.0
2021,2020-07-14,2,binary_probability,0.98,jev-1.13.0
2021,2020-07-14,2,yes_no_choice,Yes,jev-1.13.0
2021,2020-07-14,2,who_choice,Donald Trump,jev-1.13.0
2025,2025-09-14,2,binary_probability,0.4,jev-1.13.0
2025,2025-09-14,2,yes_no_choice,No,jev-1.13.0
2025,2025-09-14,2,who_choice,Donald Trump,jev-1.13.0
2021,2020-03-04,2,binary_probability,0.98,jev-1.13.0
2021,2020-03-04,2,yes_no_choice,Yes,jev-1.13.0
2021,2020-03-04,2,who_choice,Donald Trump,jev-1.13.0
2025,2025-05-22,2,binary_probability,0.47,jev-1.13.0
2025,2025-05-22,2,yes_no_choice,Yes,jev-1.13.0
2025,2025-05-22,2,who_choice,Donald Trump,jev-1.13.0
2021,2021-10-16,2,binary_probability,0.02,jev-1.13.0
2021,2021-10-16,2,yes_no_choice,No,jev-1.13.0
2021,2021-10-16,2,who_choice,Joe Biden,jev-1.13.0
2021,2021-07-31,2,binary_probability,0.02,jev-1.13.0
2021,2021-07-31,2,yes_no_choice,No,jev-1.13.0
2021,2021-07-31,2,who_choice,Joe Biden,jev-1.13.0
2021,2020-06-21,2,binary_probability,0.98,jev-1.13.0
2021,2020-06-21,2,yes_no_choice,Yes,jev-1.13.0
2021,2020-06-21,2,who_choice,Donald Trump,jev-1.13.0
2021,2020-11-12,2,binary_probability,0.97,jev-1.13.0
2021,2020-11-12,2,yes_no_choice,Yes,jev-1.13.0
2021,2020-11-12,2,who_choice,Donald Trump,jev-1.13.0
2021,2020-03-27,2,binary_probability,0.98,jev-1.13.0
2021,2020-03-27,2,yes_no_choice,Yes,jev-1.13.0
2021,2020-03-27,2,who_choice,Donald Trump,jev-1.13.0
2025,2024-07-02,2,binary_probability,0.09,jev-1.13.0
2025,2024-07-02,2,yes_no_choice,No,jev-1.13.0
2025,2024-07-02,2,who_choice,Joe Biden,jev-1.13.0
2025,2025-02-27,2,binary_probability,0.66,jev-1.13.0
2025,2025-02-27,2,yes_no_choice,Yes,jev-1.13.0
2025,2025-02-27,2,who_choice,Donald Trump,jev-1.13.0
2025,2025-05-30,2,binary_probability,0.51,jev-1.13.0
2025,2025-05-30,2,yes_no_choice,Yes,jev-1.13.0
2025,2025-05-30,2,who_choice,Donald Trump,jev-1.13.0
2025,2025-05-17,2,binary_probability,0.45,jev-1.13.0
2025,2025-05-17,2,yes_no_choice,Yes,jev-1.13.0
2025,2025-05-17,2,who_choice,Donald Trump,jev-1.13.0
2025,2025-08-18,2,binary_probability,0.42,jev-1.13.0
2025,2025-08-18,2,yes_no_choice,Yes,jev-1.13.0
2025,2025-08-18,2,who_choice,Donald Trump,jev-1.13.0
2025,2024-11-21,2,binary_probability,0.19,jev-1.13.0
2025,2024-11-21,2,yes_no_choice,No,jev-1.13.0
2025,2024-11-21,2,who_choice,Joe Biden,jev-1.13.0
2025,2024-02-14,2,binary_probability,0.09,jev-1.13.0
2025,2024-02-14,2,yes_no_choice,No,jev-1.13.0
2025,2024-02-14,2,who_choice,Joe Biden,jev-1.13.0
2021,2021-02-07,2,binary_probability,0.05,jev-1.13.0
2021,2021-02-07,2,yes_no_choice,No,jev-1.13.0
2021,2021-02-07,2,who_choice,Joe Biden,jev-1.13.0
2025,2025-12-01,2,binary_probability,0.53,jev-1.13.0
2025,2025-12-01,2,yes_no_choice,Yes,jev-1.13.0
2025,2025-12-01,2,who_choice,Donald Trump,jev-1.13.0
2025,2024-05-05,2,binary_probability,0.08,jev-1.13.0
2025,2024-05-05,2,yes_no_choice,No,jev-1.13.0
2025,2024-05-05,2,who_choice,Joe Biden,jev-1.13.0
2021,2021-08-26,2,binary_probability,0.02,jev-1.13.0
2021,2021-08-26,2,yes_no_choice,No,jev-1.13.0
2021,2021-08-26,2,who_choice,Joe Biden,jev-1.13.0
2021,2020-05-28,2,binary_probability,0.99,jev-1.13.0
2021,2020-05-28,2,yes_no_choice,Yes,jev-1.13.0
2021,2020-05-28,2,who_choice,Donald Trump,jev-1.13.0
2025,2024-08-19,2,binary_probability,0.08,jev-1.13.0
2025,2024-08-19,2,yes_no_choice,No,jev-1.13.0
2025,2024-08-19,2,who_choice,Joe Biden,jev-1.13.0
2021,2021-04-02,2,binary_probability,0.04,jev-1.13.0
2021,2021-04-02,2,yes_no_choice,No,jev-1.13.0
2021,2021-04-02,2,who_choice,Joe Biden,jev-1.13.0
2021,2021-07-12,2,binary_probability,0.02,jev-1.13.0
2021,2021-07-12,2,yes_no_choice,No,jev-1.13.0
2021,2021-07-12,2,who_choice,Joe Biden,jev-1.13.0
2025,2025-03-11,2,binary_probability,0.59,jev-1.13.0
2025,2025-03-11,2,yes_no_choice,Yes,jev-1.13.0
2025,2025-03-11,2,who_choice,Donald Trump,jev-1.13.0
2021,2021-11-10,2,binary_probability,0.02,jev-1.13.0
2021,2021-11-10,2,yes_no_choice,No,jev-1.13.0
2021,2021-11-10,2,who_choice,Joe Biden,jev-1.13.0
2021,2020-04-08,2,binary_probability,0.98,jev-1.13.0
2021,2020-04-08,2,yes_no_choice,Yes,jev-1.13.0
2021,2020-04-08,2,who_choice,Donald Trump,jev-1.13.0
2021,2021-04-29,2,binary_probability,0.04,jev-1.13.0
2021,2021-04-29,2,yes_no_choice,No,jev-1.13.0
2021,2021-04-29,2,who_choice,Joe Biden,jev-1.13.0
2025,2025-08-17,2,binary_probability,0.41,jev-1.13.0
2025,2025-08-17,2,yes_no_choice,No,jev-1.13.0
2025,2025-08-17,2,who_choice,Donald Trump,jev-1.13.0
2021,2021-06-02,2,binary_probability,0.02,jev-1.13.0
2021,2021-06-02,2,yes_no_choice,No,jev-1.13.0
2021,2021-06-02,2,who_choice,Joe Biden,jev-1.13.0
2025,2025-05-12,2,binary_probability,0.49,jev-1.13.0
2025,2025-05-12,2,yes_no_choice,No,jev-1.13.0
2025,2025-05-12,2,who_choice,Donald Trump,jev-1.13.0
2021,2020-01-22,2,binary_probability,0.98,jev-1.13.0
2021,2020-01-22,2,yes_no_choice,Yes,jev-1.13.0
2021,2020-01-22,2,who_choice,Donald Trump,jev-1.13.0
2021,2020-04-13,2,binary_probability,0.98,jev-1.13.0
2021,2020-04-13,2,yes_no_choice,Yes,jev-1.13.0
2021,2020-04-13,2,who_choice,Donald Trump,jev-1.13.0
2025,2024-12-08,2,binary_probability,0.26,jev-1.13.0
2025,2024-12-08,2,yes_no_choice,No,jev-1.13.0
2025,2024-12-08,2,who_choice,Donald Trump,jev-1.13.0
2025,2024-02-08,2,binary_probability,0.1,jev-1.13.0
2025,2024-02-08,2,yes_no_choice,No,jev-1.13.0
2025,2024-02-08,2,who_choice,Joe Biden,jev-1.13.0
2021,2021-01-22,2,binary_probability,0.19,jev-1.13.0
2021,2021-01-22,2,yes_no_choice,No,jev-1.13.0
2021,2021-01-22,2,who_choice,Joe Biden,jev-1.13.0
2021,2021-10-08,2,binary_probability,0.02,jev-1.13.0
2021,2021-10-08,2,yes_no_choice,No,jev-1.13.0
2021,2021-10-08,2,who_choice,Joe Biden,jev-1.13.0
2025,2024-10-04,2,binary_probability,0.09,jev-1.13.0
2025,2024-10-04,2,yes_no_choice,No,jev-1.13.0
2025,2024-10-04,2,who_choice,Joe Biden,jev-1.13.0
2025,2025-11-24,2,binary_probability,0.55,jev-1.13.0
2025,2025-11-24,2,yes_no_choice,Yes,jev-1.13.0
2025,2025-11-24,2,who_choice,Donald Trump,jev-1.13.0
2025,2025-01-07,2,binary_probability,0.33,jev-1.13.0
2025,2025-01-07,2,yes_no_choice,No,jev-1.13.0
2025,2025-01-07,2,who_choice,Donald Trump,jev-1.13.0
2025,2024-12-10,2,binary_probability,0.33,jev-1.13.0
2025,2024-12-10,2,yes_no_choice,No,jev-1.13.0
2025,2024-12-10,2,who_choice,Donald Trump,jev-1.13.0
2021,2020-07-05,2,binary_probability,0.98,jev-1.13.0
2021,2020-07-05,2,yes_no_choice,Yes,jev-1.13.0
2021,2020-07-05,2,who_choice,Donald Trump,jev-1.13.0
2021,2021-10-09,2,binary_probability,0.02,jev-1.13.0
2021,2021-10-09,2,yes_no_choice,No,jev-1.13.0
2021,2021-10-09,2,who_choice,Joe Biden,jev-1.13.0
2021,2020-06-11,2,binary_probability,0.98,jev-1.13.0
2021,2020-06-11,2,yes_no_choice,Yes,jev-1.13.0
2021,2020-06-11,2,who_choice,Donald Trump,jev-1.13.0
2025,2025-05-03,2,binary_probability,0.49,jev-1.13.0
2025,2025-05-03,2,yes_no_choice,No,jev-1.13.0
2025,2025-05-03,2,who_choice,Donald Trump,jev-1.13.0
2025,2024-11-11,2,binary_probability,0.26,jev-1.13.0
2025,2024-11-11,2,yes_no_choice,No,jev-1.13.0
2025,2024-11-11,2,who_choice,Joe Biden,jev-1.13.0
2021,2020-08-01,2,binary_probability,0.98,jev-1.13.0
2021,2020-08-01,2,yes_no_choice,Yes,jev-1.13.0
2021,2020-08-01,2,who_choice,Donald Trump,jev-1.13.0
2021,2020-07-25,2,binary_probability,0.99,jev-1.13.0
2021,2020-07-25,2,yes_no_choice,Yes,jev-1.13.0
2021,2020-07-25,2,who_choice,Donald Trump,jev-1.13.0
2025,2025-11-14,2,binary_probability,0.55,jev-1.13.0
2025,2025-11-14,2,yes_no_choice,Yes,jev-1.13.0
2025,2025-11-14,2,who_choice,Donald Trump,jev-1.13.0
2021,2021-07-21,2,binary_probability,0.02,jev-1.13.0
2021,2021-07-21,2,yes_no_choice,No,jev-1.13.0
2021,2021-07-21,2,who_choice,Joe Biden,jev-1.13.0
2025,2026-01-04,2,binary_probability,0.4,jev-1.13.0
2025,2026-01-04,2,yes_no_choice,Yes,jev-1.13.0
2025,2026-01-04,2,who_choice,Donald Trump,jev-1.13.0
2025,2024-09-08,2,binary_probability,0.05,jev-1.13.0
2025,2024-09-08,2,yes_no_choice,No,jev-1.13.0
2025,2024-09-08,2,who_choice,Joe Biden,jev-1.13.0
2021,2021-08-20,2,binary_probability,0.01,jev-1.13.0
2021,2021-08-20,2,yes_no_choice,No,jev-1.13.0
2021,2021-08-20,2,who_choice,Joe Biden,jev-1.13.0
2025,2024-06-24,2,binary_probability,0.07,jev-1.13.0
2025,2024-06-24,2,yes_no_choice,No,jev-1.13.0
2025,2024-06-24,2,who_choice,Joe Biden,jev-1.13.0
2021,2021-04-12,2,binary_probability,0.03,jev-1.13.0
2021,2021-04-12,2,yes_no_choice,No,jev-1.13.0
2021,2021-04-12,2,who_choice,Joe Biden,jev-1.13.0
2021,2020-11-20,2,binary_probability,0.97,jev-1.13.0
2021,2020-11-20,2,yes_no_choice,Yes,jev-1.13.0
2021,2020-11-20,2,who_choice,Donald Trump,jev-1.13.0
2025,2025-06-27,2,binary_probability,0.47,jev-1.13.0
2025,2025-06-27,2,yes_no_choice,No,jev-1.13.0
2025,2025-06-27,2,who_choice,Donald Trump,jev-1.13.0
2025,2025-02-13,2,binary_probability,0.72,jev-1.13.0
2025,2025-02-13,2,yes_no_choice,Yes,jev-1.13.0
2025,2025-02-13,2,who_choice,Donald Trump,jev-1.13.0
2025,2025-12-11,2,binary_probability,0.53,jev-1.13.0
2025,2025-12-11,2,yes_no_choice,Yes,jev-1.13.0
2025,2025-12-11,2,who_choice,Donald Trump,jev-1.13.0
2025,2024-10-06,2,binary_probability,0.13,jev-1.13.0
2025,2024-10-06,2,yes_no_choice,No,jev-1.13.0
2025,2024-10-06,2,who_choice,Joe Biden,jev-1.13.0
2021,2020-07-09,2,binary_probability,0.98,jev-1.13.0
2021,2020-07-09,2,yes_no_choice,Yes,jev-1.13.0
2021,2020-07-09,2,who_choice,Donald Trump,jev-1.13.0
2025,2025-05-28,2,binary_probability,0.51,jev-1.13.0
2025,2025-05-28,2,yes_no_choice,No,jev-1.13.0
2025,2025-05-28,2,who_choice,Donald Trump,jev-1.13.0
2021,2021-04-11,2,binary_probability,0.04,jev-1.13.0
2021,2021-04-11,2,yes_no_choice,No,jev-1.13.0
2021,2021-04-11,2,who_choice,Joe Biden,jev-1.13.0
2021,2020-04-16,2,binary_probability,0.98,jev-1.13.0
2021,2020-04-16,2,yes_no_choice,Yes,jev-1.13.0
2021,2020-04-16,2,who_choice,Donald Trump,jev-1.13.0
2025,2025-08-23,2,binary_probability,0.41,jev-1.13.0
2025,2025-08-23,2,yes_no_choice,No,jev-1.13.0
2025,2025-08-23,2,who_choice,Donald Trump,jev-1.13.0
2025,2024-07-07,2,binary_probability,0.07,jev-1.13.0
2025,2024-07-07,2,yes_no_choice,No,jev-1.13.0
2025,2024-07-07,2,who_choice,Joe Biden,jev-1.13.0
2025,2024-06-30,2,binary_probability,0.06,jev-1.13.0
2025,2024-06-30,2,yes_no_choice,No,jev-1.13.0
2025,2024-06-30,2,who_choice,Joe Biden,jev-1.13.0
2021,2020-03-09,2,binary_probability,0.99,jev-1.13.0
2021,2020-03-09,2,yes_no_choice,Yes,jev-1.13.0
2021,2020-03-09,2,who_choice,Donald Trump,jev-1.13.0
2025,2024-07-10,2,binary_probability,0.09,jev-1.13.0
2025,2024-07-10,2,yes_no_choice,No,jev-1.13.0
2025,2024-07-10,2,who_choice,Joe Biden,jev-1.13.0
2025,2025-03-12,2,binary_probability,0.59,jev-1.13.0
2025,2025-03-12,2,yes_no_choice,Yes,jev-1.13.0
2025,2025-03-12,2,who_choice,Donald Trump,jev-1.13.0
2021,2021-01-28,2,binary_probability,0.16,jev-1.13.0
2021,2021-01-28,2,yes_no_choice,No,jev-1.13.0
2021,2021-01-28,2,who_choice,Joe Biden,jev-1.13.0
2025,2024-11-24,2,binary_probability,0.22,jev-1.13.0
2025,2024-11-24,2,yes_no_choice,No,jev-1.13.0
2025,2024-11-24,2,who_choice,Joe Biden,jev-1.13.0
2025,2024-11-29,2,binary_probability,0.23,jev-1.13.0
2025,2024-11-29,2,yes_no_choice,No,jev-1.13.0
2025,2024-11-29,2,who_choice,Joe Biden,jev-1.13.0
2025,2024-08-17,2,binary_probability,0.07,jev-1.13.0
2025,2024-08-17,2,yes_no_choice,No,jev-1.13.0
2025,2024-08-17,2,who_choice,Joe Biden,jev-1.13.0
2025,2024-09-14,2,binary_probability,0.06,jev-1.13.0
2025,2024-09-14,2,yes_no_choice,No,jev-1.13.0
2025,2024-09-14,2,who_choice,Joe Biden,jev-1.13.0
2025,2025-09-03,2,binary_probability,0.44,jev-1.13.0
2025,2025-09-03,2,yes_no_choice,No,jev-1.13.0
2025,2025-09-03,2,who_choice,Donald Trump,jev-1.13.0
2025,2025-12-07,2,binary_probability,0.57,jev-1.13.0
2025,2025-12-07,2,yes_no_choice,Yes,jev-1.13.0
2025,2025-12-07,2,who_choice,Donald Trump,jev-1.13.0
2021,2020-12-12,2,binary_probability,0.97,jev-1.13.0
2021,2020-12-12,2,yes_no_choice,Yes,jev-1.13.0
2021,2020-12-12,2,who_choice,Donald Trump,jev-1.13.0
2021,2020-06-02,2,binary_probability,0.98,jev-1.13.0
2021,2020-06-02,2,yes_no_choice,Yes,jev-1.13.0
2021,2020-06-02,2,who_choice,Donald Trump,jev-1.13.0
2021,2021-01-11,2,binary_probability,0.95,jev-1.13.0
2021,2021-01-11,2,yes_no_choice,Yes,jev-1.13.0
2021,2021-01-11,2,who_choice,Joe Biden,jev-1.13.0
2021,2022-01-02,2,binary_probability,0.08,jev-1.13.0
2021,2022-01-02,2,yes_no_choice,No,jev-1.13.0
2021,2022-01-02,2,who_choice,Joe Biden,jev-1.13.0
2021,2021-07-14,2,binary_probability,0.02,jev-1.13.0
2021,2021-07-14,2,yes_no_choice,No,jev-1.13.0
2021,2021-07-14,2,who_choice,Joe Biden,jev-1.13.0
2021,2021-12-23,2,binary_probability,0.02,jev-1.13.0
2021,2021-12-23,2,yes_no_choice,No,jev-1.13.0
2021,2021-12-23,2,who_choice,Joe Biden,jev-1.13.0
2021,2020-11-19,2,binary_probability,0.96,jev-1.13.0
2021,2020-11-19,2,yes_no_choice,Yes,jev-1.13.0
2021,2020-11-19,2,who_choice,Donald Trump,jev-1.13.0
2025,2025-07-14,2,binary_probability,0.4,jev-1.13.0
2025,2025-07-14,2,yes_no_choice,Yes,jev-1.13.0
2025,2025-07-14,2,who_choice,Donald Trump,jev-1.13.0
2021,2021-12-25,2,binary_probability,0.02,jev-1.13.0
2021,2021-12-25,2,yes_no_choice,No,jev-1.13.0
2021,2021-12-25,2,who_choice,Joe Biden,jev-1.13.0
2025,2024-07-27,2,binary_probability,0.1,jev-1.13.0
2025,2024-07-27,2,yes_no_choice,No,jev-1.13.0
2025,2024-07-27,2,who_choice,Joe Biden,jev-1.13.0
2021,2021-07-27,2,binary_probability,0.02,jev-1.13.0
2021,2021-07-27,2,yes_no_choice,No,jev-1.13.0
2021,2021-07-27,2,who_choice,Joe Biden,jev-1.13.0
2025,2024-10-20,2,binary_probability,0.15,jev-1.13.0
2025,2024-10-20,2,yes_no_choice,No,jev-1.13.0
2025,2024-10-20,2,who_choice,Joe Biden,jev-1.13.0
2021,2021-05-29,2,binary_probability,0.03,jev-1.13.0
2021,2021-05-29,2,yes_no_choice,No,jev-1.13.0
2021,2021-05-29,2,who_choice,Joe Biden,jev-1.13.0
2021,2021-01-31,2,binary_probability,0.33,jev-1.13.0
2021,2021-01-31,2,yes_no_choice,No,jev-1.13.0
2021,2021-01-31,2,who_choice,Joe Biden,jev-1.13.0
2021,2021-08-14,2,binary_probability,0.02,jev-1.13.0
2021,2021-08-14,2,yes_no_choice,No,jev-1.13.0
2021,2021-08-14,2,who_choice,Joe Biden,jev-1.13.0
2025,2024-08-07,2,binary_probability,0.09,jev-1.13.0
2025,2024-08-07,2,yes_no_choice,No,jev-1.13.0
2025,2024-08-07,2,who_choice,Joe Biden,jev-1.13.0
2025,2025-03-03,2,binary_probability,0.61,jev-1.13.0
2025,2025-03-03,2,yes_no_choice,Yes,jev-1.13.0
2025,2025-03-03,2,who_choice,Donald Trump,jev-1.13.0
2021,2020-09-18,2,binary_probability,0.98,jev-1.13.0
2021,2020-09-18,2,yes_no_choice,Yes,jev-1.13.0
2021,2020-09-18,2,who_choice,Donald Trump,jev-1.13.0
2025,2025-01-10,2,binary_probability,0.62,jev-1.13.0
2025,2025-01-10,2,yes_no_choice,Yes,jev-1.13.0
2025,2025-01-10,2,who_choice,Donald Trump,jev-1.13.0
2021,2020-05-25,2,binary_probability,0.98,jev-1.13.0
2021,2020-05-25,2,yes_no_choice,Yes,jev-1.13.0
2021,2020-05-25,2,who_choice,Donald Trump,jev-1.13.0
2021,2020-07-04,2,binary_probability,0.98,jev-1.13.0
2021,2020-07-04,2,yes_no_choice,Yes,jev-1.13.0
2021,2020-07-04,2,who_choice,Donald Trump,jev-1.13.0
2021,2021-10-25,2,binary_probability,0.02,jev-1.13.0
2021,2021-10-25,2,yes_no_choice,No,jev-1.13.0
2021,2021-10-25,2,who_choice,Joe Biden,jev-1.13.0
2025,2025-08-31,2,binary_probability,0.4,jev-1.13.0
2025,2025-08-31,2,yes_no_choice,No,jev-1.13.0
2025,2025-08-31,2,who_choice,Donald Trump,jev-1.13.0
2021,2020-11-17,2,binary_probability,0.96,jev-1.13.0
2021,2020-11-17,2,yes_no_choice,Yes,jev-1.13.0
2021,2020-11-17,2,who_choice,Donald Trump,jev-1.13.0
2021,2021-07-05,2,binary_probability,0.02,jev-1.13.0
2021,2021-07-05,2,yes_no_choice,No,jev-1.13.0
2021,2021-07-05,2,who_choice,Joe Biden,jev-1.13.0
2021,2020-03-19,2,binary_probability,0.98,jev-1.13.0
2021,2020-03-19,2,yes_no_choice,Yes,jev-1.13.0
2021,2020-03-19,2,who_choice,Donald Trump,jev-1.13.0
2025,2024-02-28,2,binary_probability,0.07,jev-1.13.0
2025,2024-02-28,2,yes_no_choice,No,jev-1.13.0
2025,2024-02-28,2,who_choice,Joe Biden,jev-1.13.0
2021,2020-12-04,2,binary_probability,0.97,jev-1.13.0
2021,2020-12-04,2,yes_no_choice,Yes,jev-1.13.0
2021,2020-12-04,2,who_choice,Donald Trump,jev-1.13.0
2025,2025-04-19,2,binary_probability,0.54,jev-1.13.0
2025,2025-04-19,2,yes_no_choice,Yes,jev-1.13.0
2025,2025-04-19,2,who_choice,Donald Trump,jev-1.13.0
2021,2021-03-01,2,binary_probability,0.04,jev-1.13.0
2021,2021-03-01,2,yes_no_choice,No,jev-1.13.0
2021,2021-03-01,2,who_choice,Joe Biden,jev-1.13.0
2025,2025-06-12,2,binary_probability,0.41,jev-1.13.0
2025,2025-06-12,2,yes_no_choice,Yes,jev-1.13.0
2025,2025-06-12,2,who_choice,Donald Trump,jev-1.13.0
2025,2024-03-13,2,binary_probability,0.08,jev-1.13.0
2025,2024-03-13,2,yes_no_choice,No,jev-1.13.0
2025,2024-03-13,2,who_choice,Joe Biden,jev-1.13.0
2021,2020-02-29,2,binary_probability,0.98,jev-1.13.0
2021,2020-02-29,2,yes_no_choice,Yes,jev-1.13.0
2021,2020-02-29,2,who_choice,Donald Trump,jev-1.13.0
2021,2022-01-05,2,binary_probability,0.13,jev-1.13.0
2021,2022-01-05,2,yes_no_choice,No,jev-1.13.0
2021,2022-01-05,2,who_choice,Joe Biden,jev-1.13.0
2025,2024-03-09,2,binary_probability,0.08,jev-1.13.0
2025,2024-03-09,2,yes_no_choice,No,jev-1.13.0
2025,2024-03-09,2,who_choice,Joe Biden,jev-1.13.0
2025,2024-10-21,2,binary_probability,0.1,jev-1.13.0
2025,2024-10-21,2,yes_no_choice,No,jev-1.13.0
2025,2024-10-21,2,who_choice,Joe Biden,jev-1.13.0
2025,2025-10-01,2,binary_probability,0.41,jev-1.13.0
2025,2025-10-01,2,yes_no_choice,No,jev-1.13.0
2025,2025-10-01,2,who_choice,Donald Trump,jev-1.13.0
2021,2020-07-15,2,binary_probability,0.99,jev-1.13.0
2021,2020-07-15,2,yes_no_choice,Yes,jev-1.13.0
2021,2020-07-15,2,who_choice,Donald Trump,jev-1.13.0
2021,2021-03-17,2,binary_probability,0.03,jev-1.13.0
2021,2021-03-17,2,yes_no_choice,No,jev-1.13.0
2021,2021-03-17,2,who_choice,Joe Biden,jev-1.13.0
2021,2020-07-24,2,binary_probability,0.99,jev-1.13.0
2021,2020-07-24,2,yes_no_choice,Yes,jev-1.13.0
2021,2020-07-24,2,who_choice,Donald Trump,jev-1.13.0
2025,2025-12-18,2,binary_probability,0.59,jev-1.13.0
2025,2025-12-18,2,yes_no_choice,Yes,jev-1.13.0
2025,2025-12-18,2,who_choice,Donald Trump,jev-1.13.0
2025,2024-09-24,2,binary_probability,0.04,jev-1.13.0
2025,2024-09-24,2,yes_no_choice,No,jev-1.13.0
2025,2024-09-24,2,who_choice,Joe Biden,jev-1.13.0
2021,2020-04-24,2,binary_probability,0.99,jev-1.13.0
2021,2020-04-24,2,yes_no_choice,Yes,jev-1.13.0
2021,2020-04-24,2,who_choice,Donald Trump,jev-1.13.0
2021,2021-04-20,2,binary_probability,0.03,jev-1.13.0
2021,2021-04-20,2,yes_no_choice,No,jev-1.13.0
2021,2021-04-20,2,who_choice,Joe Biden,jev-1.13.0
2021,2020-10-22,2,binary_probability,0.98,jev-1.13.0
2021,2020-10-22,2,yes_no_choice,Yes,jev-1.13.0
2021,2020-10-22,2,who_choice,Donald Trump,jev-1.13.0
2021,2021-07-04,2,binary_probability,0.03,jev-1.13.0
2021,2021-07-04,2,yes_no_choice,No,jev-1.13.0
2021,2021-07-04,2,who_choice,Joe Biden,jev-1.13.0
2021,2021-04-08,2,binary_probability,0.04,jev-1.13.0
2021,2021-04-08,2,yes_no_choice,No,jev-1.13.0
2021,2021-04-08,2,who_choice,Joe Biden,jev-1.13.0
2021,2020-05-15,2,binary_probability,0.99,jev-1.13.0
2021,2020-05-15,2,yes_no_choice,Yes,jev-1.13.0
2021,2020-05-15,2,who_choice,Donald Trump,jev-1.13.0
2025,2025-12-02,2,binary_probability,0.55,jev-1.13.0
2025,2025-12-02,2,yes_no_choice,Yes,jev-1.13.0
2025,2025-12-02,2,who_choice,Donald Trump,jev-1.13.0
2025,2024-12-19,2,binary_probability,0.29,jev-1.13.0
2025,2024-12-19,2,yes_no_choice,No,jev-1.13.0
2025,2024-12-19,2,who_choice,Donald Trump,jev-1.13.0
2021,2021-08-24,2,binary_probability,0.02,jev-1.13.0
2021,2021-08-24,2,yes_no_choice,No,jev-1.13.0
2021,2021-08-24,2,who_choice,Joe Biden,jev-1.13.0
2025,2024-06-13,2,binary_probability,0.06,jev-1.13.0
2025,2024-06-13,2,yes_no_choice,No,jev-1.13.0
2025,2024-06-13,2,who_choice,Joe Biden,jev-1.13.0
2025,2025-07-08,2,binary_probability,0.44,jev-1.13.0
2025,2025-07-08,2,yes_no_choice,Yes,jev-1.13.0
2025,2025-07-08,2,who_choice,Donald Trump,jev-1.13.0
2025,2025-04-01,2,binary_probability,0.48,jev-1.13.0
2025,2025-04-01,2,yes_no_choice,No,jev-1.13.0
2025,2025-04-01,2,who_choice,Donald Trump,jev-1.13.0
2021,2020-05-17,2,binary_probability,0.99,jev-1.13.0
2021,2020-05-17,2,yes_no_choice,Yes,jev-1.13.0
2021,2020-05-17,2,who_choice,Donald Trump,jev-1.13.0
2021,2020-07-31,2,binary_probability,0.98,jev-1.13.0
2021,2020-07-31,2,yes_no_choice,Yes,jev-1.13.0
2021,2020-07-31,2,who_choice,Donald Trump,jev-1.13.0
2021,2021-11-11,2,binary_probability,0.03,jev-1.13.0
2021,2021-11-11,2,yes_no_choice,No,jev-1.13.0
2021,2021-11-11,2,who_choice,Joe Biden,jev-1.13.0
2021,2020-06-28,2,binary_probability,0.98,jev-1.13.0
2021,2020-06-28,2,yes_no_choice,Yes,jev-1.13.0
2021,2020-06-28,2,who_choice,Donald Trump,jev-1.13.0
2025,2024-08-09,2,binary_probability,0.11,jev-1.13.0
2025,2024-08-09,2,yes_no_choice,No,jev-1.13.0
2025,2024-08-09,2,who_choice,Joe Biden,jev-1.13.0
2021,2020-02-22,2,binary_probability,0.98,jev-1.13.0
2021,2020-02-22,2,yes_no_choice,Yes,jev-1.13.0
2021,2020-02-22,2,who_choice,Donald Trump,jev-1.13.0
2021,2020-11-01,2,binary_probability,0.98,jev-1.13.0
2021,2020-11-01,2,yes_no_choice,Yes,jev-1.13.0
2021,2020-11-01,2,who_choice,Donald Trump,jev-1.13.0
2021,2020-05-04,2,binary_probability,0.99,jev-1.13.0
2021,2020-05-04,2,yes_no_choice,Yes,jev-1.13.0
2021,2020-05-04,2,who_choice,Donald Trump,jev-1.13.0
2021,2020-06-19,2,binary_probability,0.98,jev-1.13.0
2021,2020-06-19,2,yes_no_choice,Yes,jev-1.13.0
2021,2020-06-19,2,who_choice,Donald Trump,jev-1.13.0
2025,2024-06-04,2,binary_probability,0.1,jev-1.13.0
2025,2024-06-04,2,yes_no_choice,No,jev-1.13.0
2025,2024-06-04,2,who_choice,Joe Biden,jev-1.13.0
2025,2025-12-19,2,binary_probability,0.57,jev-1.13.0
2025,2025-12-19,2,yes_no_choice,Yes,jev-1.13.0
2025,2025-12-19,2,who_choice,Donald Trump,jev-1.13.0
2025,2024-04-03,2,binary_probability,0.08,jev-1.13.0
2025,2024-04-03,2,yes_no_choice,No,jev-1.13.0
2025,2024-04-03,2,who_choice,Joe Biden,jev-1.13.0
2021,2020-08-31,2,binary_probability,0.98,jev-1.13.0
2021,2020-08-31,2,yes_no_choice,Yes,jev-1.13.0
2021,2020-08-31,2,who_choice,Donald Trump,jev-1.13.0
2021,2021-11-09,2,binary_probability,0.02,jev-1.13.0
2021,2021-11-09,2,yes_no_choice,No,jev-1.13.0
2021,2021-11-09,2,who_choice,Joe Biden,jev-1.13.0
2021,2021-11-22,2,binary_probability,0.02,jev-1.13.0
2021,2021-11-22,2,yes_no_choice,No,jev-1.13.0
2021,2021-11-22,2,who_choice,Joe Biden,jev-1.13.0
2025,2025-07-27,2,binary_probability,0.42,jev-1.13.0
2025,2025-07-27,2,yes_no_choice,No,jev-1.13.0
2025,2025-07-27,2,who_choice,Donald Trump,jev-1.13.0
2025,2025-11-27,2,binary_probability,0.56,jev-1.13.0
2025,2025-11-27,2,yes_no_choice,Yes,jev-1.13.0
2025,2025-11-27,2,who_choice,Donald Trump,jev-1.13.0
2021,2021-05-03,2,binary_probability,0.04,jev-1.13.0
2021,2021-05-03,2,yes_no_choice,No,jev-1.13.0
2021,2021-05-03,2,who_choice,Joe Biden,jev-1.13.0
2021,2021-07-11,2,binary_probability,0.02,jev-1.13.0
2021,2021-07-11,2,yes_no_choice,No,jev-1.13.0
2021,2021-07-11,2,who_choice,Joe Biden,jev-1.13.0
2021,2021-08-19,2,binary_probability,0.02,jev-1.13.0
2021,2021-08-19,2,yes_no_choice,No,jev-1.13.0
2021,2021-08-19,2,who_choice,Joe Biden,jev-1.13.0
2021,2020-05-21,2,binary_probability,0.99,jev-1.13.0
2021,2020-05-21,2,yes_no_choice,Yes,jev-1.13.0
2021,2020-05-21,2,who_choice,Donald Trump,jev-1.13.0
2021,2020-06-22,2,binary_probability,0.98,jev-1.13.0
2021,2020-06-22,2,yes_no_choice,Yes,jev-1.13.0
2021,2020-06-22,2,who_choice,Donald Trump,jev-1.13.0
2025,2024-11-03,2,binary_probability,0.26,jev-1.13.0
2025,2024-11-03,2,yes_no_choice,No,jev-1.13.0
2025,2024-11-03,2,who_choice,Joe Biden,jev-1.13.0
2021,2020-10-01,2,binary_probability,0.98,jev-1.13.0
2021,2020-10-01,2,yes_no_choice,Yes,jev-1.13.0
2021,2020-10-01,2,who_choice,Donald Trump,jev-1.13.0
2025,2024-05-27,2,binary_probability,0.07,jev-1.13.0
2025,2024-05-27,2,yes_no_choice,No,jev-1.13.0
2025,2024-05-27,2,who_choice,Joe Biden,jev-1.13.0
2021,2020-03-10,2,binary_probability,0.98,jev-1.13.0
2021,2020-03-10,2,yes_no_choice,Yes,jev-1.13.0
2021,2020-03-10,2,who_choice,Donald Trump,jev-1.13.0
2021,2021-03-24,2,binary_probability,0.03,jev-1.13.0
2021,2021-03-24,2,yes_no_choice,No,jev-1.13.0
2021,2021-03-24,2,who_choice,Joe Biden,jev-1.13.0
2021,2021-04-25,2,binary_probability,0.03,jev-1.13.0
2021,2021-04-25,2,yes_no_choice,No,jev-1.13.0
2021,2021-04-25,2,who_choice,Joe Biden,jev-1.13.0
2025,2024-10-25,2,binary_probability,0.14,jev-1.13.0
2025,2024-10-25,2,yes_no_choice,No,jev-1.13.0
2025,2024-10-25,2,who_choice,Joe Biden,jev-1.13.0
2021,2021-11-23,2,binary_probability,0.02,jev-1.13.0
2021,2021-11-23,2,yes_no_choice,No,jev-1.13.0
2021,2021-11-23,2,who_choice,Joe Biden,jev-1.13.0
2021,2020-06-12,2,binary_probability,0.99,jev-1.13.0
2021,2020-06-12,2,yes_no_choice,Yes,jev-1.13.0
2021,2020-06-12,2,who_choice,Donald Trump,jev-1.13.0
2025,2025-04-08,2,binary_probability,0.52,jev-1.13.0
2025,2025-04-08,2,yes_no_choice,Yes,jev-1.13.0
2025,2025-04-08,2,who_choice,Donald Trump,jev-1.13.0
2021,2021-09-02,2,binary_probability,0.02,jev-1.13.0
2021,2021-09-02,2,yes_no_choice,No,jev-1.13.0
2021,2021-09-02,2,who_choice,Joe Biden,jev-1.13.0
2025,2024-03-15,2,binary_probability,0.09,jev-1.13.0
2025,2024-03-15,2,yes_no_choice,No,jev-1.13.0
2025,2024-03-15,2,who_choice,Joe Biden,jev-1.13.0
2025,2024-09-05,2,binary_probability,0.06,jev-1.13.0
2025,2024-09-05,2,yes_no_choice,No,jev-1.13.0
2025,2024-09-05,2,who_choice,Joe Biden,jev-1.13.0
2021,2020-04-18,2,binary_probability,0.98,jev-1.13.0
2021,2020-04-18,2,yes_no_choice,Yes,jev-1.13.0
2021,2020-04-18,2,who_choice,Donald Trump,jev-1.13.0
2021,2020-10-03,2,binary_probability,0.99,jev-1.13.0
2021,2020-10-03,2,yes_no_choice,Yes,jev-1.13.0
2021,2020-10-03,2,who_choice,Donald Trump,jev-1.13.0
2021,2020-09-27,2,binary_probability,0.98,jev-1.13.0
2021,2020-09-27,2,yes_no_choice,Yes,jev-1.13.0
2021,2020-09-27,2,who_choice,Donald Trump,jev-1.13.0
2021,2020-09-24,2,binary_probability,0.98,jev-1.13.0
2021,2020-09-24,2,yes_no_choice,Yes,jev-1.13.0
2021,2020-09-24,2,who_choice,Donald Trump,jev-1.13.0
2021,2021-09-10,2,binary_probability,0.02,jev-1.13.0
2021,2021-09-10,2,yes_no_choice,No,jev-1.13.0
2021,2021-09-10,2,who_choice,Joe Biden,jev-1.13.0
2021,2020-08-04,2,binary_probability,0.99,jev-1.13.0
2021,2020-08-04,2,yes_no_choice,Yes,jev-1.13.0
2021,2020-08-04,2,who_choice,Donald Trump,jev-1.13.0
2025,2024-08-11,2,binary_probability,0.08,jev-1.13.0
2025,2024-08-11,2,yes_no_choice,No,jev-1.13.0
2025,2024-08-11,2,who_choice,Joe Biden,jev-1.13.0
2025,2024-09-12,2,binary_probability,0.05,jev-1.13.0
2025,2024-09-12,2,yes_no_choice,No,jev-1.13.0
2025,2024-09-12,2,who_choice,Joe Biden,jev-1.13.0
2025,2024-11-22,2,binary_probability,0.22,jev-1.13.0
2025,2024-11-22,2,yes_no_choice,No,jev-1.13.0
2025,2024-11-22,2,who_choice,Joe Biden,jev-1.13.0
2021,2021-06-27,2,binary_probability,0.02,jev-1.13.0
2021,2021-06-27,2,yes_no_choice,No,jev-1.13.0
2021,2021-06-27,2,who_choice,Joe Biden,jev-1.13.0
2025,2025-11-01,2,binary_probability,0.48,jev-1.13.0
2025,2025-11-01,2,yes_no_choice,Yes,jev-1.13.0
2025,2025-11-01,2,who_choice,Donald Trump,jev-1.13.0
2025,2025-02-12,2,binary_probability,0.66,jev-1.13.0
2025,2025-02-12,2,yes_no_choice,Yes,jev-1.13.0
2025,2025-02-12,2,who_choice,Donald Trump,jev-1.13.0
2021,2021-02-11,2,binary_probability,0.05,jev-1.13.0
2021,2021-02-11,2,yes_no_choice,No,jev-1.13.0
2021,2021-02-11,2,who_choice,Joe Biden,jev-1.13.0
2025,2024-09-13,2,binary_probability,0.07,jev-1.13.0
2025,2024-09-13,2,yes_no_choice,No,jev-1.13.0
2025,2024-09-13,2,who_choice,Joe Biden,jev-1.13.0
2025,2025-03-13,2,binary_probability,0.59,jev-1.13.0
2025,2025-03-13,2,yes_no_choice,Yes,jev-1.13.0
2025,2025-03-13,2,who_choice,Donald Trump,jev-1.13.0
2025,2024-12-25,2,binary_probability,0.18,jev-1.13.0
2025,2024-12-25,2,yes_no_choice,No,jev-1.13.0
2025,2024-12-25,2,who_choice,Donald Trump,jev-1.13.0
2021,2021-07-06,2,binary_probability,0.02,jev-1.13.0
2021,2021-07-06,2,yes_no_choice,No,jev-1.13.0
2021,2021-07-06,2,who_choice,Joe Biden,jev-1.13.0
2021,2021-09-20,2,binary_probability,0.02,jev-1.13.0
2021,2021-09-20,2,yes_no_choice,No,jev-1.13.0
2021,2021-09-20,2,who_choice,Joe Biden,jev-1.13.0
2021,2021-01-16,2,binary_probability,0.96,jev-1.13.0
2021,2021-01-16,2,yes_no_choice,Yes,jev-1.13.0
2021,2021-01-16,2,who_choice,Donald Trump,jev-1.13.0
2025,2024-08-20,2,binary_probability,0.09,jev-1.13.0
2025,2024-08-20,2,yes_no_choice,No,jev-1.13.0
2025,2024-08-20,2,who_choice,Joe Biden,jev-1.13.0
2025,2024-04-08,2,binary_probability,0.05,jev-1.13.0
2025,2024-04-08,2,yes_no_choice,No,jev-1.13.0
2025,2024-04-08,2,who_choice,Joe Biden,jev-1.13.0
2025,2024-11-26,2,binary_probability,0.22,jev-1.13.0
2025,2024-11-26,2,yes_no_choice,No,jev-1.13.0
2025,2024-11-26,2,who_choice,Joe Biden,jev-1.13.0
2025,2025-05-07,2,binary_probability,0.55,jev-1.13.0
2025,2025-05-07,2,yes_no_choice,Yes,jev-1.13.0
2025,2025-05-07,2,who_choice,Donald Trump,jev-1.13.0
2025,2024-09-01,2,binary_probability,0.06,jev-1.13.0
2025,2024-09-01,2,yes_no_choice,No,jev-1.13.0
2025,2024-09-01,2,who_choice,Joe Biden,jev-1.13.0
2025,2024-02-09,2,binary_probability,0.09,jev-1.13.0
2025,2024-02-09,2,yes_no_choice,No,jev-1.13.0
2025,2024-02-09,2,who_choice,Joe Biden,jev-1.13.0
2021,2020-10-21,2,binary_probability,0.99,jev-1.13.0
2021,2020-10-21,2,yes_no_choice,Yes,jev-1.13.0
2021,2020-10-21,2,who_choice,Donald Trump,jev-1.13.0
2021,2021-03-07,2,binary_probability,0.03,jev-1.13.0
2021,2021-03-07,2,yes_no_choice,No,jev-1.13.0
2021,2021-03-07,2,who_choice,Joe Biden,jev-1.13.0
2021,2020-09-08,2,binary_probability,0.98,jev-1.13.0
2021,2020-09-08,2,yes_no_choice,Yes,jev-1.13.0
2021,2020-09-08,2,who_choice,Donald Trump,jev-1.13.0
2021,2020-08-07,2,binary_probability,0.98,jev-1.13.0
2021,2020-08-07,2,yes_no_choice,Yes,jev-1.13.0
2021,2020-08-07,2,who_choice,Donald Trump,jev-1.13.0
2021,2021-09-17,2,binary_probability,0.02,jev-1.13.0
2021,2021-09-17,2,yes_no_choice,No,jev-1.13.0
2021,2021-09-17,2,who_choice,Joe Biden,jev-1.13.0
2021,2021-05-02,2,binary_probability,0.03,jev-1.13.0
2021,2021-05-02,2,yes_no_choice,No,jev-1.13.0
2021,2021-05-02,2,who_choice,Joe Biden,jev-1.13.0
2025,2024-10-09,2,binary_probability,0.13,jev-1.13.0
2025,2024-10-09,2,yes_no_choice,No,jev-1.13.0
2025,2024-10-09,2,who_choice,Joe Biden,jev-1.13.0
2025,2025-02-05,2,binary_probability,0.7,jev-1.13.0
2025,2025-02-05,2,yes_no_choice,Yes,jev-1.13.0
2025,2025-02-05,2,who_choice,Donald Trump,jev-1.13.0
2025,2025-06-07,2,binary_probability,0.49,jev-1.13.0
2025,2025-06-07,2,yes_no_choice,Yes,jev-1.13.0
2025,2025-06-07,2,who_choice,Donald Trump,jev-1.13.0
2025,2024-04-24,2,binary_probability,0.04,jev-1.13.0
2025,2024-04-24,2,yes_no_choice,No,jev-1.13.0
2025,2024-04-24,2,who_choice,Joe Biden,jev-1.13.0
2021,2021-12-21,2,binary_probability,0.02,jev-1.13.0
2021,2021-12-21,2,yes_no_choice,No,jev-1.13.0
2021,2021-12-21,2,who_choice,Joe Biden,jev-1.13.0
2025,2025-09-02,2,binary_probability,0.44,jev-1.13.0
2025,2025-09-02,2,yes_no_choice,Yes,jev-1.13.0
2025,2025-09-02,2,who_choice,Donald Trump,jev-1.13.0
2025,2025-03-18,2,binary_probability,0.58,jev-1.13.0
2025,2025-03-18,2,yes_no_choice,Yes,jev-1.13.0
2025,2025-03-18,2,who_choice,Donald Trump,jev-1.13.0
2021,2020-11-13,2,binary_probability,0.97,jev-1.13.0
2021,2020-11-13,2,yes_no_choice,Yes,jev-1.13.0
2021,2020-11-13,2,who_choice,Donald Trump,jev-1.13.0
2025,2025-01-08,2,binary_probability,0.47,jev-1.13.0
2025,2025-01-08,2,yes_no_choice,Yes,jev-1.13.0
2025,2025-01-08,2,who_choice,Donald Trump,jev-1.13.0
2021,2021-06-24,2,binary_probability,0.02,jev-1.13.0
2021,2021-06-24,2,yes_no_choice,No,jev-1.13.0
2021,2021-06-24,2,who_choice,Joe Biden,jev-1.13.0
2021,2020-11-07,2,binary_probability,0.97,jev-1.13.0
2021,2020-11-07,2,yes_no_choice,Yes,jev-1.13.0
2021,2020-11-07,2,who_choice,Donald Trump,jev-1.13.0
2021,2021-10-19,2,binary_probability,0.02,jev-1.13.0
2021,2021-10-19,2,yes_no_choice,No,jev-1.13.0
2021,2021-10-19,2,who_choice,Joe Biden,jev-1.13.0
2025,2025-09-19,2,binary_probability,0.41,jev-1.13.0
2025,2025-09-19,2,yes_no_choice,No,jev-1.13.0
2025,2025-09-19,2,who_choice,Donald Trump,jev-1.13.0
2025,2024-06-03,2,binary_probability,0.06,jev-1.13.0
2025,2024-06-03,2,yes_no_choice,No,jev-1.13.0
2025,2024-06-03,2,who_choice,Joe Biden,jev-1.13.0
2025,2025-05-16,2,binary_probability,0.5,jev-1.13.0
2025,2025-05-16,2,yes_no_choice,Yes,jev-1.13.0
2025,2025-05-16,2,who_choice,Donald Trump,jev-1.13.0
2025,2025-04-05,2,binary_probability,0.45,jev-1.13.0
2025,2025-04-05,2,yes_no_choice,Yes,jev-1.13.0
2025,2025-04-05,2,who_choice,Donald Trump,jev-1.13.0
2025,2024-07-24,2,binary_probability,0.07,jev-1.13.0
2025,2024-07-24,2,yes_no_choice,No,jev-1.13.0
2025,2024-07-24,2,who_choice,Joe Biden,jev-1.13.0
2021,2021-03-03,2,binary_probability,0.03,jev-1.13.0
2021,2021-03-03,2,yes_no_choice,No,jev-1.13.0
2021,2021-03-03,2,who_choice,Joe Biden,jev-1.13.0
2025,2024-11-28,2,binary_probability,0.2,jev-1.13.0
2025,2024-11-28,2,yes_no_choice,No,jev-1.13.0
2025,2024-11-28,2,who_choice,Joe Biden,jev-1.13.0
2025,2024-06-01,2,binary_probability,0.06,jev-1.13.0
2025,2024-06-01,2,yes_no_choice,No,jev-1.13.0
2025,2024-06-01,2,who_choice,Joe Biden,jev-1.13.0
2025,2024-08-06,2,binary_probability,0.11,jev-1.13.0
2025,2024-08-06,2,yes_no_choice,No,jev-1.13.0
2025,2024-08-06,2,who_choice,Joe Biden,jev-1.13.0
2025,2024-04-17,2,binary_probability,0.06,jev-1.13.0
2025,2024-04-17,2,yes_no_choice,No,jev-1.13.0
2025,2024-04-17,2,who_choice,Joe Biden,jev-1.13.0
2025,2024-05-17,2,binary_probability,0.07,jev-1.13.0
2025,2024-05-17,2,yes_no_choice,No,jev-1.13.0
2025,2024-05-17,2,who_choice,Joe Biden,jev-1.13.0
2021,2021-07-13,2,binary_probability,0.03,jev-1.13.0
2021,2021-07-13,2,yes_no_choice,No,jev-1.13.0
2021,2021-07-13,2,who_choice,Joe Biden,jev-1.13.0
2021,2020-04-03,2,binary_probability,0.98,jev-1.13.0
2021,2020-04-03,2,yes_no_choice,Yes,jev-1.13.0
2021,2020-04-03,2,who_choice,Donald Trump,jev-1.13.0
2025,2024-08-22,2,binary_probability,0.09,jev-1.13.0
2025,2024-08-22,2,yes_no_choice,No,jev-1.13.0
2025,2024-08-22,2,who_choice,Joe Biden,jev-1.13.0
2021,2020-10-09,2,binary_probability,0.98,jev-1.13.0
2021,2020-10-09,2,yes_no_choice,Yes,jev-1.13.0
2021,2020-10-09,2,who_choice,Donald Trump,jev-1.13.0
2021,2021-07-20,2,binary_probability,0.02,jev-1.13.0
2021,2021-07-20,2,yes_no_choice,No,jev-1.13.0
2021,2021-07-20,2,who_choice,Joe Biden,jev-1.13.0
2025,2024-10-27,2,binary_probability,0.11,jev-1.13.0
2025,2024-10-27,2,yes_no_choice,No,jev-1.13.0
2025,2024-10-27,2,who_choice,Joe Biden,jev-1.13.0
2021,2021-07-29,2,binary_probability,0.02,jev-1.13.0
2021,2021-07-29,2,yes_no_choice,No,jev-1.13.0
2021,2021-07-29,2,who_choice,Joe Biden,jev-1.13.0
2025,2025-04-02,2,binary_probability,0.54,jev-1.13.0
2025,2025-04-02,2,yes_no_choice,Yes,jev-1.13.0
2025,2025-04-02,2,who_choice,Donald Trump,jev-1.13.0
2025,2024-11-18,2,binary_probability,0.23,jev-1.13.0
2025,2024-11-18,2,yes_no_choice,No,jev-1.13.0
2025,2024-11-18,2,who_choice,Donald Trump,jev-1.13.0
2021,2020-05-23,2,binary_probability,0.99,jev-1.13.0
2021,2020-05-23,2,yes_no_choice,Yes,jev-1.13.0
2021,2020-05-23,2,who_choice,Donald Trump,jev-1.13.0
2025,2025-02-22,2,binary_probability,0.58,jev-1.13.0
2025,2025-02-22,2,yes_no_choice,Yes,jev-1.13.0
2025,2025-02-22,2,who_choice,Donald Trump,jev-1.13.0
2025,2025-03-25,2,binary_probability,0.61,jev-1.13.0
2025,2025-03-25,2,yes_no_choice,Yes,jev-1.13.0
2025,2025-03-25,2,who_choice,Donald Trump,jev-1.13.0
2021,2022-01-16,2,binary_probability,0.09,jev-1.13.0
2021,2022-01-16,2,yes_no_choice,No,jev-1.13.0
2021,2022-01-16,2,who_choice,Joe Biden,jev-1.13.0
2025,2024-02-06,2,binary_probability,0.08,jev-1.13.0
2025,2024-02-06,2,yes_no_choice,No,jev-1.13.0
2025,2024-02-06,2,who_choice,Joe Biden,jev-1.13.0
2021,2021-11-20,2,binary_probability,0.02,jev-1.13.0
2021,2021-11-20,2,yes_no_choice,No,jev-1.13.0
2021,2021-11-20,2,who_choice,Joe Biden,jev-1.13.0
2025,2025-08-04,2,binary_probability,0.43,jev-1.13.0
2025,2025-08-04,2,yes_no_choice,No,jev-1.13.0
2025,2025-08-04,2,who_choice,Donald Trump,jev-1.13.0
2021,2021-11-16,2,binary_probability,0.02,jev-1.13.0
2021,2021-11-16,2,yes_no_choice,No,jev-1.13.0
2021,2021-11-16,2,who_choice,Joe Biden,jev-1.13.0
2021,2020-12-27,2,binary_probability,0.96,jev-1.13.0
2021,2020-12-27,2,yes_no_choice,Yes,jev-1.13.0
2021,2020-12-27,2,who_choice,Donald Trump,jev-1.13.0
2021,2020-10-29,2,binary_probability,0.98,jev-1.13.0
2021,2020-10-29,2,yes_no_choice,Yes,jev-1.13.0
2021,2020-10-29,2,who_choice,Donald Trump,jev-1.13.0
2021,2020-04-21,2,binary_probability,0.98,jev-1.13.0
2021,2020-04-21,2,yes_no_choice,Yes,jev-1.13.0
2021,2020-04-21,2,who_choice,Donald Trump,jev-1.13.0
2025,2025-07-30,2,binary_probability,0.48,jev-1.13.0
2025,2025-07-30,2,yes_no_choice,Yes,jev-1.13.0
2025,2025-07-30,2,who_choice,Donald Trump,jev-1.13.0
2021,2020-08-06,2,binary_probability,0.99,jev-1.13.0
2021,2020-08-06,2,yes_no_choice,Yes,jev-1.13.0
2021,2020-08-06,2,who_choice,Donald Trump,jev-1.13.0
2021,2021-06-28,2,binary_probability,0.02,jev-1.13.0
2021,2021-06-28,2,yes_no_choice,No,jev-1.13.0
2021,2021-06-28,2,who_choice,Joe Biden,jev-1.13.0
2025,2024-11-23,2,binary_probability,0.17,jev-1.13.0
2025,2024-11-23,2,yes_no_choice,No,jev-1.13.0
2025,2024-11-23,2,who_choice,Joe Biden,jev-1.13.0
2021,2021-05-25,2,binary_probability,0.03,jev-1.13.0
2021,2021-05-25,2,yes_no_choice,No,jev-1.13.0
2021,2021-05-25,2,who_choice,Joe Biden,jev-1.13.0
2021,2021-10-10,2,binary_probability,0.02,jev-1.13.0
2021,2021-10-10,2,yes_no_choice,No,jev-1.13.0
2021,2021-10-10,2,who_choice,Joe Biden,jev-1.13.0
2021,2020-03-15,2,binary_probability,0.98,jev-1.13.0
2021,2020-03-15,2,yes_no_choice,Yes,jev-1.13.0
2021,2020-03-15,2,who_choice,Donald Trump,jev-1.13.0
2025,2024-09-04,2,binary_probability,0.06,jev-1.13.0
2025,2024-09-04,2,yes_no_choice,No,jev-1.13.0
2025,2024-09-04,2,who_choice,Joe Biden,jev-1.13.0
2021,2020-12-14,2,binary_probability,0.96,jev-1.13.0
2021,2020-12-14,2,yes_no_choice,Yes,jev-1.13.0
2021,2020-12-14,2,who_choice,Donald Trump,jev-1.13.0
2021,2020-03-01,2,binary_probability,0.99,jev-1.13.0
2021,2020-03-01,2,yes_no_choice,Yes,jev-1.13.0
2021,2020-03-01,2,who_choice,Donald Trump,jev-1.13.0
2021,2022-01-17,2,binary_probability,0.06,jev-1.13.0
2021,2022-01-17,2,yes_no_choice,No,jev-1.13.0
2021,2022-01-17,2,who_choice,Joe Biden,jev-1.13.0
2021,2020-01-31,2,binary_probability,0.98,jev-1.13.0
2021,2020-01-31,2,yes_no_choice,Yes,jev-1.13.0
2021,2020-01-31,2,who_choice,Donald Trump,jev-1.13.0
2021,2021-01-06,2,binary_probability,0.97,jev-1.13.0
2021,2021-01-06,2,yes_no_choice,Yes,jev-1.13.0
2021,2021-01-06,2,who_choice,Donald Trump,jev-1.13.0
2021,2020-12-28,2,binary_probability,0.96,jev-1.13.0
2021,2020-12-28,2,yes_no_choice,Yes,jev-1.13.0
2021,2020-12-28,2,who_choice,Donald Trump,jev-1.13.0
2025,2026-01-15,2,binary_probability,0.42,jev-1.13.0
2025,2026-01-15,2,yes_no_choice,Yes,jev-1.13.0
2025,2026-01-15,2,who_choice,Donald Trump,jev-1.13.0
2021,2020-02-21,2,binary_probability,0.99,jev-1.13.0
2021,2020-02-21,2,yes_no_choice,Yes,jev-1.13.0
2021,2020-02-21,2,who_choice,Donald Trump,jev-1.13.0
2021,2020-06-17,2,binary_probability,0.98,jev-1.13.0
2021,2020-06-17,2,yes_no_choice,Yes,jev-1.13.0
2021,2020-06-17,2,who_choice,Donald Trump,jev-1.13.0
2021,2022-01-12,2,binary_probability,0.08,jev-1.13.0
2021,2022-01-12,2,yes_no_choice,No,jev-1.13.0
2021,2022-01-12,2,who_choice,Joe Biden,jev-1.13.0
2025,2024-11-27,2,binary_probability,0.22,jev-1.13.0
2025,2024-11-27,2,yes_no_choice,No,jev-1.13.0
2025,2024-11-27,2,who_choice,Joe Biden,jev-1.13.0
2021,2020-09-05,2,binary_probability,0.98,jev-1.13.0
2021,2020-09-05,2,yes_no_choice,Yes,jev-1.13.0
2021,2020-09-05,2,who_choice,Donald Trump,jev-1.13.0
2025,2025-02-21,2,binary_probability,0.69,jev-1.13.0
2025,2025-02-21,2,yes_no_choice,Yes,jev-1.13.0
2025,2025-02-21,2,who_choice,Donald Trump,jev-1.13.0
2021,2021-11-30,2,binary_probability,0.02,jev-1.13.0
2021,2021-11-30,2,yes_no_choice,No,jev-1.13.0
2021,2021-11-30,2,who_choice,Joe Biden,jev-1.13.0
2025,2025-12-15,2,binary_probability,0.54,jev-1.13.0
2025,2025-12-15,2,yes_no_choice,Yes,jev-1.13.0
2025,2025-12-15,2,who_choice,Donald Trump,jev-1.13.0
2021,2021-06-07,2,binary_probability,0.02,jev-1.13.0
2021,2021-06-07,2,yes_no_choice,No,jev-1.13.0
2021,2021-06-07,2,who_choice,Joe Biden,jev-1.13.0
2021,2021-03-11,2,binary_probability,0.03,jev-1.13.0
2021,2021-03-11,2,yes_no_choice,No,jev-1.13.0
2021,2021-03-11,2,who_choice,Joe Biden,jev-1.13.0
2021,2020-03-02,2,binary_probability,0.98,jev-1.13.0
2021,2020-03-02,2,yes_no_choice,Yes,jev-1.13.0
2021,2020-03-02,2,who_choice,Donald Trump,jev-1.13.0
2021,2021-04-03,2,binary_probability,0.04,jev-1.13.0
2021,2021-04-03,2,yes_no_choice,No,jev-1.13.0
2021,2021-04-03,2,who_choice,Joe Biden,jev-1.13.0
2025,2025-01-05,2,binary_probability,0.34,jev-1.13.0
2025,2025-01-05,2,yes_no_choice,Yes,jev-1.13.0
2025,2025-01-05,2,who_choice,Donald Trump,jev-1.13.0
2021,2020-06-26,2,binary_probability,0.99,jev-1.13.0
2021,2020-06-26,2,yes_no_choice,Yes,jev-1.13.0
2021,2020-06-26,2,who_choice,Donald Trump,jev-1.13.0
2025,2025-12-09,2,binary_probability,0.57,jev-1.13.0
2025,2025-12-09,2,yes_no_choice,Yes,jev-1.13.0
2025,2025-12-09,2,who_choice,Donald Trump,jev-1.13.0
2025,2025-11-12,2,binary_probability,0.5,jev-1.13.0
2025,2025-11-12,2,yes_no_choice,Yes,jev-1.13.0
2025,2025-11-12,2,who_choice,Donald Trump,jev-1.13.0
2021,2020-02-13,2,binary_probability,0.99,jev-1.13.0
2021,2020-02-13,2,yes_no_choice,Yes,jev-1.13.0
2021,2020-02-13,2,who_choice,Donald Trump,jev-1.13.0
2025,2024-03-06,2,binary_probability,0.12,jev-1.13.0
2025,2024-03-06,2,yes_no_choice,No,jev-1.13.0
2025,2024-03-06,2,who_choice,Joe Biden,jev-1.13.0
2025,2024-12-23,2,binary_probability,0.21,jev-1.13.0
2025,2024-12-23,2,yes_no_choice,No,jev-1.13.0
2025,2024-12-23,2,who_choice,Donald Trump,jev-1.13.0
2021,2020-06-27,2,binary_probability,0.98,jev-1.13.0
2021,2020-06-27,2,yes_no_choice,Yes,jev-1.13.0
2021,2020-06-27,2,who_choice,Donald Trump,jev-1.13.0
2025,2024-10-19,2,binary_probability,0.14,jev-1.13.0
2025,2024-10-19,2,yes_no_choice,No,jev-1.13.0
2025,2024-10-19,2,who_choice,Joe Biden,jev-1.13.0
2021,2021-05-12,2,binary_probability,0.04,jev-1.13.0
2021,2021-05-12,2,yes_no_choice,No,jev-1.13.0
2021,2021-05-12,2,who_choice,Joe Biden,jev-1.13.0
2025,2025-07-31,2,binary_probability,0.43,jev-1.13.0
2025,2025-07-31,2,yes_no_choice,Yes,jev-1.13.0
2025,2025-07-31,2,who_choice,Donald Trump,jev-1.13.0
2021,2020-08-21,2,binary_probability,0.98,jev-1.13.0
2021,2020-08-21,2,yes_no_choice,Yes,jev-1.13.0
2021,2020-08-21,2,who_choice,Donald Trump,jev-1.13.0
2025,2025-04-26,2,binary_probability,0.51,jev-1.13.0
2025,2025-04-26,2,yes_no_choice,Yes,jev-1.13.0
2025,2025-04-26,2,who_choice,Donald Trump,jev-1.13.0
2025,2024-05-02,2,binary_probability,0.07,jev-1.13.0
2025,2024-05-02,2,yes_no_choice,No,jev-1.13.0
2025,2024-05-02,2,who_choice,Joe Biden,jev-1.13.0
2021,2021-07-07,2,binary_probability,0.02,jev-1.13.0
2021,2021-07-07,2,yes_no_choice,No,jev-1.13.0
2021,2021-07-07,2,who_choice,Joe Biden,jev-1.13.0
2025,2024-05-01,2,binary_probability,0.08,jev-1.13.0
2025,2024-05-01,2,yes_no_choice,No,jev-1.13.0
2025,2024-05-01,2,who_choice,Joe Biden,jev-1.13.0
2021,2020-12-07,2,binary_probability,0.98,jev-1.13.0
2021,2020-12-07,2,yes_no_choice,Yes,jev-1.13.0
2021,2020-12-07,2,who_choice,Donald Trump,jev-1.13.0
2021,2021-05-22,2,binary_probability,0.03,jev-1.13.0
2021,2021-05-22,2,yes_no_choice,No,jev-1.13.0
2021,2021-05-22,2,who_choice,Joe Biden,jev-1.13.0
2021,2020-08-25,2,binary_probability,0.99,jev-1.13.0
2021,2020-08-25,2,yes_no_choice,Yes,jev-1.13.0
2021,2020-08-25,2,who_choice,Donald Trump,jev-1.13.0
2021,2021-05-04,2,binary_probability,0.04,jev-1.13.0
2021,2021-05-04,2,yes_no_choice,No,jev-1.13.0
2021,2021-05-04,2,who_choice,Joe Biden,jev-1.13.0
2021,2021-09-26,2,binary_probability,0.02,jev-1.13.0
2021,2021-09-26,2,yes_no_choice,No,jev-1.13.0
2021,2021-09-26,2,who_choice,Joe Biden,jev-1.13.0
2021,2020-03-31,2,binary_probability,0.98,jev-1.13.0
2021,2020-03-31,2,yes_no_choice,Yes,jev-1.13.0
2021,2020-03-31,2,who_choice,Donald Trump,jev-1.13.0
2025,2024-09-22,2,binary_probability,0.05,jev-1.13.0
2025,2024-09-22,2,yes_no_choice,No,jev-1.13.0
2025,2024-09-22,2,who_choice,Joe Biden,jev-1.13.0
2021,2021-08-23,2,binary_probability,0.02,jev-1.13.0
2021,2021-08-23,2,yes_no_choice,No,jev-1.13.0
2021,2021-08-23,2,who_choice,Joe Biden,jev-1.13.0
2021,2020-07-20,2,binary_probability,0.98,jev-1.13.0
2021,2020-07-20,2,yes_no_choice,Yes,jev-1.13.0
2021,2020-07-20,2,who_choice,Donald Trump,jev-1.13.0
2021,2021-02-04,2,binary_probability,0.06,jev-1.13.0
2021,2021-02-04,2,yes_no_choice,No,jev-1.13.0
2021,2021-02-04,2,who_choice,Joe Biden,jev-1.13.0
2021,2020-04-30,2,binary_probability,0.98,jev-1.13.0
2021,2020-04-30,2,yes_no_choice,Yes,jev-1.13.0
2021,2020-04-30,2,who_choice,Donald Trump,jev-1.13.0
2025,2024-03-22,2,binary_probability,0.07,jev-1.13.0
2025,2024-03-22,2,yes_no_choice,No,jev-1.13.0
2025,2024-03-22,2,who_choice,Joe Biden,jev-1.13.0
2025,2025-06-23,2,binary_probability,0.47,jev-1.13.0
2025,2025-06-23,2,yes_no_choice,No,jev-1.13.0
2025,2025-06-23,2,who_choice,Donald Trump,jev-1.13.0
2021,2021-03-29,2,binary_probability,0.03,jev-1.13.0
2021,2021-03-29,2,yes_no_choice,No,jev-1.13.0
2021,2021-03-29,2,who_choice,Joe Biden,jev-1.13.0
2025,2026-01-01,2,binary_probability,0.34,jev-1.13.0
2025,2026-01-01,2,yes_no_choice,No,jev-1.13.0
2025,2026-01-01,2,who_choice,Donald Trump,jev-1.13.0
2021,2021-01-09,2,binary_probability,0.96,jev-1.13.0
2021,2021-01-09,2,yes_no_choice,Yes,jev-1.13.0
2021,2021-01-09,2,who_choice,Donald Trump,jev-1.13.0
2021,2020-02-07,2,binary_probability,0.98,jev-1.13.0
2021,2020-02-07,2,yes_no_choice,Yes,jev-1.13.0
2021,2020-02-07,2,who_choice,Donald Trump,jev-1.13.0
2025,2026-01-09,2,binary_probability,0.53,jev-1.13.0
2025,2026-01-09,2,yes_no_choice,Yes,jev-1.13.0
2025,2026-01-09,2,who_choice,Donald Trump,jev-1.13.0
2025,2025-08-05,2,binary_probability,0.38,jev-1.13.0
2025,2025-08-05,2,yes_no_choice,No,jev-1.13.0
2025,2025-08-05,2,who_choice,Donald Trump,jev-1.13.0
2021,2021-02-21,2,binary_probability,0.04,jev-1.13.0
2021,2021-02-21,2,yes_no_choice,No,jev-1.13.0
2021,2021-02-21,2,who_choice,Joe Biden,jev-1.13.0
2025,2025-01-06,2,binary_probability,0.4,jev-1.13.0
2025,2025-01-06,2,yes_no_choice,No,jev-1.13.0
2025,2025-01-06,2,who_choice,Donald Trump,jev-1.13.0
2025,2025-12-16,2,binary_probability,0.58,jev-1.13.0
2025,2025-12-16,2,yes_no_choice,Yes,jev-1.13.0
2025,2025-12-16,2,who_choice,Donald Trump,jev-1.13.0
2025,2025-04-13,2,binary_probability,0.46,jev-1.13.0
2025,2025-04-13,2,yes_no_choice,No,jev-1.13.0
2025,2025-04-13,2,who_choice,Donald Trump,jev-1.13.0
2025,2025-07-05,2,binary_probability,0.45,jev-1.13.0
2025,2025-07-05,2,yes_no_choice,No,jev-1.13.0
2025,2025-07-05,2,who_choice,Donald Trump,jev-1.13.0
2021,2021-07-16,2,binary_probability,0.02,jev-1.13.0
2021,2021-07-16,2,yes_no_choice,No,jev-1.13.0
2021,2021-07-16,2,who_choice,Joe Biden,jev-1.13.0
2021,2020-09-25,2,binary_probability,0.98,jev-1.13.0
2021,2020-09-25,2,yes_no_choice,Yes,jev-1.13.0
2021,2020-09-25,2,who_choice,Donald Trump,jev-1.13.0
2025,2024-01-28,2,binary_probability,0.13,jev-1.13.0
2025,2024-01-28,2,yes_no_choice,No,jev-1.13.0
2025,2024-01-28,2,who_choice,Joe Biden,jev-1.13.0
2021,2020-09-14,2,binary_probability,0.98,jev-1.13.0
2021,2020-09-14,2,yes_no_choice,Yes,jev-1.13.0
2021,2020-09-14,2,who_choice,Donald Trump,jev-1.13.0
2021,2020-09-23,2,binary_probability,0.98,jev-1.13.0
2021,2020-09-23,2,yes_no_choice,Yes,jev-1.13.0
2021,2020-09-23,2,who_choice,Donald Trump,jev-1.13.0
2021,2021-10-17,2,binary_probability,0.02,jev-1.13.0
2021,2021-10-17,2,yes_no_choice,No,jev-1.13.0
2021,2021-10-17,2,who_choice,Joe Biden,jev-1.13.0
2025,2024-11-14,2,binary_probability,0.22,jev-1.13.0
2025,2024-11-14,2,yes_no_choice,No,jev-1.13.0
2025,2024-11-14,2,who_choice,Donald Trump,jev-1.13.0
2025,2024-07-12,2,binary_probability,0.12,jev-1.13.0
2025,2024-07-12,2,yes_no_choice,No,jev-1.13.0
2025,2024-07-12,2,who_choice,Joe Biden,jev-1.13.0
2021,2020-04-27,2,binary_probability,0.98,jev-1.13.0
2021,2020-04-27,2,yes_no_choice,Yes,jev-1.13.0
2021,2020-04-27,2,who_choice,Donald Trump,jev-1.13.0
2021,2022-01-06,2,binary_probability,0.38,jev-1.13.0
2021,2022-01-06,2,yes_no_choice,No,jev-1.13.0
2021,2022-01-06,2,who_choice,Joe Biden,jev-1.13.0
2025,2024-12-17,2,binary_probability,0.27,jev-1.13.0
2025,2024-12-17,2,yes_no_choice,No,jev-1.13.0
2025,2024-12-17,2,who_choice,Donald Trump,jev-1.13.0
2021,2021-08-27,2,binary_probability,0.02,jev-1.13.0
2021,2021-08-27,2,yes_no_choice,No,jev-1.13.0
2021,2021-08-27,2,who_choice,Joe Biden,jev-1.13.0
2025,2025-05-26,2,binary_probability,0.49,jev-1.13.0
2025,2025-05-26,2,yes_no_choice,Yes,jev-1.13.0
2025,2025-05-26,2,who_choice,Donald Trump,jev-1.13.0
2021,2020-11-22,2,binary_probability,0.97,jev-1.13.0
2021,2020-11-22,2,yes_no_choice,Yes,jev-1.13.0
2021,2020-11-22,2,who_choice,Donald Trump,jev-1.13.0
2021,2020-05-29,2,binary_probability,0.99,jev-1.13.0
2021,2020-05-29,2,yes_no_choice,Yes,jev-1.13.0
2021,2020-05-29,2,who_choice,Donald Trump,jev-1.13.0
2025,2024-05-14,2,binary_probability,0.09,jev-1.13.0
2025,2024-05-14,2,yes_no_choice,No,jev-1.13.0
2025,2024-05-14,2,who_choice,Joe Biden,jev-1.13.0
2025,2025-12-24,2,binary_probability,0.56,jev-1.13.0
2025,2025-12-24,2,yes_no_choice,Yes,jev-1.13.0
2025,2025-12-24,2,who_choice,Donald Trump,jev-1.13.0
2021,2020-12-08,2,binary_probability,0.97,jev-1.13.0
2021,2020-12-08,2,yes_no_choice,Yes,jev-1.13.0
2021,2020-12-08,2,who_choice,Donald Trump,jev-1.13.0
2021,2020-06-08,2,binary_probability,0.98,jev-1.13.0
2021,2020-06-08,2,yes_no_choice,Yes,jev-1.13.0
2021,2020-06-08,2,who_choice,Donald Trump,jev-1.13.0
2025,2026-01-17,2,binary_probability,0.41,jev-1.13.0
2025,2026-01-17,2,yes_no_choice,Yes,jev-1.13.0
2025,2026-01-17,2,who_choice,Donald Trump,jev-1.13.0
2025,2025-06-29,2,binary_probability,0.51,jev-1.13.0
2025,2025-06-29,2,yes_no_choice,No,jev-1.13.0
2025,2025-06-29,2,who_choice,Donald Trump,jev-1.13.0
2025,2026-01-11,2,binary_probability,0.46,jev-1.13.0
2025,2026-01-11,2,yes_no_choice,Yes,jev-1.13.0
2025,2026-01-11,2,who_choice,Donald Trump,jev-1.13.0
2025,2025-04-07,2,binary_probability,0.45,jev-1.13.0
2025,2025-04-07,2,yes_no_choice,Yes,jev-1.13.0
2025,2025-04-07,2,who_choice,Donald Trump,jev-1.13.0
2025,2025-08-21,2,binary_probability,0.4,jev-1.13.0
2025,2025-08-21,2,yes_no_choice,No,jev-1.13.0
2025,2025-08-21,2,who_choice,Donald Trump,jev-1.13.0
2025,2024-07-19,2,binary_probability,0.12,jev-1.13.0
2025,2024-07-19,2,yes_no_choice,No,jev-1.13.0
2025,2024-07-19,2,who_choice,Joe Biden,jev-1.13.0
2025,2025-03-23,2,binary_probability,0.56,jev-1.13.0
2025,2025-03-23,2,yes_no_choice,Yes,jev-1.13.0
2025,2025-03-23,2,who_choice,Donald Trump,jev-1.13.0
2021,2020-10-31,2,binary_probability,0.98,jev-1.13.0
2021,2020-10-31,2,yes_no_choice,Yes,jev-1.13.0
2021,2020-10-31,2,who_choice,Donald Trump,jev-1.13.0
2021,2021-03-28,2,binary_probability,0.02,jev-1.13.0
2021,2021-03-28,2,yes_no_choice,No,jev-1.13.0
2021,2021-03-28,2,who_choice,Joe Biden,jev-1.13.0
2025,2024-04-20,3,binary_probability,0.07,jev-1.13.0
2025,2024-04-20,3,yes_no_choice,No,jev-1.13.0
2025,2024-04-20,3,who_choice,Joe Biden,jev-1.13.0
2021,2020-10-04,3,binary_probability,0.98,jev-1.13.0
2021,2020-10-04,3,yes_no_choice,Yes,jev-1.13.0
2021,2020-10-04,3,who_choice,Donald Trump,jev-1.13.0
2021,2020-04-09,3,binary_probability,0.98,jev-1.13.0
2021,2020-04-09,3,yes_no_choice,Yes,jev-1.13.0
2021,2020-04-09,3,who_choice,Donald Trump,jev-1.13.0
2021,2021-09-24,3,binary_probability,0.02,jev-1.13.0
2021,2021-09-24,3,yes_no_choice,No,jev-1.13.0
2021,2021-09-24,3,who_choice,Joe Biden,jev-1.13.0
2021,2020-08-15,3,binary_probability,0.98,jev-1.13.0
2021,2020-08-15,3,yes_no_choice,Yes,jev-1.13.0
2021,2020-08-15,3,who_choice,Donald Trump,jev-1.13.0
2021,2020-08-29,3,binary_probability,0.98,jev-1.13.0
2021,2020-08-29,3,yes_no_choice,Yes,jev-1.13.0
2021,2020-08-29,3,who_choice,Donald Trump,jev-1.13.0
2025,2024-06-03,3,binary_probability,0.07,jev-1.13.0
2025,2024-06-03,3,yes_no_choice,No,jev-1.13.0
2025,2024-06-03,3,who_choice,Joe Biden,jev-1.13.0
2021,2021-09-21,3,binary_probability,0.02,jev-1.13.0
2021,2021-09-21,3,yes_no_choice,No,jev-1.13.0
2021,2021-09-21,3,who_choice,Joe Biden,jev-1.13.0
2025,2024-04-23,3,binary_probability,0.05,jev-1.13.0
2025,2024-04-23,3,yes_no_choice,No,jev-1.13.0
2025,2024-04-23,3,who_choice,Joe Biden,jev-1.13.0
2021,2020-09-10,3,binary_probability,0.98,jev-1.13.0
2021,2020-09-10,3,yes_no_choice,Yes,jev-1.13.0
2021,2020-09-10,3,who_choice,Donald Trump,jev-1.13.0
2021,2021-01-13,3,binary_probability,0.96,jev-1.13.0
2021,2021-01-13,3,yes_no_choice,Yes,jev-1.13.0
2021,2021-01-13,3,who_choice,Donald Trump,jev-1.13.0
2025,2026-01-12,3,binary_probability,0.5,jev-1.13.0
2025,2026-01-12,3,yes_no_choice,Yes,jev-1.13.0
2025,2026-01-12,3,who_choice,Donald Trump,jev-1.13.0
2025,2024-03-12,3,binary_probability,0.09,jev-1.13.0
2025,2024-03-12,3,yes_no_choice,No,jev-1.13.0
2025,2024-03-12,3,who_choice,Joe Biden,jev-1.13.0
2021,2020-05-06,3,binary_probability,0.98,jev-1.13.0
2021,2020-05-06,3,yes_no_choice,Yes,jev-1.13.0
2021,2020-05-06,3,who_choice,Donald Trump,jev-1.13.0
2021,2020-12-03,3,binary_probability,0.97,jev-1.13.0
2021,2020-12-03,3,yes_no_choice,Yes,jev-1.13.0
2021,2020-12-03,3,who_choice,Donald Trump,jev-1.13.0
2025,2025-02-08,3,binary_probability,0.62,jev-1.13.0
2025,2025-02-08,3,yes_no_choice,Yes,jev-1.13.0
2025,2025-02-08,3,who_choice,Donald Trump,jev-1.13.0
2025,2024-03-25,3,binary_probability,0.08,jev-1.13.0
2025,2024-03-25,3,yes_no_choice,No,jev-1.13.0
2025,2024-03-25,3,who_choice,Joe Biden,jev-1.13.0
2021,2021-08-30,3,binary_probability,0.02,jev-1.13.0
2021,2021-08-30,3,yes_no_choice,No,jev-1.13.0
2021,2021-08-30,3,who_choice,Joe Biden,jev-1.13.0
2021,2021-02-04,3,binary_probability,0.06,jev-1.13.0
2021,2021-02-04,3,yes_no_choice,No,jev-1.13.0
2021,2021-02-04,3,who_choice,Joe Biden,jev-1.13.0
2025,2025-07-29,3,binary_probability,0.45,jev-1.13.0
2025,2025-07-29,3,yes_no_choice,Yes,jev-1.13.0
2025,2025-07-29,3,who_choice,Donald Trump,jev-1.13.0
2025,2025-10-16,3,binary_probability,0.45,jev-1.13.0
2025,2025-10-16,3,yes_no_choice,Yes,jev-1.13.0
2025,2025-10-16,3,who_choice,Donald Trump,jev-1.13.0
2021,2021-11-24,3,binary_probability,0.02,jev-1.13.0
2021,2021-11-24,3,yes_no_choice,No,jev-1.13.0
2021,2021-11-24,3,who_choice,Joe Biden,jev-1.13.0
2025,2024-08-16,3,binary_probability,0.07,jev-1.13.0
2025,2024-08-16,3,yes_no_choice,No,jev-1.13.0
2025,2024-08-16,3,who_choice,Joe Biden,jev-1.13.0
2021,2020-04-07,3,binary_probability,0.99,jev-1.13.0
2021,2020-04-07,3,yes_no_choice,Yes,jev-1.13.0
2021,2020-04-07,3,who_choice,Donald Trump,jev-1.13.0
2025,2026-01-17,3,binary_probability,0.49,jev-1.13.0
2025,2026-01-17,3,yes_no_choice,Yes,jev-1.13.0
2025,2026-01-17,3,who_choice,Donald Trump,jev-1.13.0
2021,2021-03-04,3,binary_probability,0.06,jev-1.13.0
2021,2021-03-04,3,yes_no_choice,No,jev-1.13.0
2021,2021-03-04,3,who_choice,Joe Biden,jev-1.13.0
2021,2021-10-30,3,binary_probability,0.02,jev-1.13.0
2021,2021-10-30,3,yes_no_choice,No,jev-1.13.0
2021,2021-10-30,3,who_choice,Joe Biden,jev-1.13.0
2021,2021-08-24,3,binary_probability,0.02,jev-1.13.0
2021,2021-08-24,3,yes_no_choice,No,jev-1.13.0
2021,2021-08-24,3,who_choice,Joe Biden,jev-1.13.0
2021,2020-06-14,3,binary_probability,0.98,jev-1.13.0
2021,2020-06-14,3,yes_no_choice,Yes,jev-1.13.0
2021,2020-06-14,3,who_choice,Donald Trump,jev-1.13.0
2021,2020-05-18,3,binary_probability,0.98,jev-1.13.0
2021,2020-05-18,3,yes_no_choice,Yes,jev-1.13.0
2021,2020-05-18,3,who_choice,Donald Trump,jev-1.13.0
2021,2020-04-25,3,binary_probability,0.98,jev-1.13.0
2021,2020-04-25,3,yes_no_choice,Yes,jev-1.13.0
2021,2020-04-25,3,who_choice,Donald Trump,jev-1.13.0
2025,2025-12-07,3,binary_probability,0.58,jev-1.13.0
2025,2025-12-07,3,yes_no_choice,Yes,jev-1.13.0
2025,2025-12-07,3,who_choice,Donald Trump,jev-1.13.0
2025,2025-12-28,3,binary_probability,0.59,jev-1.13.0
2025,2025-12-28,3,yes_no_choice,Yes,jev-1.13.0
2025,2025-12-28,3,who_choice,Donald Trump,jev-1.13.0
2025,2025-06-08,3,binary_probability,0.46,jev-1.13.0
2025,2025-06-08,3,yes_no_choice,Yes,jev-1.13.0
2025,2025-06-08,3,who_choice,Donald Trump,jev-1.13.0
2021,2021-06-20,3,binary_probability,0.02,jev-1.13.0
2021,2021-06-20,3,yes_no_choice,No,jev-1.13.0
2021,2021-06-20,3,who_choice,Joe Biden,jev-1.13.0
2021,2020-08-18,3,binary_probability,0.98,jev-1.13.0
2021,2020-08-18,3,yes_no_choice,Yes,jev-1.13.0
2021,2020-08-18,3,who_choice,Donald Trump,jev-1.13.0
2021,2020-12-07,3,binary_probability,0.97,jev-1.13.0
2021,2020-12-07,3,yes_no_choice,Yes,jev-1.13.0
2021,2020-12-07,3,who_choice,Donald Trump,jev-1.13.0
2025,2025-09-24,3,binary_probability,0.38,jev-1.13.0
2025,2025-09-24,3,yes_no_choice,No,jev-1.13.0
2025,2025-09-24,3,who_choice,Donald Trump,jev-1.13.0
2025,2024-12-07,3,binary_probability,0.31,jev-1.13.0
2025,2024-12-07,3,yes_no_choice,No,jev-1.13.0
2025,2024-12-07,3,who_choice,Donald Trump,jev-1.13.0
2021,2021-11-27,3,binary_probability,0.02,jev-1.13.0
2021,2021-11-27,3,yes_no_choice,No,jev-1.13.0
2021,2021-11-27,3,who_choice,Joe Biden,jev-1.13.0
2025,2024-03-26,3,binary_probability,0.07,jev-1.13.0
2025,2024-03-26,3,yes_no_choice,No,jev-1.13.0
2025,2024-03-26,3,who_choice,Joe Biden,jev-1.13.0
2025,2024-06-02,3,binary_probability,0.06,jev-1.13.0
2025,2024-06-02,3,yes_no_choice,No,jev-1.13.0
2025,2024-06-02,3,who_choice,Joe Biden,jev-1.13.0
2025,2024-03-15,3,binary_probability,0.12,jev-1.13.0
2025,2024-03-15,3,yes_no_choice,No,jev-1.13.0
2025,2024-03-15,3,who_choice,Joe Biden,jev-1.13.0
2021,2020-08-17,3,binary_probability,0.98,jev-1.13.0
2021,2020-08-17,3,yes_no_choice,Yes,jev-1.13.0
2021,2020-08-17,3,who_choice,Donald Trump,jev-1.13.0
2025,2025-06-20,3,binary_probability,0.44,jev-1.13.0
2025,2025-06-20,3,yes_no_choice,No,jev-1.13.0
2025,2025-06-20,3,who_choice,Donald Trump,jev-1.13.0
2025,2024-08-18,3,binary_probability,0.08,jev-1.13.0
2025,2024-08-18,3,yes_no_choice,No,jev-1.13.0
2025,2024-08-18,3,who_choice,Joe Biden,jev-1.13.0
2025,2024-04-19,3,binary_probability,0.05,jev-1.13.0
2025,2024-04-19,3,yes_no_choice,No,jev-1.13.0
2025,2024-04-19,3,who_choice,Joe Biden,jev-1.13.0
2025,2024-06-15,3,binary_probability,0.06,jev-1.13.0
2025,2024-06-15,3,yes_no_choice,No,jev-1.13.0
2025,2024-06-15,3,who_choice,Joe Biden,jev-1.13.0
2025,2025-11-11,3,binary_probability,0.52,jev-1.13.0
2025,2025-11-11,3,yes_no_choice,Yes,jev-1.13.0
2025,2025-11-11,3,who_choice,Donald Trump,jev-1.13.0
2021,2020-06-12,3,binary_probability,0.99,jev-1.13.0
2021,2020-06-12,3,yes_no_choice,Yes,jev-1.13.0
2021,2020-06-12,3,who_choice,Donald Trump,jev-1.13.0
2021,2020-09-04,3,binary_probability,0.99,jev-1.13.0
2021,2020-09-04,3,yes_no_choice,Yes,jev-1.13.0
2021,2020-09-04,3,who_choice,Donald Trump,jev-1.13.0
2025,2025-03-11,3,binary_probability,0.61,jev-1.13.0
2025,2025-03-11,3,yes_no_choice,Yes,jev-1.13.0
2025,2025-03-11,3,who_choice,Donald Trump,jev-1.13.0
2025,2024-09-10,3,binary_probability,0.08,jev-1.13.0
2025,2024-09-10,3,yes_no_choice,No,jev-1.13.0
2025,2024-09-10,3,who_choice,Joe Biden,jev-1.13.0
2021,2021-07-11,3,binary_probability,0.02,jev-1.13.0
2021,2021-07-11,3,yes_no_choice,No,jev-1.13.0
2021,2021-07-11,3,who_choice,Joe Biden,jev-1.13.0
2025,2025-12-13,3,binary_probability,0.55,jev-1.13.0
2025,2025-12-13,3,yes_no_choice,Yes,jev-1.13.0
2025,2025-12-13,3,who_choice,Donald Trump,jev-1.13.0
2025,2024-05-07,3,binary_probability,0.07,jev-1.13.0
2025,2024-05-07,3,yes_no_choice,No,jev-1.13.0
2025,2024-05-07,3,who_choice,Joe Biden,jev-1.13.0
2025,2025-12-23,3,binary_probability,0.54,jev-1.13.0
2025,2025-12-23,3,yes_no_choice,Yes,jev-1.13.0
2025,2025-12-23,3,who_choice,Donald Trump,jev-1.13.0
2025,2024-03-13,3,binary_probability,0.08,jev-1.13.0
2025,2024-03-13,3,yes_no_choice,No,jev-1.13.0
2025,2024-03-13,3,who_choice,Joe Biden,jev-1.13.0
2021,2020-08-14,3,binary_probability,0.99,jev-1.13.0
2021,2020-08-14,3,yes_no_choice,Yes,jev-1.13.0
2021,2020-08-14,3,who_choice,Donald Trump,jev-1.13.0
2021,2020-12-13,3,binary_probability,0.97,jev-1.13.0
2021,2020-12-13,3,yes_no_choice,Yes,jev-1.13.0
2021,2020-12-13,3,who_choice,Donald Trump,jev-1.13.0
2025,2025-01-13,3,binary_probability,0.51,jev-1.13.0
2025,2025-01-13,3,yes_no_choice,Yes,jev-1.13.0
2025,2025-01-13,3,who_choice,Donald Trump,jev-1.13.0
2021,2021-09-05,3,binary_probability,0.02,jev-1.13.0
2021,2021-09-05,3,yes_no_choice,No,jev-1.13.0
2021,2021-09-05,3,who_choice,Joe Biden,jev-1.13.0
2025,2024-02-14,3,binary_probability,0.11,jev-1.13.0
2025,2024-02-14,3,yes_no_choice,No,jev-1.13.0
2025,2024-02-14,3,who_choice,Joe Biden,jev-1.13.0
2025,2024-10-30,3,binary_probability,0.14,jev-1.13.0
2025,2024-10-30,3,yes_no_choice,No,jev-1.13.0
2025,2024-10-30,3,who_choice,Joe Biden,jev-1.13.0
2025,2024-07-18,3,binary_probability,0.12,jev-1.13.0
2025,2024-07-18,3,yes_no_choice,No,jev-1.13.0
2025,2024-07-18,3,who_choice,Joe Biden,jev-1.13.0
2021,2020-07-04,3,binary_probability,0.98,jev-1.13.0
2021,2020-07-04,3,yes_no_choice,Yes,jev-1.13.0
2021,2020-07-04,3,who_choice,Donald Trump,jev-1.13.0
2025,2025-04-12,3,binary_probability,0.45,jev-1.13.0
2025,2025-04-12,3,yes_no_choice,No,jev-1.13.0
2025,2025-04-12,3,who_choice,Donald Trump,jev-1.13.0
2021,2021-07-12,3,binary_probability,0.02,jev-1.13.0
2021,2021-07-12,3,yes_no_choice,No,jev-1.13.0
2021,2021-07-12,3,who_choice,Joe Biden,jev-1.13.0
2025,2025-02-17,3,binary_probability,0.69,jev-1.13.0
2025,2025-02-17,3,yes_no_choice,Yes,jev-1.13.0
2025,2025-02-17,3,who_choice,Donald Trump,jev-1.13.0
2025,2025-05-13,3,binary_probability,0.52,jev-1.13.0
2025,2025-05-13,3,yes_no_choice,Yes,jev-1.13.0
2025,2025-05-13,3,who_choice,Donald Trump,jev-1.13.0
2025,2025-08-28,3,binary_probability,0.44,jev-1.13.0
2025,2025-08-28,3,yes_no_choice,Yes,jev-1.13.0
2025,2025-08-28,3,who_choice,Donald Trump,jev-1.13.0
2025,2024-10-23,3,binary_probability,0.11,jev-1.13.0
2025,2024-10-23,3,yes_no_choice,No,jev-1.13.0
2025,2024-10-23,3,who_choice,Joe Biden,jev-1.13.0
2021,2020-07-13,3,binary_probability,0.98,jev-1.13.0
2021,2020-07-13,3,yes_no_choice,Yes,jev-1.13.0
2021,2020-07-13,3,who_choice,Donald Trump,jev-1.13.0
2021,2020-05-22,3,binary_probability,0.99,jev-1.13.0
2021,2020-05-22,3,yes_no_choice,Yes,jev-1.13.0
2021,2020-05-22,3,who_choice,Donald Trump,jev-1.13.0
2025,2025-04-27,3,binary_probability,0.46,jev-1.13.0
2025,2025-04-27,3,yes_no_choice,Yes,jev-1.13.0
2025,2025-04-27,3,who_choice,Donald Trump,jev-1.13.0
2021,2020-08-10,3,binary_probability,0.98,jev-1.13.0
2021,2020-08-10,3,yes_no_choice,Yes,jev-1.13.0
2021,2020-08-10,3,who_choice,Donald Trump,jev-1.13.0
2025,2025-09-29,3,binary_probability,0.46,jev-1.13.0
2025,2025-09-29,3,yes_no_choice,No,jev-1.13.0
2025,2025-09-29,3,who_choice,Donald Trump,jev-1.13.0
2025,2025-01-10,3,binary_probability,0.59,jev-1.13.0
2025,2025-01-10,3,yes_no_choice,Yes,jev-1.13.0
2025,2025-01-10,3,who_choice,Donald Trump,jev-1.13.0
2025,2024-09-24,3,binary_probability,0.04,jev-1.13.0
2025,2024-09-24,3,yes_no_choice,No,jev-1.13.0
2025,2024-09-24,3,who_choice,Joe Biden,jev-1.13.0
2025,2024-03-28,3,binary_probability,0.06,jev-1.13.0
2025,2024-03-28,3,yes_no_choice,No,jev-1.13.0
2025,2024-03-28,3,who_choice,Joe Biden,jev-1.13.0
2021,2020-08-24,3,binary_probability,0.98,jev-1.13.0
2021,2020-08-24,3,yes_no_choice,Yes,jev-1.13.0
2021,2020-08-24,3,who_choice,Donald Trump,jev-1.13.0
2025,2024-03-30,3,binary_probability,0.07,jev-1.13.0
2025,2024-03-30,3,yes_no_choice,No,jev-1.13.0
2025,2024-03-30,3,who_choice,Joe Biden,jev-1.13.0
2021,2021-12-07,3,binary_probability,0.02,jev-1.13.0
2021,2021-12-07,3,yes_no_choice,No,jev-1.13.0
2021,2021-12-07,3,who_choice,Joe Biden,jev-1.13.0
2025,2024-02-18,3,binary_probability,0.08,jev-1.13.0
2025,2024-02-18,3,yes_no_choice,No,jev-1.13.0
2025,2024-02-18,3,who_choice,Joe Biden,jev-1.13.0
2021,2020-01-29,3,binary_probability,0.98,jev-1.13.0
2021,2020-01-29,3,yes_no_choice,Yes,jev-1.13.0
2021,2020-01-29,3,who_choice,Donald Trump,jev-1.13.0
2021,2021-08-10,3,binary_probability,0.02,jev-1.13.0
2021,2021-08-10,3,yes_no_choice,No,jev-1.13.0
2021,2021-08-10,3,who_choice,Joe Biden,jev-1.13.0
2025,2024-04-09,3,binary_probability,0.07,jev-1.13.0
2025,2024-04-09,3,yes_no_choice,No,jev-1.13.0
2025,2024-04-09,3,who_choice,Joe Biden,jev-1.13.0
2021,2021-05-22,3,binary_probability,0.03,jev-1.13.0
2021,2021-05-22,3,yes_no_choice,No,jev-1.13.0
2021,2021-05-22,3,who_choice,Joe Biden,jev-1.13.0
2025,2024-03-18,3,binary_probability,0.06,jev-1.13.0
2025,2024-03-18,3,yes_no_choice,No,jev-1.13.0
2025,2024-03-18,3,who_choice,Joe Biden,jev-1.13.0
2025,2025-07-19,3,binary_probability,0.45,jev-1.13.0
2025,2025-07-19,3,yes_no_choice,Yes,jev-1.13.0
2025,2025-07-19,3,who_choice,Donald Trump,jev-1.13.0
2021,2020-04-30,3,binary_probability,0.98,jev-1.13.0
2021,2020-04-30,3,yes_no_choice,Yes,jev-1.13.0
2021,2020-04-30,3,who_choice,Donald Trump,jev-1.13.0
2025,2025-11-21,3,binary_probability,0.53,jev-1.13.0
2025,2025-11-21,3,yes_no_choice,Yes,jev-1.13.0
2025,2025-11-21,3,who_choice,Donald Trump,jev-1.13.0
2021,2020-11-17,3,binary_probability,0.95,jev-1.13.0
2021,2020-11-17,3,yes_no_choice,Yes,jev-1.13.0
2021,2020-11-17,3,who_choice,Donald Trump,jev-1.13.0
2021,2020-05-03,3,binary_probability,0.99,jev-1.13.0
2021,2020-05-03,3,yes_no_choice,Yes,jev-1.13.0
2021,2020-05-03,3,who_choice,Donald Trump,jev-1.13.0
2025,2025-10-23,3,binary_probability,0.51,jev-1.13.0
2025,2025-10-23,3,yes_no_choice,Yes,jev-1.13.0
2025,2025-10-23,3,who_choice,Donald Trump,jev-1.13.0
2021,2020-09-13,3,binary_probability,0.98,jev-1.13.0
2021,2020-09-13,3,yes_no_choice,Yes,jev-1.13.0
2021,2020-09-13,3,who_choice,Donald Trump,jev-1.13.0
2021,2021-02-23,3,binary_probability,0.06,jev-1.13.0
2021,2021-02-23,3,yes_no_choice,No,jev-1.13.0
2021,2021-02-23,3,who_choice,Joe Biden,jev-1.13.0
2021,2020-10-18,3,binary_probability,0.99,jev-1.13.0
2021,2020-10-18,3,yes_no_choice,Yes,jev-1.13.0
2021,2020-10-18,3,who_choice,Donald Trump,jev-1.13.0
2025,2024-07-31,3,binary_probability,0.1,jev-1.13.0
2025,2024-07-31,3,yes_no_choice,No,jev-1.13.0
2025,2024-07-31,3,who_choice,Joe Biden,jev-1.13.0
2021,2022-01-01,3,binary_probability,0.06,jev-1.13.0
2021,2022-01-01,3,yes_no_choice,No,jev-1.13.0
2021,2022-01-01,3,who_choice,Joe Biden,jev-1.13.0
2021,2021-04-25,3,binary_probability,0.03,jev-1.13.0
2021,2021-04-25,3,yes_no_choice,No,jev-1.13.0
2021,2021-04-25,3,who_choice,Joe Biden,jev-1.13.0
2025,2025-12-04,3,binary_probability,0.54,jev-1.13.0
2025,2025-12-04,3,yes_no_choice,Yes,jev-1.13.0
2025,2025-12-04,3,who_choice,Donald Trump,jev-1.13.0
2025,2026-01-10,3,binary_probability,0.47,jev-1.13.0
2025,2026-01-10,3,yes_no_choice,Yes,jev-1.13.0
2025,2026-01-10,3,who_choice,Donald Trump,jev-1.13.0
2021,2020-10-11,3,binary_probability,0.98,jev-1.13.0
2021,2020-10-11,3,yes_no_choice,Yes,jev-1.13.0
2021,2020-10-11,3,who_choice,Donald Trump,jev-1.13.0
2021,2021-07-06,3,binary_probability,0.02,jev-1.13.0
2021,2021-07-06,3,yes_no_choice,No,jev-1.13.0
2021,2021-07-06,3,who_choice,Joe Biden,jev-1.13.0
2021,2021-12-24,3,binary_probability,0.01,jev-1.13.0
2021,2021-12-24,3,yes_no_choice,No,jev-1.13.0
2021,2021-12-24,3,who_choice,Joe Biden,jev-1.13.0
2025,2024-08-29,3,binary_probability,0.1,jev-1.13.0
2025,2024-08-29,3,yes_no_choice,No,jev-1.13.0
2025,2024-08-29,3,who_choice,Joe Biden,jev-1.13.0
2021,2020-09-11,3,binary_probability,0.98,jev-1.13.0
2021,2020-09-11,3,yes_no_choice,Yes,jev-1.13.0
2021,2020-09-11,3,who_choice,Donald Trump,jev-1.13.0
2025,2024-08-19,3,binary_probability,0.08,jev-1.13.0
2025,2024-08-19,3,yes_no_choice,No,jev-1.13.0
2025,2024-08-19,3,who_choice,Joe Biden,jev-1.13.0
2021,2021-10-24,3,binary_probability,0.02,jev-1.13.0
2021,2021-10-24,3,yes_no_choice,No,jev-1.13.0
2021,2021-10-24,3,who_choice,Joe Biden,jev-1.13.0
2025,2025-12-27,3,binary_probability,0.58,jev-1.13.0
2025,2025-12-27,3,yes_no_choice,Yes,jev-1.13.0
2025,2025-12-27,3,who_choice,Donald Trump,jev-1.13.0
2025,2024-09-14,3,binary_probability,0.05,jev-1.13.0
2025,2024-09-14,3,yes_no_choice,No,jev-1.13.0
2025,2024-09-14,3,who_choice,Joe Biden,jev-1.13.0
2021,2021-04-16,3,binary_probability,0.03,jev-1.13.0
2021,2021-04-16,3,yes_no_choice,No,jev-1.13.0
2021,2021-04-16,3,who_choice,Joe Biden,jev-1.13.0
2021,2020-03-13,3,binary_probability,0.98,jev-1.13.0
2021,2020-03-13,3,yes_no_choice,Yes,jev-1.13.0
2021,2020-03-13,3,who_choice,Donald Trump,jev-1.13.0
2021,2021-06-04,3,binary_probability,0.03,jev-1.13.0
2021,2021-06-04,3,yes_no_choice,No,jev-1.13.0
2021,2021-06-04,3,who_choice,Joe Biden,jev-1.13.0
2021,2022-01-20,3,binary_probability,0.07,jev-1.13.0
2021,2022-01-20,3,yes_no_choice,No,jev-1.13.0
2021,2022-01-20,3,who_choice,Joe Biden,jev-1.13.0
2025,2024-01-30,3,binary_probability,0.29,jev-1.13.0
2025,2024-01-30,3,yes_no_choice,No,jev-1.13.0
2025,2024-01-30,3,who_choice,Joe Biden,jev-1.13.0
2025,2025-03-06,3,binary_probability,0.62,jev-1.13.0
2025,2025-03-06,3,yes_no_choice,Yes,jev-1.13.0
2025,2025-03-06,3,who_choice,Donald Trump,jev-1.13.0
2025,2025-01-26,3,binary_probability,0.64,jev-1.13.0
2025,2025-01-26,3,yes_no_choice,Yes,jev-1.13.0
2025,2025-01-26,3,who_choice,Donald Trump,jev-1.13.0
2025,2024-06-23,3,binary_probability,0.06,jev-1.13.0
2025,2024-06-23,3,yes_no_choice,No,jev-1.13.0
2025,2024-06-23,3,who_choice,Joe Biden,jev-1.13.0
2025,2024-05-10,3,binary_probability,0.05,jev-1.13.0
2025,2024-05-10,3,yes_no_choice,No,jev-1.13.0
2025,2024-05-10,3,who_choice,Joe Biden,jev-1.13.0
2021,2020-09-03,3,binary_probability,0.99,jev-1.13.0
2021,2020-09-03,3,yes_no_choice,Yes,jev-1.13.0
2021,2020-09-03,3,who_choice,Donald Trump,jev-1.13.0
2021,2021-09-27,3,binary_probability,0.02,jev-1.13.0
2021,2021-09-27,3,yes_no_choice,No,jev-1.13.0
2021,2021-09-27,3,who_choice,Joe Biden,jev-1.13.0
2025,2024-12-24,3,binary_probability,0.19,jev-1.13.0
2025,2024-12-24,3,yes_no_choice,No,jev-1.13.0
2025,2024-12-24,3,who_choice,Donald Trump,jev-1.13.0
2025,2025-03-09,3,binary_probability,0.58,jev-1.13.0
2025,2025-03-09,3,yes_no_choice,Yes,jev-1.13.0
2025,2025-03-09,3,who_choice,Donald Trump,jev-1.13.0
2021,2021-12-06,3,binary_probability,0.03,jev-1.13.0
2021,2021-12-06,3,yes_no_choice,No,jev-1.13.0
2021,2021-12-06,3,who_choice,Joe Biden,jev-1.13.0
2021,2021-10-12,3,binary_probability,0.02,jev-1.13.0
2021,2021-10-12,3,yes_no_choice,No,jev-1.13.0
2021,2021-10-12,3,who_choice,Joe Biden,jev-1.13.0
2025,2024-03-05,3,binary_probability,0.1,jev-1.13.0
2025,2024-03-05,3,yes_no_choice,No,jev-1.13.0
2025,2024-03-05,3,who_choice,Joe Biden,jev-1.13.0
2021,2020-09-12,3,binary_probability,0.98,jev-1.13.0
2021,2020-09-12,3,yes_no_choice,Yes,jev-1.13.0
2021,2020-09-12,3,who_choice,Donald Trump,jev-1.13.0
2021,2020-02-18,3,binary_probability,0.98,jev-1.13.0
2021,2020-02-18,3,yes_no_choice,Yes,jev-1.13.0
2021,2020-02-18,3,who_choice,Donald Trump,jev-1.13.0
2021,2020-03-04,3,binary_probability,0.99,jev-1.13.0
2021,2020-03-04,3,yes_no_choice,Yes,jev-1.13.0
2021,2020-03-04,3,who_choice,Donald Trump,jev-1.13.0
2025,2024-04-01,3,binary_probability,0.06,jev-1.13.0
2025,2024-04-01,3,yes_no_choice,No,jev-1.13.0
2025,2024-04-01,3,who_choice,Joe Biden,jev-1.13.0
2025,2024-09-18,3,binary_probability,0.05,jev-1.13.0
2025,2024-09-18,3,yes_no_choice,No,jev-1.13.0
2025,2024-09-18,3,who_choice,Joe Biden,jev-1.13.0
2021,2020-07-28,3,binary_probability,0.98,jev-1.13.0
2021,2020-07-28,3,yes_no_choice,Yes,jev-1.13.0
2021,2020-07-28,3,who_choice,Donald Trump,jev-1.13.0
2025,2025-12-18,3,binary_probability,0.6,jev-1.13.0
2025,2025-12-18,3,yes_no_choice,Yes,jev-1.13.0
2025,2025-12-18,3,who_choice,Donald Trump,jev-1.13.0
2021,2021-08-20,3,binary_probability,0.02,jev-1.13.0
2021,2021-08-20,3,yes_no_choice,No,jev-1.13.0
2021,2021-08-20,3,who_choice,Joe Biden,jev-1.13.0
2021,2021-01-30,3,binary_probability,0.31,jev-1.13.0
2021,2021-01-30,3,yes_no_choice,No,jev-1.13.0
2021,2021-01-30,3,who_choice,Joe Biden,jev-1.13.0
2021,2021-03-22,3,binary_probability,0.03,jev-1.13.0
2021,2021-03-22,3,yes_no_choice,No,jev-1.13.0
2021,2021-03-22,3,who_choice,Joe Biden,jev-1.13.0
2025,2025-11-25,3,binary_probability,0.54,jev-1.13.0
2025,2025-11-25,3,yes_no_choice,Yes,jev-1.13.0
2025,2025-11-25,3,who_choice,Donald Trump,jev-1.13.0
2021,2020-09-02,3,binary_probability,0.98,jev-1.13.0
2021,2020-09-02,3,yes_no_choice,Yes,jev-1.13.0
2021,2020-09-02,3,who_choice,Donald Trump,jev-1.13.0
2021,2021-08-11,3,binary_probability,0.02,jev-1.13.0
2021,2021-08-11,3,yes_no_choice,No,jev-1.13.0
2021,2021-08-11,3,who_choice,Joe Biden,jev-1.13.0
2025,2026-01-04,3,binary_probability,0.43,jev-1.13.0
2025,2026-01-04,3,yes_no_choice,Yes,jev-1.13.0
2025,2026-01-04,3,who_choice,Donald Trump,jev-1.13.0
2025,2025-08-19,3,binary_probability,0.39,jev-1.13.0
2025,2025-08-19,3,yes_no_choice,No,jev-1.13.0
2025,2025-08-19,3,who_choice,Donald Trump,jev-1.13.0
2025,2025-03-17,3,binary_probability,0.57,jev-1.13.0
2025,2025-03-17,3,yes_no_choice,Yes,jev-1.13.0
2025,2025-03-17,3,who_choice,Donald Trump,jev-1.13.0
2021,2020-02-11,3,binary_probability,0.99,jev-1.13.0
2021,2020-02-11,3,yes_no_choice,Yes,jev-1.13.0
2021,2020-02-11,3,who_choice,Donald Trump,jev-1.13.0
2021,2021-07-07,3,binary_probability,0.02,jev-1.13.0
2021,2021-07-07,3,yes_no_choice,No,jev-1.13.0
2021,2021-07-07,3,who_choice,Joe Biden,jev-1.13.0
2021,2021-10-17,3,binary_probability,0.02,jev-1.13.0
2021,2021-10-17,3,yes_no_choice,No,jev-1.13.0
2021,2021-10-17,3,who_choice,Joe Biden,jev-1.13.0
2021,2020-01-26,3,binary_probability,0.98,jev-1.13.0
2021,2020-01-26,3,yes_no_choice,Yes,jev-1.13.0
2021,2020-01-26,3,who_choice,Donald Trump,jev-1.13.0
2021,2021-08-08,3,binary_probability,0.02,jev-1.13.0
2021,2021-08-08,3,yes_no_choice,No,jev-1.13.0
2021,2021-08-08,3,who_choice,Joe Biden,jev-1.13.0
2025,2024-02-09,3,binary_probability,0.09,jev-1.13.0
2025,2024-02-09,3,yes_no_choice,No,jev-1.13.0
2025,2024-02-09,3,who_choice,Joe Biden,jev-1.13.0
2025,2024-09-28,3,binary_probability,0.06,jev-1.13.0
2025,2024-09-28,3,yes_no_choice,No,jev-1.13.0
2025,2024-09-28,3,who_choice,Joe Biden,jev-1.13.0
2021,2020-06-22,3,binary_probability,0.98,jev-1.13.0
2021,2020-06-22,3,yes_no_choice,Yes,jev-1.13.0
2021,2020-06-22,3,who_choice,Donald Trump,jev-1.13.0
2021,2020-09-22,3,binary_probability,0.98,jev-1.13.0
2021,2020-09-22,3,yes_no_choice,Yes,jev-1.13.0
2021,2020-09-22,3,who_choice,Donald Trump,jev-1.13.0
2021,2021-04-09,3,binary_probability,0.03,jev-1.13.0
2021,2021-04-09,3,yes_no_choice,No,jev-1.13.0
2021,2021-04-09,3,who_choice,Joe Biden,jev-1.13.0
2025,2024-08-26,3,binary_probability,0.09,jev-1.13.0
2025,2024-08-26,3,yes_no_choice,No,jev-1.13.0
2025,2024-08-26,3,who_choice,Joe Biden,jev-1.13.0
2021,2020-11-29,3,binary_probability,0.96,jev-1.13.0
2021,2020-11-29,3,yes_no_choice,Yes,jev-1.13.0
2021,2020-11-29,3,who_choice,Donald Trump,jev-1.13.0
2025,2024-07-07,3,binary_probability,0.07,jev-1.13.0
2025,2024-07-07,3,yes_no_choice,No,jev-1.13.0
2025,2024-07-07,3,who_choice,Joe Biden,jev-1.13.0
2021,2021-01-29,3,binary_probability,0.3,jev-1.13.0
2021,2021-01-29,3,yes_no_choice,No,jev-1.13.0
2021,2021-01-29,3,who_choice,Joe Biden,jev-1.13.0
2021,2020-02-02,3,binary_probability,0.98,jev-1.13.0
2021,2020-02-02,3,yes_no_choice,Yes,jev-1.13.0
2021,2020-02-02,3,who_choice,Donald Trump,jev-1.13.0
2025,2024-07-20,3,binary_probability,0.11,jev-1.13.0
2025,2024-07-20,3,yes_no_choice,No,jev-1.13.0
2025,2024-07-20,3,who_choice,Joe Biden,jev-1.13.0
2025,2025-04-03,3,binary_probability,0.53,jev-1.13.0
2025,2025-04-03,3,yes_no_choice,Yes,jev-1.13.0
2025,2025-04-03,3,who_choice,Donald Trump,jev-1.13.0
2025,2025-03-04,3,binary_probability,0.56,jev-1.13.0
2025,2025-03-04,3,yes_no_choice,Yes,jev-1.13.0
2025,2025-03-04,3,who_choice,Donald Trump,jev-1.13.0
2021,2020-04-03,3,binary_probability,0.98,jev-1.13.0
2021,2020-04-03,3,yes_no_choice,Yes,jev-1.13.0
2021,2020-04-03,3,who_choice,Donald Trump,jev-1.13.0
2025,2025-01-18,3,binary_probability,0.57,jev-1.13.0
2025,2025-01-18,3,yes_no_choice,Yes,jev-1.13.0
2025,2025-01-18,3,who_choice,Donald Trump,jev-1.13.0
2025,2024-11-14,3,binary_probability,0.29,jev-1.13.0
2025,2024-11-14,3,yes_no_choice,No,jev-1.13.0
2025,2024-11-14,3,who_choice,Donald Trump,jev-1.13.0
2021,2020-08-21,3,binary_probability,0.98,jev-1.13.0
2021,2020-08-21,3,yes_no_choice,Yes,jev-1.13.0
2021,2020-08-21,3,who_choice,Donald Trump,jev-1.13.0
2025,2025-10-02,3,binary_probability,0.44,jev-1.13.0
2025,2025-10-02,3,yes_no_choice,No,jev-1.13.0
2025,2025-10-02,3,who_choice,Donald Trump,jev-1.13.0
2025,2025-01-27,3,binary_probability,0.62,jev-1.13.0
2025,2025-01-27,3,yes_no_choice,Yes,jev-1.13.0
2025,2025-01-27,3,who_choice,Donald Trump,jev-1.13.0
2025,2025-10-20,3,binary_probability,0.5,jev-1.13.0
2025,2025-10-20,3,yes_no_choice,Yes,jev-1.13.0
2025,2025-10-20,3,who_choice,Donald Trump,jev-1.13.0
2021,2021-07-09,3,binary_probability,0.02,jev-1.13.0
2021,2021-07-09,3,yes_no_choice,No,jev-1.13.0
2021,2021-07-09,3,who_choice,Joe Biden,jev-1.13.0
2025,2024-11-04,3,binary_probability,0.21,jev-1.13.0
2025,2024-11-04,3,yes_no_choice,No,jev-1.13.0
2025,2024-11-04,3,who_choice,Joe Biden,jev-1.13.0
2021,2020-07-14,3,binary_probability,0.98,jev-1.13.0
2021,2020-07-14,3,yes_no_choice,Yes,jev-1.13.0
2021,2020-07-14,3,who_choice,Donald Trump,jev-1.13.0
2025,2025-08-18,3,binary_probability,0.42,jev-1.13.0
2025,2025-08-18,3,yes_no_choice,Yes,jev-1.13.0
2025,2025-08-18,3,who_choice,Donald Trump,jev-1.13.0
2021,2021-08-16,3,binary_probability,0.02,jev-1.13.0
2021,2021-08-16,3,yes_no_choice,No,jev-1.13.0
2021,2021-08-16,3,who_choice,Joe Biden,jev-1.13.0
2025,2025-08-22,3,binary_probability,0.4,jev-1.13.0
2025,2025-08-22,3,yes_no_choice,Yes,jev-1.13.0
2025,2025-08-22,3,who_choice,Donald Trump,jev-1.13.0
2025,2025-09-20,3,binary_probability,0.43,jev-1.13.0
2025,2025-09-20,3,yes_no_choice,No,jev-1.13.0
2025,2025-09-20,3,who_choice,Donald Trump,jev-1.13.0
2021,2021-02-21,3,binary_probability,0.04,jev-1.13.0
2021,2021-02-21,3,yes_no_choice,No,jev-1.13.0
2021,2021-02-21,3,who_choice,Joe Biden,jev-1.13.0
2021,2021-01-19,3,binary_probability,0.95,jev-1.13.0
2021,2021-01-19,3,yes_no_choice,Yes,jev-1.13.0
2021,2021-01-19,3,who_choice,Donald Trump,jev-1.13.0
2025,2025-03-24,3,binary_probability,0.51,jev-1.13.0
2025,2025-03-24,3,yes_no_choice,Yes,jev-1.13.0
2025,2025-03-24,3,who_choice,Donald Trump,jev-1.13.0
2021,2020-11-21,3,binary_probability,0.97,jev-1.13.0
2021,2020-11-21,3,yes_no_choice,Yes,jev-1.13.0
2021,2020-11-21,3,who_choice,Donald Trump,jev-1.13.0
2021,2021-06-09,3,binary_probability,0.02,jev-1.13.0
2021,2021-06-09,3,yes_no_choice,No,jev-1.13.0
2021,2021-06-09,3,who_choice,Joe Biden,jev-1.13.0
2025,2026-01-06,3,binary_probability,0.5,jev-1.13.0
2025,2026-01-06,3,yes_no_choice,Yes,jev-1.13.0
2025,2026-01-06,3,who_choice,Donald Trump,jev-1.13.0
2021,2020-12-18,3,binary_probability,0.95,jev-1.13.0
2021,2020-12-18,3,yes_no_choice,Yes,jev-1.13.0
2021,2020-12-18,3,who_choice,Donald Trump,jev-1.13.0
2021,2021-07-24,3,binary_probability,0.02,jev-1.13.0
2021,2021-07-24,3,yes_no_choice,No,jev-1.13.0
2021,2021-07-24,3,who_choice,Joe Biden,jev-1.13.0
2025,2024-08-08,3,binary_probability,0.09,jev-1.13.0
2025,2024-08-08,3,yes_no_choice,No,jev-1.13.0
2025,2024-08-08,3,who_choice,Joe Biden,jev-1.13.0
2021,2020-10-08,3,binary_probability,0.98,jev-1.13.0
2021,2020-10-08,3,yes_no_choice,Yes,jev-1.13.0
2021,2020-10-08,3,who_choice,Donald Trump,jev-1.13.0
2021,2021-02-16,3,binary_probability,0.05,jev-1.13.0
2021,2021-02-16,3,yes_no_choice,No,jev-1.13.0
2021,2021-02-16,3,who_choice,Joe Biden,jev-1.13.0
2021,2020-06-16,3,binary_probability,0.98,jev-1.13.0
2021,2020-06-16,3,yes_no_choice,Yes,jev-1.13.0
2021,2020-06-16,3,who_choice,Donald Trump,jev-1.13.0
2021,2021-08-18,3,binary_probability,0.02,jev-1.13.0
2021,2021-08-18,3,yes_no_choice,No,jev-1.13.0
2021,2021-08-18,3,who_choice,Joe Biden,jev-1.13.0
2025,2025-11-09,3,binary_probability,0.54,jev-1.13.0
2025,2025-11-09,3,yes_no_choice,Yes,jev-1.13.0
2025,2025-11-09,3,who_choice,Donald Trump,jev-1.13.0
2025,2025-03-19,3,binary_probability,0.57,jev-1.13.0
2025,2025-03-19,3,yes_no_choice,Yes,jev-1.13.0
2025,2025-03-19,3,who_choice,Donald Trump,jev-1.13.0
2025,2024-05-04,3,binary_probability,0.07,jev-1.13.0
2025,2024-05-04,3,yes_no_choice,No,jev-1.13.0
2025,2024-05-04,3,who_choice,Joe Biden,jev-1.13.0
2025,2025-11-13,3,binary_probability,0.54,jev-1.13.0
2025,2025-11-13,3,yes_no_choice,Yes,jev-1.13.0
2025,2025-11-13,3,who_choice,Donald Trump,jev-1.13.0
2025,2024-07-19,3,binary_probability,0.13,jev-1.13.0
2025,2024-07-19,3,yes_no_choice,No,jev-1.13.0
2025,2024-07-19,3,who_choice,Joe Biden,jev-1.13.0
2021,2020-05-10,3,binary_probability,0.99,jev-1.13.0
2021,2020-05-10,3,yes_no_choice,Yes,jev-1.13.0
2021,2020-05-10,3,who_choice,Donald Trump,jev-1.13.0
2021,2022-01-02,3,binary_probability,0.1,jev-1.13.0
2021,2022-01-02,3,yes_no_choice,No,jev-1.13.0
2021,2022-01-02,3,who_choice,Joe Biden,jev-1.13.0
2021,2020-12-21,3,binary_probability,0.97,jev-1.13.0
2021,2020-12-21,3,yes_no_choice,Yes,jev-1.13.0
2021,2020-12-21,3,who_choice,Donald Trump,jev-1.13.0
2021,2020-08-19,3,binary_probability,0.99,jev-1.13.0
2021,2020-08-19,3,yes_no_choice,Yes,jev-1.13.0
2021,2020-08-19,3,who_choice,Donald Trump,jev-1.13.0
2025,2025-10-18,3,binary_probability,0.49,jev-1.13.0
2025,2025-10-18,3,yes_no_choice,Yes,jev-1.13.0
2025,2025-10-18,3,who_choice,Donald Trump,jev-1.13.0
2025,2025-06-09,3,binary_probability,0.46,jev-1.13.0
2025,2025-06-09,3,yes_no_choice,Yes,jev-1.13.0
2025,2025-06-09,3,who_choice,Donald Trump,jev-1.13.0
2025,2025-10-08,3,binary_probability,0.5,jev-1.13.0
2025,2025-10-08,3,yes_no_choice,Yes,jev-1.13.0
2025,2025-10-08,3,who_choice,Donald Trump,jev-1.13.0
2025,2024-11-10,3,binary_probability,0.2,jev-1.13.0
2025,2024-11-10,3,yes_no_choice,No,jev-1.13.0
2025,2024-11-10,3,who_choice,Joe Biden,jev-1.13.0
2025,2025-12-12,3,binary_probability,0.55,jev-1.13.0
2025,2025-12-12,3,yes_no_choice,Yes,jev-1.13.0
2025,2025-12-12,3,who_choice,Donald Trump,jev-1.13.0
2021,2021-03-09,3,binary_probability,0.03,jev-1.13.0
2021,2021-03-09,3,yes_no_choice,No,jev-1.13.0
2021,2021-03-09,3,who_choice,Joe Biden,jev-1.13.0
2025,2024-07-03,3,binary_probability,0.09,jev-1.13.0
2025,2024-07-03,3,yes_no_choice,No,jev-1.13.0
2025,2024-07-03,3,who_choice,Joe Biden,jev-1.13.0
2025,2024-09-13,3,binary_probability,0.07,jev-1.13.0
2025,2024-09-13,3,yes_no_choice,No,jev-1.13.0
2025,2024-09-13,3,who_choice,Joe Biden,jev-1.13.0
2025,2025-09-16,3,binary_probability,0.41,jev-1.13.0
2025,2025-09-16,3,yes_no_choice,No,jev-1.13.0
2025,2025-09-16,3,who_choice,Donald Trump,jev-1.13.0
2021,2021-07-04,3,binary_probability,0.02,jev-1.13.0
2021,2021-07-04,3,yes_no_choice,No,jev-1.13.0
2021,2021-07-04,3,who_choice,Joe Biden,jev-1.13.0
2021,2020-06-28,3,binary_probability,0.99,jev-1.13.0
2021,2020-06-28,3,yes_no_choice,Yes,jev-1.13.0
2021,2020-06-28,3,who_choice,Donald Trump,jev-1.13.0
2025,2024-09-15,3,binary_probability,0.05,jev-1.13.0
2025,2024-09-15,3,yes_no_choice,No,jev-1.13.0
2025,2024-09-15,3,who_choice,Joe Biden,jev-1.13.0
2021,2021-12-25,3,binary_probability,0.02,jev-1.13.0
2021,2021-12-25,3,yes_no_choice,No,jev-1.13.0
2021,2021-12-25,3,who_choice,Joe Biden,jev-1.13.0
2021,2020-04-02,3,binary_probability,0.98,jev-1.13.0
2021,2020-04-02,3,yes_no_choice,Yes,jev-1.13.0
2021,2020-04-02,3,who_choice,Donald Trump,jev-1.13.0
2025,2024-03-06,3,binary_probability,0.09,jev-1.13.0
2025,2024-03-06,3,yes_no_choice,No,jev-1.13.0
2025,2024-03-06,3,who_choice,Joe Biden,jev-1.13.0
2021,2020-07-26,3,binary_probability,0.99,jev-1.13.0
2021,2020-07-26,3,yes_no_choice,Yes,jev-1.13.0
2021,2020-07-26,3,who_choice,Donald Trump,jev-1.13.0
2021,2021-04-26,3,binary_probability,0.03,jev-1.13.0
2021,2021-04-26,3,yes_no_choice,No,jev-1.13.0
2021,2021-04-26,3,who_choice,Joe Biden,jev-1.13.0
2021,2021-09-28,3,binary_probability,0.02,jev-1.13.0
2021,2021-09-28,3,yes_no_choice,No,jev-1.13.0
2021,2021-09-28,3,who_choice,Joe Biden,jev-1.13.0
2025,2025-07-13,3,binary_probability,0.42,jev-1.13.0
2025,2025-07-13,3,yes_no_choice,No,jev-1.13.0
2025,2025-07-13,3,who_choice,Donald Trump,jev-1.13.0
2021,2021-06-06,3,binary_probability,0.02,jev-1.13.0
2021,2021-06-06,3,yes_no_choice,No,jev-1.13.0
2021,2021-06-06,3,who_choice,Joe Biden,jev-1.13.0
2021,2021-02-03,3,binary_probability,0.05,jev-1.13.0
2021,2021-02-03,3,yes_no_choice,No,jev-1.13.0
2021,2021-02-03,3,who_choice,Joe Biden,jev-1.13.0
2025,2025-10-17,3,binary_probability,0.48,jev-1.13.0
2025,2025-10-17,3,yes_no_choice,Yes,jev-1.13.0
2025,2025-10-17,3,who_choice,Donald Trump,jev-1.13.0
2021,2021-10-18,3,binary_probability,0.02,jev-1.13.0
2021,2021-10-18,3,yes_no_choice,No,jev-1.13.0
2021,2021-10-18,3,who_choice,Joe Biden,jev-1.13.0
2025,2024-04-17,3,binary_probability,0.06,jev-1.13.0
2025,2024-04-17,3,yes_no_choice,No,jev-1.13.0
2025,2024-04-17,3,who_choice,Joe Biden,jev-1.13.0
2025,2024-02-01,3,binary_probability,0.07,jev-1.13.0
2025,2024-02-01,3,yes_no_choice,No,jev-1.13.0
2025,2024-02-01,3,who_choice,Joe Biden,jev-1.13.0
2025,2024-10-04,3,binary_probability,0.13,jev-1.13.0
2025,2024-10-04,3,yes_no_choice,No,jev-1.13.0
2025,2024-10-04,3,who_choice,Joe Biden,jev-1.13.0
2021,2020-06-25,3,binary_probability,0.99,jev-1.13.0
2021,2020-06-25,3,yes_no_choice,Yes,jev-1.13.0
2021,2020-06-25,3,who_choice,Donald Trump,jev-1.13.0
2021,2021-04-11,3,binary_probability,0.02,jev-1.13.0
2021,2021-04-11,3,yes_no_choice,No,jev-1.13.0
2021,2021-04-11,3,who_choice,Joe Biden,jev-1.13.0
2025,2025-03-12,3,binary_probability,0.61,jev-1.13.0
2025,2025-03-12,3,yes_no_choice,Yes,jev-1.13.0
2025,2025-03-12,3,who_choice,Donald Trump,jev-1.13.0
2021,2020-04-27,3,binary_probability,0.98,jev-1.13.0
2021,2020-04-27,3,yes_no_choice,Yes,jev-1.13.0
2021,2020-04-27,3,who_choice,Donald Trump,jev-1.13.0
2021,2020-06-09,3,binary_probability,0.99,jev-1.13.0
2021,2020-06-09,3,yes_no_choice,Yes,jev-1.13.0
2021,2020-06-09,3,who_choice,Donald Trump,jev-1.13.0
2021,2021-04-19,3,binary_probability,0.03,jev-1.13.0
2021,2021-04-19,3,yes_no_choice,No,jev-1.13.0
2021,2021-04-19,3,who_choice,Joe Biden,jev-1.13.0
2025,2025-08-27,3,binary_probability,0.44,jev-1.13.0
2025,2025-08-27,3,yes_no_choice,No,jev-1.13.0
2025,2025-08-27,3,who_choice,Donald Trump,jev-1.13.0
2025,2025-01-06,3,binary_probability,0.37,jev-1.13.0
2025,2025-01-06,3,yes_no_choice,No,jev-1.13.0
2025,2025-01-06,3,who_choice,Joe Biden,jev-1.13.0
2025,2025-01-03,3,binary_probability,0.33,jev-1.13.0
2025,2025-01-03,3,yes_no_choice,No,jev-1.13.0
2025,2025-01-03,3,who_choice,Donald Trump,jev-1.13.0
2025,2024-03-10,3,binary_probability,0.11,jev-1.13.0
2025,2024-03-10,3,yes_no_choice,No,jev-1.13.0
2025,2024-03-10,3,who_choice,Joe Biden,jev-1.13.0
2025,2025-12-31,3,binary_probability,0.59,jev-1.13.0
2025,2025-12-31,3,yes_no_choice,Yes,jev-1.13.0
2025,2025-12-31,3,who_choice,Donald Trump,jev-1.13.0
2021,2021-04-12,3,binary_probability,0.03,jev-1.13.0
2021,2021-04-12,3,yes_no_choice,No,jev-1.13.0
2021,2021-04-12,3,who_choice,Joe Biden,jev-1.13.0
2021,2020-10-31,3,binary_probability,0.98,jev-1.13.0
2021,2020-10-31,3,yes_no_choice,Yes,jev-1.13.0
2021,2020-10-31,3,who_choice,Donald Trump,jev-1.13.0
2025,2025-12-05,3,binary_probability,0.55,jev-1.13.0
2025,2025-12-05,3,yes_no_choice,Yes,jev-1.13.0
2025,2025-12-05,3,who_choice,Donald Trump,jev-1.13.0
2025,2025-09-09,3,binary_probability,0.41,jev-1.13.0
2025,2025-09-09,3,yes_no_choice,Yes,jev-1.13.0
2025,2025-09-09,3,who_choice,Donald Trump,jev-1.13.0
2025,2024-05-24,3,binary_probability,0.05,jev-1.13.0
2025,2024-05-24,3,yes_no_choice,No,jev-1.13.0
2025,2024-05-24,3,who_choice,Joe Biden,jev-1.13.0
2021,2020-07-27,3,binary_probability,0.98,jev-1.13.0
2021,2020-07-27,3,yes_no_choice,Yes,jev-1.13.0
2021,2020-07-27,3,who_choice,Donald Trump,jev-1.13.0
2021,2021-01-25,3,binary_probability,0.33,jev-1.13.0
2021,2021-01-25,3,yes_no_choice,No,jev-1.13.0
2021,2021-01-25,3,who_choice,Joe Biden,jev-1.13.0
2021,2021-06-29,3,binary_probability,0.02,jev-1.13.0
2021,2021-06-29,3,yes_no_choice,No,jev-1.13.0
2021,2021-06-29,3,who_choice,Joe Biden,jev-1.13.0
2021,2021-02-18,3,binary_probability,0.04,jev-1.13.0
2021,2021-02-18,3,yes_no_choice,No,jev-1.13.0
2021,2021-02-18,3,who_choice,Joe Biden,jev-1.13.0
2021,2021-08-03,3,binary_probability,0.02,jev-1.13.0
2021,2021-08-03,3,yes_no_choice,No,jev-1.13.0
2021,2021-08-03,3,who_choice,Joe Biden,jev-1.13.0
2021,2022-01-18,3,binary_probability,0.08,jev-1.13.0
2021,2022-01-18,3,yes_no_choice,No,jev-1.13.0
2021,2022-01-18,3,who_choice,Joe Biden,jev-1.13.0
2025,2024-10-20,3,binary_probability,0.17,jev-1.13.0
2025,2024-10-20,3,yes_no_choice,No,jev-1.13.0
2025,2024-10-20,3,who_choice,Joe Biden,jev-1.13.0
2021,2021-07-14,3,binary_probability,0.02,jev-1.13.0
2021,2021-07-14,3,yes_no_choice,No,jev-1.13.0
2021,2021-07-14,3,who_choice,Joe Biden,jev-1.13.0
2021,2021-07-02,3,binary_probability,0.02,jev-1.13.0
2021,2021-07-02,3,yes_no_choice,No,jev-1.13.0
2021,2021-07-02,3,who_choice,Joe Biden,jev-1.13.0
2021,2020-08-08,3,binary_probability,0.98,jev-1.13.0
2021,2020-08-08,3,yes_no_choice,Yes,jev-1.13.0
2021,2020-08-08,3,who_choice,Donald Trump,jev-1.13.0
2021,2020-05-28,3,binary_probability,0.99,jev-1.13.0
2021,2020-05-28,3,yes_no_choice,Yes,jev-1.13.0
2021,2020-05-28,3,who_choice,Donald Trump,jev-1.13.0
2021,2020-07-31,3,binary_probability,0.98,jev-1.13.0
2021,2020-07-31,3,yes_no_choice,Yes,jev-1.13.0
2021,2020-07-31,3,who_choice,Donald Trump,jev-1.13.0
2021,2020-04-16,3,binary_probability,0.98,jev-1.13.0
2021,2020-04-16,3,yes_no_choice,Yes,jev-1.13.0
2021,2020-04-16,3,who_choice,Donald Trump,jev-1.13.0
2025,2024-03-01,3,binary_probability,0.1,jev-1.13.0
2025,2024-03-01,3,yes_no_choice,No,jev-1.13.0
2025,2024-03-01,3,who_choice,Joe Biden,jev-1.13.0
2025,2024-07-27,3,binary_probability,0.1,jev-1.13.0
2025,2024-07-27,3,yes_no_choice,No,jev-1.13.0
2025,2024-07-27,3,who_choice,Joe Biden,jev-1.13.0
2021,2020-04-29,3,binary_probability,0.98,jev-1.13.0
2021,2020-04-29,3,yes_no_choice,Yes,jev-1.13.0
2021,2020-04-29,3,who_choice,Donald Trump,jev-1.13.0
2025,2025-03-27,3,binary_probability,0.6,jev-1.13.0
2025,2025-03-27,3,yes_no_choice,Yes,jev-1.13.0
2025,2025-03-27,3,who_choice,Donald Trump,jev-1.13.0
2025,2024-10-15,3,binary_probability,0.15,jev-1.13.0
2025,2024-10-15,3,yes_no_choice,No,jev-1.13.0
2025,2024-10-15,3,who_choice,Joe Biden,jev-1.13.0
2025,2025-11-05,3,binary_probability,0.52,jev-1.13.0
2025,2025-11-05,3,yes_no_choice,Yes,jev-1.13.0
2025,2025-11-05,3,who_choice,Donald Trump,jev-1.13.0
2021,2021-02-01,3,binary_probability,0.07,jev-1.13.0
2021,2021-02-01,3,yes_no_choice,No,jev-1.13.0
2021,2021-02-01,3,who_choice,Joe Biden,jev-1.13.0
2021,2021-05-05,3,binary_probability,0.04,jev-1.13.0
2021,2021-05-05,3,yes_no_choice,No,jev-1.13.0
2021,2021-05-05,3,who_choice,Joe Biden,jev-1.13.0
2021,2021-03-29,3,binary_probability,0.03,jev-1.13.0
2021,2021-03-29,3,yes_no_choice,No,jev-1.13.0
2021,2021-03-29,3,who_choice,Joe Biden,jev-1.13.0
2021,2020-11-03,3,binary_probability,0.97,jev-1.13.0
2021,2020-11-03,3,yes_no_choice,Yes,jev-1.13.0
2021,2020-11-03,3,who_choice,Donald Trump,jev-1.13.0
2021,2021-09-02,3,binary_probability,0.02,jev-1.13.0
2021,2021-09-02,3,yes_no_choice,No,jev-1.13.0
2021,2021-09-02,3,who_choice,Joe Biden,jev-1.13.0
2021,2020-01-25,3,binary_probability,0.98,jev-1.13.0
2021,2020-01-25,3,yes_no_choice,Yes,jev-1.13.0
2021,2020-01-25,3,who_choice,Donald Trump,jev-1.13.0
2025,2024-07-24,3,binary_probability,0.08,jev-1.13.0
2025,2024-07-24,3,yes_no_choice,No,jev-1.13.0
2025,2024-07-24,3,who_choice,Joe Biden,jev-1.13.0
2025,2024-04-14,3,binary_probability,0.05,jev-1.13.0
2025,2024-04-14,3,yes_no_choice,No,jev-1.13.0
2025,2024-04-14,3,who_choice,Joe Biden,jev-1.13.0
2021,2021-12-21,3,binary_probability,0.02,jev-1.13.0
2021,2021-12-21,3,yes_no_choice,No,jev-1.13.0
2021,2021-12-21,3,who_choice,Joe Biden,jev-1.13.0
2021,2021-10-28,3,binary_probability,0.02,jev-1.13.0
2021,2021-10-28,3,yes_no_choice,No,jev-1.13.0
2021,2021-10-28,3,who_choice,Joe Biden,jev-1.13.0
2025,2025-01-15,3,binary_probability,0.53,jev-1.13.0
2025,2025-01-15,3,yes_no_choice,Yes,jev-1.13.0
2025,2025-01-15,3,who_choice,Donald Trump,jev-1.13.0
2025,2024-12-06,3,binary_probability,0.21,jev-1.13.0
2025,2024-12-06,3,yes_no_choice,No,jev-1.13.0
2025,2024-12-06,3,who_choice,Donald Trump,jev-1.13.0
2021,2020-05-19,3,binary_probability,0.99,jev-1.13.0
2021,2020-05-19,3,yes_no_choice,Yes,jev-1.13.0
2021,2020-05-19,3,who_choice,Donald Trump,jev-1.13.0
2025,2025-12-01,3,binary_probability,0.52,jev-1.13.0
2025,2025-12-01,3,yes_no_choice,Yes,jev-1.13.0
2025,2025-12-01,3,who_choice,Donald Trump,jev-1.13.0
2025,2024-08-23,3,binary_probability,0.09,jev-1.13.0
2025,2024-08-23,3,yes_no_choice,No,jev-1.13.0
2025,2024-08-23,3,who_choice,Joe Biden,jev-1.13.0
2021,2020-12-08,3,binary_probability,0.97,jev-1.13.0
2021,2020-12-08,3,yes_no_choice,Yes,jev-1.13.0
2021,2020-12-08,3,who_choice,Donald Trump,jev-1.13.0
2021,2020-03-15,3,binary_probability,0.99,jev-1.13.0
2021,2020-03-15,3,yes_no_choice,Yes,jev-1.13.0
2021,2020-03-15,3,who_choice,Donald Trump,jev-1.13.0
2021,2020-06-15,3,binary_probability,0.99,jev-1.13.0
2021,2020-06-15,3,yes_no_choice,Yes,jev-1.13.0
2021,2020-06-15,3,who_choice,Donald Trump,jev-1.13.0
2025,2025-11-04,3,binary_probability,0.55,jev-1.13.0
2025,2025-11-04,3,yes_no_choice,Yes,jev-1.13.0
2025,2025-11-04,3,who_choice,Donald Trump,jev-1.13.0
2021,2020-11-06,3,binary_probability,0.97,jev-1.13.0
2021,2020-11-06,3,yes_no_choice,Yes,jev-1.13.0
2021,2020-11-06,3,who_choice,Donald Trump,jev-1.13.0
2021,2020-04-01,3,binary_probability,0.98,jev-1.13.0
2021,2020-04-01,3,yes_no_choice,Yes,jev-1.13.0
2021,2020-04-01,3,who_choice,Donald Trump,jev-1.13.0
2021,2020-10-17,3,binary_probability,0.99,jev-1.13.0
2021,2020-10-17,3,yes_no_choice,Yes,jev-1.13.0
2021,2020-10-17,3,who_choice,Donald Trump,jev-1.13.0
2021,2021-10-14,3,binary_probability,0.02,jev-1.13.0
2021,2021-10-14,3,yes_no_choice,No,jev-1.13.0
2021,2021-10-14,3,who_choice,Joe Biden,jev-1.13.0
2021,2020-02-19,3,binary_probability,0.98,jev-1.13.0
2021,2020-02-19,3,yes_no_choice,Yes,jev-1.13.0
2021,2020-02-19,3,who_choice,Donald Trump,jev-1.13.0
2025,2024-03-16,3,binary_probability,0.08,jev-1.13.0
2025,2024-03-16,3,yes_no_choice,No,jev-1.13.0
2025,2024-03-16,3,who_choice,Joe Biden,jev-1.13.0
2025,2025-08-13,3,binary_probability,0.38,jev-1.13.0
2025,2025-08-13,3,yes_no_choice,No,jev-1.13.0
2025,2025-08-13,3,who_choice,Donald Trump,jev-1.13.0
2025,2025-08-31,3,binary_probability,0.41,jev-1.13.0
2025,2025-08-31,3,yes_no_choice,No,jev-1.13.0
2025,2025-08-31,3,who_choice,Donald Trump,jev-1.13.0
2021,2020-11-20,3,binary_probability,0.96,jev-1.13.0
2021,2020-11-20,3,yes_no_choice,Yes,jev-1.13.0
2021,2020-11-20,3,who_choice,Donald Trump,jev-1.13.0
2021,2021-02-26,3,binary_probability,0.03,jev-1.13.0
2021,2021-02-26,3,yes_no_choice,No,jev-1.13.0
2021,2021-02-26,3,who_choice,Joe Biden,jev-1.13.0
2025,2024-06-21,3,binary_probability,0.06,jev-1.13.0
2025,2024-06-21,3,yes_no_choice,No,jev-1.13.0
2025,2024-06-21,3,who_choice,Joe Biden,jev-1.13.0
2021,2021-05-30,3,binary_probability,0.03,jev-1.13.0
2021,2021-05-30,3,yes_no_choice,No,jev-1.13.0
2021,2021-05-30,3,who_choice,Joe Biden,jev-1.13.0
2021,2021-11-09,3,binary_probability,0.02,jev-1.13.0
2021,2021-11-09,3,yes_no_choice,No,jev-1.13.0
2021,2021-11-09,3,who_choice,Joe Biden,jev-1.13.0
2025,2025-08-07,3,binary_probability,0.43,jev-1.13.0
2025,2025-08-07,3,yes_no_choice,Yes,jev-1.13.0
2025,2025-08-07,3,who_choice,Donald Trump,jev-1.13.0
2021,2020-06-21,3,binary_probability,0.98,jev-1.13.0
2021,2020-06-21,3,yes_no_choice,Yes,jev-1.13.0
2021,2020-06-21,3,who_choice,Donald Trump,jev-1.13.0
2021,2020-03-29,3,binary_probability,0.98,jev-1.13.0
2021,2020-03-29,3,yes_no_choice,Yes,jev-1.13.0
2021,2020-03-29,3,who_choice,Donald Trump,jev-1.13.0
2021,2021-10-06,3,binary_probability,0.02,jev-1.13.0
2021,2021-10-06,3,yes_no_choice,No,jev-1.13.0
2021,2021-10-06,3,who_choice,Joe Biden,jev-1.13.0
2025,2025-02-19,3,binary_probability,0.64,jev-1.13.0
2025,2025-02-19,3,yes_no_choice,Yes,jev-1.13.0
2025,2025-02-19,3,who_choice,Donald Trump,jev-1.13.0
2025,2024-02-15,3,binary_probability,0.08,jev-1.13.0
2025,2024-02-15,3,yes_no_choice,No,jev-1.13.0
2025,2024-02-15,3,who_choice,Joe Biden,jev-1.13.0
2025,2025-05-09,3,binary_probability,0.56,jev-1.13.0
2025,2025-05-09,3,yes_no_choice,Yes,jev-1.13.0
2025,2025-05-09,3,who_choice,Donald Trump,jev-1.13.0
2021,2021-06-10,3,binary_probability,0.03,jev-1.13.0
2021,2021-06-10,3,yes_no_choice,No,jev-1.13.0
2021,2021-06-10,3,who_choice,Joe Biden,jev-1.13.0
2025,2024-11-17,3,binary_probability,0.27,jev-1.13.0
2025,2024-11-17,3,yes_no_choice,No,jev-1.13.0
2025,2024-11-17,3,who_choice,Donald Trump,jev-1.13.0
2021,2021-06-26,3,binary_probability,0.02,jev-1.13.0
2021,2021-06-26,3,yes_no_choice,No,jev-1.13.0
2021,2021-06-26,3,who_choice,Joe Biden,jev-1.13.0
2021,2020-03-24,3,binary_probability,0.98,jev-1.13.0
2021,2020-03-24,3,yes_no_choice,Yes,jev-1.13.0
2021,2020-03-24,3,who_choice,Donald Trump,jev-1.13.0
2025,2025-11-10,3,binary_probability,0.56,jev-1.13.0
2025,2025-11-10,3,yes_no_choice,Yes,jev-1.13.0
2025,2025-11-10,3,who_choice,Donald Trump,jev-1.13.0
2025,2026-01-08,3,binary_probability,0.49,jev-1.13.0
2025,2026-01-08,3,yes_no_choice,Yes,jev-1.13.0
2025,2026-01-08,3,who_choice,Donald Trump,jev-1.13.0
2021,2021-01-27,3,binary_probability,0.44,jev-1.13.0
2021,2021-01-27,3,yes_no_choice,No,jev-1.13.0
2021,2021-01-27,3,who_choice,Joe Biden,jev-1.13.0
2025,2025-12-24,3,binary_probability,0.53,jev-1.13.0
2025,2025-12-24,3,yes_no_choice,Yes,jev-1.13.0
2025,2025-12-24,3,who_choice,Donald Trump,jev-1.13.0
2025,2025-07-05,3,binary_probability,0.44,jev-1.13.0
2025,2025-07-05,3,yes_no_choice,No,jev-1.13.0
2025,2025-07-05,3,who_choice,Donald Trump,jev-1.13.0
2021,2021-10-23,3,binary_probability,0.02,jev-1.13.0
2021,2021-10-23,3,yes_no_choice,No,jev-1.13.0
2021,2021-10-23,3,who_choice,Joe Biden,jev-1.13.0
2025,2025-10-07,3,binary_probability,0.49,jev-1.13.0
2025,2025-10-07,3,yes_no_choice,No,jev-1.13.0
2025,2025-10-07,3,who_choice,Donald Trump,jev-1.13.0
2021,2021-09-14,3,binary_probability,0.02,jev-1.13.0
2021,2021-09-14,3,yes_no_choice,No,jev-1.13.0
2021,2021-09-14,3,who_choice,Joe Biden,jev-1.13.0
2025,2024-02-24,3,binary_probability,0.06,jev-1.13.0
2025,2024-02-24,3,yes_no_choice,No,jev-1.13.0
2025,2024-02-24,3,who_choice,Joe Biden,jev-1.13.0
2021,2021-04-07,3,binary_probability,0.04,jev-1.13.0
2021,2021-04-07,3,yes_no_choice,No,jev-1.13.0
2021,2021-04-07,3,who_choice,Joe Biden,jev-1.13.0
2025,2024-05-31,3,binary_probability,0.06,jev-1.13.0
2025,2024-05-31,3,yes_no_choice,No,jev-1.13.0
2025,2024-05-31,3,who_choice,Joe Biden,jev-1.13.0
2025,2025-09-21,3,binary_probability,0.38,jev-1.13.0
2025,2025-09-21,3,yes_no_choice,No,jev-1.13.0
2025,2025-09-21,3,who_choice,Donald Trump,jev-1.13.0
2025,2025-02-15,3,binary_probability,0.65,jev-1.13.0
2025,2025-02-15,3,yes_no_choice,Yes,jev-1.13.0
2025,2025-02-15,3,who_choice,Donald Trump,jev-1.13.0
2021,2021-01-26,3,binary_probability,0.18,jev-1.13.0
2021,2021-01-26,3,yes_no_choice,No,jev-1.13.0
2021,2021-01-26,3,who_choice,Joe Biden,jev-1.13.0
2025,2024-02-21,3,binary_probability,0.05,jev-1.13.0
2025,2024-02-21,3,yes_no_choice,No,jev-1.13.0
2025,2024-02-21,3,who_choice,Joe Biden,jev-1.13.0
2021,2020-09-15,3,binary_probability,0.99,jev-1.13.0
2021,2020-09-15,3,yes_no_choice,Yes,jev-1.13.0
2021,2020-09-15,3,who_choice,Donald Trump,jev-1.13.0
2025,2025-04-06,3,binary_probability,0.55,jev-1.13.0
2025,2025-04-06,3,yes_no_choice,Yes,jev-1.13.0
2025,2025-04-06,3,who_choice,Donald Trump,jev-1.13.0
2025,2025-10-05,3,binary_probability,0.42,jev-1.13.0
2025,2025-10-05,3,yes_no_choice,No,jev-1.13.0
2025,2025-10-05,3,who_choice,Donald Trump,jev-1.13.0
2021,2021-08-26,3,binary_probability,0.02,jev-1.13.0
2021,2021-08-26,3,yes_no_choice,No,jev-1.13.0
2021,2021-08-26,3,who_choice,Joe Biden,jev-1.13.0
2025,2024-08-04,3,binary_probability,0.1,jev-1.13.0
2025,2024-08-04,3,yes_no_choice,No,jev-1.13.0
2025,2024-08-04,3,who_choice,Joe Biden,jev-1.13.0
2025,2024-11-22,3,binary_probability,0.2,jev-1.13.0
2025,2024-11-22,3,yes_no_choice,No,jev-1.13.0
2025,2024-11-22,3,who_choice,Joe Biden,jev-1.13.0
2025,2024-12-05,3,binary_probability,0.26,jev-1.13.0
2025,2024-12-05,3,yes_no_choice,No,jev-1.13.0
2025,2024-12-05,3,who_choice,Donald Trump,jev-1.13.0
2021,2020-05-29,3,binary_probability,0.98,jev-1.13.0
2021,2020-05-29,3,yes_no_choice,Yes,jev-1.13.0
2021,2020-05-29,3,who_choice,Donald Trump,jev-1.13.0
2021,2021-09-23,3,binary_probability,0.01,jev-1.13.0
2021,2021-09-23,3,yes_no_choice,No,jev-1.13.0
2021,2021-09-23,3,who_choice,Joe Biden,jev-1.13.0
2025,2024-12-13,3,binary_probability,0.28,jev-1.13.0
2025,2024-12-13,3,yes_no_choice,No,jev-1.13.0
2025,2024-12-13,3,who_choice,Donald Trump,jev-1.13.0
2021,2020-06-13,3,binary_probability,0.98,jev-1.13.0
2021,2020-06-13,3,yes_no_choice,Yes,jev-1.13.0
2021,2020-06-13,3,who_choice,Donald Trump,jev-1.13.0
2021,2021-07-20,3,binary_probability,0.02,jev-1.13.0
2021,2021-07-20,3,yes_no_choice,No,jev-1.13.0
2021,2021-07-20,3,who_choice,Joe Biden,jev-1.13.0
2021,2020-07-10,3,binary_probability,0.98,jev-1.13.0
2021,2020-07-10,3,yes_no_choice,Yes,jev-1.13.0
2021,2020-07-10,3,who_choice,Donald Trump,jev-1.13.0
2021,2021-08-12,3,binary_probability,0.02,jev-1.13.0
2021,2021-08-12,3,yes_no_choice,No,jev-1.13.0
2021,2021-08-12,3,who_choice,Joe Biden,jev-1.13.0
2025,2024-08-15,3,binary_probability,0.15,jev-1.13.0
2025,2024-08-15,3,yes_no_choice,No,jev-1.13.0
2025,2024-08-15,3,who_choice,Joe Biden,jev-1.13.0
2021,2021-12-29,3,binary_probability,0.02,jev-1.13.0
2021,2021-12-29,3,yes_no_choice,No,jev-1.13.0
2021,2021-12-29,3,who_choice,Joe Biden,jev-1.13.0
2025,2024-06-29,3,binary_probability,0.05,jev-1.13.0
2025,2024-06-29,3,yes_no_choice,No,jev-1.13.0
2025,2024-06-29,3,who_choice,Joe Biden,jev-1.13.0
2021,2021-09-11,3,binary_probability,0.02,jev-1.13.0
2021,2021-09-11,3,yes_no_choice,No,jev-1.13.0
2021,2021-09-11,3,who_choice,Joe Biden,jev-1.13.0
2021,2021-02-25,3,binary_probability,0.06,jev-1.13.0
2021,2021-02-25,3,yes_no_choice,No,jev-1.13.0
2021,2021-02-25,3,who_choice,Joe Biden,jev-1.13.0
2021,2021-01-02,3,binary_probability,0.97,jev-1.13.0
2021,2021-01-02,3,yes_no_choice,Yes,jev-1.13.0
2021,2021-01-02,3,who_choice,Donald Trump,jev-1.13.0
2021,2021-06-24,3,binary_probability,0.02,jev-1.13.0
2021,2021-06-24,3,yes_no_choice,No,jev-1.13.0
2021,2021-06-24,3,who_choice,Joe Biden,jev-1.13.0
2025,2026-01-16,3,binary_probability,0.49,jev-1.13.0
2025,2026-01-16,3,yes_no_choice,Yes,jev-1.13.0
2025,2026-01-16,3,who_choice,Donald Trump,jev-1.13.0
2025,2024-12-19,3,binary_probability,0.22,jev-1.13.0
2025,2024-12-19,3,yes_no_choice,No,jev-1.13.0
2025,2024-12-19,3,who_choice,Donald Trump,jev-1.13.0
2021,2021-07-28,3,binary_probability,0.02,jev-1.13.0
2021,2021-07-28,3,yes_no_choice,No,jev-1.13.0
2021,2021-07-28,3,who_choice,Joe Biden,jev-1.13.0
2021,2021-11-07,3,binary_probability,0.03,jev-1.13.0
2021,2021-11-07,3,yes_no_choice,No,jev-1.13.0
2021,2021-11-07,3,who_choice,Joe Biden,jev-1.13.0
2025,2024-06-17,3,binary_probability,0.09,jev-1.13.0
2025,2024-06-17,3,yes_no_choice,No,jev-1.13.0
2025,2024-06-17,3,who_choice,Joe Biden,jev-1.13.0
2025,2024-12-22,3,binary_probability,0.2,jev-1.13.0
2025,2024-12-22,3,yes_no_choice,No,jev-1.13.0
2025,2024-12-22,3,who_choice,Donald Trump,jev-1.13.0
2025,2025-04-17,3,binary_probability,0.5,jev-1.13.0
2025,2025-04-17,3,yes_no_choice,Yes,jev-1.13.0
2025,2025-04-17,3,who_choice,Donald Trump,jev-1.13.0
2025,2025-11-16,3,binary_probability,0.54,jev-1.13.0
2025,2025-11-16,3,yes_no_choice,Yes,jev-1.13.0
2025,2025-11-16,3,who_choice,Donald Trump,jev-1.13.0
2025,2025-01-01,3,binary_probability,0.25,jev-1.13.0
2025,2025-01-01,3,yes_no_choice,No,jev-1.13.0
2025,2025-01-01,3,who_choice,Donald Trump,jev-1.13.0
2025,2025-12-15,3,binary_probability,0.57,jev-1.13.0
2025,2025-12-15,3,yes_no_choice,Yes,jev-1.13.0
2025,2025-12-15,3,who_choice,Donald Trump,jev-1.13.0
2021,2021-09-22,3,binary_probability,0.01,jev-1.13.0
2021,2021-09-22,3,yes_no_choice,No,jev-1.13.0
2021,2021-09-22,3,who_choice,Joe Biden,jev-1.13.0
2025,2024-03-17,3,binary_probability,0.07,jev-1.13.0
2025,2024-03-17,3,yes_no_choice,No,jev-1.13.0
2025,2024-03-17,3,who_choice,Joe Biden,jev-1.13.0
2021,2020-02-14,3,binary_probability,0.98,jev-1.13.0
2021,2020-02-14,3,yes_no_choice,Yes,jev-1.13.0
2021,2020-02-14,3,who_choice,Donald Trump,jev-1.13.0
2021,2020-05-13,3,binary_probability,0.98,jev-1.13.0
2021,2020-05-13,3,yes_no_choice,Yes,jev-1.13.0
2021,2020-05-13,3,who_choice,Donald Trump,jev-1.13.0
2021,2020-04-05,3,binary_probability,0.98,jev-1.13.0
2021,2020-04-05,3,yes_no_choice,Yes,jev-1.13.0
2021,2020-04-05,3,who_choice,Donald Trump,jev-1.13.0
2021,2020-07-16,3,binary_probability,0.98,jev-1.13.0
2021,2020-07-16,3,yes_no_choice,Yes,jev-1.13.0
2021,2020-07-16,3,who_choice,Donald Trump,jev-1.13.0
2021,2020-11-13,3,binary_probability,0.97,jev-1.13.0
2021,2020-11-13,3,yes_no_choice,Yes,jev-1.13.0
2021,2020-11-13,3,who_choice,Donald Trump,jev-1.13.0
2021,2021-10-09,3,binary_probability,0.03,jev-1.13.0
2021,2021-10-09,3,yes_no_choice,No,jev-1.13.0
2021,2021-10-09,3,who_choice,Joe Biden,jev-1.13.0
2021,2020-01-27,3,binary_probability,0.98,jev-1.13.0
2021,2020-01-27,3,yes_no_choice,Yes,jev-1.13.0
2021,2020-01-27,3,who_choice,Donald Trump,jev-1.13.0
2021,2020-07-21,3,binary_probability,0.99,jev-1.13.0
2021,2020-07-21,3,yes_no_choice,Yes,jev-1.13.0
2021,2020-07-21,3,who_choice,Donald Trump,jev-1.13.0
2021,2020-10-30,3,binary_probability,0.99,jev-1.13.0
2021,2020-10-30,3,yes_no_choice,Yes,jev-1.13.0
2021,2020-10-30,3,who_choice,Donald Trump,jev-1.13.0
2025,2025-11-23,3,binary_probability,0.57,jev-1.13.0
2025,2025-11-23,3,yes_no_choice,Yes,jev-1.13.0
2025,2025-11-23,3,who_choice,Donald Trump,jev-1.13.0
2025,2025-04-09,3,binary_probability,0.51,jev-1.13.0
2025,2025-04-09,3,yes_no_choice,No,jev-1.13.0
2025,2025-04-09,3,who_choice,Donald Trump,jev-1.13.0
2021,2020-09-30,3,binary_probability,0.98,jev-1.13.0
2021,2020-09-30,3,yes_no_choice,Yes,jev-1.13.0
2021,2020-09-30,3,who_choice,Donald Trump,jev-1.13.0
2025,2024-11-21,3,binary_probability,0.22,jev-1.13.0
2025,2024-11-21,3,yes_no_choice,No,jev-1.13.0
2025,2024-11-21,3,who_choice,Donald Trump,jev-1.13.0
2021,2021-02-11,3,binary_probability,0.05,jev-1.13.0
2021,2021-02-11,3,yes_no_choice,No,jev-1.13.0
2021,2021-02-11,3,who_choice,Joe Biden,jev-1.13.0
2021,2021-01-10,3,binary_probability,0.97,jev-1.13.0
2021,2021-01-10,3,yes_no_choice,Yes,jev-1.13.0
2021,2021-01-10,3,who_choice,Donald Trump,jev-1.13.0
2025,2024-12-28,3,binary_probability,0.3,jev-1.13.0
2025,2024-12-28,3,yes_no_choice,No,jev-1.13.0
2025,2024-12-28,3,who_choice,Donald Trump,jev-1.13.0
2025,2025-03-30,3,binary_probability,0.56,jev-1.13.0
2025,2025-03-30,3,yes_no_choice,Yes,jev-1.13.0
2025,2025-03-30,3,who_choice,Donald Trump,jev-1.13.0
2021,2022-01-04,3,binary_probability,0.06,jev-1.13.0
2021,2022-01-04,3,yes_no_choice,No,jev-1.13.0
2021,2022-01-04,3,who_choice,Joe Biden,jev-1.13.0
2021,2021-02-19,3,binary_probability,0.06,jev-1.13.0
2021,2021-02-19,3,yes_no_choice,No,jev-1.13.0
2021,2021-02-19,3,who_choice,Joe Biden,jev-1.13.0
2025,2026-01-09,3,binary_probability,0.47,jev-1.13.0
2025,2026-01-09,3,yes_no_choice,Yes,jev-1.13.0
2025,2026-01-09,3,who_choice,Donald Trump,jev-1.13.0
2021,2020-10-13,3,binary_probability,0.99,jev-1.13.0
2021,2020-10-13,3,yes_no_choice,Yes,jev-1.13.0
2021,2020-10-13,3,who_choice,Donald Trump,jev-1.13.0
2021,2020-10-01,3,binary_probability,0.98,jev-1.13.0
2021,2020-10-01,3,yes_no_choice,Yes,jev-1.13.0
2021,2020-10-01,3,who_choice,Donald Trump,jev-1.13.0
2021,2021-08-22,3,binary_probability,0.02,jev-1.13.0
2021,2021-08-22,3,yes_no_choice,No,jev-1.13.0
2021,2021-08-22,3,who_choice,Joe Biden,jev-1.13.0
2025,2025-02-01,3,binary_probability,0.69,jev-1.13.0
2025,2025-02-01,3,yes_no_choice,Yes,jev-1.13.0
2025,2025-02-01,3,who_choice,Donald Trump,jev-1.13.0
2021,2021-08-06,3,binary_probability,0.02,jev-1.13.0
2021,2021-08-06,3,yes_no_choice,No,jev-1.13.0
2021,2021-08-06,3,who_choice,Joe Biden,jev-1.13.0
2025,2024-12-15,3,binary_probability,0.26,jev-1.13.0
2025,2024-12-15,3,yes_no_choice,No,jev-1.13.0
2025,2024-12-15,3,who_choice,Donald Trump,jev-1.13.0
2025,2025-09-28,3,binary_probability,0.46,jev-1.13.0
2025,2025-09-28,3,yes_no_choice,Yes,jev-1.13.0
2025,2025-09-28,3,who_choice,Donald Trump,jev-1.13.0
2025,2025-04-10,3,binary_probability,0.52,jev-1.13.0
2025,2025-04-10,3,yes_no_choice,Yes,jev-1.13.0
2025,2025-04-10,3,who_choice,Donald Trump,jev-1.13.0
2021,2020-11-18,3,binary_probability,0.96,jev-1.13.0
2021,2020-11-18,3,yes_no_choice,Yes,jev-1.13.0
2021,2020-11-18,3,who_choice,Donald Trump,jev-1.13.0
2025,2025-07-15,3,binary_probability,0.4,jev-1.13.0
2025,2025-07-15,3,yes_no_choice,Yes,jev-1.13.0
2025,2025-07-15,3,who_choice,Donald Trump,jev-1.13.0
2021,2020-05-01,3,binary_probability,0.99,jev-1.13.0
2021,2020-05-01,3,yes_no_choice,Yes,jev-1.13.0
2021,2020-05-01,3,who_choice,Donald Trump,jev-1.13.0
2025,2025-03-14,3,binary_probability,0.61,jev-1.13.0
2025,2025-03-14,3,yes_no_choice,Yes,jev-1.13.0
2025,2025-03-14,3,who_choice,Donald Trump,jev-1.13.0
2021,2020-05-21,3,binary_probability,0.98,jev-1.13.0
2021,2020-05-21,3,yes_no_choice,Yes,jev-1.13.0
2021,2020-05-21,3,who_choice,Donald Trump,jev-1.13.0
2025,2025-08-24,3,binary_probability,0.36,jev-1.13.0
2025,2025-08-24,3,yes_no_choice,Yes,jev-1.13.0
2025,2025-08-24,3,who_choice,Donald Trump,jev-1.13.0
2021,2021-12-20,3,binary_probability,0.02,jev-1.13.0
2021,2021-12-20,3,yes_no_choice,No,jev-1.13.0
2021,2021-12-20,3,who_choice,Joe Biden,jev-1.13.0
2021,2021-07-05,3,binary_probability,0.02,jev-1.13.0
2021,2021-07-05,3,yes_no_choice,No,jev-1.13.0
2021,2021-07-05,3,who_choice,Joe Biden,jev-1.13.0
2021,2020-10-14,3,binary_probability,0.98,jev-1.13.0
2021,2020-10-14,3,yes_no_choice,Yes,jev-1.13.0
2021,2020-10-14,3,who_choice,Donald Trump,jev-1.13.0
2025,2024-04-13,3,binary_probability,0.05,jev-1.13.0
2025,2024-04-13,3,yes_no_choice,No,jev-1.13.0
2025,2024-04-13,3,who_choice,Joe Biden,jev-1.13.0
2025,2024-11-06,3,binary_probability,0.22,jev-1.13.0
2025,2024-11-06,3,yes_no_choice,No,jev-1.13.0
2025,2024-11-06,3,who_choice,Joe Biden,jev-1.13.0
2025,2025-05-06,3,binary_probability,0.48,jev-1.13.0
2025,2025-05-06,3,yes_no_choice,Yes,jev-1.13.0
2025,2025-05-06,3,who_choice,Donald Trump,jev-1.13.0
2021,2021-11-01,3,binary_probability,0.02,jev-1.13.0
2021,2021-11-01,3,yes_no_choice,No,jev-1.13.0
2021,2021-11-01,3,who_choice,Joe Biden,jev-1.13.0
2021,2021-09-10,3,binary_probability,0.02,jev-1.13.0
2021,2021-09-10,3,yes_no_choice,No,jev-1.13.0
2021,2021-09-10,3,who_choice,Joe Biden,jev-1.13.0
2025,2024-03-04,3,binary_probability,0.11,jev-1.13.0
2025,2024-03-04,3,yes_no_choice,No,jev-1.13.0
2025,2024-03-04,3,who_choice,Joe Biden,jev-1.13.0
2025,2024-09-03,3,binary_probability,0.07,jev-1.13.0
2025,2024-09-03,3,yes_no_choice,No,jev-1.13.0
2025,2024-09-03,3,who_choice,Joe Biden,jev-1.13.0
2025,2024-05-16,3,binary_probability,0.07,jev-1.13.0
2025,2024-05-16,3,yes_no_choice,No,jev-1.13.0
2025,2024-05-16,3,who_choice,Joe Biden,jev-1.13.0
2021,2021-05-18,3,binary_probability,0.03,jev-1.13.0
2021,2021-05-18,3,yes_no_choice,No,jev-1.13.0
2021,2021-05-18,3,who_choice,Joe Biden,jev-1.13.0
2025,2025-03-10,3,binary_probability,0.57,jev-1.13.0
2025,2025-03-10,3,yes_no_choice,Yes,jev-1.13.0
2025,2025-03-10,3,who_choice,Donald Trump,jev-1.13.0
2025,2025-04-08,3,binary_probability,0.48,jev-1.13.0
2025,2025-04-08,3,yes_no_choice,Yes,jev-1.13.0
2025,2025-04-08,3,who_choice,Donald Trump,jev-1.13.0
2021,2020-05-20,3,binary_probability,0.99,jev-1.13.0
2021,2020-05-20,3,yes_no_choice,Yes,jev-1.13.0
2021,2020-05-20,3,who_choice,Donald Trump,jev-1.13.0
2025,2024-02-05,3,binary_probability,0.09,jev-1.13.0
2025,2024-02-05,3,yes_no_choice,No,jev-1.13.0
2025,2024-02-05,3,who_choice,Joe Biden,jev-1.13.0
2025,2024-02-12,3,binary_probability,0.09,jev-1.13.0
2025,2024-02-12,3,yes_no_choice,No,jev-1.13.0
2025,2024-02-12,3,who_choice,Joe Biden,jev-1.13.0
2025,2025-02-27,3,binary_probability,0.68,jev-1.13.0
2025,2025-02-27,3,yes_no_choice,Yes,jev-1.13.0
2025,2025-02-27,3,who_choice,Donald Trump,jev-1.13.0
2025,2025-08-29,3,binary_probability,0.45,jev-1.13.0
2025,2025-08-29,3,yes_no_choice,Yes,jev-1.13.0
2025,2025-08-29,3,who_choice,Donald Trump,jev-1.13.0
2025,2024-09-26,3,binary_probability,0.05,jev-1.13.0
2025,2024-09-26,3,yes_no_choice,No,jev-1.13.0
2025,2024-09-26,3,who_choice,Joe Biden,jev-1.13.0
2025,2025-09-17,3,binary_probability,0.4,jev-1.13.0
2025,2025-09-17,3,yes_no_choice,No,jev-1.13.0
2025,2025-09-17,3,who_choice,Donald Trump,jev-1.13.0
2021,2020-08-25,3,binary_probability,0.98,jev-1.13.0
2021,2020-08-25,3,yes_no_choice,Yes,jev-1.13.0
2021,2020-08-25,3,who_choice,Donald Trump,jev-1.13.0
2025,2024-10-14,3,binary_probability,0.16,jev-1.13.0
2025,2024-10-14,3,yes_no_choice,No,jev-1.13.0
2025,2024-10-14,3,who_choice,Joe Biden,jev-1.13.0
2025,2025-12-20,3,binary_probability,0.57,jev-1.13.0
2025,2025-12-20,3,yes_no_choice,Yes,jev-1.13.0
2025,2025-12-20,3,who_choice,Donald Trump,jev-1.13.0
2021,2021-04-15,3,binary_probability,0.04,jev-1.13.0
2021,2021-04-15,3,yes_no_choice,No,jev-1.13.0
2021,2021-04-15,3,who_choice,Joe Biden,jev-1.13.0
2025,2024-11-23,3,binary_probability,0.17,jev-1.13.0
2025,2024-11-23,3,yes_no_choice,No,jev-1.13.0
2025,2024-11-23,3,who_choice,Joe Biden,jev-1.13.0
2021,2021-05-02,3,binary_probability,0.04,jev-1.13.0
2021,2021-05-02,3,yes_no_choice,No,jev-1.13.0
2021,2021-05-02,3,who_choice,Joe Biden,jev-1.13.0
2021,2021-12-02,3,binary_probability,0.02,jev-1.13.0
2021,2021-12-02,3,yes_no_choice,No,jev-1.13.0
2021,2021-12-02,3,who_choice,Joe Biden,jev-1.13.0
2021,2022-01-12,3,binary_probability,0.07,jev-1.13.0
2021,2022-01-12,3,yes_no_choice,No,jev-1.13.0
2021,2022-01-12,3,who_choice,Joe Biden,jev-1.13.0
2021,2020-10-06,3,binary_probability,0.99,jev-1.13.0
2021,2020-10-06,3,yes_no_choice,Yes,jev-1.13.0
2021,2020-10-06,3,who_choice,Donald Trump,jev-1.13.0
2025,2025-02-06,3,binary_probability,0.66,jev-1.13.0
2025,2025-02-06,3,yes_no_choice,Yes,jev-1.13.0
2025,2025-02-06,3,who_choice,Donald Trump,jev-1.13.0
2025,2025-09-27,3,binary_probability,0.43,jev-1.13.0
2025,2025-09-27,3,yes_no_choice,No,jev-1.13.0
2025,2025-09-27,3,who_choice,Donald Trump,jev-1.13.0
2021,2021-07-15,3,binary_probability,0.02,jev-1.13.0
2021,2021-07-15,3,yes_no_choice,No,jev-1.13.0
2021,2021-07-15,3,who_choice,Joe Biden,jev-1.13.0
2025,2026-01-07,3,binary_probability,0.4,jev-1.13.0
2025,2026-01-07,3,yes_no_choice,Yes,jev-1.13.0
2025,2026-01-07,3,who_choice,Donald Trump,jev-1.13.0
2025,2025-05-23,3,binary_probability,0.45,jev-1.13.0
2025,2025-05-23,3,yes_no_choice,Yes,jev-1.13.0
2025,2025-05-23,3,who_choice,Donald Trump,jev-1.13.0
2021,2021-11-21,3,binary_probability,0.02,jev-1.13.0
2021,2021-11-21,3,yes_no_choice,No,jev-1.13.0
2021,2021-11-21,3,who_choice,Joe Biden,jev-1.13.0
2025,2024-06-11,3,binary_probability,0.06,jev-1.13.0
2025,2024-06-11,3,yes_no_choice,No,jev-1.13.0
2025,2024-06-11,3,who_choice,Joe Biden,jev-1.13.0
2021,2020-08-31,3,binary_probability,0.98,jev-1.13.0
2021,2020-08-31,3,yes_no_choice,Yes,jev-1.13.0
2021,2020-08-31,3,who_choice,Donald Trump,jev-1.13.0
2025,2024-02-02,3,binary_probability,0.1,jev-1.13.0
2025,2024-02-02,3,yes_no_choice,No,jev-1.13.0
2025,2024-02-02,3,who_choice,Joe Biden,jev-1.13.0
2025,2025-01-09,3,binary_probability,0.51,jev-1.13.0
2025,2025-01-09,3,yes_no_choice,Yes,jev-1.13.0
2025,2025-01-09,3,who_choice,Donald Trump,jev-1.13.0
2021,2021-05-08,3,binary_probability,0.03,jev-1.13.0
2021,2021-05-08,3,yes_no_choice,No,jev-1.13.0
2021,2021-05-08,3,who_choice,Joe Biden,jev-1.13.0
2025,2025-04-23,3,binary_probability,0.49,jev-1.13.0
2025,2025-04-23,3,yes_no_choice,Yes,jev-1.13.0
2025,2025-04-23,3,who_choice,Donald Trump,jev-1.13.0
2021,2020-11-22,3,binary_probability,0.96,jev-1.13.0
2021,2020-11-22,3,yes_no_choice,Yes,jev-1.13.0
2021,2020-11-22,3,who_choice,Donald Trump,jev-1.13.0
2021,2021-12-04,3,binary_probability,0.02,jev-1.13.0
2021,2021-12-04,3,yes_no_choice,No,jev-1.13.0
2021,2021-12-04,3,who_choice,Joe Biden,jev-1.13.0
2025,2024-05-02,3,binary_probability,0.08,jev-1.13.0
2025,2024-05-02,3,yes_no_choice,No,jev-1.13.0
2025,2024-05-02,3,who_choice,Joe Biden,jev-1.13.0
2025,2025-07-11,3,binary_probability,0.39,jev-1.13.0
2025,2025-07-11,3,yes_no_choice,No,jev-1.13.0
2025,2025-07-11,3,who_choice,Donald Trump,jev-1.13.0
2021,2020-12-31,3,binary_probability,0.97,jev-1.13.0
2021,2020-12-31,3,yes_no_choice,Yes,jev-1.13.0
2021,2020-12-31,3,who_choice,Donald Trump,jev-1.13.0
2025,2025-11-24,3,binary_probability,0.51,jev-1.13.0
2025,2025-11-24,3,yes_no_choice,Yes,jev-1.13.0
2025,2025-11-24,3,who_choice,Donald Trump,jev-1.13.0
2025,2024-10-24,3,binary_probability,0.16,jev-1.13.0
2025,2024-10-24,3,yes_no_choice,No,jev-1.13.0
2025,2024-10-24,3,who_choice,Joe Biden,jev-1.13.0
2021,2020-09-29,3,binary_probability,0.99,jev-1.13.0
2021,2020-09-29,3,yes_no_choice,Yes,jev-1.13.0
2021,2020-09-29,3,who_choice,Donald Trump,jev-1.13.0
2025,2024-02-19,3,binary_probability,0.07,jev-1.13.0
2025,2024-02-19,3,yes_no_choice,No,jev-1.13.0
2025,2024-02-19,3,who_choice,Joe Biden,jev-1.13.0
2025,2026-01-18,3,binary_probability,0.45,jev-1.13.0
2025,2026-01-18,3,yes_no_choice,Yes,jev-1.13.0
2025,2026-01-18,3,who_choice,Donald Trump,jev-1.13.0
2021,2021-08-25,3,binary_probability,0.02,jev-1.13.0
2021,2021-08-25,3,yes_no_choice,No,jev-1.13.0
2021,2021-08-25,3,who_choice,Joe Biden,jev-1.13.0
2021,2021-07-08,3,binary_probability,0.02,jev-1.13.0
2021,2021-07-08,3,yes_no_choice,No,jev-1.13.0
2021,2021-07-08,3,who_choice,Joe Biden,jev-1.13.0
2025,2024-06-26,3,binary_probability,0.07,jev-1.13.0
2025,2024-06-26,3,yes_no_choice,No,jev-1.13.0
2025,2024-06-26,3,who_choice,Joe Biden,jev-1.13.0
2025,2025-12-22,3,binary_probability,0.51,jev-1.13.0
2025,2025-12-22,3,yes_no_choice,Yes,jev-1.13.0
2025,2025-12-22,3,who_choice,Donald Trump,jev-1.13.0
2025,2025-10-22,3,binary_probability,0.52,jev-1.13.0
2025,2025-10-22,3,yes_no_choice,Yes,jev-1.13.0
2025,2025-10-22,3,who_choice,Donald Trump,jev-1.13.0
2025,2025-09-12,3,binary_probability,0.44,jev-1.13.0
2025,2025-09-12,3,yes_no_choice,No,jev-1.13.0
2025,2025-09-12,3,who_choice,Donald Trump,jev-1.13.0
2021,2021-03-13,3,binary_probability,0.02,jev-1.13.0
2021,2021-03-13,3,yes_no_choice,No,jev-1.13.0
2021,2021-03-13,3,who_choice,Joe Biden,jev-1.13.0
2021,2021-06-07,3,binary_probability,0.02,jev-1.13.0
2021,2021-06-07,3,yes_no_choice,No,jev-1.13.0
2021,2021-06-07,3,who_choice,Joe Biden,jev-1.13.0
2025,2024-08-06,3,binary_probability,0.12,jev-1.13.0
2025,2024-08-06,3,yes_no_choice,No,jev-1.13.0
2025,2024-08-06,3,who_choice,Joe Biden,jev-1.13.0
2025,2024-07-25,3,binary_probability,0.1,jev-1.13.0
2025,2024-07-25,3,yes_no_choice,No,jev-1.13.0
2025,2024-07-25,3,who_choice,Joe Biden,jev-1.13.0
2021,2021-04-05,3,binary_probability,0.04,jev-1.13.0
2021,2021-04-05,3,yes_no_choice,No,jev-1.13.0
2021,2021-04-05,3,who_choice,Joe Biden,jev-1.13.0
2025,2025-07-04,3,binary_probability,0.45,jev-1.13.0
2025,2025-07-04,3,yes_no_choice,No,jev-1.13.0
2025,2025-07-04,3,who_choice,Donald Trump,jev-1.13.0
2025,2025-05-18,3,binary_probability,0.5,jev-1.13.0
2025,2025-05-18,3,yes_no_choice,Yes,jev-1.13.0
2025,2025-05-18,3,who_choice,Donald Trump,jev-1.13.0
2021,2020-05-24,3,binary_probability,0.98,jev-1.13.0
2021,2020-05-24,3,yes_no_choice,Yes,jev-1.13.0
2021,2020-05-24,3,who_choice,Donald Trump,jev-1.13.0
2025,2025-03-23,3,binary_probability,0.59,jev-1.13.0
2025,2025-03-23,3,yes_no_choice,Yes,jev-1.13.0
2025,2025-03-23,3,who_choice,Donald Trump,jev-1.13.0
2025,2025-01-22,3,binary_probability,0.66,jev-1.13.0
2025,2025-01-22,3,yes_no_choice,Yes,jev-1.13.0
2025,2025-01-22,3,who_choice,Donald Trump,jev-1.13.0
2025,2024-06-05,3,binary_probability,0.06,jev-1.13.0
2025,2024-06-05,3,yes_no_choice,No,jev-1.13.0
2025,2024-06-05,3,who_choice,Joe Biden,jev-1.13.0
2021,2020-04-18,3,binary_probability,0.98,jev-1.13.0
2021,2020-04-18,3,yes_no_choice,Yes,jev-1.13.0
2021,2020-04-18,3,who_choice,Donald Trump,jev-1.13.0
2021,2021-08-07,3,binary_probability,0.02,jev-1.13.0
2021,2021-08-07,3,yes_no_choice,No,jev-1.13.0
2021,2021-08-07,3,who_choice,Joe Biden,jev-1.13.0
2021,2021-12-08,3,binary_probability,0.02,jev-1.13.0
2021,2021-12-08,3,yes_no_choice,No,jev-1.13.0
2021,2021-12-08,3,who_choice,Joe Biden,jev-1.13.0
2025,2024-11-01,3,binary_probability,0.25,jev-1.13.0
2025,2024-11-01,3,yes_no_choice,No,jev-1.13.0
2025,2024-11-01,3,who_choice,Joe Biden,jev-1.13.0
2021,2020-09-17,3,binary_probability,0.99,jev-1.13.0
2021,2020-09-17,3,yes_no_choice,Yes,jev-1.13.0
2021,2020-09-17,3,who_choice,Donald Trump,jev-1.13.0
2021,2020-12-29,3,binary_probability,0.95,jev-1.13.0
2021,2020-12-29,3,yes_no_choice,Yes,jev-1.13.0
2021,2020-12-29,3,who_choice,Donald Trump,jev-1.13.0
2021,2020-02-13,3,binary_probability,0.98,jev-1.13.0
2021,2020-02-13,3,yes_no_choice,Yes,jev-1.13.0
2021,2020-02-13,3,who_choice,Donald Trump,jev-1.13.0
2025,2024-07-17,3,binary_probability,0.1,jev-1.13.0
2025,2024-07-17,3,yes_no_choice,No,jev-1.13.0
2025,2024-07-17,3,who_choice,Joe Biden,jev-1.13.0
2025,2025-09-06,3,binary_probability,0.51,jev-1.13.0
2025,2025-09-06,3,yes_no_choice,Yes,jev-1.13.0
2025,2025-09-06,3,who_choice,Donald Trump,jev-1.13.0
2025,2024-05-13,3,binary_probability,0.06,jev-1.13.0
2025,2024-05-13,3,yes_no_choice,No,jev-1.13.0
2025,2024-05-13,3,who_choice,Joe Biden,jev-1.13.0
2025,2024-05-06,3,binary_probability,0.1,jev-1.13.0
2025,2024-05-06,3,yes_no_choice,No,jev-1.13.0
2025,2024-05-06,3,who_choice,Joe Biden,jev-1.13.0
2025,2024-09-04,3,binary_probability,0.08,jev-1.13.0
2025,2024-09-04,3,yes_no_choice,No,jev-1.13.0
2025,2024-09-04,3,who_choice,Joe Biden,jev-1.13.0
2021,2020-03-20,3,binary_probability,0.98,jev-1.13.0
2021,2020-03-20,3,yes_no_choice,Yes,jev-1.13.0
2021,2020-03-20,3,who_choice,Donald Trump,jev-1.13.0
2025,2025-11-20,3,binary_probability,0.59,jev-1.13.0
2025,2025-11-20,3,yes_no_choice,Yes,jev-1.13.0
2025,2025-11-20,3,who_choice,Donald Trump,jev-1.13.0
2021,2021-04-08,3,binary_probability,0.03,jev-1.13.0
2021,2021-04-08,3,yes_no_choice,No,jev-1.13.0
2021,2021-04-08,3,who_choice,Joe Biden,jev-1.13.0
2025,2025-08-01,3,binary_probability,0.38,jev-1.13.0
2025,2025-08-01,3,yes_no_choice,No,jev-1.13.0
2025,2025-08-01,3,who_choice,Donald Trump,jev-1.13.0
2025,2024-08-31,3,binary_probability,0.08,jev-1.13.0
2025,2024-08-31,3,yes_no_choice,No,jev-1.13.0
2025,2024-08-31,3,who_choice,Joe Biden,jev-1.13.0
2025,2025-09-22,3,binary_probability,0.4,jev-1.13.0
2025,2025-09-22,3,yes_no_choice,No,jev-1.13.0
2025,2025-09-22,3,who_choice,Donald Trump,jev-1.13.0
2025,2024-05-08,3,binary_probability,0.06,jev-1.13.0
2025,2024-05-08,3,yes_no_choice,No,jev-1.13.0
2025,2024-05-08,3,who_choice,Joe Biden,jev-1.13.0
2025,2024-09-07,3,binary_probability,0.08,jev-1.13.0
2025,2024-09-07,3,yes_no_choice,No,jev-1.13.0
2025,2024-09-07,3,who_choice,Joe Biden,jev-1.13.0
2021,2020-03-12,3,binary_probability,0.99,jev-1.13.0
2021,2020-03-12,3,yes_no_choice,Yes,jev-1.13.0
2021,2020-03-12,3,who_choice,Donald Trump,jev-1.13.0
2025,2024-06-13,3,binary_probability,0.06,jev-1.13.0
2025,2024-06-13,3,yes_no_choice,No,jev-1.13.0
2025,2024-06-13,3,who_choice,Joe Biden,jev-1.13.0
2025,2024-07-09,3,binary_probability,0.12,jev-1.13.0
2025,2024-07-09,3,yes_no_choice,No,jev-1.13.0
2025,2024-07-09,3,who_choice,Joe Biden,jev-1.13.0
2025,2024-03-24,3,binary_probability,0.06,jev-1.13.0
2025,2024-03-24,3,yes_no_choice,No,jev-1.13.0
2025,2024-03-24,3,who_choice,Joe Biden,jev-1.13.0
2021,2021-05-16,3,binary_probability,0.03,jev-1.13.0
2021,2021-05-16,3,yes_no_choice,No,jev-1.13.0
2021,2021-05-16,3,who_choice,Joe Biden,jev-1.13.0
2021,2021-05-03,3,binary_probability,0.03,jev-1.13.0
2021,2021-05-03,3,yes_no_choice,No,jev-1.13.0
2021,2021-05-03,3,who_choice,Joe Biden,jev-1.13.0
2025,2025-08-02,3,binary_probability,0.41,jev-1.13.0
2025,2025-08-02,3,yes_no_choice,No,jev-1.13.0
2025,2025-08-02,3,who_choice,Donald Trump,jev-1.13.0
2025,2025-06-17,3,binary_probability,0.44,jev-1.13.0
2025,2025-06-17,3,yes_no_choice,No,jev-1.13.0
2025,2025-06-17,3,who_choice,Donald Trump,jev-1.13.0
2025,2025-04-19,3,binary_probability,0.48,jev-1.13.0
2025,2025-04-19,3,yes_no_choice,Yes,jev-1.13.0
2025,2025-04-19,3,who_choice,Donald Trump,jev-1.13.0
2025,2024-12-14,3,binary_probability,0.21,jev-1.13.0
2025,2024-12-14,3,yes_no_choice,No,jev-1.13.0
2025,2024-12-14,3,who_choice,Donald Trump,jev-1.13.0
2021,2020-03-27,3,binary_probability,0.98,jev-1.13.0
2021,2020-03-27,3,yes_no_choice,Yes,jev-1.13.0
2021,2020-03-27,3,who_choice,Donald Trump,jev-1.13.0
2021,2020-07-01,3,binary_probability,0.98,jev-1.13.0
2021,2020-07-01,3,yes_no_choice,Yes,jev-1.13.0
2021,2020-07-01,3,who_choice,Donald Trump,jev-1.13.0
2025,2025-10-03,3,binary_probability,0.48,jev-1.13.0
2025,2025-10-03,3,yes_no_choice,No,jev-1.13.0
2025,2025-10-03,3,who_choice,Donald Trump,jev-1.13.0
2025,2025-12-19,3,binary_probability,0.59,jev-1.13.0
2025,2025-12-19,3,yes_no_choice,Yes,jev-1.13.0
2025,2025-12-19,3,who_choice,Donald Trump,jev-1.13.0
2025,2024-09-29,3,binary_probability,0.06,jev-1.13.0
2025,2024-09-29,3,yes_no_choice,No,jev-1.13.0
2025,2024-09-29,3,who_choice,Joe Biden,jev-1.13.0
2025,2025-11-30,3,binary_probability,0.55,jev-1.13.0
2025,2025-11-30,3,yes_no_choice,Yes,jev-1.13.0
2025,2025-11-30,3,who_choice,Donald Trump,jev-1.13.0
2025,2024-02-10,3,binary_probability,0.07,jev-1.13.0
2025,2024-02-10,3,yes_no_choice,No,jev-1.13.0
2025,2024-02-10,3,who_choice,Joe Biden,jev-1.13.0
2025,2024-08-03,3,binary_probability,0.09,jev-1.13.0
2025,2024-08-03,3,yes_no_choice,No,jev-1.13.0
2025,2024-08-03,3,who_choice,Joe Biden,jev-1.13.0
2025,2024-10-08,3,binary_probability,0.12,jev-1.13.0
2025,2024-10-08,3,yes_no_choice,No,jev-1.13.0
2025,2024-10-08,3,who_choice,Joe Biden,jev-1.13.0
2025,2025-06-26,3,binary_probability,0.47,jev-1.13.0
2025,2025-06-26,3,yes_no_choice,No,jev-1.13.0
2025,2025-06-26,3,who_choice,Donald Trump,jev-1.13.0
2025,2024-10-10,3,binary_probability,0.11,jev-1.13.0
2025,2024-10-10,3,yes_no_choice,No,jev-1.13.0
2025,2024-10-10,3,who_choice,Joe Biden,jev-1.13.0
2025,2025-06-06,3,binary_probability,0.48,jev-1.13.0
2025,2025-06-06,3,yes_no_choice,Yes,jev-1.13.0
2025,2025-06-06,3,who_choice,Donald Trump,jev-1.13.0
2025,2024-09-30,3,binary_probability,0.06,jev-1.13.0
2025,2024-09-30,3,yes_no_choice,No,jev-1.13.0
2025,2024-09-30,3,who_choice,Joe Biden,jev-1.13.0
2025,2025-05-20,3,binary_probability,0.52,jev-1.13.0
2025,2025-05-20,3,yes_no_choice,Yes,jev-1.13.0
2025,2025-05-20,3,who_choice,Donald Trump,jev-1.13.0
2021,2020-06-17,3,binary_probability,0.98,jev-1.13.0
2021,2020-06-17,3,yes_no_choice,Yes,jev-1.13.0
2021,2020-06-17,3,who_choice,Donald Trump,jev-1.13.0
2021,2020-03-09,3,binary_probability,0.98,jev-1.13.0
2021,2020-03-09,3,yes_no_choice,Yes,jev-1.13.0
2021,2020-03-09,3,who_choice,Donald Trump,jev-1.13.0
2025,2025-07-03,3,binary_probability,0.48,jev-1.13.0
2025,2025-07-03,3,yes_no_choice,No,jev-1.13.0
2025,2025-07-03,3,who_choice,Donald Trump,jev-1.13.0
2021,2020-11-16,3,binary_probability,0.96,jev-1.13.0
2021,2020-11-16,3,yes_no_choice,Yes,jev-1.13.0
2021,2020-11-16,3,who_choice,Donald Trump,jev-1.13.0
2021,2020-09-08,3,binary_probability,0.99,jev-1.13.0
2021,2020-09-08,3,yes_no_choice,Yes,jev-1.13.0
2021,2020-09-08,3,who_choice,Donald Trump,jev-1.13.0
2021,2021-11-25,3,binary_probability,0.02,jev-1.13.0
2021,2021-11-25,3,yes_no_choice,No,jev-1.13.0
2021,2021-11-25,3,who_choice,Joe Biden,jev-1.13.0
2025,2025-10-26,3,binary_probability,0.52,jev-1.13.0
2025,2025-10-26,3,yes_no_choice,Yes,jev-1.13.0
2025,2025-10-26,3,who_choice,Donald Trump,jev-1.13.0
2021,2021-02-15,3,binary_probability,0.04,jev-1.13.0
2021,2021-02-15,3,yes_no_choice,No,jev-1.13.0
2021,2021-02-15,3,who_choice,Joe Biden,jev-1.13.0
2021,2021-12-05,3,binary_probability,0.02,jev-1.13.0
2021,2021-12-05,3,yes_no_choice,No,jev-1.13.0
2021,2021-12-05,3,who_choice,Joe Biden,jev-1.13.0
2021,2021-05-28,3,binary_probability,0.03,jev-1.13.0
2021,2021-05-28,3,yes_no_choice,No,jev-1.13.0
2021,2021-05-28,3,who_choice,Joe Biden,jev-1.13.0
2021,2020-11-04,3,binary_probability,0.97,jev-1.13.0
2021,2020-11-04,3,yes_no_choice,Yes,jev-1.13.0
2021,2020-11-04,3,who_choice,Donald Trump,jev-1.13.0
2021,2021-05-25,3,binary_probability,0.03,jev-1.13.0
2021,2021-05-25,3,yes_no_choice,No,jev-1.13.0
2021,2021-05-25,3,who_choice,Joe Biden,jev-1.13.0
2025,2024-05-26,3,binary_probability,0.05,jev-1.13.0
2025,2024-05-26,3,yes_no_choice,No,jev-1.13.0
2025,2024-05-26,3,who_choice,Joe Biden,jev-1.13.0
2025,2025-07-06,3,binary_probability,0.46,jev-1.13.0
2025,2025-07-06,3,yes_no_choice,No,jev-1.13.0
2025,2025-07-06,3,who_choice,Donald Trump,jev-1.13.0
2021,2021-02-10,3,binary_probability,0.04,jev-1.13.0
2021,2021-02-10,3,yes_no_choice,No,jev-1.13.0
2021,2021-02-10,3,who_choice,Joe Biden,jev-1.13.0
2021,2021-05-29,3,binary_probability,0.03,jev-1.13.0
2021,2021-05-29,3,yes_no_choice,No,jev-1.13.0
2021,2021-05-29,3,who_choice,Joe Biden,jev-1.13.0
2021,2021-07-19,3,binary_probability,0.02,jev-1.13.0
2021,2021-07-19,3,yes_no_choice,No,jev-1.13.0
2021,2021-07-19,3,who_choice,Joe Biden,jev-1.13.0
2025,2024-05-15,3,binary_probability,0.06,jev-1.13.0
2025,2024-05-15,3,yes_no_choice,No,jev-1.13.0
2025,2024-05-15,3,who_choice,Joe Biden,jev-1.13.0
2025,2025-08-15,3,binary_probability,0.35,jev-1.13.0
2025,2025-08-15,3,yes_no_choice,No,jev-1.13.0
2025,2025-08-15,3,who_choice,Donald Trump,jev-1.13.0
2025,2024-09-11,3,binary_probability,0.05,jev-1.13.0
2025,2024-09-11,3,yes_no_choice,No,jev-1.13.0
2025,2024-09-11,3,who_choice,Joe Biden,jev-1.13.0
2025,2025-08-06,3,binary_probability,0.39,jev-1.13.0
2025,2025-08-06,3,yes_no_choice,Yes,jev-1.13.0
2025,2025-08-06,3,who_choice,Donald Trump,jev-1.13.0
2025,2025-06-13,3,binary_probability,0.46,jev-1.13.0
2025,2025-06-13,3,yes_no_choice,No,jev-1.13.0
2025,2025-06-13,3,who_choice,Donald Trump,jev-1.13.0
2021,2020-01-22,3,binary_probability,0.98,jev-1.13.0
2021,2020-01-22,3,yes_no_choice,Yes,jev-1.13.0
2021,2020-01-22,3,who_choice,Donald Trump,jev-1.13.0
2025,2025-04-28,3,binary_probability,0.51,jev-1.13.0
2025,2025-04-28,3,yes_no_choice,Yes,jev-1.13.0
2025,2025-04-28,3,who_choice,Donald Trump,jev-1.13.0
2025,2025-07-12,3,binary_probability,0.4,jev-1.13.0
2025,2025-07-12,3,yes_no_choice,Yes,jev-1.13.0
2025,2025-07-12,3,who_choice,Donald Trump,jev-1.13.0
2025,2025-06-05,3,binary_probability,0.5,jev-1.13.0
2025,2025-06-05,3,yes_no_choice,No,jev-1.13.0
2025,2025-06-05,3,who_choice,Donald Trump,jev-1.13.0
2025,2024-03-29,3,binary_probability,0.06,jev-1.13.0
2025,2024-03-29,3,yes_no_choice,No,jev-1.13.0
2025,2024-03-29,3,who_choice,Joe Biden,jev-1.13.0
2025,2024-07-26,3,binary_probability,0.12,jev-1.13.0
2025,2024-07-26,3,yes_no_choice,No,jev-1.13.0
2025,2024-07-26,3,who_choice,Joe Biden,jev-1.13.0
2021,2021-11-05,3,binary_probability,0.02,jev-1.13.0
2021,2021-11-05,3,yes_no_choice,No,jev-1.13.0
2021,2021-11-05,3,who_choice,Joe Biden,jev-1.13.0
2025,2024-10-29,3,binary_probability,0.16,jev-1.13.0
2025,2024-10-29,3,yes_no_choice,No,jev-1.13.0
2025,2024-10-29,3,who_choice,Joe Biden,jev-1.13.0
2021,2021-12-13,3,binary_probability,0.02,jev-1.13.0
2021,2021-12-13,3,yes_no_choice,No,jev-1.13.0
2021,2021-12-13,3,who_choice,Joe Biden,jev-1.13.0
2025,2024-11-07,3,binary_probability,0.26,jev-1.13.0
2025,2024-11-07,3,yes_no_choice,No,jev-1.13.0
2025,2024-11-07,3,who_choice,Joe Biden,jev-1.13.0
2025,2024-08-17,3,binary_probability,0.09,jev-1.13.0
2025,2024-08-17,3,yes_no_choice,No,jev-1.13.0
2025,2024-08-17,3,who_choice,Joe Biden,jev-1.13.0
2025,2024-05-17,3,binary_probability,0.08,jev-1.13.0
2025,2024-05-17,3,yes_no_choice,No,jev-1.13.0
2025,2024-05-17,3,who_choice,Joe Biden,jev-1.13.0
2021,2021-09-19,3,binary_probability,0.02,jev-1.13.0
2021,2021-09-19,3,yes_no_choice,No,jev-1.13.0
2021,2021-09-19,3,who_choice,Joe Biden,jev-1.13.0
2025,2024-12-12,3,binary_probability,0.33,jev-1.13.0
2025,2024-12-12,3,yes_no_choice,No,jev-1.13.0
2025,2024-12-12,3,who_choice,Donald Trump,jev-1.13.0
2021,2020-04-22,3,binary_probability,0.98,jev-1.13.0
2021,2020-04-22,3,yes_no_choice,Yes,jev-1.13.0
2021,2020-04-22,3,who_choice,Donald Trump,jev-1.13.0
2021,2021-03-14,3,binary_probability,0.04,jev-1.13.0
2021,2021-03-14,3,yes_no_choice,No,jev-1.13.0
2021,2021-03-14,3,who_choice,Joe Biden,jev-1.13.0
2021,2021-01-05,3,binary_probability,0.96,jev-1.13.0
2021,2021-01-05,3,yes_no_choice,Yes,jev-1.13.0
2021,2021-01-05,3,who_choice,Donald Trump,jev-1.13.0
2021,2021-08-17,3,binary_probability,0.02,jev-1.13.0
2021,2021-08-17,3,yes_no_choice,No,jev-1.13.0
2021,2021-08-17,3,who_choice,Joe Biden,jev-1.13.0
2021,2020-09-28,3,binary_probability,0.98,jev-1.13.0
2021,2020-09-28,3,yes_no_choice,Yes,jev-1.13.0
2021,2020-09-28,3,who_choice,Donald Trump,jev-1.13.0
2025,2024-03-21,3,binary_probability,0.08,jev-1.13.0
2025,2024-03-21,3,yes_no_choice,No,jev-1.13.0
2025,2024-03-21,3,who_choice,Joe Biden,jev-1.13.0
2025,2025-06-23,3,binary_probability,0.45,jev-1.13.0
2025,2025-06-23,3,yes_no_choice,No,jev-1.13.0
2025,2025-06-23,3,who_choice,Donald Trump,jev-1.13.0
2025,2024-08-10,3,binary_probability,0.09,jev-1.13.0
2025,2024-08-10,3,yes_no_choice,No,jev-1.13.0
2025,2024-08-10,3,who_choice,Joe Biden,jev-1.13.0
2025,2025-06-18,3,binary_probability,0.48,jev-1.13.0
2025,2025-06-18,3,yes_no_choice,No,jev-1.13.0
2025,2025-06-18,3,who_choice,Donald Trump,jev-1.13.0
2025,2025-09-25,3,binary_probability,0.4,jev-1.13.0
2025,2025-09-25,3,yes_no_choice,No,jev-1.13.0
2025,2025-09-25,3,who_choice,Donald Trump,jev-1.13.0
2021,2021-05-19,3,binary_probability,0.03,jev-1.13.0
2021,2021-05-19,3,yes_no_choice,No,jev-1.13.0
2021,2021-05-19,3,who_choice,Joe Biden,jev-1.13.0
2021,2020-08-30,3,binary_probability,0.99,jev-1.13.0
2021,2020-08-30,3,yes_no_choice,Yes,jev-1.13.0
2021,2020-08-30,3,who_choice,Donald Trump,jev-1.13.0
2021,2020-11-11,3,binary_probability,0.97,jev-1.13.0
2021,2020-11-11,3,yes_no_choice,Yes,jev-1.13.0
2021,2020-11-11,3,who_choice,Donald Trump,jev-1.13.0
2025,2025-08-26,3,binary_probability,0.42,jev-1.13.0
2025,2025-08-26,3,yes_no_choice,Yes,jev-1.13.0
2025,2025-08-26,3,who_choice,Donald Trump,jev-1.13.0
2025,2024-10-27,3,binary_probability,0.15,jev-1.13.0
2025,2024-10-27,3,yes_no_choice,No,jev-1.13.0
2025,2024-10-27,3,who_choice,Joe Biden,jev-1.13.0
2025,2024-04-25,3,binary_probability,0.05,jev-1.13.0
2025,2024-04-25,3,yes_no_choice,No,jev-1.13.0
2025,2024-04-25,3,who_choice,Joe Biden,jev-1.13.0
2025,2025-02-03,3,binary_probability,0.68,jev-1.13.0
2025,2025-02-03,3,yes_no_choice,Yes,jev-1.13.0
2025,2025-02-03,3,who_choice,Donald Trump,jev-1.13.0
2025,2025-03-22,3,binary_probability,0.52,jev-1.13.0
2025,2025-03-22,3,yes_no_choice,Yes,jev-1.13.0
2025,2025-03-22,3,who_choice,Donald Trump,jev-1.13.0
2021,2022-01-16,3,binary_probability,0.06,jev-1.13.0
2021,2022-01-16,3,yes_no_choice,No,jev-1.13.0
2021,2022-01-16,3,who_choice,Joe Biden,jev-1.13.0
2025,2024-03-02,3,binary_probability,0.11,jev-1.13.0
2025,2024-03-02,3,yes_no_choice,No,jev-1.13.0
2025,2024-03-02,3,who_choice,Joe Biden,jev-1.13.0
2021,2020-06-18,3,binary_probability,0.98,jev-1.13.0
2021,2020-06-18,3,yes_no_choice,Yes,jev-1.13.0
2021,2020-06-18,3,who_choice,Donald Trump,jev-1.13.0
2021,2021-08-09,3,binary_probability,0.02,jev-1.13.0
2021,2021-08-09,3,yes_no_choice,No,jev-1.13.0
2021,2021-08-09,3,who_choice,Joe Biden,jev-1.13.0
2021,2020-04-26,3,binary_probability,0.99,jev-1.13.0
2021,2020-04-26,3,yes_no_choice,Yes,jev-1.13.0
2021,2020-04-26,3,who_choice,Donald Trump,jev-1.13.0
2025,2024-04-07,3,binary_probability,0.05,jev-1.13.0
2025,2024-04-07,3,yes_no_choice,No,jev-1.13.0
2025,2024-04-07,3,who_choice,Joe Biden,jev-1.13.0
2025,2024-02-23,3,binary_probability,0.08,jev-1.13.0
2025,2024-02-23,3,yes_no_choice,No,jev-1.13.0
2025,2024-02-23,3,who_choice,Joe Biden,jev-1.13.0
2025,2025-04-13,3,binary_probability,0.47,jev-1.13.0
2025,2025-04-13,3,yes_no_choice,Yes,jev-1.13.0
2025,2025-04-13,3,who_choice,Donald Trump,jev-1.13.0
2025,2025-04-07,3,binary_probability,0.5,jev-1.13.0
2025,2025-04-07,3,yes_no_choice,Yes,jev-1.13.0
2025,2025-04-07,3,who_choice,Donald Trump,jev-1.13.0
2025,2025-06-21,3,binary_probability,0.44,jev-1.13.0
2025,2025-06-21,3,yes_no_choice,Yes,jev-1.13.0
2025,2025-06-21,3,who_choice,Donald Trump,jev-1.13.0
2025,2025-04-14,3,binary_probability,0.49,jev-1.13.0
2025,2025-04-14,3,yes_no_choice,Yes,jev-1.13.0
2025,2025-04-14,3,who_choice,Donald Trump,jev-1.13.0
2025,2025-05-14,3,binary_probability,0.55,jev-1.13.0
2025,2025-05-14,3,yes_no_choice,Yes,jev-1.13.0
2025,2025-05-14,3,who_choice,Donald Trump,jev-1.13.0
2021,2021-03-08,3,binary_probability,0.04,jev-1.13.0
2021,2021-03-08,3,yes_no_choice,No,jev-1.13.0
2021,2021-03-08,3,who_choice,Joe Biden,jev-1.13.0
2025,2025-01-23,3,binary_probability,0.64,jev-1.13.0
2025,2025-01-23,3,yes_no_choice,Yes,jev-1.13.0
2025,2025-01-23,3,who_choice,Donald Trump,jev-1.13.0
2021,2020-03-19,3,binary_probability,0.98,jev-1.13.0
2021,2020-03-19,3,yes_no_choice,Yes,jev-1.13.0
2021,2020-03-19,3,who_choice,Donald Trump,jev-1.13.0
2021,2021-09-25,3,binary_probability,0.02,jev-1.13.0
2021,2021-09-25,3,yes_no_choice,No,jev-1.13.0
2021,2021-09-25,3,who_choice,Joe Biden,jev-1.13.0
2021,2021-10-27,3,binary_probability,0.02,jev-1.13.0
2021,2021-10-27,3,yes_no_choice,No,jev-1.13.0
2021,2021-10-27,3,who_choice,Joe Biden,jev-1.13.0
2021,2021-12-27,3,binary_probability,0.02,jev-1.13.0
2021,2021-12-27,3,yes_no_choice,No,jev-1.13.0
2021,2021-12-27,3,who_choice,Joe Biden,jev-1.13.0
2021,2020-09-27,3,binary_probability,0.98,jev-1.13.0
2021,2020-09-27,3,yes_no_choice,Yes,jev-1.13.0
2021,2020-09-27,3,who_choice,Donald Trump,jev-1.13.0
2021,2020-10-02,3,binary_probability,0.99,jev-1.13.0
2021,2020-10-02,3,yes_no_choice,Yes,jev-1.13.0
2021,2020-10-02,3,who_choice,Donald Trump,jev-1.13.0
2025,2024-02-22,3,binary_probability,0.08,jev-1.13.0
2025,2024-02-22,3,yes_no_choice,No,jev-1.13.0
2025,2024-02-22,3,who_choice,Joe Biden,jev-1.13.0
2021,2020-12-09,3,binary_probability,0.97,jev-1.13.0
2021,2020-12-09,3,yes_no_choice,Yes,jev-1.13.0
2021,2020-12-09,3,who_choice,Donald Trump,jev-1.13.0
2021,2021-06-18,3,binary_probability,0.03,jev-1.13.0
2021,2021-06-18,3,yes_no_choice,No,jev-1.13.0
2021,2021-06-18,3,who_choice,Joe Biden,jev-1.13.0
2021,2021-03-21,3,binary_probability,0.02,jev-1.13.0
2021,2021-03-21,3,yes_no_choice,No,jev-1.13.0
2021,2021-03-21,3,who_choice,Joe Biden,jev-1.13.0
2021,2020-07-07,3,binary_probability,0.98,jev-1.13.0
2021,2020-07-07,3,yes_no_choice,Yes,jev-1.13.0
2021,2020-07-07,3,who_choice,Donald Trump,jev-1.13.0
2021,2021-01-23,3,binary_probability,0.13,jev-1.13.0
2021,2021-01-23,3,yes_no_choice,No,jev-1.13.0
2021,2021-01-23,3,who_choice,Joe Biden,jev-1.13.0
2025,2024-12-03,3,binary_probability,0.28,jev-1.13.0
2025,2024-12-03,3,yes_no_choice,No,jev-1.13.0
2025,2024-12-03,3,who_choice,Donald Trump,jev-1.13.0
2021,2020-12-05,3,binary_probability,0.97,jev-1.13.0
2021,2020-12-05,3,yes_no_choice,Yes,jev-1.13.0
2021,2020-12-05,3,who_choice,Donald Trump,jev-1.13.0
2021,2020-02-04,3,binary_probability,0.98,jev-1.13.0
2021,2020-02-04,3,yes_no_choice,Yes,jev-1.13.0
2021,2020-02-04,3,who_choice,Donald Trump,jev-1.13.0
2021,2021-04-17,3,binary_probability,0.03,jev-1.13.0
2021,2021-04-17,3,yes_no_choice,No,jev-1.13.0
2021,2021-04-17,3,who_choice,Joe Biden,jev-1.13.0
2021,2021-01-03,3,binary_probability,0.96,jev-1.13.0
2021,2021-01-03,3,yes_no_choice,Yes,jev-1.13.0
2021,2021-01-03,3,who_choice,Donald Trump,jev-1.13.0
2025,2025-02-18,3,binary_probability,0.69,jev-1.13.0
2025,2025-02-18,3,yes_no_choice,Yes,jev-1.13.0
2025,2025-02-18,3,who_choice,Donald Trump,jev-1.13.0
2025,2024-10-07,3,binary_probability,0.1,jev-1.13.0
2025,2024-10-07,3,yes_no_choice,No,jev-1.13.0
2025,2024-10-07,3,who_choice,Joe Biden,jev-1.13.0
2021,2020-11-02,3,binary_probability,0.98,jev-1.13.0
2021,2020-11-02,3,yes_no_choice,Yes,jev-1.13.0
2021,2020-11-02,3,who_choice,Donald Trump,jev-1.13.0
2025,2025-08-23,3,binary_probability,0.4,jev-1.13.0
2025,2025-08-23,3,yes_no_choice,No,jev-1.13.0
2025,2025-08-23,3,who_choice,Donald Trump,jev-1.13.0
2025,2024-07-14,3,binary_probability,0.13,jev-1.13.0
2025,2024-07-14,3,yes_no_choice,No,jev-1.13.0
2025,2024-07-14,3,who_choice,Joe Biden,jev-1.13.0
2021,2021-05-31,3,binary_probability,0.03,jev-1.13.0
2021,2021-05-31,3,yes_no_choice,No,jev-1.13.0
2021,2021-05-31,3,who_choice,Joe Biden,jev-1.13.0
2021,2021-02-05,3,binary_probability,0.07,jev-1.13.0
2021,2021-02-05,3,yes_no_choice,No,jev-1.13.0
2021,2021-02-05,3,who_choice,Joe Biden,jev-1.13.0
2025,2025-06-24,3,binary_probability,0.44,jev-1.13.0
2025,2025-06-24,3,yes_no_choice,No,jev-1.13.0
2025,2025-06-24,3,who_choice,Donald Trump,jev-1.13.0
2021,2021-04-20,3,binary_probability,0.03,jev-1.13.0
2021,2021-04-20,3,yes_no_choice,No,jev-1.13.0
2021,2021-04-20,3,who_choice,Joe Biden,jev-1.13.0
2025,2025-07-28,3,binary_probability,0.47,jev-1.13.0
2025,2025-07-28,3,yes_no_choice,Yes,jev-1.13.0
2025,2025-07-28,3,who_choice,Donald Trump,jev-1.13.0
2021,2021-10-13,3,binary_probability,0.02,jev-1.13.0
2021,2021-10-13,3,yes_no_choice,No,jev-1.13.0
2021,2021-10-13,3,who_choice,Joe Biden,jev-1.13.0
2021,2020-08-11,3,binary_probability,0.98,jev-1.13.0
2021,2020-08-11,3,yes_no_choice,Yes,jev-1.13.0
2021,2020-08-11,3,who_choice,Donald Trump,jev-1.13.0
2021,2020-05-07,3,binary_probability,0.99,jev-1.13.0
2021,2020-05-07,3,yes_no_choice,Yes,jev-1.13.0
2021,2020-05-07,3,who_choice,Donald Trump,jev-1.13.0
2021,2022-01-05,3,binary_probability,0.12,jev-1.13.0
2021,2022-01-05,3,yes_no_choice,No,jev-1.13.0
2021,2022-01-05,3,who_choice,Joe Biden,jev-1.13.0
2021,2020-02-16,3,binary_probability,0.99,jev-1.13.0
2021,2020-02-16,3,yes_no_choice,Yes,jev-1.13.0
2021,2020-02-16,3,who_choice,Donald Trump,jev-1.13.0
2025,2024-05-29,3,binary_probability,0.07,jev-1.13.0
2025,2024-05-29,3,yes_no_choice,No,jev-1.13.0
2025,2024-05-29,3,who_choice,Joe Biden,jev-1.13.0
2025,2025-11-12,3,binary_probability,0.53,jev-1.13.0
2025,2025-11-12,3,yes_no_choice,Yes,jev-1.13.0
2025,2025-11-12,3,who_choice,Donald Trump,jev-1.13.0
2021,2021-12-12,3,binary_probability,0.02,jev-1.13.0
2021,2021-12-12,3,yes_no_choice,No,jev-1.13.0
2021,2021-12-12,3,who_choice,Joe Biden,jev-1.13.0
2021,2020-04-15,3,binary_probability,0.98,jev-1.13.0
2021,2020-04-15,3,yes_no_choice,Yes,jev-1.13.0
2021,2020-04-15,3,who_choice,Donald Trump,jev-1.13.0
2025,2024-01-25,3,binary_probability,0.15,jev-1.13.0
2025,2024-01-25,3,yes_no_choice,No,jev-1.13.0
2025,2024-01-25,3,who_choice,Joe Biden,jev-1.13.0
2025,2025-09-10,3,binary_probability,0.46,jev-1.13.0
2025,2025-09-10,3,yes_no_choice,No,jev-1.13.0
2025,2025-09-10,3,who_choice,Donald Trump,jev-1.13.0
2021,2022-01-09,3,binary_probability,0.08,jev-1.13.0
2021,2022-01-09,3,yes_no_choice,No,jev-1.13.0
2021,2022-01-09,3,who_choice,Joe Biden,jev-1.13.0
2021,2021-02-08,3,binary_probability,0.04,jev-1.13.0
2021,2021-02-08,3,yes_no_choice,No,jev-1.13.0
2021,2021-02-08,3,who_choice,Joe Biden,jev-1.13.0
2025,2025-11-26,3,binary_probability,0.55,jev-1.13.0
2025,2025-11-26,3,yes_no_choice,Yes,jev-1.13.0
2025,2025-11-26,3,who_choice,Donald Trump,jev-1.13.0
2021,2020-04-06,3,binary_probability,0.99,jev-1.13.0
2021,2020-04-06,3,yes_no_choice,Yes,jev-1.13.0
2021,2020-04-06,3,who_choice,Donald Trump,jev-1.13.0
2025,2025-11-14,3,binary_probability,0.56,jev-1.13.0
2025,2025-11-14,3,yes_no_choice,Yes,jev-1.13.0
2025,2025-11-14,3,who_choice,Donald Trump,jev-1.13.0
2025,2024-01-29,3,binary_probability,0.22,jev-1.13.0
2025,2024-01-29,3,yes_no_choice,No,jev-1.13.0
2025,2024-01-29,3,who_choice,Joe Biden,jev-1.13.0
2021,2020-12-04,3,binary_probability,0.97,jev-1.13.0
2021,2020-12-04,3,yes_no_choice,Yes,jev-1.13.0
2021,2020-12-04,3,who_choice,Donald Trump,jev-1.13.0
2025,2025-07-09,3,binary_probability,0.47,jev-1.13.0
2025,2025-07-09,3,yes_no_choice,No,jev-1.13.0
2025,2025-07-09,3,who_choice,Donald Trump,jev-1.13.0
2025,2025-11-01,3,binary_probability,0.47,jev-1.13.0
2025,2025-11-01,3,yes_no_choice,Yes,jev-1.13.0
2025,2025-11-01,3,who_choice,Donald Trump,jev-1.13.0
2025,2024-08-12,3,binary_probability,0.07,jev-1.13.0
2025,2024-08-12,3,yes_no_choice,No,jev-1.13.0
2025,2024-08-12,3,who_choice,Joe Biden,jev-1.13.0
2025,2024-08-13,3,binary_probability,0.08,jev-1.13.0
2025,2024-08-13,3,yes_no_choice,No,jev-1.13.0
2025,2024-08-13,3,who_choice,Joe Biden,jev-1.13.0
2021,2020-01-30,3,binary_probability,0.98,jev-1.13.0
2021,2020-01-30,3,yes_no_choice,Yes,jev-1.13.0
2021,2020-01-30,3,who_choice,Donald Trump,jev-1.13.0
2021,2021-07-10,3,binary_probability,0.02,jev-1.13.0
2021,2021-07-10,3,yes_no_choice,No,jev-1.13.0
2021,2021-07-10,3,who_choice,Joe Biden,jev-1.13.0
2025,2024-10-28,3,binary_probability,0.12,jev-1.13.0
2025,2024-10-28,3,yes_no_choice,No,jev-1.13.0
2025,2024-10-28,3,who_choice,Joe Biden,jev-1.13.0
2025,2025-03-31,3,binary_probability,0.55,jev-1.13.0
2025,2025-03-31,3,yes_no_choice,Yes,jev-1.13.0
2025,2025-03-31,3,who_choice,Donald Trump,jev-1.13.0
2021,2021-11-18,3,binary_probability,0.02,jev-1.13.0
2021,2021-11-18,3,yes_no_choice,No,jev-1.13.0
2021,2021-11-18,3,who_choice,Joe Biden,jev-1.13.0
2021,2021-02-13,3,binary_probability,0.05,jev-1.13.0
2021,2021-02-13,3,yes_no_choice,No,jev-1.13.0
2021,2021-02-13,3,who_choice,Joe Biden,jev-1.13.0
2025,2024-05-12,3,binary_probability,0.06,jev-1.13.0
2025,2024-05-12,3,yes_no_choice,No,jev-1.13.0
2025,2024-05-12,3,who_choice,Joe Biden,jev-1.13.0
2025,2025-01-16,3,binary_probability,0.59,jev-1.13.0
2025,2025-01-16,3,yes_no_choice,Yes,jev-1.13.0
2025,2025-01-16,3,who_choice,Donald Trump,jev-1.13.0
2025,2025-11-28,3,binary_probability,0.56,jev-1.13.0
2025,2025-11-28,3,yes_no_choice,Yes,jev-1.13.0
2025,2025-11-28,3,who_choice,Donald Trump,jev-1.13.0
2025,2024-11-28,3,binary_probability,0.22,jev-1.13.0
2025,2024-11-28,3,yes_no_choice,No,jev-1.13.0
2025,2024-11-28,3,who_choice,Joe Biden,jev-1.13.0
2021,2021-02-17,3,binary_probability,0.05,jev-1.13.0
2021,2021-02-17,3,yes_no_choice,No,jev-1.13.0
2021,2021-02-17,3,who_choice,Joe Biden,jev-1.13.0
2021,2021-09-15,3,binary_probability,0.02,jev-1.13.0
2021,2021-09-15,3,yes_no_choice,No,jev-1.13.0
2021,2021-09-15,3,who_choice,Joe Biden,jev-1.13.0
2025,2024-04-12,3,binary_probability,0.05,jev-1.13.0
2025,2024-04-12,3,yes_no_choice,No,jev-1.13.0
2025,2024-04-12,3,who_choice,Joe Biden,jev-1.13.0
2025,2024-12-09,3,binary_probability,0.31,jev-1.13.0
2025,2024-12-09,3,yes_no_choice,No,jev-1.13.0
2025,2024-12-09,3,who_choice,Donald Trump,jev-1.13.0
2021,2020-07-25,3,binary_probability,0.98,jev-1.13.0
2021,2020-07-25,3,yes_no_choice,Yes,jev-1.13.0
2021,2020-07-25,3,who_choice,Donald Trump,jev-1.13.0
2021,2020-06-04,3,binary_probability,0.98,jev-1.13.0
2021,2020-06-04,3,yes_no_choice,Yes,jev-1.13.0
2021,2020-06-04,3,who_choice,Donald Trump,jev-1.13.0
2021,2020-06-20,3,binary_probability,0.98,jev-1.13.0
2021,2020-06-20,3,yes_no_choice,Yes,jev-1.13.0
2021,2020-06-20,3,who_choice,Donald Trump,jev-1.13.0
2021,2021-09-04,3,binary_probability,0.02,jev-1.13.0
2021,2021-09-04,3,yes_no_choice,No,jev-1.13.0
2021,2021-09-04,3,who_choice,Joe Biden,jev-1.13.0
2021,2020-04-19,3,binary_probability,0.98,jev-1.13.0
2021,2020-04-19,3,yes_no_choice,Yes,jev-1.13.0
2021,2020-04-19,3,who_choice,Donald Trump,jev-1.13.0
2021,2020-06-29,3,binary_probability,0.98,jev-1.13.0
2021,2020-06-29,3,yes_no_choice,Yes,jev-1.13.0
2021,2020-06-29,3,who_choice,Donald Trump,jev-1.13.0
2021,2020-01-28,3,binary_probability,0.98,jev-1.13.0
2021,2020-01-28,3,yes_no_choice,Yes,jev-1.13.0
2021,2020-01-28,3,who_choice,Donald Trump,jev-1.13.0
2021,2021-02-07,3,binary_probability,0.04,jev-1.13.0
2021,2021-02-07,3,yes_no_choice,No,jev-1.13.0
2021,2021-02-07,3,who_choice,Joe Biden,jev-1.13.0
2021,2021-05-07,3,binary_probability,0.03,jev-1.13.0
2021,2021-05-07,3,yes_no_choice,No,jev-1.13.0
2021,2021-05-07,3,who_choice,Joe Biden,jev-1.13.0
2021,2020-07-23,3,binary_probability,0.99,jev-1.13.0
2021,2020-07-23,3,yes_no_choice,Yes,jev-1.13.0
2021,2020-07-23,3,who_choice,Donald Trump,jev-1.13.0
2021,2021-05-21,3,binary_probability,0.03,jev-1.13.0
2021,2021-05-21,3,yes_no_choice,No,jev-1.13.0
2021,2021-05-21,3,who_choice,Joe Biden,jev-1.13.0
2021,2021-07-13,3,binary_probability,0.03,jev-1.13.0
2021,2021-07-13,3,yes_no_choice,No,jev-1.13.0
2021,2021-07-13,3,who_choice,Joe Biden,jev-1.13.0
2021,2020-09-05,3,binary_probability,0.98,jev-1.13.0
2021,2020-09-05,3,yes_no_choice,Yes,jev-1.13.0
2021,2020-09-05,3,who_choice,Donald Trump,jev-1.13.0
2025,2025-05-21,3,binary_probability,0.48,jev-1.13.0
2025,2025-05-21,3,yes_no_choice,Yes,jev-1.13.0
2025,2025-05-21,3,who_choice,Donald Trump,jev-1.13.0
2021,2020-02-23,3,binary_probability,0.98,jev-1.13.0
2021,2020-02-23,3,yes_no_choice,Yes,jev-1.13.0
2021,2020-02-23,3,who_choice,Donald Trump,jev-1.13.0
2025,2024-02-11,3,binary_probability,0.07,jev-1.13.0
2025,2024-02-11,3,yes_no_choice,No,jev-1.13.0
2025,2024-02-11,3,who_choice,Joe Biden,jev-1.13.0
2025,2025-01-28,3,binary_probability,0.56,jev-1.13.0
2025,2025-01-28,3,yes_no_choice,Yes,jev-1.13.0
2025,2025-01-28,3,who_choice,Donald Trump,jev-1.13.0
2021,2020-09-20,3,binary_probability,0.99,jev-1.13.0
2021,2020-09-20,3,yes_no_choice,Yes,jev-1.13.0
2021,2020-09-20,3,who_choice,Donald Trump,jev-1.13.0
2021,2020-12-01,3,binary_probability,0.97,jev-1.13.0
2021,2020-12-01,3,yes_no_choice,Yes,jev-1.13.0
2021,2020-12-01,3,who_choice,Donald Trump,jev-1.13.0
2021,2021-01-22,3,binary_probability,0.16,jev-1.13.0
2021,2021-01-22,3,yes_no_choice,No,jev-1.13.0
2021,2021-01-22,3,who_choice,Joe Biden,jev-1.13.0
2021,2021-11-22,3,binary_probability,0.03,jev-1.13.0
2021,2021-11-22,3,yes_no_choice,No,jev-1.13.0
2021,2021-11-22,3,who_choice,Joe Biden,jev-1.13.0
2025,2024-08-14,3,binary_probability,0.09,jev-1.13.0
2025,2024-08-14,3,yes_no_choice,No,jev-1.13.0
2025,2024-08-14,3,who_choice,Joe Biden,jev-1.13.0
2025,2024-12-23,3,binary_probability,0.2,jev-1.13.0
2025,2024-12-23,3,yes_no_choice,No,jev-1.13.0
2025,2024-12-23,3,who_choice,Donald Trump,jev-1.13.0
2021,2020-07-19,3,binary_probability,0.98,jev-1.13.0
2021,2020-07-19,3,yes_no_choice,Yes,jev-1.13.0
2021,2020-07-19,3,who_choice,Donald Trump,jev-1.13.0
2025,2024-07-02,3,binary_probability,0.08,jev-1.13.0
2025,2024-07-02,3,yes_no_choice,No,jev-1.13.0
2025,2024-07-02,3,who_choice,Joe Biden,jev-1.13.0
2021,2021-09-29,3,binary_probability,0.02,jev-1.13.0
2021,2021-09-29,3,yes_no_choice,No,jev-1.13.0
2021,2021-09-29,3,who_choice,Joe Biden,jev-1.13.0
2025,2025-10-27,3,binary_probability,0.48,jev-1.13.0
2025,2025-10-27,3,yes_no_choice,Yes,jev-1.13.0
2025,2025-10-27,3,who_choice,Donald Trump,jev-1.13.0
2025,2024-09-08,3,binary_probability,0.06,jev-1.13.0
2025,2024-09-08,3,yes_no_choice,No,jev-1.13.0
2025,2024-09-08,3,who_choice,Joe Biden,jev-1.13.0
2025,2024-04-26,3,binary_probability,0.05,jev-1.13.0
2025,2024-04-26,3,yes_no_choice,No,jev-1.13.0
2025,2024-04-26,3,who_choice,Joe Biden,jev-1.13.0
2025,2024-08-21,3,binary_probability,0.06,jev-1.13.0
2025,2024-08-21,3,yes_no_choice,No,jev-1.13.0
2025,2024-08-21,3,who_choice,Joe Biden,jev-1.13.0
2025,2024-05-25,3,binary_probability,0.06,jev-1.13.0
2025,2024-05-25,3,yes_no_choice,No,jev-1.13.0
2025,2024-05-25,3,who_choice,Joe Biden,jev-1.13.0
2021,2022-01-19,3,binary_probability,0.08,jev-1.13.0
2021,2022-01-19,3,yes_no_choice,No,jev-1.13.0
2021,2022-01-19,3,who_choice,Joe Biden,jev-1.13.0
2025,2024-10-01,3,binary_probability,0.11,jev-1.13.0
2025,2024-10-01,3,yes_no_choice,No,jev-1.13.0
2025,2024-10-01,3,who_choice,Joe Biden,jev-1.13.0
2021,2020-11-24,3,binary_probability,0.97,jev-1.13.0
2021,2020-11-24,3,yes_no_choice,Yes,jev-1.13.0
2021,2020-11-24,3,who_choice,Donald Trump,jev-1.13.0
2021,2021-11-08,3,binary_probability,0.02,jev-1.13.0
2021,2021-11-08,3,yes_no_choice,No,jev-1.13.0
2021,2021-11-08,3,who_choice,Joe Biden,jev-1.13.0
2021,2020-11-19,3,binary_probability,0.96,jev-1.13.0
2021,2020-11-19,3,yes_no_choice,Yes,jev-1.13.0
2021,2020-11-19,3,who_choice,Donald Trump,jev-1.13.0
2025,2024-08-27,3,binary_probability,0.1,jev-1.13.0
2025,2024-08-27,3,yes_no_choice,No,jev-1.13.0
2025,2024-08-27,3,who_choice,Joe Biden,jev-1.13.0
2021,2020-12-14,3,binary_probability,0.96,jev-1.13.0
2021,2020-12-14,3,yes_no_choice,Yes,jev-1.13.0
2021,2020-12-14,3,who_choice,Donald Trump,jev-1.13.0
2025,2025-12-03,3,binary_probability,0.53,jev-1.13.0
2025,2025-12-03,3,yes_no_choice,Yes,jev-1.13.0
2025,2025-12-03,3,who_choice,Donald Trump,jev-1.13.0
2025,2024-06-27,3,binary_probability,0.07,jev-1.13.0
2025,2024-06-27,3,yes_no_choice,No,jev-1.13.0
2025,2024-06-27,3,who_choice,Joe Biden,jev-1.13.0
2021,2021-01-15,3,binary_probability,0.95,jev-1.13.0
2021,2021-01-15,3,yes_no_choice,Yes,jev-1.13.0
2021,2021-01-15,3,who_choice,Donald Trump,jev-1.13.0
2021,2021-03-17,3,binary_probability,0.03,jev-1.13.0
2021,2021-03-17,3,yes_no_choice,No,jev-1.13.0
2021,2021-03-17,3,who_choice,Joe Biden,jev-1.13.0
2021,2021-10-29,3,binary_probability,0.02,jev-1.13.0
2021,2021-10-29,3,yes_no_choice,No,jev-1.13.0
2021,2021-10-29,3,who_choice,Joe Biden,jev-1.13.0
2025,2025-08-17,3,binary_probability,0.41,jev-1.13.0
2025,2025-08-17,3,yes_no_choice,No,jev-1.13.0
2025,2025-08-17,3,who_choice,Donald Trump,jev-1.13.0
2025,2025-01-21,3,binary_probability,0.59,jev-1.13.0
2025,2025-01-21,3,yes_no_choice,Yes,jev-1.13.0
2025,2025-01-21,3,who_choice,Donald Trump,jev-1.13.0
2025,2025-05-22,3,binary_probability,0.49,jev-1.13.0
2025,2025-05-22,3,yes_no_choice,No,jev-1.13.0
2025,2025-05-22,3,who_choice,Donald Trump,jev-1.13.0
2025,2025-06-19,3,binary_probability,0.43,jev-1.13.0
2025,2025-06-19,3,yes_no_choice,No,jev-1.13.0
2025,2025-06-19,3,who_choice,Donald Trump,jev-1.13.0
2025,2025-07-17,3,binary_probability,0.42,jev-1.13.0
2025,2025-07-17,3,yes_no_choice,Yes,jev-1.13.0
2025,2025-07-17,3,who_choice,Donald Trump,jev-1.13.0
2025,2024-10-06,3,binary_probability,0.12,jev-1.13.0
2025,2024-10-06,3,yes_no_choice,No,jev-1.13.0
2025,2024-10-06,3,who_choice,Joe Biden,jev-1.13.0
2025,2024-04-02,3,binary_probability,0.08,jev-1.13.0
2025,2024-04-02,3,yes_no_choice,No,jev-1.13.0
2025,2024-04-02,3,who_choice,Joe Biden,jev-1.13.0
2025,2024-03-22,3,binary_probability,0.07,jev-1.13.0
2025,2024-03-22,3,yes_no_choice,No,jev-1.13.0
2025,2024-03-22,3,who_choice,Joe Biden,jev-1.13.0
2025,2025-10-25,3,binary_probability,0.52,jev-1.13.0
2025,2025-10-25,3,yes_no_choice,Yes,jev-1.13.0
2025,2025-10-25,3,who_choice,Donald Trump,jev-1.13.0
2025,2025-11-02,3,binary_probability,0.47,jev-1.13.0
2025,2025-11-02,3,yes_no_choice,Yes,jev-1.13.0
2025,2025-11-02,3,who_choice,Donald Trump,jev-1.13.0
2025,2024-06-06,3,binary_probability,0.08,jev-1.13.0
2025,2024-06-06,3,yes_no_choice,No,jev-1.13.0
2025,2024-06-06,3,who_choice,Joe Biden,jev-1.13.0
2025,2024-05-14,3,binary_probability,0.07,jev-1.13.0
2025,2024-05-14,3,yes_no_choice,No,jev-1.13.0
2025,2024-05-14,3,who_choice,Joe Biden,jev-1.13.0
2025,2025-02-22,3,binary_probability,0.62,jev-1.13.0
2025,2025-02-22,3,yes_no_choice,Yes,jev-1.13.0
2025,2025-02-22,3,who_choice,Donald Trump,jev-1.13.0
2025,2025-09-19,3,binary_probability,0.42,jev-1.13.0
2025,2025-09-19,3,yes_no_choice,No,jev-1.13.0
2025,2025-09-19,3,who_choice,Donald Trump,jev-1.13.0
2021,2020-08-04,3,binary_probability,0.99,jev-1.13.0
2021,2020-08-04,3,yes_no_choice,Yes,jev-1.13.0
2021,2020-08-04,3,who_choice,Donald Trump,jev-1.13.0
2021,2021-06-02,3,binary_probability,0.03,jev-1.13.0
2021,2021-06-02,3,yes_no_choice,No,jev-1.13.0
2021,2021-06-02,3,who_choice,Joe Biden,jev-1.13.0
2025,2025-09-04,3,binary_probability,0.39,jev-1.13.0
2025,2025-09-04,3,yes_no_choice,No,jev-1.13.0
2025,2025-09-04,3,who_choice,Donald Trump,jev-1.13.0
2021,2021-01-28,3,binary_probability,0.17,jev-1.13.0
2021,2021-01-28,3,yes_no_choice,No,jev-1.13.0
2021,2021-01-28,3,who_choice,Joe Biden,jev-1.13.0
2021,2020-12-16,3,binary_probability,0.97,jev-1.13.0
2021,2020-12-16,3,yes_no_choice,Yes,jev-1.13.0
2021,2020-12-16,3,who_choice,Donald Trump,jev-1.13.0
2021,2020-05-15,3,binary_probability,0.98,jev-1.13.0
2021,2020-05-15,3,yes_no_choice,Yes,jev-1.13.0
2021,2020-05-15,3,who_choice,Donald Trump,jev-1.13.0
2021,2020-05-30,3,binary_probability,0.98,jev-1.13.0
2021,2020-05-30,3,yes_no_choice,Yes,jev-1.13.0
2021,2020-05-30,3,who_choice,Donald Trump,jev-1.13.0
2021,2021-03-15,3,binary_probability,0.03,jev-1.13.0
2021,2021-03-15,3,yes_no_choice,No,jev-1.13.0
2021,2021-03-15,3,who_choice,Joe Biden,jev-1.13.0
2021,2021-01-09,3,binary_probability,0.96,jev-1.13.0
2021,2021-01-09,3,yes_no_choice,Yes,jev-1.13.0
2021,2021-01-09,3,who_choice,Donald Trump,jev-1.13.0
2025,2025-11-08,3,binary_probability,0.55,jev-1.13.0
2025,2025-11-08,3,yes_no_choice,Yes,jev-1.13.0
2025,2025-11-08,3,who_choice,Donald Trump,jev-1.13.0
2021,2021-08-14,3,binary_probability,0.02,jev-1.13.0
2021,2021-08-14,3,yes_no_choice,No,jev-1.13.0
2021,2021-08-14,3,who_choice,Joe Biden,jev-1.13.0
2021,2020-11-10,3,binary_probability,0.97,jev-1.13.0
2021,2020-11-10,3,yes_no_choice,Yes,jev-1.13.0
2021,2020-11-10,3,who_choice,Donald Trump,jev-1.13.0
2021,2020-08-07,3,binary_probability,0.99,jev-1.13.0
2021,2020-08-07,3,yes_no_choice,Yes,jev-1.13.0
2021,2020-08-07,3,who_choice,Donald Trump,jev-1.13.0
2025,2025-03-20,3,binary_probability,0.55,jev-1.13.0
2025,2025-03-20,3,yes_no_choice,Yes,jev-1.13.0
2025,2025-03-20,3,who_choice,Donald Trump,jev-1.13.0
2021,2020-02-25,3,binary_probability,0.99,jev-1.13.0
2021,2020-02-25,3,yes_no_choice,Yes,jev-1.13.0
2021,2020-02-25,3,who_choice,Donald Trump,jev-1.13.0
2021,2020-12-02,3,binary_probability,0.98,jev-1.13.0
2021,2020-12-02,3,yes_no_choice,Yes,jev-1.13.0
2021,2020-12-02,3,who_choice,Donald Trump,jev-1.13.0
2025,2024-04-18,3,binary_probability,0.06,jev-1.13.0
2025,2024-04-18,3,yes_no_choice,No,jev-1.13.0
2025,2024-04-18,3,who_choice,Joe Biden,jev-1.13.0
2025,2025-05-16,3,binary_probability,0.54,jev-1.13.0
2025,2025-05-16,3,yes_no_choice,Yes,jev-1.13.0
2025,2025-05-16,3,who_choice,Donald Trump,jev-1.13.0
2021,2020-11-15,3,binary_probability,0.97,jev-1.13.0
2021,2020-11-15,3,yes_no_choice,Yes,jev-1.13.0
2021,2020-11-15,3,who_choice,Donald Trump,jev-1.13.0
2025,2024-08-07,3,binary_probability,0.06,jev-1.13.0
2025,2024-08-07,3,yes_no_choice,No,jev-1.13.0
2025,2024-08-07,3,who_choice,Joe Biden,jev-1.13.0
2025,2024-11-15,3,binary_probability,0.28,jev-1.13.0
2025,2024-11-15,3,yes_no_choice,No,jev-1.13.0
2025,2024-11-15,3,who_choice,Donald Trump,jev-1.13.0
2025,2025-02-16,3,binary_probability,0.69,jev-1.13.0
2025,2025-02-16,3,yes_no_choice,Yes,jev-1.13.0
2025,2025-02-16,3,who_choice,Donald Trump,jev-1.13.0
2021,2021-08-02,3,binary_probability,0.02,jev-1.13.0
2021,2021-08-02,3,yes_no_choice,No,jev-1.13.0
2021,2021-08-02,3,who_choice,Joe Biden,jev-1.13.0
2021,2021-12-31,3,binary_probability,0.02,jev-1.13.0
2021,2021-12-31,3,yes_no_choice,No,jev-1.13.0
2021,2021-12-31,3,who_choice,Joe Biden,jev-1.13.0
2021,2021-03-12,3,binary_probability,0.03,jev-1.13.0
2021,2021-03-12,3,yes_no_choice,No,jev-1.13.0
2021,2021-03-12,3,who_choice,Joe Biden,jev-1.13.0
2021,2020-11-05,3,binary_probability,0.97,jev-1.13.0
2021,2020-11-05,3,yes_no_choice,Yes,jev-1.13.0
2021,2020-11-05,3,who_choice,Donald Trump,jev-1.13.0
2021,2021-06-30,3,binary_probability,0.02,jev-1.13.0
2021,2021-06-30,3,yes_no_choice,No,jev-1.13.0
2021,2021-06-30,3,who_choice,Joe Biden,jev-1.13.0
2021,2021-10-21,3,binary_probability,0.02,jev-1.13.0
2021,2021-10-21,3,yes_no_choice,No,jev-1.13.0
2021,2021-10-21,3,who_choice,Joe Biden,jev-1.13.0
2021,2021-08-23,3,binary_probability,0.02,jev-1.13.0
2021,2021-08-23,3,yes_no_choice,No,jev-1.13.0
2021,2021-08-23,3,who_choice,Joe Biden,jev-1.13.0
2025,2024-01-26,3,binary_probability,0.11,jev-1.13.0
2025,2024-01-26,3,yes_no_choice,No,jev-1.13.0
2025,2024-01-26,3,who_choice,Joe Biden,jev-1.13.0
2025,2024-06-16,3,binary_probability,0.05,jev-1.13.0
2025,2024-06-16,3,yes_no_choice,No,jev-1.13.0
2025,2024-06-16,3,who_choice,Joe Biden,jev-1.13.0
2021,2021-03-25,3,binary_probability,0.03,jev-1.13.0
2021,2021-03-25,3,yes_no_choice,No,jev-1.13.0
2021,2021-03-25,3,who_choice,Joe Biden,jev-1.13.0
2025,2024-07-05,3,binary_probability,0.1,jev-1.13.0
2025,2024-07-05,3,yes_no_choice,No,jev-1.13.0
2025,2024-07-05,3,who_choice,Joe Biden,jev-1.13.0
2021,2021-10-05,3,binary_probability,0.02,jev-1.13.0
2021,2021-10-05,3,yes_no_choice,No,jev-1.13.0
2021,2021-10-05,3,who_choice,Joe Biden,jev-1.13.0
2021,2021-07-29,3,binary_probability,0.02,jev-1.13.0
2021,2021-07-29,3,yes_no_choice,No,jev-1.13.0
2021,2021-07-29,3,who_choice,Joe Biden,jev-1.13.0
2025,2025-05-02,3,binary_probability,0.46,jev-1.13.0
2025,2025-05-02,3,yes_no_choice,Yes,jev-1.13.0
2025,2025-05-02,3,who_choice,Donald Trump,jev-1.13.0
2025,2026-01-20,3,binary_probability,0.54,jev-1.13.0
2025,2026-01-20,3,yes_no_choice,Yes,jev-1.13.0
2025,2026-01-20,3,who_choice,Donald Trump,jev-1.13.0
2025,2024-12-30,3,binary_probability,0.34,jev-1.13.0
2025,2024-12-30,3,yes_no_choice,No,jev-1.13.0
2025,2024-12-30,3,who_choice,Donald Trump,jev-1.13.0
2021,2021-01-20,3,binary_probability,0.73,jev-1.13.0
2021,2021-01-20,3,yes_no_choice,Yes,jev-1.13.0
2021,2021-01-20,3,who_choice,Joe Biden,jev-1.13.0
2021,2021-12-19,3,binary_probability,0.03,jev-1.13.0
2021,2021-12-19,3,yes_no_choice,No,jev-1.13.0
2021,2021-12-19,3,who_choice,Joe Biden,jev-1.13.0
2021,2020-06-06,3,binary_probability,0.98,jev-1.13.0
2021,2020-06-06,3,yes_no_choice,Yes,jev-1.13.0
2021,2020-06-06,3,who_choice,Donald Trump,jev-1.13.0
2021,2021-09-07,3,binary_probability,0.02,jev-1.13.0
2021,2021-09-07,3,yes_no_choice,No,jev-1.13.0
2021,2021-09-07,3,who_choice,Joe Biden,jev-1.13.0
2021,2021-08-31,3,binary_probability,0.02,jev-1.13.0
2021,2021-08-31,3,yes_no_choice,No,jev-1.13.0
2021,2021-08-31,3,who_choice,Joe Biden,jev-1.13.0
2021,2021-04-03,3,binary_probability,0.04,jev-1.13.0
2021,2021-04-03,3,yes_no_choice,No,jev-1.13.0
2021,2021-04-03,3,who_choice,Joe Biden,jev-1.13.0
2021,2021-10-04,3,binary_probability,0.03,jev-1.13.0
2021,2021-10-04,3,yes_no_choice,No,jev-1.13.0
2021,2021-10-04,3,who_choice,Joe Biden,jev-1.13.0
2025,2024-04-04,3,binary_probability,0.08,jev-1.13.0
2025,2024-04-04,3,yes_no_choice,No,jev-1.13.0
2025,2024-04-04,3,who_choice,Joe Biden,jev-1.13.0
2021,2021-07-01,3,binary_probability,0.02,jev-1.13.0
2021,2021-07-01,3,yes_no_choice,No,jev-1.13.0
2021,2021-07-01,3,who_choice,Joe Biden,jev-1.13.0
2025,2025-02-13,3,binary_probability,0.66,jev-1.13.0
2025,2025-02-13,3,yes_no_choice,Yes,jev-1.13.0
2025,2025-02-13,3,who_choice,Donald Trump,jev-1.13.0
2025,2025-04-20,3,binary_probability,0.46,jev-1.13.0
2025,2025-04-20,3,yes_no_choice,Yes,jev-1.13.0
2025,2025-04-20,3,who_choice,Donald Trump,jev-1.13.0
2025,2024-12-18,3,binary_probability,0.28,jev-1.13.0
2025,2024-12-18,3,yes_no_choice,No,jev-1.13.0
2025,2024-12-18,3,who_choice,Donald Trump,jev-1.13.0
2025,2025-02-02,3,binary_probability,0.7,jev-1.13.0
2025,2025-02-02,3,yes_no_choice,Yes,jev-1.13.0
2025,2025-02-02,3,who_choice,Donald Trump,jev-1.13.0
2025,2024-12-01,3,binary_probability,0.19,jev-1.13.0
2025,2024-12-01,3,yes_no_choice,No,jev-1.13.0
2025,2024-12-01,3,who_choice,Donald Trump,jev-1.13.0
2021,2020-05-27,3,binary_probability,0.99,jev-1.13.0
2021,2020-05-27,3,yes_no_choice,Yes,jev-1.13.0
2021,2020-05-27,3,who_choice,Donald Trump,jev-1.13.0
2025,2024-06-10,3,binary_probability,0.09,jev-1.13.0
2025,2024-06-10,3,yes_no_choice,No,jev-1.13.0
2025,2024-06-10,3,who_choice,Joe Biden,jev-1.13.0
2021,2021-09-13,3,binary_probability,0.02,jev-1.13.0
2021,2021-09-13,3,yes_no_choice,No,jev-1.13.0
2021,2021-09-13,3,who_choice,Joe Biden,jev-1.13.0
2021,2021-12-10,3,binary_probability,0.02,jev-1.13.0
2021,2021-12-10,3,yes_no_choice,No,jev-1.13.0
2021,2021-12-10,3,who_choice,Joe Biden,jev-1.13.0
2021,2021-03-19,3,binary_probability,0.03,jev-1.13.0
2021,2021-03-19,3,yes_no_choice,No,jev-1.13.0
2021,2021-03-19,3,who_choice,Joe Biden,jev-1.13.0
2021,2021-06-17,3,binary_probability,0.02,jev-1.13.0
2021,2021-06-17,3,yes_no_choice,No,jev-1.13.0
2021,2021-06-17,3,who_choice,Joe Biden,jev-1.13.0
2021,2020-06-02,3,binary_probability,0.98,jev-1.13.0
2021,2020-06-02,3,yes_no_choice,Yes,jev-1.13.0
2021,2020-06-02,3,who_choice,Donald Trump,jev-1.13.0
2025,2025-05-17,3,binary_probability,0.48,jev-1.13.0
2025,2025-05-17,3,yes_no_choice,Yes,jev-1.13.0
2025,2025-05-17,3,who_choice,Donald Trump,jev-1.13.0
2025,2025-05-29,3,binary_probability,0.54,jev-1.13.0
2025,2025-05-29,3,yes_no_choice,Yes,jev-1.13.0
2025,2025-05-29,3,who_choice,Donald Trump,jev-1.13.0
2025,2024-04-21,3,binary_probability,0.04,jev-1.13.0
2025,2024-04-21,3,yes_no_choice,No,jev-1.13.0
2025,2024-04-21,3,who_choice,Joe Biden,jev-1.13.0
2021,2021-06-14,3,binary_probability,0.02,jev-1.13.0
2021,2021-06-14,3,yes_no_choice,No,jev-1.13.0
2021,2021-06-14,3,who_choice,Joe Biden,jev-1.13.0
2025,2025-01-04,3,binary_probability,0.44,jev-1.13.0
2025,2025-01-04,3,yes_no_choice,No,jev-1.13.0
2025,2025-01-04,3,who_choice,Donald Trump,jev-1.13.0
2025,2024-04-10,3,binary_probability,0.05,jev-1.13.0
2025,2024-04-10,3,yes_no_choice,No,jev-1.13.0
2025,2024-04-10,3,who_choice,Joe Biden,jev-1.13.0
2025,2025-03-26,3,binary_probability,0.61,jev-1.13.0
2025,2025-03-26,3,yes_no_choice,Yes,jev-1.13.0
2025,2025-03-26,3,who_choice,Donald Trump,jev-1.13.0
2025,2025-10-01,3,binary_probability,0.38,jev-1.13.0
2025,2025-10-01,3,yes_no_choice,No,jev-1.13.0
2025,2025-10-01,3,who_choice,Donald Trump,jev-1.13.0
2021,2021-06-15,3,binary_probability,0.02,jev-1.13.0
2021,2021-06-15,3,yes_no_choice,No,jev-1.13.0
2021,2021-06-15,3,who_choice,Joe Biden,jev-1.13.0
2021,2021-01-08,3,binary_probability,0.95,jev-1.13.0
2021,2021-01-08,3,yes_no_choice,Yes,jev-1.13.0
2021,2021-01-08,3,who_choice,Donald Trump,jev-1.13.0
2025,2025-03-01,3,binary_probability,0.62,jev-1.13.0
2025,2025-03-01,3,yes_no_choice,Yes,jev-1.13.0
2025,2025-03-01,3,who_choice,Donald Trump,jev-1.13.0
2021,2020-11-01,3,binary_probability,0.98,jev-1.13.0
2021,2020-11-01,3,yes_no_choice,Yes,jev-1.13.0
2021,2020-11-01,3,who_choice,Donald Trump,jev-1.13.0
2021,2021-04-24,3,binary_probability,0.04,jev-1.13.0
2021,2021-04-24,3,yes_no_choice,No,jev-1.13.0
2021,2021-04-24,3,who_choice,Joe Biden,jev-1.13.0
2025,2024-03-31,3,binary_probability,0.06,jev-1.13.0
2025,2024-03-31,3,yes_no_choice,No,jev-1.13.0
2025,2024-03-31,3,who_choice,Joe Biden,jev-1.13.0
2025,2025-08-09,3,binary_probability,0.38,jev-1.13.0
2025,2025-08-09,3,yes_no_choice,No,jev-1.13.0
2025,2025-08-09,3,who_choice,Donald Trump,jev-1.13.0
2025,2025-11-15,3,binary_probability,0.5,jev-1.13.0
2025,2025-11-15,3,yes_no_choice,Yes,jev-1.13.0
2025,2025-11-15,3,who_choice,Donald Trump,jev-1.13.0
2025,2025-05-12,3,binary_probability,0.41,jev-1.13.0
2025,2025-05-12,3,yes_no_choice,No,jev-1.13.0
2025,2025-05-12,3,who_choice,Donald Trump,jev-1.13.0
2021,2021-02-02,3,binary_probability,0.09,jev-1.13.0
2021,2021-02-02,3,yes_no_choice,No,jev-1.13.0
2021,2021-02-02,3,who_choice,Joe Biden,jev-1.13.0
2021,2021-04-04,3,binary_probability,0.04,jev-1.13.0
2021,2021-04-04,3,yes_no_choice,No,jev-1.13.0
2021,2021-04-04,3,who_choice,Joe Biden,jev-1.13.0
2021,2020-08-16,3,binary_probability,0.98,jev-1.13.0
2021,2020-08-16,3,yes_no_choice,Yes,jev-1.13.0
2021,2020-08-16,3,who_choice,Donald Trump,jev-1.13.0
2021,2020-02-03,3,binary_probability,0.98,jev-1.13.0
2021,2020-02-03,3,yes_no_choice,Yes,jev-1.13.0
2021,2020-02-03,3,who_choice,Donald Trump,jev-1.13.0
2025,2024-07-28,3,binary_probability,0.1,jev-1.13.0
2025,2024-07-28,3,yes_no_choice,No,jev-1.13.0
2025,2024-07-28,3,who_choice,Joe Biden,jev-1.13.0
2025,2024-01-22,3,binary_probability,0.19,jev-1.13.0
2025,2024-01-22,3,yes_no_choice,No,jev-1.13.0
2025,2024-01-22,3,who_choice,Joe Biden,jev-1.13.0
2021,2020-06-10,3,binary_probability,0.98,jev-1.13.0
2021,2020-06-10,3,yes_no_choice,Yes,jev-1.13.0
2021,2020-06-10,3,who_choice,Donald Trump,jev-1.13.0
2025,2024-02-29,3,binary_probability,0.09,jev-1.13.0
2025,2024-02-29,3,yes_no_choice,No,jev-1.13.0
2025,2024-02-29,3,who_choice,Joe Biden,jev-1.13.0
2025,2024-09-20,3,binary_probability,0.07,jev-1.13.0
2025,2024-09-20,3,yes_no_choice,No,jev-1.13.0
2025,2024-09-20,3,who_choice,Joe Biden,jev-1.13.0
2021,2020-05-26,3,binary_probability,0.99,jev-1.13.0
2021,2020-05-26,3,yes_no_choice,Yes,jev-1.13.0
2021,2020-05-26,3,who_choice,Donald Trump,jev-1.13.0
2021,2020-03-23,3,binary_probability,0.98,jev-1.13.0
2021,2020-03-23,3,yes_no_choice,Yes,jev-1.13.0
2021,2020-03-23,3,who_choice,Donald Trump,jev-1.13.0
2025,2024-03-19,3,binary_probability,0.09,jev-1.13.0
2025,2024-03-19,3,yes_no_choice,No,jev-1.13.0
2025,2024-03-19,3,who_choice,Joe Biden,jev-1.13.0
2025,2025-03-08,3,binary_probability,0.6,jev-1.13.0
2025,2025-03-08,3,yes_no_choice,Yes,jev-1.13.0
2025,2025-03-08,3,who_choice,Donald Trump,jev-1.13.0
2025,2024-12-21,3,binary_probability,0.23,jev-1.13.0
2025,2024-12-21,3,yes_no_choice,No,jev-1.13.0
2025,2024-12-21,3,who_choice,Donald Trump,jev-1.13.0
2025,2024-08-24,3,binary_probability,0.08,jev-1.13.0
2025,2024-08-24,3,yes_no_choice,No,jev-1.13.0
2025,2024-08-24,3,who_choice,Joe Biden,jev-1.13.0
2025,2024-04-06,3,binary_probability,0.06,jev-1.13.0
2025,2024-04-06,3,yes_no_choice,No,jev-1.13.0
2025,2024-04-06,3,who_choice,Joe Biden,jev-1.13.0
2021,2021-12-09,3,binary_probability,0.02,jev-1.13.0
2021,2021-12-09,3,yes_no_choice,No,jev-1.13.0
2021,2021-12-09,3,who_choice,Joe Biden,jev-1.13.0
2025,2024-05-23,3,binary_probability,0.05,jev-1.13.0
2025,2024-05-23,3,yes_no_choice,No,jev-1.13.0
2025,2024-05-23,3,who_choice,Joe Biden,jev-1.13.0
2021,2021-08-01,3,binary_probability,0.02,jev-1.13.0
2021,2021-08-01,3,yes_no_choice,No,jev-1.13.0
2021,2021-08-01,3,who_choice,Joe Biden,jev-1.13.0
2025,2025-06-14,3,binary_probability,0.43,jev-1.13.0
2025,2025-06-14,3,yes_no_choice,No,jev-1.13.0
2025,2025-06-14,3,who_choice,Donald Trump,jev-1.13.0
2025,2025-04-21,3,binary_probability,0.5,jev-1.13.0
2025,2025-04-21,3,yes_no_choice,Yes,jev-1.13.0
2025,2025-04-21,3,who_choice,Donald Trump,jev-1.13.0
2021,2020-06-27,3,binary_probability,0.98,jev-1.13.0
2021,2020-06-27,3,yes_no_choice,Yes,jev-1.13.0
2021,2020-06-27,3,who_choice,Donald Trump,jev-1.13.0
2021,2021-03-18,3,binary_probability,0.04,jev-1.13.0
2021,2021-03-18,3,yes_no_choice,No,jev-1.13.0
2021,2021-03-18,3,who_choice,Joe Biden,jev-1.13.0
2025,2024-09-05,3,binary_probability,0.08,jev-1.13.0
2025,2024-09-05,3,yes_no_choice,No,jev-1.13.0
2025,2024-09-05,3,who_choice,Joe Biden,jev-1.13.0
2025,2024-06-09,3,binary_probability,0.07,jev-1.13.0
2025,2024-06-09,3,yes_no_choice,No,jev-1.13.0
2025,2024-06-09,3,who_choice,Joe Biden,jev-1.13.0
2021,2020-02-17,3,binary_probability,0.98,jev-1.13.0
2021,2020-02-17,3,yes_no_choice,Yes,jev-1.13.0
2021,2020-02-17,3,who_choice,Donald Trump,jev-1.13.0
2025,2024-07-08,3,binary_probability,0.07,jev-1.13.0
2025,2024-07-08,3,yes_no_choice,No,jev-1.13.0
2025,2024-07-08,3,who_choice,Joe Biden,jev-1.13.0
2025,2025-03-13,3,binary_probability,0.59,jev-1.13.0
2025,2025-03-13,3,yes_no_choice,Yes,jev-1.13.0
2025,2025-03-13,3,who_choice,Donald Trump,jev-1.13.0
2021,2020-01-31,3,binary_probability,0.98,jev-1.13.0
2021,2020-01-31,3,yes_no_choice,Yes,jev-1.13.0
2021,2020-01-31,3,who_choice,Donald Trump,jev-1.13.0
2021,2021-02-27,3,binary_probability,0.04,jev-1.13.0
2021,2021-02-27,3,yes_no_choice,No,jev-1.13.0
2021,2021-02-27,3,who_choice,Joe Biden,jev-1.13.0
2025,2024-06-01,3,binary_probability,0.07,jev-1.13.0
2025,2024-06-01,3,yes_no_choice,No,jev-1.13.0
2025,2024-06-01,3,who_choice,Joe Biden,jev-1.13.0
2021,2021-06-28,3,binary_probability,0.02,jev-1.13.0
2021,2021-06-28,3,yes_no_choice,No,jev-1.13.0
2021,2021-06-28,3,who_choice,Joe Biden,jev-1.13.0
2021,2020-09-23,3,binary_probability,0.99,jev-1.13.0
2021,2020-09-23,3,yes_no_choice,Yes,jev-1.13.0
2021,2020-09-23,3,who_choice,Donald Trump,jev-1.13.0
2021,2020-05-08,3,binary_probability,0.99,jev-1.13.0
2021,2020-05-08,3,yes_no_choice,Yes,jev-1.13.0
2021,2020-05-08,3,who_choice,Donald Trump,jev-1.13.0
2021,2020-02-10,3,binary_probability,0.99,jev-1.13.0
2021,2020-02-10,3,yes_no_choice,Yes,jev-1.13.0
2021,2020-02-10,3,who_choice,Donald Trump,jev-1.13.0
2021,2021-11-06,3,binary_probability,0.02,jev-1.13.0
2021,2021-11-06,3,yes_no_choice,No,jev-1.13.0
2021,2021-11-06,3,who_choice,Joe Biden,jev-1.13.0
2025,2025-06-28,3,binary_probability,0.5,jev-1.13.0
2025,2025-06-28,3,yes_no_choice,Yes,jev-1.13.0
2025,2025-06-28,3,who_choice,Donald Trump,jev-1.13.0
2025,2025-04-24,3,binary_probability,0.52,jev-1.13.0
2025,2025-04-24,3,yes_no_choice,Yes,jev-1.13.0
2025,2025-04-24,3,who_choice,Donald Trump,jev-1.13.0
2025,2025-08-14,3,binary_probability,0.39,jev-1.13.0
2025,2025-08-14,3,yes_no_choice,Yes,jev-1.13.0
2025,2025-08-14,3,who_choice,Donald Trump,jev-1.13.0
2025,2025-01-19,3,binary_probability,0.61,jev-1.13.0
2025,2025-01-19,3,yes_no_choice,Yes,jev-1.13.0
2025,2025-01-19,3,who_choice,Donald Trump,jev-1.13.0
2025,2024-09-01,3,binary_probability,0.06,jev-1.13.0
2025,2024-09-01,3,yes_no_choice,No,jev-1.13.0
2025,2024-09-01,3,who_choice,Joe Biden,jev-1.13.0
2025,2024-04-30,3,binary_probability,0.05,jev-1.13.0
2025,2024-04-30,3,yes_no_choice,No,jev-1.13.0
2025,2024-04-30,3,who_choice,Joe Biden,jev-1.13.0
2021,2021-04-28,3,binary_probability,0.03,jev-1.13.0
2021,2021-04-28,3,yes_no_choice,No,jev-1.13.0
2021,2021-04-28,3,who_choice,Joe Biden,jev-1.13.0
2021,2020-09-06,3,binary_probability,0.98,jev-1.13.0
2021,2020-09-06,3,yes_no_choice,Yes,jev-1.13.0
2021,2020-09-06,3,who_choice,Donald Trump,jev-1.13.0
2021,2021-09-06,3,binary_probability,0.02,jev-1.13.0
2021,2021-09-06,3,yes_no_choice,No,jev-1.13.0
2021,2021-09-06,3,who_choice,Joe Biden,jev-1.13.0
2025,2024-05-20,3,binary_probability,0.08,jev-1.13.0
2025,2024-05-20,3,yes_no_choice,No,jev-1.13.0
2025,2024-05-20,3,who_choice,Joe Biden,jev-1.13.0
2025,2024-05-18,3,binary_probability,0.06,jev-1.13.0
2025,2024-05-18,3,yes_no_choice,No,jev-1.13.0
2025,2024-05-18,3,who_choice,Joe Biden,jev-1.13.0
2025,2025-09-02,3,binary_probability,0.39,jev-1.13.0
2025,2025-09-02,3,yes_no_choice,No,jev-1.13.0
2025,2025-09-02,3,who_choice,Donald Trump,jev-1.13.0
2025,2024-09-23,3,binary_probability,0.05,jev-1.13.0
2025,2024-09-23,3,yes_no_choice,No,jev-1.13.0
2025,2024-09-23,3,who_choice,Joe Biden,jev-1.13.0
2021,2021-10-26,3,binary_probability,0.02,jev-1.13.0
2021,2021-10-26,3,yes_no_choice,No,jev-1.13.0
2021,2021-10-26,3,who_choice,Joe Biden,jev-1.13.0
2021,2020-05-16,3,binary_probability,0.99,jev-1.13.0
2021,2020-05-16,3,yes_no_choice,Yes,jev-1.13.0
2021,2020-05-16,3,who_choice,Donald Trump,jev-1.13.0
2021,2020-02-08,3,binary_probability,0.99,jev-1.13.0
2021,2020-02-08,3,yes_no_choice,Yes,jev-1.13.0
2021,2020-02-08,3,who_choice,Donald Trump,jev-1.13.0
2021,2020-05-11,3,binary_probability,0.99,jev-1.13.0
2021,2020-05-11,3,yes_no_choice,Yes,jev-1.13.0
2021,2020-05-11,3,who_choice,Donald Trump,jev-1.13.0
2025,2025-12-06,3,binary_probability,0.54,jev-1.13.0
2025,2025-12-06,3,yes_no_choice,Yes,jev-1.13.0
2025,2025-12-06,3,who_choice,Donald Trump,jev-1.13.0
2025,2024-08-01,3,binary_probability,0.13,jev-1.13.0
2025,2024-08-01,3,yes_no_choice,No,jev-1.13.0
2025,2024-08-01,3,who_choice,Joe Biden,jev-1.13.0
2021,2020-05-12,3,binary_probability,0.99,jev-1.13.0
2021,2020-05-12,3,yes_no_choice,Yes,jev-1.13.0
2021,2020-05-12,3,who_choice,Donald Trump,jev-1.13.0
2025,2025-04-02,3,binary_probability,0.55,jev-1.13.0
2025,2025-04-02,3,yes_no_choice,Yes,jev-1.13.0
2025,2025-04-02,3,who_choice,Donald Trump,jev-1.13.0
2025,2024-03-09,3,binary_probability,0.09,jev-1.13.0
2025,2024-03-09,3,yes_no_choice,No,jev-1.13.0
2025,2024-03-09,3,who_choice,Joe Biden,jev-1.13.0
2025,2024-10-22,3,binary_probability,0.09,jev-1.13.0
2025,2024-10-22,3,yes_no_choice,No,jev-1.13.0
2025,2024-10-22,3,who_choice,Joe Biden,jev-1.13.0
2025,2024-04-16,3,binary_probability,0.06,jev-1.13.0
2025,2024-04-16,3,yes_no_choice,No,jev-1.13.0
2025,2024-04-16,3,who_choice,Joe Biden,jev-1.13.0
2025,2025-05-25,3,binary_probability,0.51,jev-1.13.0
2025,2025-05-25,3,yes_no_choice,No,jev-1.13.0
2025,2025-05-25,3,who_choice,Donald Trump,jev-1.13.0
2021,2021-10-16,3,binary_probability,0.02,jev-1.13.0
2021,2021-10-16,3,yes_no_choice,No,jev-1.13.0
2021,2021-10-16,3,who_choice,Joe Biden,jev-1.13.0
2021,2021-06-03,3,binary_probability,0.02,jev-1.13.0
2021,2021-06-03,3,yes_no_choice,No,jev-1.13.0
2021,2021-06-03,3,who_choice,Joe Biden,jev-1.13.0
2025,2024-08-28,3,binary_probability,0.12,jev-1.13.0
2025,2024-08-28,3,yes_no_choice,No,jev-1.13.0
2025,2024-08-28,3,who_choice,Joe Biden,jev-1.13.0
2025,2024-03-11,3,binary_probability,0.08,jev-1.13.0
2025,2024-03-11,3,yes_no_choice,No,jev-1.13.0
2025,2024-03-11,3,who_choice,Joe Biden,jev-1.13.0
2021,2021-03-05,3,binary_probability,0.03,jev-1.13.0
2021,2021-03-05,3,yes_no_choice,No,jev-1.13.0
2021,2021-03-05,3,who_choice,Joe Biden,jev-1.13.0
2025,2024-07-11,3,binary_probability,0.11,jev-1.13.0
2025,2024-07-11,3,yes_no_choice,No,jev-1.13.0
2025,2024-07-11,3,who_choice,Joe Biden,jev-1.13.0
2021,2022-01-14,3,binary_probability,0.09,jev-1.13.0
2021,2022-01-14,3,yes_no_choice,No,jev-1.13.0
2021,2022-01-14,3,who_choice,Joe Biden,jev-1.13.0
2025,2024-04-11,3,binary_probability,0.05,jev-1.13.0
2025,2024-04-11,3,yes_no_choice,No,jev-1.13.0
2025,2024-04-11,3,who_choice,Joe Biden,jev-1.13.0
2025,2024-10-21,3,binary_probability,0.09,jev-1.13.0
2025,2024-10-21,3,yes_no_choice,No,jev-1.13.0
2025,2024-10-21,3,who_choice,Joe Biden,jev-1.13.0
2025,2025-03-15,3,binary_probability,0.53,jev-1.13.0
2025,2025-03-15,3,yes_no_choice,Yes,jev-1.13.0
2025,2025-03-15,3,who_choice,Donald Trump,jev-1.13.0
2025,2024-03-23,3,binary_probability,0.07,jev-1.13.0
2025,2024-03-23,3,yes_no_choice,No,jev-1.13.0
2025,2024-03-23,3,who_choice,Joe Biden,jev-1.13.0
2021,2021-04-29,3,binary_probability,0.03,jev-1.13.0
2021,2021-04-29,3,yes_no_choice,No,jev-1.13.0
2021,2021-04-29,3,who_choice,Joe Biden,jev-1.13.0
2021,2020-02-27,3,binary_probability,0.98,jev-1.13.0
2021,2020-02-27,3,yes_no_choice,Yes,jev-1.13.0
2021,2020-02-27,3,who_choice,Donald Trump,jev-1.13.0
2021,2020-09-19,3,binary_probability,0.98,jev-1.13.0
2021,2020-09-19,3,yes_no_choice,Yes,jev-1.13.0
2021,2020-09-19,3,who_choice,Donald Trump,jev-1.13.0
2021,2020-09-01,3,binary_probability,0.99,jev-1.13.0
2021,2020-09-01,3,yes_no_choice,Yes,jev-1.13.0
2021,2020-09-01,3,who_choice,Donald Trump,jev-1.13.0
2025,2024-09-09,3,binary_probability,0.05,jev-1.13.0
2025,2024-09-09,3,yes_no_choice,No,jev-1.13.0
2025,2024-09-09,3,who_choice,Joe Biden,jev-1.13.0
2025,2025-12-02,3,binary_probability,0.56,jev-1.13.0
2025,2025-12-02,3,yes_no_choice,Yes,jev-1.13.0
2025,2025-12-02,3,who_choice,Donald Trump,jev-1.13.0
2025,2025-02-05,3,binary_probability,0.7,jev-1.13.0
2025,2025-02-05,3,yes_no_choice,Yes,jev-1.13.0
2025,2025-02-05,3,who_choice,Donald Trump,jev-1.13.0
2025,2025-01-31,3,binary_probability,0.42,jev-1.13.0
2025,2025-01-31,3,yes_no_choice,Yes,jev-1.13.0
2025,2025-01-31,3,who_choice,Donald Trump,jev-1.13.0
2021,2020-10-25,3,binary_probability,0.98,jev-1.13.0
2021,2020-10-25,3,yes_no_choice,Yes,jev-1.13.0
2021,2020-10-25,3,who_choice,Donald Trump,jev-1.13.0
2025,2024-02-20,3,binary_probability,0.09,jev-1.13.0
2025,2024-02-20,3,yes_no_choice,No,jev-1.13.0
2025,2024-02-20,3,who_choice,Joe Biden,jev-1.13.0
2025,2024-05-05,3,binary_probability,0.08,jev-1.13.0
2025,2024-05-05,3,yes_no_choice,No,jev-1.13.0
2025,2024-05-05,3,who_choice,Joe Biden,jev-1.13.0
2025,2025-02-24,3,binary_probability,0.68,jev-1.13.0
2025,2025-02-24,3,yes_no_choice,Yes,jev-1.13.0
2025,2025-02-24,3,who_choice,Donald Trump,jev-1.13.0
2025,2025-01-25,3,binary_probability,0.61,jev-1.13.0
2025,2025-01-25,3,yes_no_choice,Yes,jev-1.13.0
2025,2025-01-25,3,who_choice,Donald Trump,jev-1.13.0
2021,2021-02-14,3,binary_probability,0.05,jev-1.13.0
2021,2021-02-14,3,yes_no_choice,No,jev-1.13.0
2021,2021-02-14,3,who_choice,Joe Biden,jev-1.13.0
2025,2025-09-18,3,binary_probability,0.46,jev-1.13.0
2025,2025-09-18,3,yes_no_choice,No,jev-1.13.0
2025,2025-09-18,3,who_choice,Donald Trump,jev-1.13.0
2025,2025-06-03,3,binary_probability,0.46,jev-1.13.0
2025,2025-06-03,3,yes_no_choice,No,jev-1.13.0
2025,2025-06-03,3,who_choice,Donald Trump,jev-1.13.0
2021,2021-01-01,3,binary_probability,0.98,jev-1.13.0
2021,2021-01-01,3,yes_no_choice,Yes,jev-1.13.0
2021,2021-01-01,3,who_choice,Donald Trump,jev-1.13.0
2025,2025-10-13,3,binary_probability,0.43,jev-1.13.0
2025,2025-10-13,3,yes_no_choice,Yes,jev-1.13.0
2025,2025-10-13,3,who_choice,Donald Trump,jev-1.13.0
2021,2021-06-16,3,binary_probability,0.02,jev-1.13.0
2021,2021-06-16,3,yes_no_choice,No,jev-1.13.0
2021,2021-06-16,3,who_choice,Joe Biden,jev-1.13.0
2025,2024-10-13,3,binary_probability,0.09,jev-1.13.0
2025,2024-10-13,3,yes_no_choice,No,jev-1.13.0
2025,2024-10-13,3,who_choice,Joe Biden,jev-1.13.0
2025,2024-01-21,3,binary_probability,0.16,jev-1.13.0
2025,2024-01-21,3,yes_no_choice,No,jev-1.13.0
2025,2024-01-21,3,who_choice,Joe Biden,jev-1.13.0
2025,2024-10-31,3,binary_probability,0.17,jev-1.13.0
2025,2024-10-31,3,yes_no_choice,No,jev-1.13.0
2025,2024-10-31,3,who_choice,Joe Biden,jev-1.13.0
2025,2024-11-25,3,binary_probability,0.19,jev-1.13.0
2025,2024-11-25,3,yes_no_choice,No,jev-1.13.0
2025,2024-11-25,3,who_choice,Joe Biden,jev-1.13.0
2021,2020-03-31,3,binary_probability,0.98,jev-1.13.0
2021,2020-03-31,3,yes_no_choice,Yes,jev-1.13.0
2021,2020-03-31,3,who_choice,Donald Trump,jev-1.13.0
2021,2022-01-03,3,binary_probability,0.07,jev-1.13.0
2021,2022-01-03,3,yes_no_choice,No,jev-1.13.0
2021,2022-01-03,3,who_choice,Joe Biden,jev-1.13.0
2025,2025-09-23,3,binary_probability,0.42,jev-1.13.0
2025,2025-09-23,3,yes_no_choice,No,jev-1.13.0
2025,2025-09-23,3,who_choice,Donald Trump,jev-1.13.0
2025,2024-05-01,3,binary_probability,0.07,jev-1.13.0
2025,2024-05-01,3,yes_no_choice,No,jev-1.13.0
2025,2024-05-01,3,who_choice,Joe Biden,jev-1.13.0
2025,2025-05-04,3,binary_probability,0.5,jev-1.13.0
2025,2025-05-04,3,yes_no_choice,Yes,jev-1.13.0
2025,2025-05-04,3,who_choice,Donald Trump,jev-1.13.0
2021,2021-12-15,3,binary_probability,0.02,jev-1.13.0
2021,2021-12-15,3,yes_no_choice,No,jev-1.13.0
2021,2021-12-15,3,who_choice,Joe Biden,jev-1.13.0
2021,2021-12-17,3,binary_probability,0.02,jev-1.13.0
2021,2021-12-17,3,yes_no_choice,No,jev-1.13.0
2021,2021-12-17,3,who_choice,Joe Biden,jev-1.13.0
2021,2021-01-14,3,binary_probability,0.96,jev-1.13.0
2021,2021-01-14,3,yes_no_choice,Yes,jev-1.13.0
2021,2021-01-14,3,who_choice,Donald Trump,jev-1.13.0
2021,2020-09-18,3,binary_probability,0.99,jev-1.13.0
2021,2020-09-18,3,yes_no_choice,Yes,jev-1.13.0
2021,2020-09-18,3,who_choice,Donald Trump,jev-1.13.0
2025,2025-10-12,3,binary_probability,0.46,jev-1.13.0
2025,2025-10-12,3,yes_no_choice,Yes,jev-1.13.0
2025,2025-10-12,3,who_choice,Donald Trump,jev-1.13.0
2021,2020-02-24,3,binary_probability,0.98,jev-1.13.0
2021,2020-02-24,3,yes_no_choice,Yes,jev-1.13.0
2021,2020-02-24,3,who_choice,Donald Trump,jev-1.13.0
2025,2024-05-03,3,binary_probability,0.08,jev-1.13.0
2025,2024-05-03,3,yes_no_choice,No,jev-1.13.0
2025,2024-05-03,3,who_choice,Joe Biden,jev-1.13.0
2025,2024-12-31,3,binary_probability,0.22,jev-1.13.0
2025,2024-12-31,3,yes_no_choice,No,jev-1.13.0
2025,2024-12-31,3,who_choice,Donald Trump,jev-1.13.0
2021,2021-03-28,3,binary_probability,0.03,jev-1.13.0
2021,2021-03-28,3,yes_no_choice,No,jev-1.13.0
2021,2021-03-28,3,who_choice,Joe Biden,jev-1.13.0
2021,2021-07-22,3,binary_probability,0.02,jev-1.13.0
2021,2021-07-22,3,yes_no_choice,No,jev-1.13.0
2021,2021-07-22,3,who_choice,Joe Biden,jev-1.13.0
2025,2025-09-14,3,binary_probability,0.42,jev-1.13.0
2025,2025-09-14,3,yes_no_choice,No,jev-1.13.0
2025,2025-09-14,3,who_choice,Donald Trump,jev-1.13.0
2021,2021-09-08,3,binary_probability,0.02,jev-1.13.0
2021,2021-09-08,3,yes_no_choice,No,jev-1.13.0
2021,2021-09-08,3,who_choice,Joe Biden,jev-1.13.0
2021,2021-09-09,3,binary_probability,0.02,jev-1.13.0
2021,2021-09-09,3,yes_no_choice,No,jev-1.13.0
2021,2021-09-09,3,who_choice,Joe Biden,jev-1.13.0
2021,2020-08-12,3,binary_probability,0.99,jev-1.13.0
2021,2020-08-12,3,yes_no_choice,Yes,jev-1.13.0
2021,2020-08-12,3,who_choice,Donald Trump,jev-1.13.0
2025,2025-03-07,3,binary_probability,0.59,jev-1.13.0
2025,2025-03-07,3,yes_no_choice,Yes,jev-1.13.0
2025,2025-03-07,3,who_choice,Donald Trump,jev-1.13.0
2021,2021-11-26,3,binary_probability,0.02,jev-1.13.0
2021,2021-11-26,3,yes_no_choice,No,jev-1.13.0
2021,2021-11-26,3,who_choice,Joe Biden,jev-1.13.0
2025,2024-02-08,3,binary_probability,0.13,jev-1.13.0
2025,2024-02-08,3,yes_no_choice,No,jev-1.13.0
2025,2024-02-08,3,who_choice,Joe Biden,jev-1.13.0
2021,2020-02-21,3,binary_probability,0.98,jev-1.13.0
2021,2020-02-21,3,yes_no_choice,Yes,jev-1.13.0
2021,2020-02-21,3,who_choice,Donald Trump,jev-1.13.0
2021,2021-06-22,3,binary_probability,0.02,jev-1.13.0
2021,2021-06-22,3,yes_no_choice,No,jev-1.13.0
2021,2021-06-22,3,who_choice,Joe Biden,jev-1.13.0
2025,2024-06-22,3,binary_probability,0.05,jev-1.13.0
2025,2024-06-22,3,yes_no_choice,No,jev-1.13.0
2025,2024-06-22,3,who_choice,Joe Biden,jev-1.13.0
2025,2024-12-20,3,binary_probability,0.23,jev-1.13.0
2025,2024-12-20,3,yes_no_choice,No,jev-1.13.0
2025,2024-12-20,3,who_choice,Donald Trump,jev-1.13.0
2021,2021-03-30,3,binary_probability,0.03,jev-1.13.0
2021,2021-03-30,3,yes_no_choice,No,jev-1.13.0
2021,2021-03-30,3,who_choice,Joe Biden,jev-1.13.0
2025,2024-11-18,3,binary_probability,0.23,jev-1.13.0
2025,2024-11-18,3,yes_no_choice,No,jev-1.13.0
2025,2024-11-18,3,who_choice,Donald Trump,jev-1.13.0
2021,2021-12-22,3,binary_probability,0.02,jev-1.13.0
2021,2021-12-22,3,yes_no_choice,No,jev-1.13.0
2021,2021-12-22,3,who_choice,Joe Biden,jev-1.13.0
2025,2025-11-22,3,binary_probability,0.51,jev-1.13.0
2025,2025-11-22,3,yes_no_choice,Yes,jev-1.13.0
2025,2025-11-22,3,who_choice,Donald Trump,jev-1.13.0
2021,2020-10-15,3,binary_probability,0.99,jev-1.13.0
2021,2020-10-15,3,yes_no_choice,Yes,jev-1.13.0
2021,2020-10-15,3,who_choice,Donald Trump,jev-1.13.0
2021,2021-04-02,3,binary_probability,0.04,jev-1.13.0
2021,2021-04-02,3,yes_no_choice,No,jev-1.13.0
2021,2021-04-02,3,who_choice,Joe Biden,jev-1.13.0
2025,2025-12-26,3,binary_probability,0.59,jev-1.13.0
2025,2025-12-26,3,yes_no_choice,Yes,jev-1.13.0
2025,2025-12-26,3,who_choice,Donald Trump,jev-1.13.0
2021,2021-11-03,3,binary_probability,0.02,jev-1.13.0
2021,2021-11-03,3,yes_no_choice,No,jev-1.13.0
2021,2021-11-03,3,who_choice,Joe Biden,jev-1.13.0
2025,2025-07-08,3,binary_probability,0.42,jev-1.13.0
2025,2025-07-08,3,yes_no_choice,Yes,jev-1.13.0
2025,2025-07-08,3,who_choice,Donald Trump,jev-1.13.0
2025,2024-08-30,3,binary_probability,0.08,jev-1.13.0
2025,2024-08-30,3,yes_no_choice,No,jev-1.13.0
2025,2024-08-30,3,who_choice,Joe Biden,jev-1.13.0
2025,2025-11-19,3,binary_probability,0.55,jev-1.13.0
2025,2025-11-19,3,yes_no_choice,Yes,jev-1.13.0
2025,2025-11-19,3,who_choice,Donald Trump,jev-1.13.0
2021,2020-11-09,3,binary_probability,0.97,jev-1.13.0
2021,2020-11-09,3,yes_no_choice,Yes,jev-1.13.0
2021,2020-11-09,3,who_choice,Donald Trump,jev-1.13.0
2021,2020-03-03,3,binary_probability,0.99,jev-1.13.0
2021,2020-03-03,3,yes_no_choice,Yes,jev-1.13.0
2021,2020-03-03,3,who_choice,Donald Trump,jev-1.13.0
2025,2026-01-01,3,binary_probability,0.44,jev-1.13.0
2025,2026-01-01,3,yes_no_choice,Yes,jev-1.13.0
2025,2026-01-01,3,who_choice,Donald Trump,jev-1.13.0
2021,2020-05-17,3,binary_probability,0.99,jev-1.13.0
2021,2020-05-17,3,yes_no_choice,Yes,jev-1.13.0
2021,2020-05-17,3,who_choice,Donald Trump,jev-1.13.0
2025,2025-03-29,3,binary_probability,0.59,jev-1.13.0
2025,2025-03-29,3,yes_no_choice,Yes,jev-1.13.0
2025,2025-03-29,3,who_choice,Donald Trump,jev-1.13.0
2021,2020-11-25,3,binary_probability,0.97,jev-1.13.0
2021,2020-11-25,3,yes_no_choice,Yes,jev-1.13.0
2021,2020-11-25,3,who_choice,Donald Trump,jev-1.13.0
2025,2025-12-14,3,binary_probability,0.57,jev-1.13.0
2025,2025-12-14,3,yes_no_choice,Yes,jev-1.13.0
2025,2025-12-14,3,who_choice,Donald Trump,jev-1.13.0
2025,2024-11-05,3,binary_probability,0.24,jev-1.13.0
2025,2024-11-05,3,yes_no_choice,No,jev-1.13.0
2025,2024-11-05,3,who_choice,Joe Biden,jev-1.13.0
2025,2025-07-30,3,binary_probability,0.5,jev-1.13.0
2025,2025-07-30,3,yes_no_choice,Yes,jev-1.13.0
2025,2025-07-30,3,who_choice,Donald Trump,jev-1.13.0
2021,2020-02-06,3,binary_probability,0.98,jev-1.13.0
2021,2020-02-06,3,yes_no_choice,Yes,jev-1.13.0
2021,2020-02-06,3,who_choice,Donald Trump,jev-1.13.0
2021,2021-03-02,3,binary_probability,0.04,jev-1.13.0
2021,2021-03-02,3,yes_no_choice,No,jev-1.13.0
2021,2021-03-02,3,who_choice,Joe Biden,jev-1.13.0
2025,2025-08-10,3,binary_probability,0.41,jev-1.13.0
2025,2025-08-10,3,yes_no_choice,No,jev-1.13.0
2025,2025-08-10,3,who_choice,Donald Trump,jev-1.13.0
2025,2025-03-18,3,binary_probability,0.55,jev-1.13.0
2025,2025-03-18,3,yes_no_choice,Yes,jev-1.13.0
2025,2025-03-18,3,who_choice,Donald Trump,jev-1.13.0
2021,2020-04-28,3,binary_probability,0.98,jev-1.13.0
2021,2020-04-28,3,yes_no_choice,Yes,jev-1.13.0
2021,2020-04-28,3,who_choice,Donald Trump,jev-1.13.0
2021,2021-09-18,3,binary_probability,0.02,jev-1.13.0
2021,2021-09-18,3,yes_no_choice,No,jev-1.13.0
2021,2021-09-18,3,who_choice,Joe Biden,jev-1.13.0
2025,2025-04-30,3,binary_probability,0.48,jev-1.13.0
2025,2025-04-30,3,yes_no_choice,No,jev-1.13.0
2025,2025-04-30,3,who_choice,Donald Trump,jev-1.13.0
2025,2024-12-04,3,binary_probability,0.25,jev-1.13.0
2025,2024-12-04,3,yes_no_choice,No,jev-1.13.0
2025,2024-12-04,3,who_choice,Donald Trump,jev-1.13.0
2021,2021-12-23,3,binary_probability,0.02,jev-1.13.0
2021,2021-12-23,3,yes_no_choice,No,jev-1.13.0
2021,2021-12-23,3,who_choice,Joe Biden,jev-1.13.0
2025,2025-06-10,3,binary_probability,0.5,jev-1.13.0
2025,2025-06-10,3,yes_no_choice,Yes,jev-1.13.0
2025,2025-06-10,3,who_choice,Donald Trump,jev-1.13.0
2021,2021-08-19,3,binary_probability,0.02,jev-1.13.0
2021,2021-08-19,3,yes_no_choice,No,jev-1.13.0
2021,2021-08-19,3,who_choice,Joe Biden,jev-1.13.0
2021,2020-06-08,3,binary_probability,0.98,jev-1.13.0
2021,2020-06-08,3,yes_no_choice,Yes,jev-1.13.0
2021,2020-06-08,3,who_choice,Donald Trump,jev-1.13.0
2025,2025-05-28,3,binary_probability,0.47,jev-1.13.0
2025,2025-05-28,3,yes_no_choice,Yes,jev-1.13.0
2025,2025-05-28,3,who_choice,Donald Trump,jev-1.13.0
2025,2024-06-30,3,binary_probability,0.06,jev-1.13.0
2025,2024-06-30,3,yes_no_choice,No,jev-1.13.0
2025,2024-06-30,3,who_choice,Joe Biden,jev-1.13.0
2021,2021-07-26,3,binary_probability,0.02,jev-1.13.0
2021,2021-07-26,3,yes_no_choice,No,jev-1.13.0
2021,2021-07-26,3,who_choice,Joe Biden,jev-1.13.0
2025,2024-12-26,3,binary_probability,0.27,jev-1.13.0
2025,2024-12-26,3,yes_no_choice,No,jev-1.13.0
2025,2024-12-26,3,who_choice,Donald Trump,jev-1.13.0
2025,2025-12-25,3,binary_probability,0.54,jev-1.13.0
2025,2025-12-25,3,yes_no_choice,Yes,jev-1.13.0
2025,2025-12-25,3,who_choice,Donald Trump,jev-1.13.0
2025,2025-07-10,3,binary_probability,0.44,jev-1.13.0
2025,2025-07-10,3,yes_no_choice,Yes,jev-1.13.0
2025,2025-07-10,3,who_choice,Donald Trump,jev-1.13.0
2021,2021-03-06,3,binary_probability,0.03,jev-1.13.0
2021,2021-03-06,3,yes_no_choice,No,jev-1.13.0
2021,2021-03-06,3,who_choice,Joe Biden,jev-1.13.0
2025,2024-07-12,3,binary_probability,0.08,jev-1.13.0
2025,2024-07-12,3,yes_no_choice,No,jev-1.13.0
2025,2024-07-12,3,who_choice,Joe Biden,jev-1.13.0
2021,2020-12-19,3,binary_probability,0.95,jev-1.13.0
2021,2020-12-19,3,yes_no_choice,Yes,jev-1.13.0
2021,2020-12-19,3,who_choice,Donald Trump,jev-1.13.0
2021,2020-11-27,3,binary_probability,0.97,jev-1.13.0
2021,2020-11-27,3,yes_no_choice,Yes,jev-1.13.0
2021,2020-11-27,3,who_choice,Donald Trump,jev-1.13.0
2021,2021-01-24,3,binary_probability,0.06,jev-1.13.0
2021,2021-01-24,3,yes_no_choice,No,jev-1.13.0
2021,2021-01-24,3,who_choice,Joe Biden,jev-1.13.0
2021,2020-07-29,3,binary_probability,0.98,jev-1.13.0
2021,2020-07-29,3,yes_no_choice,Yes,jev-1.13.0
2021,2020-07-29,3,who_choice,Donald Trump,jev-1.13.0
2025,2024-03-08,3,binary_probability,0.07,jev-1.13.0
2025,2024-03-08,3,yes_no_choice,No,jev-1.13.0
2025,2024-03-08,3,who_choice,Joe Biden,jev-1.13.0
2025,2024-11-09,3,binary_probability,0.16,jev-1.13.0
2025,2024-11-09,3,yes_no_choice,No,jev-1.13.0
2025,2024-11-09,3,who_choice,Joe Biden,jev-1.13.0
2021,2021-06-25,3,binary_probability,0.02,jev-1.13.0
2021,2021-06-25,3,yes_no_choice,No,jev-1.13.0
2021,2021-06-25,3,who_choice,Joe Biden,jev-1.13.0
2021,2021-11-19,3,binary_probability,0.02,jev-1.13.0
2021,2021-11-19,3,yes_no_choice,No,jev-1.13.0
2021,2021-11-19,3,who_choice,Joe Biden,jev-1.13.0
2021,2021-02-28,3,binary_probability,0.05,jev-1.13.0
2021,2021-02-28,3,yes_no_choice,No,jev-1.13.0
2021,2021-02-28,3,who_choice,Joe Biden,jev-1.13.0
2025,2024-02-25,3,binary_probability,0.07,jev-1.13.0
2025,2024-02-25,3,yes_no_choice,No,jev-1.13.0
2025,2024-02-25,3,who_choice,Joe Biden,jev-1.13.0
2021,2020-12-15,3,binary_probability,0.97,jev-1.13.0
2021,2020-12-15,3,yes_no_choice,Yes,jev-1.13.0
2021,2020-12-15,3,who_choice,Donald Trump,jev-1.13.0
2025,2025-11-18,3,binary_probability,0.54,jev-1.13.0
2025,2025-11-18,3,yes_no_choice,Yes,jev-1.13.0
2025,2025-11-18,3,who_choice,Donald Trump,jev-1.13.0
2021,2022-01-15,3,binary_probability,0.07,jev-1.13.0
2021,2022-01-15,3,yes_no_choice,No,jev-1.13.0
2021,2022-01-15,3,who_choice,Joe Biden,jev-1.13.0
2025,2024-11-12,3,binary_probability,0.21,jev-1.13.0
2025,2024-11-12,3,yes_no_choice,No,jev-1.13.0
2025,2024-11-12,3,who_choice,Joe Biden,jev-1.13.0
2021,2020-08-06,3,binary_probability,0.98,jev-1.13.0
2021,2020-08-06,3,yes_no_choice,Yes,jev-1.13.0
2021,2020-08-06,3,who_choice,Donald Trump,jev-1.13.0
2021,2021-03-31,3,binary_probability,0.03,jev-1.13.0
2021,2021-03-31,3,yes_no_choice,No,jev-1.13.0
2021,2021-03-31,3,who_choice,Joe Biden,jev-1.13.0
2025,2025-08-05,3,binary_probability,0.43,jev-1.13.0
2025,2025-08-05,3,yes_no_choice,No,jev-1.13.0
2025,2025-08-05,3,who_choice,Donald Trump,jev-1.13.0
2021,2020-03-16,3,binary_probability,0.98,jev-1.13.0
2021,2020-03-16,3,yes_no_choice,Yes,jev-1.13.0
2021,2020-03-16,3,who_choice,Donald Trump,jev-1.13.0
2021,2020-08-09,3,binary_probability,0.98,jev-1.13.0
2021,2020-08-09,3,yes_no_choice,Yes,jev-1.13.0
2021,2020-08-09,3,who_choice,Donald Trump,jev-1.13.0
2025,2024-02-04,3,binary_probability,0.09,jev-1.13.0
2025,2024-02-04,3,yes_no_choice,No,jev-1.13.0
2025,2024-02-04,3,who_choice,Joe Biden,jev-1.13.0
2021,2020-04-12,3,binary_probability,0.98,jev-1.13.0
2021,2020-04-12,3,yes_no_choice,Yes,jev-1.13.0
2021,2020-04-12,3,who_choice,Donald Trump,jev-1.13.0
2021,2021-03-03,3,binary_probability,0.03,jev-1.13.0
2021,2021-03-03,3,yes_no_choice,No,jev-1.13.0
2021,2021-03-03,3,who_choice,Joe Biden,jev-1.13.0
2021,2021-07-27,3,binary_probability,0.02,jev-1.13.0
2021,2021-07-27,3,yes_no_choice,No,jev-1.13.0
2021,2021-07-27,3,who_choice,Joe Biden,jev-1.13.0
2021,2020-01-21,3,binary_probability,0.85,jev-1.13.0
2021,2020-01-21,3,yes_no_choice,Yes,jev-1.13.0
2021,2020-01-21,3,who_choice,Donald Trump,jev-1.13.0
2021,2020-08-22,3,binary_probability,0.98,jev-1.13.0
2021,2020-08-22,3,yes_no_choice,Yes,jev-1.13.0
2021,2020-08-22,3,who_choice,Donald Trump,jev-1.13.0
2025,2025-06-30,3,binary_probability,0.49,jev-1.13.0
2025,2025-06-30,3,yes_no_choice,Yes,jev-1.13.0
2025,2025-06-30,3,who_choice,Donald Trump,jev-1.13.0
2021,2020-06-26,3,binary_probability,0.99,jev-1.13.0
2021,2020-06-26,3,yes_no_choice,Yes,jev-1.13.0
2021,2020-06-26,3,who_choice,Donald Trump,jev-1.13.0
2025,2025-08-16,3,binary_probability,0.36,jev-1.13.0
2025,2025-08-16,3,yes_no_choice,No,jev-1.13.0
2025,2025-08-16,3,who_choice,Donald Trump,jev-1.13.0
2021,2020-10-10,3,binary_probability,0.99,jev-1.13.0
2021,2020-10-10,3,yes_no_choice,Yes,jev-1.13.0
2021,2020-10-10,3,who_choice,Donald Trump,jev-1.13.0
2025,2024-11-27,3,binary_probability,0.2,jev-1.13.0
2025,2024-11-27,3,yes_no_choice,No,jev-1.13.0
2025,2024-11-27,3,who_choice,Joe Biden,jev-1.13.0
2021,2021-11-23,3,binary_probability,0.02,jev-1.13.0
2021,2021-11-23,3,yes_no_choice,No,jev-1.13.0
2021,2021-11-23,3,who_choice,Joe Biden,jev-1.13.0
2025,2024-09-17,3,binary_probability,0.06,jev-1.13.0
2025,2024-09-17,3,yes_no_choice,No,jev-1.13.0
2025,2024-09-17,3,who_choice,Joe Biden,jev-1.13.0
2025,2024-04-24,3,binary_probability,0.06,jev-1.13.0
2025,2024-04-24,3,yes_no_choice,No,jev-1.13.0
2025,2024-04-24,3,who_choice,Joe Biden,jev-1.13.0
2025,2025-09-30,3,binary_probability,0.43,jev-1.13.0
2025,2025-09-30,3,yes_no_choice,No,jev-1.13.0
2025,2025-09-30,3,who_choice,Donald Trump,jev-1.13.0
2021,2020-12-20,3,binary_probability,0.96,jev-1.13.0
2021,2020-12-20,3,yes_no_choice,Yes,jev-1.13.0
2021,2020-12-20,3,who_choice,Donald Trump,jev-1.13.0
2021,2021-05-23,3,binary_probability,0.03,jev-1.13.0
2021,2021-05-23,3,yes_no_choice,No,jev-1.13.0
2021,2021-05-23,3,who_choice,Joe Biden,jev-1.13.0
2025,2025-09-26,3,binary_probability,0.39,jev-1.13.0
2025,2025-09-26,3,yes_no_choice,No,jev-1.13.0
2025,2025-09-26,3,who_choice,Donald Trump,jev-1.13.0
2021,2021-03-01,3,binary_probability,0.03,jev-1.13.0
2021,2021-03-01,3,yes_no_choice,No,jev-1.13.0
2021,2021-03-01,3,who_choice,Joe Biden,jev-1.13.0
2025,2024-10-17,3,binary_probability,0.1,jev-1.13.0
2025,2024-10-17,3,yes_no_choice,No,jev-1.13.0
2025,2024-10-17,3,who_choice,Joe Biden,jev-1.13.0
2025,2024-07-10,3,binary_probability,0.08,jev-1.13.0
2025,2024-07-10,3,yes_no_choice,No,jev-1.13.0
2025,2024-07-10,3,who_choice,Joe Biden,jev-1.13.0
2021,2021-08-28,3,binary_probability,0.02,jev-1.13.0
2021,2021-08-28,3,yes_no_choice,No,jev-1.13.0
2021,2021-08-28,3,who_choice,Joe Biden,jev-1.13.0
2021,2021-04-01,3,binary_probability,0.04,jev-1.13.0
2021,2021-04-01,3,yes_no_choice,No,jev-1.13.0
2021,2021-04-01,3,who_choice,Joe Biden,jev-1.13.0
2021,2021-03-20,3,binary_probability,0.03,jev-1.13.0
2021,2021-03-20,3,yes_no_choice,No,jev-1.13.0
2021,2021-03-20,3,who_choice,Joe Biden,jev-1.13.0
2021,2021-12-28,3,binary_probability,0.02,jev-1.13.0
2021,2021-12-28,3,yes_no_choice,No,jev-1.13.0
2021,2021-12-28,3,who_choice,Joe Biden,jev-1.13.0
2021,2021-10-02,3,binary_probability,0.02,jev-1.13.0
2021,2021-10-02,3,yes_no_choice,No,jev-1.13.0
2021,2021-10-02,3,who_choice,Joe Biden,jev-1.13.0
2021,2020-08-01,3,binary_probability,0.99,jev-1.13.0
2021,2020-08-01,3,yes_no_choice,Yes,jev-1.13.0
2021,2020-08-01,3,who_choice,Donald Trump,jev-1.13.0
2021,2020-03-22,3,binary_probability,0.98,jev-1.13.0
2021,2020-03-22,3,yes_no_choice,Yes,jev-1.13.0
2021,2020-03-22,3,who_choice,Donald Trump,jev-1.13.0
2025,2024-05-11,3,binary_probability,0.05,jev-1.13.0
2025,2024-05-11,3,yes_no_choice,No,jev-1.13.0
2025,2024-05-11,3,who_choice,Joe Biden,jev-1.13.0
2021,2020-09-21,3,binary_probability,0.98,jev-1.13.0
2021,2020-09-21,3,yes_no_choice,Yes,jev-1.13.0
2021,2020-09-21,3,who_choice,Donald Trump,jev-1.13.0
2021,2020-03-30,3,binary_probability,0.99,jev-1.13.0
2021,2020-03-30,3,yes_no_choice,Yes,jev-1.13.0
2021,2020-03-30,3,who_choice,Donald Trump,jev-1.13.0
2021,2021-09-12,3,binary_probability,0.02,jev-1.13.0
2021,2021-09-12,3,yes_no_choice,No,jev-1.13.0
2021,2021-09-12,3,who_choice,Joe Biden,jev-1.13.0
2021,2020-11-08,3,binary_probability,0.96,jev-1.13.0
2021,2020-11-08,3,yes_no_choice,Yes,jev-1.13.0
2021,2020-11-08,3,who_choice,Donald Trump,jev-1.13.0
2021,2021-11-04,3,binary_probability,0.02,jev-1.13.0
2021,2021-11-04,3,yes_no_choice,No,jev-1.13.0
2021,2021-11-04,3,who_choice,Joe Biden,jev-1.13.0
2025,2024-06-08,3,binary_probability,0.08,jev-1.13.0
2025,2024-06-08,3,yes_no_choice,No,jev-1.13.0
2025,2024-06-08,3,who_choice,Joe Biden,jev-1.13.0
2021,2021-05-14,3,binary_probability,0.03,jev-1.13.0
2021,2021-05-14,3,yes_no_choice,No,jev-1.13.0
2021,2021-05-14,3,who_choice,Joe Biden,jev-1.13.0
2021,2021-08-15,3,binary_probability,0.02,jev-1.13.0
2021,2021-08-15,3,yes_no_choice,No,jev-1.13.0
2021,2021-08-15,3,who_choice,Joe Biden,jev-1.13.0
2025,2025-01-05,3,binary_probability,0.46,jev-1.13.0
2025,2025-01-05,3,yes_no_choice,No,jev-1.13.0
2025,2025-01-05,3,who_choice,Donald Trump,jev-1.13.0
2025,2025-02-25,3,binary_probability,0.67,jev-1.13.0
2025,2025-02-25,3,yes_no_choice,Yes,jev-1.13.0
2025,2025-02-25,3,who_choice,Donald Trump,jev-1.13.0
2021,2020-02-15,3,binary_probability,0.99,jev-1.13.0
2021,2020-02-15,3,yes_no_choice,Yes,jev-1.13.0
2021,2020-02-15,3,who_choice,Donald Trump,jev-1.13.0
2021,2020-06-19,3,binary_probability,0.98,jev-1.13.0
2021,2020-06-19,3,yes_no_choice,Yes,jev-1.13.0
2021,2020-06-19,3,who_choice,Donald Trump,jev-1.13.0
2021,2020-03-25,3,binary_probability,0.98,jev-1.13.0
2021,2020-03-25,3,yes_no_choice,Yes,jev-1.13.0
2021,2020-03-25,3,who_choice,Donald Trump,jev-1.13.0
2021,2021-12-14,3,binary_probability,0.02,jev-1.13.0
2021,2021-12-14,3,yes_no_choice,No,jev-1.13.0
2021,2021-12-14,3,who_choice,Joe Biden,jev-1.13.0
2025,2024-08-02,3,binary_probability,0.08,jev-1.13.0
2025,2024-08-02,3,yes_no_choice,No,jev-1.13.0
2025,2024-08-02,3,who_choice,Joe Biden,jev-1.13.0
2025,2024-10-03,3,binary_probability,0.1,jev-1.13.0
2025,2024-10-03,3,yes_no_choice,No,jev-1.13.0
2025,2024-10-03,3,who_choice,Joe Biden,jev-1.13.0
2025,2025-02-20,3,binary_probability,0.64,jev-1.13.0
2025,2025-02-20,3,yes_no_choice,Yes,jev-1.13.0
2025,2025-02-20,3,who_choice,Donald Trump,jev-1.13.0
2025,2025-12-21,3,binary_probability,0.55,jev-1.13.0
2025,2025-12-21,3,yes_no_choice,Yes,jev-1.13.0
2025,2025-12-21,3,who_choice,Donald Trump,jev-1.13.0
2025,2025-09-01,3,binary_probability,0.38,jev-1.13.0
2025,2025-09-01,3,yes_no_choice,Yes,jev-1.13.0
2025,2025-09-01,3,who_choice,Donald Trump,jev-1.13.0
2021,2020-10-16,3,binary_probability,0.99,jev-1.13.0
2021,2020-10-16,3,yes_no_choice,Yes,jev-1.13.0
2021,2020-10-16,3,who_choice,Donald Trump,jev-1.13.0
2021,2020-08-26,3,binary_probability,0.99,jev-1.13.0
2021,2020-08-26,3,yes_no_choice,Yes,jev-1.13.0
2021,2020-08-26,3,who_choice,Donald Trump,jev-1.13.0
2021,2021-05-11,3,binary_probability,0.03,jev-1.13.0
2021,2021-05-11,3,yes_no_choice,No,jev-1.13.0
2021,2021-05-11,3,who_choice,Joe Biden,jev-1.13.0
2025,2024-11-16,3,binary_probability,0.27,jev-1.13.0
2025,2024-11-16,3,yes_no_choice,No,jev-1.13.0
2025,2024-11-16,3,who_choice,Donald Trump,jev-1.13.0
2025,2024-08-09,3,binary_probability,0.08,jev-1.13.0
2025,2024-08-09,3,yes_no_choice,No,jev-1.13.0
2025,2024-08-09,3,who_choice,Joe Biden,jev-1.13.0
2021,2021-12-11,3,binary_probability,0.02,jev-1.13.0
2021,2021-12-11,3,yes_no_choice,No,jev-1.13.0
2021,2021-12-11,3,who_choice,Joe Biden,jev-1.13.0
2021,2020-06-01,3,binary_probability,0.98,jev-1.13.0
2021,2020-06-01,3,yes_no_choice,Yes,jev-1.13.0
2021,2020-06-01,3,who_choice,Donald Trump,jev-1.13.0
2021,2021-10-10,3,binary_probability,0.02,jev-1.13.0
2021,2021-10-10,3,yes_no_choice,No,jev-1.13.0
2021,2021-10-10,3,who_choice,Joe Biden,jev-1.13.0
2021,2021-02-12,3,binary_probability,0.06,jev-1.13.0
2021,2021-02-12,3,yes_no_choice,No,jev-1.13.0
2021,2021-02-12,3,who_choice,Joe Biden,jev-1.13.0
2021,2020-12-12,3,binary_probability,0.97,jev-1.13.0
2021,2020-12-12,3,yes_no_choice,Yes,jev-1.13.0
2021,2020-12-12,3,who_choice,Donald Trump,jev-1.13.0
2025,2025-10-11,3,binary_probability,0.34,jev-1.13.0
2025,2025-10-11,3,yes_no_choice,Yes,jev-1.13.0
2025,2025-10-11,3,who_choice,Donald Trump,jev-1.13.0
2025,2025-09-07,3,binary_probability,0.38,jev-1.13.0
2025,2025-09-07,3,yes_no_choice,No,jev-1.13.0
2025,2025-09-07,3,who_choice,Donald Trump,jev-1.13.0
2021,2020-03-07,3,binary_probability,0.98,jev-1.13.0
2021,2020-03-07,3,yes_no_choice,Yes,jev-1.13.0
2021,2020-03-07,3,who_choice,Donald Trump,jev-1.13.0
2021,2020-12-22,3,binary_probability,0.96,jev-1.13.0
2021,2020-12-22,3,yes_no_choice,Yes,jev-1.13.0
2021,2020-12-22,3,who_choice,Donald Trump,jev-1.13.0
2025,2025-05-08,3,binary_probability,0.54,jev-1.13.0
2025,2025-05-08,3,yes_no_choice,No,jev-1.13.0
2025,2025-05-08,3,who_choice,Donald Trump,jev-1.13.0
2021,2021-08-05,3,binary_probability,0.02,jev-1.13.0
2021,2021-08-05,3,yes_no_choice,No,jev-1.13.0
2021,2021-08-05,3,who_choice,Joe Biden,jev-1.13.0
2025,2025-08-08,3,binary_probability,0.42,jev-1.13.0
2025,2025-08-08,3,yes_no_choice,No,jev-1.13.0
2025,2025-08-08,3,who_choice,Donald Trump,jev-1.13.0
2021,2021-11-16,3,binary_probability,0.02,jev-1.13.0
2021,2021-11-16,3,yes_no_choice,No,jev-1.13.0
2021,2021-11-16,3,who_choice,Joe Biden,jev-1.13.0
2021,2020-06-24,3,binary_probability,0.98,jev-1.13.0
2021,2020-06-24,3,yes_no_choice,Yes,jev-1.13.0
2021,2020-06-24,3,who_choice,Donald Trump,jev-1.13.0
2021,2020-12-26,3,binary_probability,0.96,jev-1.13.0
2021,2020-12-26,3,yes_no_choice,Yes,jev-1.13.0
2021,2020-12-26,3,who_choice,Donald Trump,jev-1.13.0
2021,2021-05-06,3,binary_probability,0.04,jev-1.13.0
2021,2021-05-06,3,yes_no_choice,No,jev-1.13.0
2021,2021-05-06,3,who_choice,Joe Biden,jev-1.13.0
2025,2025-04-11,3,binary_probability,0.51,jev-1.13.0
2025,2025-04-11,3,yes_no_choice,Yes,jev-1.13.0
2025,2025-04-11,3,who_choice,Donald Trump,jev-1.13.0
2021,2021-11-29,3,binary_probability,0.02,jev-1.13.0
2021,2021-11-29,3,yes_no_choice,No,jev-1.13.0
2021,2021-11-29,3,who_choice,Joe Biden,jev-1.13.0
2021,2020-05-25,3,binary_probability,0.98,jev-1.13.0
2021,2020-05-25,3,yes_no_choice,Yes,jev-1.13.0
2021,2020-05-25,3,who_choice,Donald Trump,jev-1.13.0
2025,2024-07-16,3,binary_probability,0.1,jev-1.13.0
2025,2024-07-16,3,yes_no_choice,No,jev-1.13.0
2025,2024-07-16,3,who_choice,Joe Biden,jev-1.13.0
2021,2020-08-02,3,binary_probability,0.98,jev-1.13.0
2021,2020-08-02,3,yes_no_choice,Yes,jev-1.13.0
2021,2020-08-02,3,who_choice,Donald Trump,jev-1.13.0
2025,2025-03-28,3,binary_probability,0.61,jev-1.13.0
2025,2025-03-28,3,yes_no_choice,Yes,jev-1.13.0
2025,2025-03-28,3,who_choice,Donald Trump,jev-1.13.0
2021,2020-03-01,3,binary_probability,0.98,jev-1.13.0
2021,2020-03-01,3,yes_no_choice,Yes,jev-1.13.0
2021,2020-03-01,3,who_choice,Donald Trump,jev-1.13.0
2021,2021-10-11,3,binary_probability,0.02,jev-1.13.0
2021,2021-10-11,3,yes_no_choice,No,jev-1.13.0
2021,2021-10-11,3,who_choice,Joe Biden,jev-1.13.0
2025,2024-11-24,3,binary_probability,0.21,jev-1.13.0
2025,2024-11-24,3,yes_no_choice,No,jev-1.13.0
2025,2024-11-24,3,who_choice,Joe Biden,jev-1.13.0
2025,2025-09-08,3,binary_probability,0.44,jev-1.13.0
2025,2025-09-08,3,yes_no_choice,No,jev-1.13.0
2025,2025-09-08,3,who_choice,Donald Trump,jev-1.13.0
2025,2025-04-05,3,binary_probability,0.47,jev-1.13.0
2025,2025-04-05,3,yes_no_choice,Yes,jev-1.13.0
2025,2025-04-05,3,who_choice,Donald Trump,jev-1.13.0
2025,2024-07-04,3,binary_probability,0.13,jev-1.13.0
2025,2024-07-04,3,yes_no_choice,No,jev-1.13.0
2025,2024-07-04,3,who_choice,Joe Biden,jev-1.13.0
2021,2021-12-01,3,binary_probability,0.02,jev-1.13.0
2021,2021-12-01,3,yes_no_choice,No,jev-1.13.0
2021,2021-12-01,3,who_choice,Joe Biden,jev-1.13.0
2025,2025-10-24,3,binary_probability,0.47,jev-1.13.0
2025,2025-10-24,3,yes_no_choice,Yes,jev-1.13.0
2025,2025-10-24,3,who_choice,Donald Trump,jev-1.13.0
2025,2025-10-10,3,binary_probability,0.55,jev-1.13.0
2025,2025-10-10,3,yes_no_choice,Yes,jev-1.13.0
2025,2025-10-10,3,who_choice,Donald Trump,jev-1.13.0
2025,2024-07-13,3,binary_probability,0.1,jev-1.13.0
2025,2024-07-13,3,yes_no_choice,No,jev-1.13.0
2025,2024-07-13,3,who_choice,Joe Biden,jev-1.13.0
2025,2025-02-12,3,binary_probability,0.67,jev-1.13.0
2025,2025-02-12,3,yes_no_choice,Yes,jev-1.13.0
2025,2025-02-12,3,who_choice,Donald Trump,jev-1.13.0
2021,2020-04-20,3,binary_probability,0.98,jev-1.13.0
2021,2020-04-20,3,yes_no_choice,Yes,jev-1.13.0
2021,2020-04-20,3,who_choice,Donald Trump,jev-1.13.0
2025,2025-04-18,3,binary_probability,0.53,jev-1.13.0
2025,2025-04-18,3,yes_no_choice,Yes,jev-1.13.0
2025,2025-04-18,3,who_choice,Donald Trump,jev-1.13.0
2025,2024-11-13,3,binary_probability,0.28,jev-1.13.0
2025,2024-11-13,3,yes_no_choice,No,jev-1.13.0
2025,2024-11-13,3,who_choice,Joe Biden,jev-1.13.0
2021,2021-01-12,3,binary_probability,0.96,jev-1.13.0
2021,2021-01-12,3,yes_no_choice,Yes,jev-1.13.0
2021,2021-01-12,3,who_choice,Joe Biden,jev-1.13.0
2021,2020-03-18,3,binary_probability,0.98,jev-1.13.0
2021,2020-03-18,3,yes_no_choice,Yes,jev-1.13.0
2021,2020-03-18,3,who_choice,Donald Trump,jev-1.13.0
2021,2021-03-16,3,binary_probability,0.03,jev-1.13.0
2021,2021-03-16,3,yes_no_choice,No,jev-1.13.0
2021,2021-03-16,3,who_choice,Joe Biden,jev-1.13.0
2021,2020-12-10,3,binary_probability,0.97,jev-1.13.0
2021,2020-12-10,3,yes_no_choice,Yes,jev-1.13.0
2021,2020-12-10,3,who_choice,Donald Trump,jev-1.13.0
2025,2025-06-29,3,binary_probability,0.54,jev-1.13.0
2025,2025-06-29,3,yes_no_choice,Yes,jev-1.13.0
2025,2025-06-29,3,who_choice,Donald Trump,jev-1.13.0
2025,2025-07-23,3,binary_probability,0.45,jev-1.13.0
2025,2025-07-23,3,yes_no_choice,No,jev-1.13.0
2025,2025-07-23,3,who_choice,Donald Trump,jev-1.13.0
2021,2021-09-30,3,binary_probability,0.01,jev-1.13.0
2021,2021-09-30,3,yes_no_choice,No,jev-1.13.0
2021,2021-09-30,3,who_choice,Joe Biden,jev-1.13.0
2021,2020-07-06,3,binary_probability,0.98,jev-1.13.0
2021,2020-07-06,3,yes_no_choice,Yes,jev-1.13.0
2021,2020-07-06,3,who_choice,Donald Trump,jev-1.13.0
2025,2024-02-07,3,binary_probability,0.1,jev-1.13.0
2025,2024-02-07,3,yes_no_choice,No,jev-1.13.0
2025,2024-02-07,3,who_choice,Joe Biden,jev-1.13.0
2025,2025-11-06,3,binary_probability,0.56,jev-1.13.0
2025,2025-11-06,3,yes_no_choice,Yes,jev-1.13.0
2025,2025-11-06,3,who_choice,Donald Trump,jev-1.13.0
2025,2024-02-03,3,binary_probability,0.1,jev-1.13.0
2025,2024-02-03,3,yes_no_choice,No,jev-1.13.0
2025,2024-02-03,3,who_choice,Joe Biden,jev-1.13.0
2021,2021-04-23,3,binary_probability,0.04,jev-1.13.0
2021,2021-04-23,3,yes_no_choice,No,jev-1.13.0
2021,2021-04-23,3,who_choice,Joe Biden,jev-1.13.0
2025,2025-08-30,3,binary_probability,0.46,jev-1.13.0
2025,2025-08-30,3,yes_no_choice,Yes,jev-1.13.0
2025,2025-08-30,3,who_choice,Donald Trump,jev-1.13.0
2021,2021-10-20,3,binary_probability,0.02,jev-1.13.0
2021,2021-10-20,3,yes_no_choice,No,jev-1.13.0
2021,2021-10-20,3,who_choice,Joe Biden,jev-1.13.0
2021,2020-04-04,3,binary_probability,0.98,jev-1.13.0
2021,2020-04-04,3,yes_no_choice,Yes,jev-1.13.0
2021,2020-04-04,3,who_choice,Donald Trump,jev-1.13.0
2021,2020-09-09,3,binary_probability,0.98,jev-1.13.0
2021,2020-09-09,3,yes_no_choice,Yes,jev-1.13.0
2021,2020-09-09,3,who_choice,Donald Trump,jev-1.13.0
2021,2020-03-08,3,binary_probability,0.98,jev-1.13.0
2021,2020-03-08,3,yes_no_choice,Yes,jev-1.13.0
2021,2020-03-08,3,who_choice,Donald Trump,jev-1.13.0
2025,2024-11-26,3,binary_probability,0.18,jev-1.13.0
2025,2024-11-26,3,yes_no_choice,No,jev-1.13.0
2025,2024-11-26,3,who_choice,Joe Biden,jev-1.13.0
2021,2021-09-26,3,binary_probability,0.02,jev-1.13.0
2021,2021-09-26,3,yes_no_choice,No,jev-1.13.0
2021,2021-09-26,3,who_choice,Joe Biden,jev-1.13.0
2025,2024-05-27,3,binary_probability,0.06,jev-1.13.0
2025,2024-05-27,3,yes_no_choice,No,jev-1.13.0
2025,2024-05-27,3,who_choice,Joe Biden,jev-1.13.0
2021,2020-04-08,3,binary_probability,0.98,jev-1.13.0
2021,2020-04-08,3,yes_no_choice,Yes,jev-1.13.0
2021,2020-04-08,3,who_choice,Donald Trump,jev-1.13.0
2021,2020-07-20,3,binary_probability,0.98,jev-1.13.0
2021,2020-07-20,3,yes_no_choice,Yes,jev-1.13.0
2021,2020-07-20,3,who_choice,Donald Trump,jev-1.13.0
2021,2021-02-22,3,binary_probability,0.05,jev-1.13.0
2021,2021-02-22,3,yes_no_choice,No,jev-1.13.0
2021,2021-02-22,3,who_choice,Joe Biden,jev-1.13.0
2025,2025-12-09,3,binary_probability,0.53,jev-1.13.0
2025,2025-12-09,3,yes_no_choice,Yes,jev-1.13.0
2025,2025-12-09,3,who_choice,Donald Trump,jev-1.13.0
2025,2024-04-05,3,binary_probability,0.07,jev-1.13.0
2025,2024-04-05,3,yes_no_choice,No,jev-1.13.0
2025,2024-04-05,3,who_choice,Joe Biden,jev-1.13.0
2025,2025-06-04,3,binary_probability,0.49,jev-1.13.0
2025,2025-06-04,3,yes_no_choice,Yes,jev-1.13.0
2025,2025-06-04,3,who_choice,Donald Trump,jev-1.13.0
2021,2020-07-22,3,binary_probability,0.98,jev-1.13.0
2021,2020-07-22,3,yes_no_choice,Yes,jev-1.13.0
2021,2020-07-22,3,who_choice,Donald Trump,jev-1.13.0
2025,2025-08-12,3,binary_probability,0.41,jev-1.13.0
2025,2025-08-12,3,yes_no_choice,No,jev-1.13.0
2025,2025-08-12,3,who_choice,Donald Trump,jev-1.13.0
2025,2024-07-29,3,binary_probability,0.1,jev-1.13.0
2025,2024-07-29,3,yes_no_choice,No,jev-1.13.0
2025,2024-07-29,3,who_choice,Joe Biden,jev-1.13.0
2025,2025-11-27,3,binary_probability,0.53,jev-1.13.0
2025,2025-11-27,3,yes_no_choice,Yes,jev-1.13.0
2025,2025-11-27,3,who_choice,Donald Trump,jev-1.13.0
2025,2025-05-24,3,binary_probability,0.49,jev-1.13.0
2025,2025-05-24,3,yes_no_choice,Yes,jev-1.13.0
2025,2025-05-24,3,who_choice,Donald Trump,jev-1.13.0
2025,2024-09-06,3,binary_probability,0.08,jev-1.13.0
2025,2024-09-06,3,yes_no_choice,No,jev-1.13.0
2025,2024-09-06,3,who_choice,Joe Biden,jev-1.13.0
2025,2024-01-23,3,binary_probability,0.14,jev-1.13.0
2025,2024-01-23,3,yes_no_choice,No,jev-1.13.0
2025,2024-01-23,3,who_choice,Joe Biden,jev-1.13.0
2021,2020-02-28,3,binary_probability,0.99,jev-1.13.0
2021,2020-02-28,3,yes_no_choice,Yes,jev-1.13.0
2021,2020-02-28,3,who_choice,Donald Trump,jev-1.13.0
2025,2025-08-11,3,binary_probability,0.38,jev-1.13.0
2025,2025-08-11,3,yes_no_choice,No,jev-1.13.0
2025,2025-08-11,3,who_choice,Donald Trump,jev-1.13.0
2021,2021-07-30,3,binary_probability,0.02,jev-1.13.0
2021,2021-07-30,3,yes_no_choice,No,jev-1.13.0
2021,2021-07-30,3,who_choice,Joe Biden,jev-1.13.0
2021,2020-04-23,3,binary_probability,0.98,jev-1.13.0
2021,2020-04-23,3,yes_no_choice,Yes,jev-1.13.0
2021,2020-04-23,3,who_choice,Donald Trump,jev-1.13.0
2021,2020-10-03,3,binary_probability,0.98,jev-1.13.0
2021,2020-10-03,3,yes_no_choice,Yes,jev-1.13.0
2021,2020-10-03,3,who_choice,Donald Trump,jev-1.13.0
2021,2020-02-07,3,binary_probability,0.99,jev-1.13.0
2021,2020-02-07,3,yes_no_choice,Yes,jev-1.13.0
2021,2020-02-07,3,who_choice,Donald Trump,jev-1.13.0
2025,2025-10-15,3,binary_probability,0.48,jev-1.13.0
2025,2025-10-15,3,yes_no_choice,Yes,jev-1.13.0
2025,2025-10-15,3,who_choice,Donald Trump,jev-1.13.0
2025,2024-10-12,3,binary_probability,0.12,jev-1.13.0
2025,2024-10-12,3,yes_no_choice,No,jev-1.13.0
2025,2024-10-12,3,who_choice,Joe Biden,jev-1.13.0
2025,2025-10-21,3,binary_probability,0.47,jev-1.13.0
2025,2025-10-21,3,yes_no_choice,Yes,jev-1.13.0
2025,2025-10-21,3,who_choice,Donald Trump,jev-1.13.0
2025,2025-07-26,3,binary_probability,0.45,jev-1.13.0
2025,2025-07-26,3,yes_no_choice,Yes,jev-1.13.0
2025,2025-07-26,3,who_choice,Donald Trump,jev-1.13.0
2021,2021-07-16,3,binary_probability,0.02,jev-1.13.0
2021,2021-07-16,3,yes_no_choice,No,jev-1.13.0
2021,2021-07-16,3,who_choice,Joe Biden,jev-1.13.0
2025,2024-04-28,3,binary_probability,0.05,jev-1.13.0
2025,2024-04-28,3,yes_no_choice,No,jev-1.13.0
2025,2024-04-28,3,who_choice,Joe Biden,jev-1.13.0
2021,2021-05-15,3,binary_probability,0.03,jev-1.13.0
2021,2021-05-15,3,yes_no_choice,No,jev-1.13.0
2021,2021-05-15,3,who_choice,Joe Biden,jev-1.13.0
2025,2024-07-06,3,binary_probability,0.08,jev-1.13.0
2025,2024-07-06,3,yes_no_choice,No,jev-1.13.0
2025,2024-07-06,3,who_choice,Joe Biden,jev-1.13.0
2021,2020-11-30,3,binary_probability,0.95,jev-1.13.0
2021,2020-11-30,3,yes_no_choice,Yes,jev-1.13.0
2021,2020-11-30,3,who_choice,Donald Trump,jev-1.13.0
2021,2021-10-08,3,binary_probability,0.02,jev-1.13.0
2021,2021-10-08,3,yes_no_choice,No,jev-1.13.0
2021,2021-10-08,3,who_choice,Joe Biden,jev-1.13.0
2025,2024-12-10,3,binary_probability,0.36,jev-1.13.0
2025,2024-12-10,3,yes_no_choice,No,jev-1.13.0
2025,2024-12-10,3,who_choice,Donald Trump,jev-1.13.0
2021,2021-05-24,3,binary_probability,0.02,jev-1.13.0
2021,2021-05-24,3,yes_no_choice,No,jev-1.13.0
2021,2021-05-24,3,who_choice,Joe Biden,jev-1.13.0
2025,2024-07-15,3,binary_probability,0.1,jev-1.13.0
2025,2024-07-15,3,yes_no_choice,No,jev-1.13.0
2025,2024-07-15,3,who_choice,Joe Biden,jev-1.13.0
2021,2020-07-03,3,binary_probability,0.98,jev-1.13.0
2021,2020-07-03,3,yes_no_choice,Yes,jev-1.13.0
2021,2020-07-03,3,who_choice,Donald Trump,jev-1.13.0
2021,2021-03-27,3,binary_probability,0.03,jev-1.13.0
2021,2021-03-27,3,yes_no_choice,No,jev-1.13.0
2021,2021-03-27,3,who_choice,Joe Biden,jev-1.13.0
2021,2020-12-24,3,binary_probability,0.97,jev-1.13.0
2021,2020-12-24,3,yes_no_choice,Yes,jev-1.13.0
2021,2020-12-24,3,who_choice,Donald Trump,jev-1.13.0
2021,2020-03-28,3,binary_probability,0.98,jev-1.13.0
2021,2020-03-28,3,yes_no_choice,Yes,jev-1.13.0
2021,2020-03-28,3,who_choice,Donald Trump,jev-1.13.0
2021,2020-11-26,3,binary_probability,0.97,jev-1.13.0
2021,2020-11-26,3,yes_no_choice,Yes,jev-1.13.0
2021,2020-11-26,3,who_choice,Donald Trump,jev-1.13.0
2025,2024-11-20,3,binary_probability,0.27,jev-1.13.0
2025,2024-11-20,3,yes_no_choice,No,jev-1.13.0
2025,2024-11-20,3,who_choice,Joe Biden,jev-1.13.0
2025,2024-12-29,3,binary_probability,0.34,jev-1.13.0
2025,2024-12-29,3,yes_no_choice,No,jev-1.13.0
2025,2024-12-29,3,who_choice,Donald Trump,jev-1.13.0
2021,2020-10-12,3,binary_probability,0.98,jev-1.13.0
2021,2020-10-12,3,yes_no_choice,Yes,jev-1.13.0
2021,2020-10-12,3,who_choice,Donald Trump,jev-1.13.0
2021,2020-09-14,3,binary_probability,0.99,jev-1.13.0
2021,2020-09-14,3,yes_no_choice,Yes,jev-1.13.0
2021,2020-09-14,3,who_choice,Donald Trump,jev-1.13.0
2021,2021-01-11,3,binary_probability,0.95,jev-1.13.0
2021,2021-01-11,3,yes_no_choice,Yes,jev-1.13.0
2021,2021-01-11,3,who_choice,Joe Biden,jev-1.13.0
2025,2025-01-24,3,binary_probability,0.62,jev-1.13.0
2025,2025-01-24,3,yes_no_choice,Yes,jev-1.13.0
2025,2025-01-24,3,who_choice,Donald Trump,jev-1.13.0
2021,2020-06-23,3,binary_probability,0.99,jev-1.13.0
2021,2020-06-23,3,yes_no_choice,Yes,jev-1.13.0
2021,2020-06-23,3,who_choice,Donald Trump,jev-1.13.0
2025,2025-06-02,3,binary_probability,0.47,jev-1.13.0
2025,2025-06-02,3,yes_no_choice,Yes,jev-1.13.0
2025,2025-06-02,3,who_choice,Donald Trump,jev-1.13.0
2021,2021-01-17,3,binary_probability,0.96,jev-1.13.0
2021,2021-01-17,3,yes_no_choice,Yes,jev-1.13.0
2021,2021-01-17,3,who_choice,Donald Trump,jev-1.13.0
2025,2025-08-21,3,binary_probability,0.38,jev-1.13.0
2025,2025-08-21,3,yes_no_choice,No,jev-1.13.0
2025,2025-08-21,3,who_choice,Donald Trump,jev-1.13.0
2025,2025-12-11,3,binary_probability,0.56,jev-1.13.0
2025,2025-12-11,3,yes_no_choice,Yes,jev-1.13.0
2025,2025-12-11,3,who_choice,Donald Trump,jev-1.13.0
2021,2020-08-28,3,binary_probability,0.99,jev-1.13.0
2021,2020-08-28,3,yes_no_choice,Yes,jev-1.13.0
2021,2020-08-28,3,who_choice,Donald Trump,jev-1.13.0
2025,2024-12-02,3,binary_probability,0.27,jev-1.13.0
2025,2024-12-02,3,yes_no_choice,No,jev-1.13.0
2025,2024-12-02,3,who_choice,Donald Trump,jev-1.13.0
2025,2024-07-23,3,binary_probability,0.11,jev-1.13.0
2025,2024-07-23,3,yes_no_choice,No,jev-1.13.0
2025,2024-07-23,3,who_choice,Joe Biden,jev-1.13.0
2025,2025-03-03,3,binary_probability,0.55,jev-1.13.0
2025,2025-03-03,3,yes_no_choice,Yes,jev-1.13.0
2025,2025-03-03,3,who_choice,Donald Trump,jev-1.13.0
2025,2026-01-11,3,binary_probability,0.47,jev-1.13.0
2025,2026-01-11,3,yes_no_choice,Yes,jev-1.13.0
2025,2026-01-11,3,who_choice,Donald Trump,jev-1.13.0
2021,2021-01-07,3,binary_probability,0.96,jev-1.13.0
2021,2021-01-07,3,yes_no_choice,Yes,jev-1.13.0
2021,2021-01-07,3,who_choice,Donald Trump,jev-1.13.0
2025,2024-11-03,3,binary_probability,0.27,jev-1.13.0
2025,2024-11-03,3,yes_no_choice,No,jev-1.13.0
2025,2024-11-03,3,who_choice,Joe Biden,jev-1.13.0
2025,2025-05-03,3,binary_probability,0.53,jev-1.13.0
2025,2025-05-03,3,yes_no_choice,Yes,jev-1.13.0
2025,2025-05-03,3,who_choice,Donald Trump,jev-1.13.0
2025,2026-01-05,3,binary_probability,0.44,jev-1.13.0
2025,2026-01-05,3,yes_no_choice,Yes,jev-1.13.0
2025,2026-01-05,3,who_choice,Donald Trump,jev-1.13.0
2021,2021-07-17,3,binary_probability,0.02,jev-1.13.0
2021,2021-07-17,3,yes_no_choice,No,jev-1.13.0
2021,2021-07-17,3,who_choice,Joe Biden,jev-1.13.0
2021,2020-12-17,3,binary_probability,0.97,jev-1.13.0
2021,2020-12-17,3,yes_no_choice,Yes,jev-1.13.0
2021,2020-12-17,3,who_choice,Donald Trump,jev-1.13.0
2021,2022-01-11,3,binary_probability,0.08,jev-1.13.0
2021,2022-01-11,3,yes_no_choice,No,jev-1.13.0
2021,2022-01-11,3,who_choice,Joe Biden,jev-1.13.0
2025,2024-12-16,3,binary_probability,0.29,jev-1.13.0
2025,2024-12-16,3,yes_no_choice,No,jev-1.13.0
2025,2024-12-16,3,who_choice,Donald Trump,jev-1.13.0
2025,2024-07-01,3,binary_probability,0.07,jev-1.13.0
2025,2024-07-01,3,yes_no_choice,No,jev-1.13.0
2025,2024-07-01,3,who_choice,Joe Biden,jev-1.13.0
2021,2022-01-10,3,binary_probability,0.09,jev-1.13.0
2021,2022-01-10,3,yes_no_choice,No,jev-1.13.0
2021,2022-01-10,3,who_choice,Joe Biden,jev-1.13.0
2025,2025-05-01,3,binary_probability,0.42,jev-1.13.0
2025,2025-05-01,3,yes_no_choice,No,jev-1.13.0
2025,2025-05-01,3,who_choice,Donald Trump,jev-1.13.0
2021,2021-05-13,3,binary_probability,0.03,jev-1.13.0
2021,2021-05-13,3,yes_no_choice,No,jev-1.13.0
2021,2021-05-13,3,who_choice,Joe Biden,jev-1.13.0
2025,2024-04-27,3,binary_probability,0.05,jev-1.13.0
2025,2024-04-27,3,yes_no_choice,No,jev-1.13.0
2025,2024-04-27,3,who_choice,Joe Biden,jev-1.13.0
2021,2021-02-20,3,binary_probability,0.05,jev-1.13.0
2021,2021-02-20,3,yes_no_choice,No,jev-1.13.0
2021,2021-02-20,3,who_choice,Joe Biden,jev-1.13.0
2021,2020-02-05,3,binary_probability,0.99,jev-1.13.0
2021,2020-02-05,3,yes_no_choice,Yes,jev-1.13.0
2021,2020-02-05,3,who_choice,Donald Trump,jev-1.13.0
2025,2024-10-19,3,binary_probability,0.09,jev-1.13.0
2025,2024-10-19,3,yes_no_choice,No,jev-1.13.0
2025,2024-10-19,3,who_choice,Joe Biden,jev-1.13.0
2025,2024-11-11,3,binary_probability,0.23,jev-1.13.0
2025,2024-11-11,3,yes_no_choice,No,jev-1.13.0
2025,2024-11-11,3,who_choice,Joe Biden,jev-1.13.0
2025,2025-12-29,3,binary_probability,0.6,jev-1.13.0
2025,2025-12-29,3,yes_no_choice,Yes,jev-1.13.0
2025,2025-12-29,3,who_choice,Donald Trump,jev-1.13.0
2025,2024-05-09,3,binary_probability,0.07,jev-1.13.0
2025,2024-05-09,3,yes_no_choice,No,jev-1.13.0
2025,2024-05-09,3,who_choice,Joe Biden,jev-1.13.0
2025,2024-10-18,3,binary_probability,0.13,jev-1.13.0
2025,2024-10-18,3,yes_no_choice,No,jev-1.13.0
2025,2024-10-18,3,who_choice,Joe Biden,jev-1.13.0
2021,2021-04-18,3,binary_probability,0.03,jev-1.13.0
2021,2021-04-18,3,yes_no_choice,No,jev-1.13.0
2021,2021-04-18,3,who_choice,Joe Biden,jev-1.13.0
2025,2025-04-29,3,binary_probability,0.43,jev-1.13.0
2025,2025-04-29,3,yes_no_choice,No,jev-1.13.0
2025,2025-04-29,3,who_choice,Donald Trump,jev-1.13.0
2025,2024-04-15,3,binary_probability,0.06,jev-1.13.0
2025,2024-04-15,3,yes_no_choice,No,jev-1.13.0
2025,2024-04-15,3,who_choice,Joe Biden,jev-1.13.0
2021,2021-11-11,3,binary_probability,0.02,jev-1.13.0
2021,2021-11-11,3,yes_no_choice,No,jev-1.13.0
2021,2021-11-11,3,who_choice,Joe Biden,jev-1.13.0
2025,2025-07-21,3,binary_probability,0.37,jev-1.13.0
2025,2025-07-21,3,yes_no_choice,Yes,jev-1.13.0
2025,2025-07-21,3,who_choice,Donald Trump,jev-1.13.0
2021,2020-06-07,3,binary_probability,0.98,jev-1.13.0
2021,2020-06-07,3,yes_no_choice,Yes,jev-1.13.0
2021,2020-06-07,3,who_choice,Donald Trump,jev-1.13.0
2025,2024-06-04,3,binary_probability,0.06,jev-1.13.0
2025,2024-06-04,3,yes_no_choice,No,jev-1.13.0
2025,2024-06-04,3,who_choice,Joe Biden,jev-1.13.0
2025,2025-11-17,3,binary_probability,0.51,jev-1.13.0
2025,2025-11-17,3,yes_no_choice,Yes,jev-1.13.0
2025,2025-11-17,3,who_choice,Donald Trump,jev-1.13.0
2025,2024-09-16,3,binary_probability,0.08,jev-1.13.0
2025,2024-09-16,3,yes_no_choice,No,jev-1.13.0
2025,2024-09-16,3,who_choice,Joe Biden,jev-1.13.0
2021,2021-02-24,3,binary_probability,0.06,jev-1.13.0
2021,2021-02-24,3,yes_no_choice,No,jev-1.13.0
2021,2021-02-24,3,who_choice,Joe Biden,jev-1.13.0
2025,2025-01-29,3,binary_probability,0.56,jev-1.13.0
2025,2025-01-29,3,yes_no_choice,Yes,jev-1.13.0
2025,2025-01-29,3,who_choice,Donald Trump,jev-1.13.0
2025,2026-01-14,3,binary_probability,0.42,jev-1.13.0
2025,2026-01-14,3,yes_no_choice,Yes,jev-1.13.0
2025,2026-01-14,3,who_choice,Donald Trump,jev-1.13.0
2025,2024-02-27,3,binary_probability,0.05,jev-1.13.0
2025,2024-02-27,3,yes_no_choice,No,jev-1.13.0
2025,2024-02-27,3,who_choice,Joe Biden,jev-1.13.0
2025,2024-05-30,3,binary_probability,0.07,jev-1.13.0
2025,2024-05-30,3,yes_no_choice,No,jev-1.13.0
2025,2024-05-30,3,who_choice,Joe Biden,jev-1.13.0
2025,2025-04-25,3,binary_probability,0.52,jev-1.13.0
2025,2025-04-25,3,yes_no_choice,Yes,jev-1.13.0
2025,2025-04-25,3,who_choice,Donald Trump,jev-1.13.0
2021,2021-04-10,3,binary_probability,0.03,jev-1.13.0
2021,2021-04-10,3,yes_no_choice,No,jev-1.13.0
2021,2021-04-10,3,who_choice,Joe Biden,jev-1.13.0
2021,2020-01-24,3,binary_probability,0.98,jev-1.13.0
2021,2020-01-24,3,yes_no_choice,Yes,jev-1.13.0
2021,2020-01-24,3,who_choice,Donald Trump,jev-1.13.0
2025,2025-10-06,3,binary_probability,0.44,jev-1.13.0
2025,2025-10-06,3,yes_no_choice,Yes,jev-1.13.0
2025,2025-10-06,3,who_choice,Donald Trump,jev-1.13.0
2021,2020-12-25,3,binary_probability,0.97,jev-1.13.0
2021,2020-12-25,3,yes_no_choice,Yes,jev-1.13.0
2021,2020-12-25,3,who_choice,Donald Trump,jev-1.13.0
2021,2020-02-20,3,binary_probability,0.99,jev-1.13.0
2021,2020-02-20,3,yes_no_choice,Yes,jev-1.13.0
2021,2020-02-20,3,who_choice,Donald Trump,jev-1.13.0
2021,2021-07-31,3,binary_probability,0.02,jev-1.13.0
2021,2021-07-31,3,yes_no_choice,No,jev-1.13.0
2021,2021-07-31,3,who_choice,Joe Biden,jev-1.13.0
2021,2021-09-03,3,binary_probability,0.02,jev-1.13.0
2021,2021-09-03,3,yes_no_choice,No,jev-1.13.0
2021,2021-09-03,3,who_choice,Joe Biden,jev-1.13.0
2021,2020-06-30,3,binary_probability,0.98,jev-1.13.0
2021,2020-06-30,3,yes_no_choice,Yes,jev-1.13.0
2021,2020-06-30,3,who_choice,Donald Trump,jev-1.13.0
2021,2021-12-16,3,binary_probability,0.02,jev-1.13.0
2021,2021-12-16,3,yes_no_choice,No,jev-1.13.0
2021,2021-12-16,3,who_choice,Joe Biden,jev-1.13.0
2021,2020-05-31,3,binary_probability,0.98,jev-1.13.0
2021,2020-05-31,3,yes_no_choice,Yes,jev-1.13.0
2021,2020-05-31,3,who_choice,Donald Trump,jev-1.13.0
2025,2025-07-22,3,binary_probability,0.4,jev-1.13.0
2025,2025-07-22,3,yes_no_choice,No,jev-1.13.0
2025,2025-07-22,3,who_choice,Donald Trump,jev-1.13.0
2025,2024-06-14,3,binary_probability,0.06,jev-1.13.0
2025,2024-06-14,3,yes_no_choice,No,jev-1.13.0
2025,2024-06-14,3,who_choice,Joe Biden,jev-1.13.0
2025,2025-02-10,3,binary_probability,0.63,jev-1.13.0
2025,2025-02-10,3,yes_no_choice,Yes,jev-1.13.0
2025,2025-02-10,3,who_choice,Donald Trump,jev-1.13.0
2021,2021-10-22,3,binary_probability,0.02,jev-1.13.0
2021,2021-10-22,3,yes_no_choice,No,jev-1.13.0
2021,2021-10-22,3,who_choice,Joe Biden,jev-1.13.0
2025,2025-03-21,3,binary_probability,0.58,jev-1.13.0
2025,2025-03-21,3,yes_no_choice,Yes,jev-1.13.0
2025,2025-03-21,3,who_choice,Donald Trump,jev-1.13.0
2021,2021-04-22,3,binary_probability,0.04,jev-1.13.0
2021,2021-04-22,3,yes_no_choice,No,jev-1.13.0
2021,2021-04-22,3,who_choice,Joe Biden,jev-1.13.0
2021,2021-10-03,3,binary_probability,0.02,jev-1.13.0
2021,2021-10-03,3,yes_no_choice,No,jev-1.13.0
2021,2021-10-03,3,who_choice,Joe Biden,jev-1.13.0
2021,2020-12-27,3,binary_probability,0.96,jev-1.13.0
2021,2020-12-27,3,yes_no_choice,Yes,jev-1.13.0
2021,2020-12-27,3,who_choice,Donald Trump,jev-1.13.0
2025,2025-10-28,3,binary_probability,0.5,jev-1.13.0
2025,2025-10-28,3,yes_no_choice,Yes,jev-1.13.0
2025,2025-10-28,3,who_choice,Donald Trump,jev-1.13.0
2025,2024-09-02,3,binary_probability,0.08,jev-1.13.0
2025,2024-09-02,3,yes_no_choice,No,jev-1.13.0
2025,2024-09-02,3,who_choice,Joe Biden,jev-1.13.0
2025,2025-01-08,3,binary_probability,0.48,jev-1.13.0
2025,2025-01-08,3,yes_no_choice,Yes,jev-1.13.0
2025,2025-01-08,3,who_choice,Donald Trump,jev-1.13.0
2025,2024-12-17,3,binary_probability,0.23,jev-1.13.0
2025,2024-12-17,3,yes_no_choice,No,jev-1.13.0
2025,2024-12-17,3,who_choice,Donald Trump,jev-1.13.0
2021,2020-05-23,3,binary_probability,0.98,jev-1.13.0
2021,2020-05-23,3,yes_no_choice,Yes,jev-1.13.0
2021,2020-05-23,3,who_choice,Donald Trump,jev-1.13.0
2025,2025-05-11,3,binary_probability,0.5,jev-1.13.0
2025,2025-05-11,3,yes_no_choice,Yes,jev-1.13.0
2025,2025-05-11,3,who_choice,Donald Trump,jev-1.13.0
2021,2020-07-18,3,binary_probability,0.98,jev-1.13.0
2021,2020-07-18,3,yes_no_choice,Yes,jev-1.13.0
2021,2020-07-18,3,who_choice,Donald Trump,jev-1.13.0
2021,2021-12-26,3,binary_probability,0.02,jev-1.13.0
2021,2021-12-26,3,yes_no_choice,No,jev-1.13.0
2021,2021-12-26,3,who_choice,Joe Biden,jev-1.13.0
2025,2025-10-19,3,binary_probability,0.47,jev-1.13.0
2025,2025-10-19,3,yes_no_choice,Yes,jev-1.13.0
2025,2025-10-19,3,who_choice,Donald Trump,jev-1.13.0
2021,2020-08-27,3,binary_probability,0.99,jev-1.13.0
2021,2020-08-27,3,yes_no_choice,Yes,jev-1.13.0
2021,2020-08-27,3,who_choice,Donald Trump,jev-1.13.0
2021,2021-05-17,3,binary_probability,0.03,jev-1.13.0
2021,2021-05-17,3,yes_no_choice,No,jev-1.13.0
2021,2021-05-17,3,who_choice,Joe Biden,jev-1.13.0
2025,2025-07-31,3,binary_probability,0.46,jev-1.13.0
2025,2025-07-31,3,yes_no_choice,Yes,jev-1.13.0
2025,2025-07-31,3,who_choice,Donald Trump,jev-1.13.0
2021,2020-03-10,3,binary_probability,0.99,jev-1.13.0
2021,2020-03-10,3,yes_no_choice,Yes,jev-1.13.0
2021,2020-03-10,3,who_choice,Donald Trump,jev-1.13.0
2025,2024-10-25,3,binary_probability,0.12,jev-1.13.0
2025,2024-10-25,3,yes_no_choice,No,jev-1.13.0
2025,2024-10-25,3,who_choice,Joe Biden,jev-1.13.0
2025,2024-10-26,3,binary_probability,0.19,jev-1.13.0
2025,2024-10-26,3,yes_no_choice,No,jev-1.13.0
2025,2024-10-26,3,who_choice,Joe Biden,jev-1.13.0
2021,2021-06-11,3,binary_probability,0.02,jev-1.13.0
2021,2021-06-11,3,yes_no_choice,No,jev-1.13.0
2021,2021-06-11,3,who_choice,Joe Biden,jev-1.13.0
2021,2021-11-15,3,binary_probability,0.02,jev-1.13.0
2021,2021-11-15,3,yes_no_choice,No,jev-1.13.0
2021,2021-11-15,3,who_choice,Joe Biden,jev-1.13.0
2021,2021-11-10,3,binary_probability,0.02,jev-1.13.0
2021,2021-11-10,3,yes_no_choice,No,jev-1.13.0
2021,2021-11-10,3,who_choice,Joe Biden,jev-1.13.0
2025,2024-04-03,3,binary_probability,0.06,jev-1.13.0
2025,2024-04-03,3,yes_no_choice,No,jev-1.13.0
2025,2024-04-03,3,who_choice,Joe Biden,jev-1.13.0
2025,2025-07-16,3,binary_probability,0.44,jev-1.13.0
2025,2025-07-16,3,yes_no_choice,No,jev-1.13.0
2025,2025-07-16,3,who_choice,Donald Trump,jev-1.13.0
2021,2021-04-06,3,binary_probability,0.03,jev-1.13.0
2021,2021-04-06,3,yes_no_choice,No,jev-1.13.0
2021,2021-04-06,3,who_choice,Joe Biden,jev-1.13.0
2025,2024-11-29,3,binary_probability,0.23,jev-1.13.0
2025,2024-11-29,3,yes_no_choice,No,jev-1.13.0
2025,2024-11-29,3,who_choice,Joe Biden,jev-1.13.0
2025,2025-04-16,3,binary_probability,0.52,jev-1.13.0
2025,2025-04-16,3,yes_no_choice,Yes,jev-1.13.0
2025,2025-04-16,3,who_choice,Donald Trump,jev-1.13.0
2025,2024-03-20,3,binary_probability,0.12,jev-1.13.0
2025,2024-03-20,3,yes_no_choice,No,jev-1.13.0
2025,2024-03-20,3,who_choice,Joe Biden,jev-1.13.0
2025,2025-07-20,3,binary_probability,0.43,jev-1.13.0
2025,2025-07-20,3,yes_no_choice,Yes,jev-1.13.0
2025,2025-07-20,3,who_choice,Donald Trump,jev-1.13.0
2021,2022-01-07,3,binary_probability,0.27,jev-1.13.0
2021,2022-01-07,3,yes_no_choice,No,jev-1.13.0
2021,2022-01-07,3,who_choice,Joe Biden,jev-1.13.0
2021,2021-08-21,3,binary_probability,0.02,jev-1.13.0
2021,2021-08-21,3,yes_no_choice,No,jev-1.13.0
2021,2021-08-21,3,who_choice,Joe Biden,jev-1.13.0
2021,2021-11-17,3,binary_probability,0.02,jev-1.13.0
2021,2021-11-17,3,yes_no_choice,No,jev-1.13.0
2021,2021-11-17,3,who_choice,Joe Biden,jev-1.13.0
2021,2020-07-24,3,binary_probability,0.99,jev-1.13.0
2021,2020-07-24,3,yes_no_choice,Yes,jev-1.13.0
2021,2020-07-24,3,who_choice,Donald Trump,jev-1.13.0
2025,2024-06-20,3,binary_probability,0.08,jev-1.13.0
2025,2024-06-20,3,yes_no_choice,No,jev-1.13.0
2025,2024-06-20,3,who_choice,Joe Biden,jev-1.13.0
2021,2021-10-31,3,binary_probability,0.02,jev-1.13.0
2021,2021-10-31,3,yes_no_choice,No,jev-1.13.0
2021,2021-10-31,3,who_choice,Joe Biden,jev-1.13.0
2021,2021-04-27,3,binary_probability,0.03,jev-1.13.0
2021,2021-04-27,3,yes_no_choice,No,jev-1.13.0
2021,2021-04-27,3,who_choice,Joe Biden,jev-1.13.0
2021,2020-08-23,3,binary_probability,0.99,jev-1.13.0
2021,2020-08-23,3,yes_no_choice,Yes,jev-1.13.0
2021,2020-08-23,3,who_choice,Donald Trump,jev-1.13.0
2021,2021-08-27,3,binary_probability,0.02,jev-1.13.0
2021,2021-08-27,3,yes_no_choice,No,jev-1.13.0
2021,2021-08-27,3,who_choice,Joe Biden,jev-1.13.0
2021,2020-03-05,3,binary_probability,0.98,jev-1.13.0
2021,2020-03-05,3,yes_no_choice,Yes,jev-1.13.0
2021,2020-03-05,3,who_choice,Donald Trump,jev-1.13.0
2025,2024-09-21,3,binary_probability,0.04,jev-1.13.0
2025,2024-09-21,3,yes_no_choice,No,jev-1.13.0
2025,2024-09-21,3,who_choice,Joe Biden,jev-1.13.0
2021,2020-10-24,3,binary_probability,0.99,jev-1.13.0
2021,2020-10-24,3,yes_no_choice,Yes,jev-1.13.0
2021,2020-10-24,3,who_choice,Donald Trump,jev-1.13.0
2025,2025-02-28,3,binary_probability,0.63,jev-1.13.0
2025,2025-02-28,3,yes_no_choice,Yes,jev-1.13.0
2025,2025-02-28,3,who_choice,Donald Trump,jev-1.13.0
2025,2024-02-28,3,binary_probability,0.08,jev-1.13.0
2025,2024-02-28,3,yes_no_choice,No,jev-1.13.0
2025,2024-02-28,3,who_choice,Joe Biden,jev-1.13.0
2025,2025-01-30,3,binary_probability,0.57,jev-1.13.0
2025,2025-01-30,3,yes_no_choice,Yes,jev-1.13.0
2025,2025-01-30,3,who_choice,Donald Trump,jev-1.13.0
2025,2024-11-02,3,binary_probability,0.27,jev-1.13.0
2025,2024-11-02,3,yes_no_choice,No,jev-1.13.0
2025,2024-11-02,3,who_choice,Joe Biden,jev-1.13.0
2021,2020-03-17,3,binary_probability,0.98,jev-1.13.0
2021,2020-03-17,3,yes_no_choice,Yes,jev-1.13.0
2021,2020-03-17,3,who_choice,Donald Trump,jev-1.13.0
2021,2020-11-28,3,binary_probability,0.97,jev-1.13.0
2021,2020-11-28,3,yes_no_choice,Yes,jev-1.13.0
2021,2020-11-28,3,who_choice,Donald Trump,jev-1.13.0
2025,2025-09-03,3,binary_probability,0.42,jev-1.13.0
2025,2025-09-03,3,yes_no_choice,No,jev-1.13.0
2025,2025-09-03,3,who_choice,Donald Trump,jev-1.13.0
2025,2024-06-12,3,binary_probability,0.07,jev-1.13.0
2025,2024-06-12,3,yes_no_choice,No,jev-1.13.0
2025,2024-06-12,3,who_choice,Joe Biden,jev-1.13.0
2025,2025-04-26,3,binary_probability,0.52,jev-1.13.0
2025,2025-04-26,3,yes_no_choice,Yes,jev-1.13.0
2025,2025-04-26,3,who_choice,Donald Trump,jev-1.13.0
2021,2020-02-26,3,binary_probability,0.99,jev-1.13.0
2021,2020-02-26,3,yes_no_choice,Yes,jev-1.13.0
2021,2020-02-26,3,who_choice,Donald Trump,jev-1.13.0
2025,2024-11-08,3,binary_probability,0.21,jev-1.13.0
2025,2024-11-08,3,yes_no_choice,No,jev-1.13.0
2025,2024-11-08,3,who_choice,Joe Biden,jev-1.13.0
2025,2025-08-20,3,binary_probability,0.41,jev-1.13.0
2025,2025-08-20,3,yes_no_choice,No,jev-1.13.0
2025,2025-08-20,3,who_choice,Donald Trump,jev-1.13.0
2021,2021-01-31,3,binary_probability,0.26,jev-1.13.0
2021,2021-01-31,3,yes_no_choice,No,jev-1.13.0
2021,2021-01-31,3,who_choice,Joe Biden,jev-1.13.0
2021,2021-06-21,3,binary_probability,0.02,jev-1.13.0
2021,2021-06-21,3,yes_no_choice,No,jev-1.13.0
2021,2021-06-21,3,who_choice,Joe Biden,jev-1.13.0
2021,2020-09-25,3,binary_probability,0.99,jev-1.13.0
2021,2020-09-25,3,yes_no_choice,Yes,jev-1.13.0
2021,2020-09-25,3,who_choice,Donald Trump,jev-1.13.0
2021,2021-09-20,3,binary_probability,0.02,jev-1.13.0
2021,2021-09-20,3,yes_no_choice,No,jev-1.13.0
2021,2021-09-20,3,who_choice,Joe Biden,jev-1.13.0
2021,2020-12-23,3,binary_probability,0.97,jev-1.13.0
2021,2020-12-23,3,yes_no_choice,Yes,jev-1.13.0
2021,2020-12-23,3,who_choice,Donald Trump,jev-1.13.0
2025,2025-12-10,3,binary_probability,0.56,jev-1.13.0
2025,2025-12-10,3,yes_no_choice,Yes,jev-1.13.0
2025,2025-12-10,3,who_choice,Donald Trump,jev-1.13.0
2021,2020-03-14,3,binary_probability,0.98,jev-1.13.0
2021,2020-03-14,3,yes_no_choice,Yes,jev-1.13.0
2021,2020-03-14,3,who_choice,Donald Trump,jev-1.13.0
2021,2021-03-24,3,binary_probability,0.03,jev-1.13.0
2021,2021-03-24,3,yes_no_choice,No,jev-1.13.0
2021,2021-03-24,3,who_choice,Joe Biden,jev-1.13.0
2025,2024-05-28,3,binary_probability,0.06,jev-1.13.0
2025,2024-05-28,3,yes_no_choice,No,jev-1.13.0
2025,2024-05-28,3,who_choice,Joe Biden,jev-1.13.0
2021,2021-08-29,3,binary_probability,0.02,jev-1.13.0
2021,2021-08-29,3,yes_no_choice,No,jev-1.13.0
2021,2021-08-29,3,who_choice,Joe Biden,jev-1.13.0
2025,2025-05-30,3,binary_probability,0.53,jev-1.13.0
2025,2025-05-30,3,yes_no_choice,Yes,jev-1.13.0
2025,2025-05-30,3,who_choice,Donald Trump,jev-1.13.0
2025,2025-02-07,3,binary_probability,0.7,jev-1.13.0
2025,2025-02-07,3,yes_no_choice,Yes,jev-1.13.0
2025,2025-02-07,3,who_choice,Donald Trump,jev-1.13.0
2025,2025-03-25,3,binary_probability,0.59,jev-1.13.0
2025,2025-03-25,3,yes_no_choice,Yes,jev-1.13.0
2025,2025-03-25,3,who_choice,Donald Trump,jev-1.13.0
2025,2025-04-15,3,binary_probability,0.49,jev-1.13.0
2025,2025-04-15,3,yes_no_choice,No,jev-1.13.0
2025,2025-04-15,3,who_choice,Donald Trump,jev-1.13.0
2025,2025-03-02,3,binary_probability,0.64,jev-1.13.0
2025,2025-03-02,3,yes_no_choice,Yes,jev-1.13.0
2025,2025-03-02,3,who_choice,Donald Trump,jev-1.13.0
2021,2020-08-20,3,binary_probability,0.99,jev-1.13.0
2021,2020-08-20,3,yes_no_choice,Yes,jev-1.13.0
2021,2020-08-20,3,who_choice,Donald Trump,jev-1.13.0
2021,2021-03-11,3,binary_probability,0.03,jev-1.13.0
2021,2021-03-11,3,yes_no_choice,No,jev-1.13.0
2021,2021-03-11,3,who_choice,Joe Biden,jev-1.13.0
2021,2021-03-10,3,binary_probability,0.03,jev-1.13.0
2021,2021-03-10,3,yes_no_choice,No,jev-1.13.0
2021,2021-03-10,3,who_choice,Joe Biden,jev-1.13.0
2021,2020-03-06,3,binary_probability,0.98,jev-1.13.0
2021,2020-03-06,3,yes_no_choice,Yes,jev-1.13.0
2021,2020-03-06,3,who_choice,Donald Trump,jev-1.13.0
2025,2025-06-27,3,binary_probability,0.47,jev-1.13.0
2025,2025-06-27,3,yes_no_choice,No,jev-1.13.0
2025,2025-06-27,3,who_choice,Donald Trump,jev-1.13.0
2021,2020-03-26,3,binary_probability,0.98,jev-1.13.0
2021,2020-03-26,3,yes_no_choice,Yes,jev-1.13.0
2021,2020-03-26,3,who_choice,Donald Trump,jev-1.13.0
2021,2020-08-13,3,binary_probability,0.99,jev-1.13.0
2021,2020-08-13,3,yes_no_choice,Yes,jev-1.13.0
2021,2020-08-13,3,who_choice,Donald Trump,jev-1.13.0
2021,2021-07-21,3,binary_probability,0.02,jev-1.13.0
2021,2021-07-21,3,yes_no_choice,No,jev-1.13.0
2021,2021-07-21,3,who_choice,Joe Biden,jev-1.13.0
2021,2020-10-05,3,binary_probability,0.99,jev-1.13.0
2021,2020-10-05,3,yes_no_choice,Yes,jev-1.13.0
2021,2020-10-05,3,who_choice,Donald Trump,jev-1.13.0
2021,2021-07-25,3,binary_probability,0.02,jev-1.13.0
2021,2021-07-25,3,yes_no_choice,No,jev-1.13.0
2021,2021-07-25,3,who_choice,Joe Biden,jev-1.13.0
2021,2020-03-11,3,binary_probability,0.99,jev-1.13.0
2021,2020-03-11,3,yes_no_choice,Yes,jev-1.13.0
2021,2020-03-11,3,who_choice,Donald Trump,jev-1.13.0
2025,2024-02-16,3,binary_probability,0.08,jev-1.13.0
2025,2024-02-16,3,yes_no_choice,No,jev-1.13.0
2025,2024-02-16,3,who_choice,Joe Biden,jev-1.13.0
2025,2025-02-23,3,binary_probability,0.68,jev-1.13.0
2025,2025-02-23,3,yes_no_choice,Yes,jev-1.13.0
2025,2025-02-23,3,who_choice,Donald Trump,jev-1.13.0
2025,2024-10-05,3,binary_probability,0.11,jev-1.13.0
2025,2024-10-05,3,yes_no_choice,No,jev-1.13.0
2025,2024-10-05,3,who_choice,Joe Biden,jev-1.13.0
2025,2024-11-19,3,binary_probability,0.3,jev-1.13.0
2025,2024-11-19,3,yes_no_choice,No,jev-1.13.0
2025,2024-11-19,3,who_choice,Donald Trump,jev-1.13.0
2021,2020-10-23,3,binary_probability,0.98,jev-1.13.0
2021,2020-10-23,3,yes_no_choice,Yes,jev-1.13.0
2021,2020-10-23,3,who_choice,Donald Trump,jev-1.13.0
2025,2025-01-20,3,binary_probability,0.69,jev-1.13.0
2025,2025-01-20,3,yes_no_choice,Yes,jev-1.13.0
2025,2025-01-20,3,who_choice,Donald Trump,jev-1.13.0
2021,2021-06-12,3,binary_probability,0.02,jev-1.13.0
2021,2021-06-12,3,yes_no_choice,No,jev-1.13.0
2021,2021-06-12,3,who_choice,Joe Biden,jev-1.13.0
2021,2020-12-11,3,binary_probability,0.98,jev-1.13.0
2021,2020-12-11,3,yes_no_choice,Yes,jev-1.13.0
2021,2020-12-11,3,who_choice,Donald Trump,jev-1.13.0
2021,2020-05-05,3,binary_probability,0.99,jev-1.13.0
2021,2020-05-05,3,yes_no_choice,Yes,jev-1.13.0
2021,2020-05-05,3,who_choice,Donald Trump,jev-1.13.0
2025,2025-01-07,3,binary_probability,0.33,jev-1.13.0
2025,2025-01-07,3,yes_no_choice,No,jev-1.13.0
2025,2025-01-07,3,who_choice,Donald Trump,jev-1.13.0
2025,2025-06-07,3,binary_probability,0.54,jev-1.13.0
2025,2025-06-07,3,yes_no_choice,Yes,jev-1.13.0
2025,2025-06-07,3,who_choice,Donald Trump,jev-1.13.0
2021,2020-05-09,3,binary_probability,0.99,jev-1.13.0
2021,2020-05-09,3,yes_no_choice,Yes,jev-1.13.0
2021,2020-05-09,3,who_choice,Donald Trump,jev-1.13.0
2025,2024-04-22,3,binary_probability,0.06,jev-1.13.0
2025,2024-04-22,3,yes_no_choice,No,jev-1.13.0
2025,2024-04-22,3,who_choice,Joe Biden,jev-1.13.0
2025,2024-01-27,3,binary_probability,0.12,jev-1.13.0
2025,2024-01-27,3,yes_no_choice,No,jev-1.13.0
2025,2024-01-27,3,who_choice,Joe Biden,jev-1.13.0
2025,2024-07-22,3,binary_probability,0.09,jev-1.13.0
2025,2024-07-22,3,yes_no_choice,No,jev-1.13.0
2025,2024-07-22,3,who_choice,Joe Biden,jev-1.13.0
2021,2020-07-08,3,binary_probability,0.98,jev-1.13.0
2021,2020-07-08,3,yes_no_choice,Yes,jev-1.13.0
2021,2020-07-08,3,who_choice,Donald Trump,jev-1.13.0
2025,2025-01-11,3,binary_probability,0.58,jev-1.13.0
2025,2025-01-11,3,yes_no_choice,Yes,jev-1.13.0
2025,2025-01-11,3,who_choice,Donald Trump,jev-1.13.0
2025,2025-07-24,3,binary_probability,0.48,jev-1.13.0
2025,2025-07-24,3,yes_no_choice,Yes,jev-1.13.0
2025,2025-07-24,3,who_choice,Donald Trump,jev-1.13.0
2025,2024-06-24,3,binary_probability,0.06,jev-1.13.0
2025,2024-06-24,3,yes_no_choice,No,jev-1.13.0
2025,2024-06-24,3,who_choice,Joe Biden,jev-1.13.0
2021,2022-01-17,3,binary_probability,0.05,jev-1.13.0
2021,2022-01-17,3,yes_no_choice,No,jev-1.13.0
2021,2022-01-17,3,who_choice,Joe Biden,jev-1.13.0
2021,2021-06-19,3,binary_probability,0.02,jev-1.13.0
2021,2021-06-19,3,yes_no_choice,No,jev-1.13.0
2021,2021-06-19,3,who_choice,Joe Biden,jev-1.13.0
2025,2025-10-29,3,binary_probability,0.52,jev-1.13.0
2025,2025-10-29,3,yes_no_choice,Yes,jev-1.13.0
2025,2025-10-29,3,who_choice,Donald Trump,jev-1.13.0
2025,2025-02-26,3,binary_probability,0.64,jev-1.13.0
2025,2025-02-26,3,yes_no_choice,Yes,jev-1.13.0
2025,2025-02-26,3,who_choice,Donald Trump,jev-1.13.0
2025,2025-04-01,3,binary_probability,0.45,jev-1.13.0
2025,2025-04-01,3,yes_no_choice,Yes,jev-1.13.0
2025,2025-04-01,3,who_choice,Donald Trump,jev-1.13.0
2025,2025-06-15,3,binary_probability,0.48,jev-1.13.0
2025,2025-06-15,3,yes_no_choice,Yes,jev-1.13.0
2025,2025-06-15,3,who_choice,Donald Trump,jev-1.13.0
2025,2024-04-29,3,binary_probability,0.06,jev-1.13.0
2025,2024-04-29,3,yes_no_choice,No,jev-1.13.0
2025,2024-04-29,3,who_choice,Joe Biden,jev-1.13.0
2025,2025-02-11,3,binary_probability,0.67,jev-1.13.0
2025,2025-02-11,3,yes_no_choice,Yes,jev-1.13.0
2025,2025-02-11,3,who_choice,Donald Trump,jev-1.13.0
2021,2020-10-07,3,binary_probability,0.99,jev-1.13.0
2021,2020-10-07,3,yes_no_choice,Yes,jev-1.13.0
2021,2020-10-07,3,who_choice,Donald Trump,jev-1.13.0
2021,2021-11-13,3,binary_probability,0.02,jev-1.13.0
2021,2021-11-13,3,yes_no_choice,No,jev-1.13.0
2021,2021-11-13,3,who_choice,Joe Biden,jev-1.13.0
2021,2021-05-01,3,binary_probability,0.04,jev-1.13.0
2021,2021-05-01,3,yes_no_choice,No,jev-1.13.0
2021,2021-05-01,3,who_choice,Joe Biden,jev-1.13.0
2021,2020-12-28,3,binary_probability,0.97,jev-1.13.0
2021,2020-12-28,3,yes_no_choice,Yes,jev-1.13.0
2021,2020-12-28,3,who_choice,Donald Trump,jev-1.13.0
2025,2025-03-16,3,binary_probability,0.52,jev-1.13.0
2025,2025-03-16,3,yes_no_choice,Yes,jev-1.13.0
2025,2025-03-16,3,who_choice,Donald Trump,jev-1.13.0
2025,2025-03-05,3,binary_probability,0.65,jev-1.13.0
2025,2025-03-05,3,yes_no_choice,Yes,jev-1.13.0
2025,2025-03-05,3,who_choice,Donald Trump,jev-1.13.0
2025,2024-06-25,3,binary_probability,0.05,jev-1.13.0
2025,2024-06-25,3,yes_no_choice,No,jev-1.13.0
2025,2024-06-25,3,who_choice,Joe Biden,jev-1.13.0
2025,2025-08-03,3,binary_probability,0.37,jev-1.13.0
2025,2025-08-03,3,yes_no_choice,Yes,jev-1.13.0
2025,2025-08-03,3,who_choice,Donald Trump,jev-1.13.0
2021,2020-11-23,3,binary_probability,0.97,jev-1.13.0
2021,2020-11-23,3,yes_no_choice,Yes,jev-1.13.0
2021,2020-11-23,3,who_choice,Donald Trump,jev-1.13.0
2025,2024-12-08,3,binary_probability,0.24,jev-1.13.0
2025,2024-12-08,3,yes_no_choice,No,jev-1.13.0
2025,2024-12-08,3,who_choice,Donald Trump,jev-1.13.0
2021,2020-10-19,3,binary_probability,0.99,jev-1.13.0
2021,2020-10-19,3,yes_no_choice,Yes,jev-1.13.0
2021,2020-10-19,3,who_choice,Donald Trump,jev-1.13.0
2025,2025-05-07,3,binary_probability,0.5,jev-1.13.0
2025,2025-05-07,3,yes_no_choice,Yes,jev-1.13.0
2025,2025-05-07,3,who_choice,Donald Trump,jev-1.13.0
2021,2020-04-11,3,binary_probability,0.99,jev-1.13.0
2021,2020-04-11,3,yes_no_choice,Yes,jev-1.13.0
2021,2020-04-11,3,who_choice,Donald Trump,jev-1.13.0
2021,2020-07-30,3,binary_probability,0.98,jev-1.13.0
2021,2020-07-30,3,yes_no_choice,Yes,jev-1.13.0
2021,2020-07-30,3,who_choice,Donald Trump,jev-1.13.0
2021,2021-03-26,3,binary_probability,0.03,jev-1.13.0
2021,2021-03-26,3,yes_no_choice,No,jev-1.13.0
2021,2021-03-26,3,who_choice,Joe Biden,jev-1.13.0
2021,2020-05-02,3,binary_probability,0.98,jev-1.13.0
2021,2020-05-02,3,yes_no_choice,Yes,jev-1.13.0
2021,2020-05-02,3,who_choice,Donald Trump,jev-1.13.0
2025,2025-05-15,3,binary_probability,0.5,jev-1.13.0
2025,2025-05-15,3,yes_no_choice,Yes,jev-1.13.0
2025,2025-05-15,3,who_choice,Donald Trump,jev-1.13.0
2021,2021-08-04,3,binary_probability,0.02,jev-1.13.0
2021,2021-08-04,3,yes_no_choice,No,jev-1.13.0
2021,2021-08-04,3,who_choice,Joe Biden,jev-1.13.0
2021,2021-02-06,3,binary_probability,0.3,jev-1.13.0
2021,2021-02-06,3,yes_no_choice,No,jev-1.13.0
2021,2021-02-06,3,who_choice,Joe Biden,jev-1.13.0
2021,2021-06-23,3,binary_probability,0.02,jev-1.13.0
2021,2021-06-23,3,yes_no_choice,No,jev-1.13.0
2021,2021-06-23,3,who_choice,Joe Biden,jev-1.13.0
2021,2021-11-14,3,binary_probability,0.02,jev-1.13.0
2021,2021-11-14,3,yes_no_choice,No,jev-1.13.0
2021,2021-11-14,3,who_choice,Joe Biden,jev-1.13.0
2025,2024-05-21,3,binary_probability,0.05,jev-1.13.0
2025,2024-05-21,3,yes_no_choice,No,jev-1.13.0
2025,2024-05-21,3,who_choice,Joe Biden,jev-1.13.0
2025,2024-10-16,3,binary_probability,0.13,jev-1.13.0
2025,2024-10-16,3,yes_no_choice,No,jev-1.13.0
2025,2024-10-16,3,who_choice,Joe Biden,jev-1.13.0
2021,2020-07-12,3,binary_probability,0.98,jev-1.13.0
2021,2020-07-12,3,yes_no_choice,Yes,jev-1.13.0
2021,2020-07-12,3,who_choice,Donald Trump,jev-1.13.0
2025,2024-08-05,3,binary_probability,0.08,jev-1.13.0
2025,2024-08-05,3,yes_no_choice,No,jev-1.13.0
2025,2024-08-05,3,who_choice,Joe Biden,jev-1.13.0
2025,2024-06-18,3,binary_probability,0.09,jev-1.13.0
2025,2024-06-18,3,yes_no_choice,No,jev-1.13.0
2025,2024-06-18,3,who_choice,Joe Biden,jev-1.13.0
2025,2026-01-19,3,binary_probability,0.47,jev-1.13.0
2025,2026-01-19,3,yes_no_choice,Yes,jev-1.13.0
2025,2026-01-19,3,who_choice,Donald Trump,jev-1.13.0
2025,2025-12-30,3,binary_probability,0.55,jev-1.13.0
2025,2025-12-30,3,yes_no_choice,Yes,jev-1.13.0
2025,2025-12-30,3,who_choice,Donald Trump,jev-1.13.0
2025,2025-05-26,3,binary_probability,0.49,jev-1.13.0
2025,2025-05-26,3,yes_no_choice,Yes,jev-1.13.0
2025,2025-05-26,3,who_choice,Donald Trump,jev-1.13.0
2021,2020-02-12,3,binary_probability,0.98,jev-1.13.0
2021,2020-02-12,3,yes_no_choice,Yes,jev-1.13.0
2021,2020-02-12,3,who_choice,Donald Trump,jev-1.13.0
2021,2020-07-09,3,binary_probability,0.98,jev-1.13.0
2021,2020-07-09,3,yes_no_choice,Yes,jev-1.13.0
2021,2020-07-09,3,who_choice,Donald Trump,jev-1.13.0
2025,2025-01-02,3,binary_probability,0.45,jev-1.13.0
2025,2025-01-02,3,yes_no_choice,No,jev-1.13.0
2025,2025-01-02,3,who_choice,Donald Trump,jev-1.13.0
2025,2025-07-02,3,binary_probability,0.48,jev-1.13.0
2025,2025-07-02,3,yes_no_choice,No,jev-1.13.0
2025,2025-07-02,3,who_choice,Donald Trump,jev-1.13.0
2021,2021-09-16,3,binary_probability,0.02,jev-1.13.0
2021,2021-09-16,3,yes_no_choice,No,jev-1.13.0
2021,2021-09-16,3,who_choice,Joe Biden,jev-1.13.0
2021,2020-09-26,3,binary_probability,0.98,jev-1.13.0
2021,2020-09-26,3,yes_no_choice,Yes,jev-1.13.0
2021,2020-09-26,3,who_choice,Donald Trump,jev-1.13.0
2021,2020-10-27,3,binary_probability,0.99,jev-1.13.0
2021,2020-10-27,3,yes_no_choice,Yes,jev-1.13.0
2021,2020-10-27,3,who_choice,Donald Trump,jev-1.13.0
2025,2024-02-13,3,binary_probability,0.08,jev-1.13.0
2025,2024-02-13,3,yes_no_choice,No,jev-1.13.0
2025,2024-02-13,3,who_choice,Joe Biden,jev-1.13.0
2025,2025-12-08,3,binary_probability,0.58,jev-1.13.0
2025,2025-12-08,3,yes_no_choice,Yes,jev-1.13.0
2025,2025-12-08,3,who_choice,Donald Trump,jev-1.13.0
2021,2020-07-17,3,binary_probability,0.98,jev-1.13.0
2021,2020-07-17,3,yes_no_choice,Yes,jev-1.13.0
2021,2020-07-17,3,who_choice,Donald Trump,jev-1.13.0
2025,2025-02-04,3,binary_probability,0.73,jev-1.13.0
2025,2025-02-04,3,yes_no_choice,Yes,jev-1.13.0
2025,2025-02-04,3,who_choice,Donald Trump,jev-1.13.0
2021,2020-02-09,3,binary_probability,0.99,jev-1.13.0
2021,2020-02-09,3,yes_no_choice,Yes,jev-1.13.0
2021,2020-02-09,3,who_choice,Donald Trump,jev-1.13.0
2021,2020-12-06,3,binary_probability,0.97,jev-1.13.0
2021,2020-12-06,3,yes_no_choice,Yes,jev-1.13.0
2021,2020-12-06,3,who_choice,Donald Trump,jev-1.13.0
2021,2021-01-16,3,binary_probability,0.95,jev-1.13.0
2021,2021-01-16,3,yes_no_choice,Yes,jev-1.13.0
2021,2021-01-16,3,who_choice,Donald Trump,jev-1.13.0
2025,2025-12-17,3,binary_probability,0.58,jev-1.13.0
2025,2025-12-17,3,yes_no_choice,Yes,jev-1.13.0
2025,2025-12-17,3,who_choice,Donald Trump,jev-1.13.0
2021,2021-05-12,3,binary_probability,0.03,jev-1.13.0
2021,2021-05-12,3,yes_no_choice,No,jev-1.13.0
2021,2021-05-12,3,who_choice,Joe Biden,jev-1.13.0
2021,2021-05-09,3,binary_probability,0.03,jev-1.13.0
2021,2021-05-09,3,yes_no_choice,No,jev-1.13.0
2021,2021-05-09,3,who_choice,Joe Biden,jev-1.13.0
2021,2021-10-01,3,binary_probability,0.02,jev-1.13.0
2021,2021-10-01,3,yes_no_choice,No,jev-1.13.0
2021,2021-10-01,3,who_choice,Joe Biden,jev-1.13.0
2025,2025-09-15,3,binary_probability,0.37,jev-1.13.0
2025,2025-09-15,3,yes_no_choice,No,jev-1.13.0
2025,2025-09-15,3,who_choice,Donald Trump,jev-1.13.0
2021,2020-08-05,3,binary_probability,0.99,jev-1.13.0
2021,2020-08-05,3,yes_no_choice,Yes,jev-1.13.0
2021,2020-08-05,3,who_choice,Donald Trump,jev-1.13.0
2021,2022-01-08,3,binary_probability,0.07,jev-1.13.0
2021,2022-01-08,3,yes_no_choice,No,jev-1.13.0
2021,2022-01-08,3,who_choice,Joe Biden,jev-1.13.0
2025,2024-12-27,3,binary_probability,0.37,jev-1.13.0
2025,2024-12-27,3,yes_no_choice,No,jev-1.13.0
2025,2024-12-27,3,who_choice,Donald Trump,jev-1.13.0
2021,2021-06-01,3,binary_probability,0.03,jev-1.13.0
2021,2021-06-01,3,yes_no_choice,No,jev-1.13.0
2021,2021-06-01,3,who_choice,Joe Biden,jev-1.13.0
2021,2020-09-16,3,binary_probability,0.99,jev-1.13.0
2021,2020-09-16,3,yes_no_choice,Yes,jev-1.13.0
2021,2020-09-16,3,who_choice,Donald Trump,jev-1.13.0
2021,2020-07-02,3,binary_probability,0.98,jev-1.13.0
2021,2020-07-02,3,yes_no_choice,Yes,jev-1.13.0
2021,2020-07-02,3,who_choice,Donald Trump,jev-1.13.0
2025,2024-08-22,3,binary_probability,0.06,jev-1.13.0
2025,2024-08-22,3,yes_no_choice,No,jev-1.13.0
2025,2024-08-22,3,who_choice,Joe Biden,jev-1.13.0
2025,2025-05-10,3,binary_probability,0.53,jev-1.13.0
2025,2025-05-10,3,yes_no_choice,Yes,jev-1.13.0
2025,2025-05-10,3,who_choice,Donald Trump,jev-1.13.0
2021,2020-10-09,3,binary_probability,0.98,jev-1.13.0
2021,2020-10-09,3,yes_no_choice,Yes,jev-1.13.0
2021,2020-10-09,3,who_choice,Donald Trump,jev-1.13.0
2025,2024-09-27,3,binary_probability,0.06,jev-1.13.0
2025,2024-09-27,3,yes_no_choice,No,jev-1.13.0
2025,2024-09-27,3,who_choice,Joe Biden,jev-1.13.0
2025,2025-07-27,3,binary_probability,0.44,jev-1.13.0
2025,2025-07-27,3,yes_no_choice,Yes,jev-1.13.0
2025,2025-07-27,3,who_choice,Donald Trump,jev-1.13.0
2025,2024-06-07,3,binary_probability,0.07,jev-1.13.0
2025,2024-06-07,3,yes_no_choice,No,jev-1.13.0
2025,2024-06-07,3,who_choice,Joe Biden,jev-1.13.0
2025,2024-02-17,3,binary_probability,0.06,jev-1.13.0
2025,2024-02-17,3,yes_no_choice,No,jev-1.13.0
2025,2024-02-17,3,who_choice,Joe Biden,jev-1.13.0
2021,2021-07-18,3,binary_probability,0.02,jev-1.13.0
2021,2021-07-18,3,yes_no_choice,No,jev-1.13.0
2021,2021-07-18,3,who_choice,Joe Biden,jev-1.13.0
2021,2020-11-12,3,binary_probability,0.97,jev-1.13.0
2021,2020-11-12,3,yes_no_choice,Yes,jev-1.13.0
2021,2020-11-12,3,who_choice,Donald Trump,jev-1.13.0
2021,2021-01-18,3,binary_probability,0.17,jev-1.13.0
2021,2021-01-18,3,yes_no_choice,No,jev-1.13.0
2021,2021-01-18,3,who_choice,Joe Biden,jev-1.13.0
2021,2021-04-13,3,binary_probability,0.03,jev-1.13.0
2021,2021-04-13,3,yes_no_choice,No,jev-1.13.0
2021,2021-04-13,3,who_choice,Joe Biden,jev-1.13.0
2021,2020-08-03,3,binary_probability,0.98,jev-1.13.0
2021,2020-08-03,3,yes_no_choice,Yes,jev-1.13.0
2021,2020-08-03,3,who_choice,Donald Trump,jev-1.13.0
2021,2022-01-06,3,binary_probability,0.17,jev-1.13.0
2021,2022-01-06,3,yes_no_choice,No,jev-1.13.0
2021,2022-01-06,3,who_choice,Joe Biden,jev-1.13.0
2025,2025-05-05,3,binary_probability,0.5,jev-1.13.0
2025,2025-05-05,3,yes_no_choice,Yes,jev-1.13.0
2025,2025-05-05,3,who_choice,Donald Trump,jev-1.13.0
2021,2020-03-21,3,binary_probability,0.98,jev-1.13.0
2021,2020-03-21,3,yes_no_choice,Yes,jev-1.13.0
2021,2020-03-21,3,who_choice,Donald Trump,jev-1.13.0
2025,2024-08-20,3,binary_probability,0.08,jev-1.13.0
2025,2024-08-20,3,yes_no_choice,No,jev-1.13.0
2025,2024-08-20,3,who_choice,Joe Biden,jev-1.13.0
2025,2024-02-26,3,binary_probability,0.07,jev-1.13.0
2025,2024-02-26,3,yes_no_choice,No,jev-1.13.0
2025,2024-02-26,3,who_choice,Joe Biden,jev-1.13.0
2025,2024-03-07,3,binary_probability,0.1,jev-1.13.0
2025,2024-03-07,3,yes_no_choice,No,jev-1.13.0
2025,2024-03-07,3,who_choice,Joe Biden,jev-1.13.0
2025,2025-04-04,3,binary_probability,0.56,jev-1.13.0
2025,2025-04-04,3,yes_no_choice,Yes,jev-1.13.0
2025,2025-04-04,3,who_choice,Donald Trump,jev-1.13.0
2025,2025-11-03,3,binary_probability,0.49,jev-1.13.0
2025,2025-11-03,3,yes_no_choice,Yes,jev-1.13.0
2025,2025-11-03,3,who_choice,Donald Trump,jev-1.13.0
2025,2024-10-02,3,binary_probability,0.07,jev-1.13.0
2025,2024-10-02,3,yes_no_choice,No,jev-1.13.0
2025,2024-10-02,3,who_choice,Joe Biden,jev-1.13.0
2025,2024-05-19,3,binary_probability,0.08,jev-1.13.0
2025,2024-05-19,3,yes_no_choice,No,jev-1.13.0
2025,2024-05-19,3,who_choice,Joe Biden,jev-1.13.0
2025,2025-10-31,3,binary_probability,0.52,jev-1.13.0
2025,2025-10-31,3,yes_no_choice,Yes,jev-1.13.0
2025,2025-10-31,3,who_choice,Donald Trump,jev-1.13.0
2025,2024-12-25,3,binary_probability,0.12,jev-1.13.0
2025,2024-12-25,3,yes_no_choice,No,jev-1.13.0
2025,2024-12-25,3,who_choice,Donald Trump,jev-1.13.0
2025,2024-08-25,3,binary_probability,0.06,jev-1.13.0
2025,2024-08-25,3,yes_no_choice,No,jev-1.13.0
2025,2024-08-25,3,who_choice,Joe Biden,jev-1.13.0
2025,2026-01-15,3,binary_probability,0.41,jev-1.13.0
2025,2026-01-15,3,yes_no_choice,No,jev-1.13.0
2025,2026-01-15,3,who_choice,Donald Trump,jev-1.13.0
2021,2021-08-13,3,binary_probability,0.02,jev-1.13.0
2021,2021-08-13,3,yes_no_choice,No,jev-1.13.0
2021,2021-08-13,3,who_choice,Joe Biden,jev-1.13.0
2021,2020-02-29,3,binary_probability,0.98,jev-1.13.0
2021,2020-02-29,3,yes_no_choice,Yes,jev-1.13.0
2021,2020-02-29,3,who_choice,Donald Trump,jev-1.13.0
2025,2024-08-11,3,binary_probability,0.08,jev-1.13.0
2025,2024-08-11,3,yes_no_choice,No,jev-1.13.0
2025,2024-08-11,3,who_choice,Joe Biden,jev-1.13.0
2025,2025-07-01,3,binary_probability,0.41,jev-1.13.0
2025,2025-07-01,3,yes_no_choice,No,jev-1.13.0
2025,2025-07-01,3,who_choice,Donald Trump,jev-1.13.0
2025,2025-02-09,3,binary_probability,0.66,jev-1.13.0
2025,2025-02-09,3,yes_no_choice,Yes,jev-1.13.0
2025,2025-02-09,3,who_choice,Donald Trump,jev-1.13.0
2025,2024-02-06,3,binary_probability,0.13,jev-1.13.0
2025,2024-02-06,3,yes_no_choice,No,jev-1.13.0
2025,2024-02-06,3,who_choice,Joe Biden,jev-1.13.0
2025,2025-07-25,3,binary_probability,0.46,jev-1.13.0
2025,2025-07-25,3,yes_no_choice,Yes,jev-1.13.0
2025,2025-07-25,3,who_choice,Donald Trump,jev-1.13.0
2025,2025-05-27,3,binary_probability,0.48,jev-1.13.0
2025,2025-05-27,3,yes_no_choice,No,jev-1.13.0
2025,2025-05-27,3,who_choice,Donald Trump,jev-1.13.0
2021,2021-10-25,3,binary_probability,0.02,jev-1.13.0
2021,2021-10-25,3,yes_no_choice,No,jev-1.13.0
2021,2021-10-25,3,who_choice,Joe Biden,jev-1.13.0
2025,2025-06-22,3,binary_probability,0.45,jev-1.13.0
2025,2025-06-22,3,yes_no_choice,Yes,jev-1.13.0
2025,2025-06-22,3,who_choice,Donald Trump,jev-1.13.0
2021,2021-10-07,3,binary_probability,0.02,jev-1.13.0
2021,2021-10-07,3,yes_no_choice,No,jev-1.13.0
2021,2021-10-07,3,who_choice,Joe Biden,jev-1.13.0
2025,2025-07-14,3,binary_probability,0.41,jev-1.13.0
2025,2025-07-14,3,yes_no_choice,No,jev-1.13.0
2025,2025-07-14,3,who_choice,Donald Trump,jev-1.13.0
2021,2020-11-07,3,binary_probability,0.96,jev-1.13.0
2021,2020-11-07,3,yes_no_choice,Yes,jev-1.13.0
2021,2020-11-07,3,who_choice,Donald Trump,jev-1.13.0
2025,2024-09-12,3,binary_probability,0.05,jev-1.13.0
2025,2024-09-12,3,yes_no_choice,No,jev-1.13.0
2025,2024-09-12,3,who_choice,Joe Biden,jev-1.13.0
2021,2021-05-04,3,binary_probability,0.04,jev-1.13.0
2021,2021-05-04,3,yes_no_choice,No,jev-1.13.0
2021,2021-05-04,3,who_choice,Joe Biden,jev-1.13.0
2021,2021-04-14,3,binary_probability,0.03,jev-1.13.0
2021,2021-04-14,3,yes_no_choice,No,jev-1.13.0
2021,2021-04-14,3,who_choice,Joe Biden,jev-1.13.0
2021,2020-05-04,3,binary_probability,0.98,jev-1.13.0
2021,2020-05-04,3,yes_no_choice,Yes,jev-1.13.0
2021,2020-05-04,3,who_choice,Donald Trump,jev-1.13.0
2025,2025-09-05,3,binary_probability,0.46,jev-1.13.0
2025,2025-09-05,3,yes_no_choice,Yes,jev-1.13.0
2025,2025-09-05,3,who_choice,Donald Trump,jev-1.13.0
2025,2024-06-19,3,binary_probability,0.08,jev-1.13.0
2025,2024-06-19,3,yes_no_choice,No,jev-1.13.0
2025,2024-06-19,3,who_choice,Joe Biden,jev-1.13.0
2021,2020-09-24,3,binary_probability,0.98,jev-1.13.0
2021,2020-09-24,3,yes_no_choice,Yes,jev-1.13.0
2021,2020-09-24,3,who_choice,Donald Trump,jev-1.13.0
2021,2021-05-20,3,binary_probability,0.02,jev-1.13.0
2021,2021-05-20,3,yes_no_choice,No,jev-1.13.0
2021,2021-05-20,3,who_choice,Joe Biden,jev-1.13.0
2025,2025-07-07,3,binary_probability,0.45,jev-1.13.0
2025,2025-07-07,3,yes_no_choice,No,jev-1.13.0
2025,2025-07-07,3,who_choice,Donald Trump,jev-1.13.0
2025,2025-01-17,3,binary_probability,0.53,jev-1.13.0
2025,2025-01-17,3,yes_no_choice,Yes,jev-1.13.0
2025,2025-01-17,3,who_choice,Donald Trump,jev-1.13.0
2021,2021-03-07,3,binary_probability,0.03,jev-1.13.0
2021,2021-03-07,3,yes_no_choice,No,jev-1.13.0
2021,2021-03-07,3,who_choice,Joe Biden,jev-1.13.0
2021,2020-10-21,3,binary_probability,0.99,jev-1.13.0
2021,2020-10-21,3,yes_no_choice,Yes,jev-1.13.0
2021,2020-10-21,3,who_choice,Donald Trump,jev-1.13.0
2021,2021-06-05,3,binary_probability,0.02,jev-1.13.0
2021,2021-06-05,3,yes_no_choice,No,jev-1.13.0
2021,2021-06-05,3,who_choice,Joe Biden,jev-1.13.0
2025,2026-01-03,3,binary_probability,0.39,jev-1.13.0
2025,2026-01-03,3,yes_no_choice,Yes,jev-1.13.0
2025,2026-01-03,3,who_choice,Donald Trump,jev-1.13.0
2021,2020-01-23,3,binary_probability,0.98,jev-1.13.0
2021,2020-01-23,3,yes_no_choice,Yes,jev-1.13.0
2021,2020-01-23,3,who_choice,Donald Trump,jev-1.13.0
2025,2025-01-12,3,binary_probability,0.54,jev-1.13.0
2025,2025-01-12,3,yes_no_choice,Yes,jev-1.13.0
2025,2025-01-12,3,who_choice,Donald Trump,jev-1.13.0
2021,2020-05-14,3,binary_probability,0.99,jev-1.13.0
2021,2020-05-14,3,yes_no_choice,Yes,jev-1.13.0
2021,2020-05-14,3,who_choice,Donald Trump,jev-1.13.0
2021,2021-12-18,3,binary_probability,0.02,jev-1.13.0
2021,2021-12-18,3,yes_no_choice,No,jev-1.13.0
2021,2021-12-18,3,who_choice,Joe Biden,jev-1.13.0
2025,2024-03-03,3,binary_probability,0.1,jev-1.13.0
2025,2024-03-03,3,yes_no_choice,No,jev-1.13.0
2025,2024-03-03,3,who_choice,Joe Biden,jev-1.13.0
2025,2025-07-18,3,binary_probability,0.5,jev-1.13.0
2025,2025-07-18,3,yes_no_choice,Yes,jev-1.13.0
2025,2025-07-18,3,who_choice,Donald Trump,jev-1.13.0
2021,2021-11-28,3,binary_probability,0.03,jev-1.13.0
2021,2021-11-28,3,yes_no_choice,No,jev-1.13.0
2021,2021-11-28,3,who_choice,Joe Biden,jev-1.13.0
2025,2024-06-28,3,binary_probability,0.05,jev-1.13.0
2025,2024-06-28,3,yes_no_choice,No,jev-1.13.0
2025,2024-06-28,3,who_choice,Joe Biden,jev-1.13.0
2025,2024-03-14,3,binary_probability,0.11,jev-1.13.0
2025,2024-03-14,3,yes_no_choice,No,jev-1.13.0
2025,2024-03-14,3,who_choice,Joe Biden,jev-1.13.0
2021,2020-04-17,3,binary_probability,0.98,jev-1.13.0
2021,2020-04-17,3,yes_no_choice,Yes,jev-1.13.0
2021,2020-04-17,3,who_choice,Donald Trump,jev-1.13.0
2021,2021-06-13,3,binary_probability,0.02,jev-1.13.0
2021,2021-06-13,3,yes_no_choice,No,jev-1.13.0
2021,2021-06-13,3,who_choice,Joe Biden,jev-1.13.0
2025,2025-04-22,3,binary_probability,0.48,jev-1.13.0
2025,2025-04-22,3,yes_no_choice,Yes,jev-1.13.0
2025,2025-04-22,3,who_choice,Donald Trump,jev-1.13.0
2021,2021-09-17,3,binary_probability,0.02,jev-1.13.0
2021,2021-09-17,3,yes_no_choice,No,jev-1.13.0
2021,2021-09-17,3,who_choice,Joe Biden,jev-1.13.0
2021,2020-10-28,3,binary_probability,0.98,jev-1.13.0
2021,2020-10-28,3,yes_no_choice,Yes,jev-1.13.0
2021,2020-10-28,3,who_choice,Donald Trump,jev-1.13.0
2021,2020-07-15,3,binary_probability,0.99,jev-1.13.0
2021,2020-07-15,3,yes_no_choice,Yes,jev-1.13.0
2021,2020-07-15,3,who_choice,Donald Trump,jev-1.13.0
2025,2025-10-14,3,binary_probability,0.46,jev-1.13.0
2025,2025-10-14,3,yes_no_choice,Yes,jev-1.13.0
2025,2025-10-14,3,who_choice,Donald Trump,jev-1.13.0
2025,2024-01-31,3,binary_probability,0.18,jev-1.13.0
2025,2024-01-31,3,yes_no_choice,No,jev-1.13.0
2025,2024-01-31,3,who_choice,Joe Biden,jev-1.13.0
2025,2025-10-04,3,binary_probability,0.45,jev-1.13.0
2025,2025-10-04,3,yes_no_choice,No,jev-1.13.0
2025,2025-10-04,3,who_choice,Donald Trump,jev-1.13.0
2025,2024-10-09,3,binary_probability,0.14,jev-1.13.0
2025,2024-10-09,3,yes_no_choice,No,jev-1.13.0
2025,2024-10-09,3,who_choice,Joe Biden,jev-1.13.0
2021,2020-02-22,3,binary_probability,0.98,jev-1.13.0
2021,2020-02-22,3,yes_no_choice,Yes,jev-1.13.0
2021,2020-02-22,3,who_choice,Donald Trump,jev-1.13.0
2021,2021-01-21,3,binary_probability,0.32,jev-1.13.0
2021,2021-01-21,3,yes_no_choice,No,jev-1.13.0
2021,2021-01-21,3,who_choice,Joe Biden,jev-1.13.0
2021,2021-05-27,3,binary_probability,0.03,jev-1.13.0
2021,2021-05-27,3,yes_no_choice,No,jev-1.13.0
2021,2021-05-27,3,who_choice,Joe Biden,jev-1.13.0
2025,2024-01-28,3,binary_probability,0.26,jev-1.13.0
2025,2024-01-28,3,yes_no_choice,No,jev-1.13.0
2025,2024-01-28,3,who_choice,Joe Biden,jev-1.13.0
2025,2025-11-07,3,binary_probability,0.5,jev-1.13.0
2025,2025-11-07,3,yes_no_choice,Yes,jev-1.13.0
2025,2025-11-07,3,who_choice,Donald Trump,jev-1.13.0
2025,2024-05-22,3,binary_probability,0.06,jev-1.13.0
2025,2024-05-22,3,yes_no_choice,No,jev-1.13.0
2025,2024-05-22,3,who_choice,Joe Biden,jev-1.13.0
2021,2020-04-21,3,binary_probability,0.98,jev-1.13.0
2021,2020-04-21,3,yes_no_choice,Yes,jev-1.13.0
2021,2020-04-21,3,who_choice,Donald Trump,jev-1.13.0
2021,2021-11-12,3,binary_probability,0.02,jev-1.13.0
2021,2021-11-12,3,yes_no_choice,No,jev-1.13.0
2021,2021-11-12,3,who_choice,Joe Biden,jev-1.13.0
2021,2021-12-30,3,binary_probability,0.02,jev-1.13.0
2021,2021-12-30,3,yes_no_choice,No,jev-1.13.0
2021,2021-12-30,3,who_choice,Joe Biden,jev-1.13.0
2021,2021-02-09,3,binary_probability,0.05,jev-1.13.0
2021,2021-02-09,3,yes_no_choice,No,jev-1.13.0
2021,2021-02-09,3,who_choice,Joe Biden,jev-1.13.0
2025,2025-06-01,3,binary_probability,0.42,jev-1.13.0
2025,2025-06-01,3,yes_no_choice,No,jev-1.13.0
2025,2025-06-01,3,who_choice,Donald Trump,jev-1.13.0
2025,2025-08-25,3,binary_probability,0.38,jev-1.13.0
2025,2025-08-25,3,yes_no_choice,Yes,jev-1.13.0
2025,2025-08-25,3,who_choice,Donald Trump,jev-1.13.0
2025,2024-07-21,3,binary_probability,0.09,jev-1.13.0
2025,2024-07-21,3,yes_no_choice,No,jev-1.13.0
2025,2024-07-21,3,who_choice,Joe Biden,jev-1.13.0
2021,2021-06-08,3,binary_probability,0.02,jev-1.13.0
2021,2021-06-08,3,yes_no_choice,No,jev-1.13.0
2021,2021-06-08,3,who_choice,Joe Biden,jev-1.13.0
2021,2020-06-05,3,binary_probability,0.98,jev-1.13.0
2021,2020-06-05,3,yes_no_choice,Yes,jev-1.13.0
2021,2020-06-05,3,who_choice,Donald Trump,jev-1.13.0
2021,2020-10-20,3,binary_probability,0.98,jev-1.13.0
2021,2020-10-20,3,yes_no_choice,Yes,jev-1.13.0
2021,2020-10-20,3,who_choice,Donald Trump,jev-1.13.0
2025,2025-10-09,3,binary_probability,0.47,jev-1.13.0
2025,2025-10-09,3,yes_no_choice,Yes,jev-1.13.0
2025,2025-10-09,3,who_choice,Donald Trump,jev-1.13.0
2021,2021-09-01,3,binary_probability,0.02,jev-1.13.0
2021,2021-09-01,3,yes_no_choice,No,jev-1.13.0
2021,2021-09-01,3,who_choice,Joe Biden,jev-1.13.0
2021,2021-11-02,3,binary_probability,0.03,jev-1.13.0
2021,2021-11-02,3,yes_no_choice,No,jev-1.13.0
2021,2021-11-02,3,who_choice,Joe Biden,jev-1.13.0
2021,2021-06-27,3,binary_probability,0.02,jev-1.13.0
2021,2021-06-27,3,yes_no_choice,No,jev-1.13.0
2021,2021-06-27,3,who_choice,Joe Biden,jev-1.13.0
2021,2021-12-03,3,binary_probability,0.02,jev-1.13.0
2021,2021-12-03,3,yes_no_choice,No,jev-1.13.0
2021,2021-12-03,3,who_choice,Joe Biden,jev-1.13.0
2025,2024-09-19,3,binary_probability,0.07,jev-1.13.0
2025,2024-09-19,3,yes_no_choice,No,jev-1.13.0
2025,2024-09-19,3,who_choice,Joe Biden,jev-1.13.0
2025,2025-05-19,3,binary_probability,0.49,jev-1.13.0
2025,2025-05-19,3,yes_no_choice,Yes,jev-1.13.0
2025,2025-05-19,3,who_choice,Donald Trump,jev-1.13.0
2021,2020-04-24,3,binary_probability,0.98,jev-1.13.0
2021,2020-04-24,3,yes_no_choice,Yes,jev-1.13.0
2021,2020-04-24,3,who_choice,Donald Trump,jev-1.13.0
2025,2026-01-13,3,binary_probability,0.47,jev-1.13.0
2025,2026-01-13,3,yes_no_choice,Yes,jev-1.13.0
2025,2026-01-13,3,who_choice,Donald Trump,jev-1.13.0
2021,2020-06-03,3,binary_probability,0.98,jev-1.13.0
2021,2020-06-03,3,yes_no_choice,Yes,jev-1.13.0
2021,2020-06-03,3,who_choice,Donald Trump,jev-1.13.0
2025,2024-11-30,3,binary_probability,0.26,jev-1.13.0
2025,2024-11-30,3,yes_no_choice,No,jev-1.13.0
2025,2024-11-30,3,who_choice,Joe Biden,jev-1.13.0
2021,2020-07-11,3,binary_probability,0.98,jev-1.13.0
2021,2020-07-11,3,yes_no_choice,Yes,jev-1.13.0
2021,2020-07-11,3,who_choice,Donald Trump,jev-1.13.0
2021,2021-03-23,3,binary_probability,0.02,jev-1.13.0
2021,2021-03-23,3,yes_no_choice,No,jev-1.13.0
2021,2021-03-23,3,who_choice,Joe Biden,jev-1.13.0
2021,2021-05-10,3,binary_probability,0.03,jev-1.13.0
2021,2021-05-10,3,yes_no_choice,No,jev-1.13.0
2021,2021-05-10,3,who_choice,Joe Biden,jev-1.13.0
2025,2025-06-12,3,binary_probability,0.47,jev-1.13.0
2025,2025-06-12,3,yes_no_choice,No,jev-1.13.0
2025,2025-06-12,3,who_choice,Donald Trump,jev-1.13.0
2025,2025-08-04,3,binary_probability,0.34,jev-1.13.0
2025,2025-08-04,3,yes_no_choice,No,jev-1.13.0
2025,2025-08-04,3,who_choice,Donald Trump,jev-1.13.0
2025,2026-01-02,3,binary_probability,0.43,jev-1.13.0
2025,2026-01-02,3,yes_no_choice,Yes,jev-1.13.0
2025,2026-01-02,3,who_choice,Donald Trump,jev-1.13.0
2021,2020-10-26,3,binary_probability,0.98,jev-1.13.0
2021,2020-10-26,3,yes_no_choice,Yes,jev-1.13.0
2021,2020-10-26,3,who_choice,Donald Trump,jev-1.13.0
2025,2025-11-29,3,binary_probability,0.57,jev-1.13.0
2025,2025-11-29,3,yes_no_choice,Yes,jev-1.13.0
2025,2025-11-29,3,who_choice,Donald Trump,jev-1.13.0
2021,2021-07-23,3,binary_probability,0.02,jev-1.13.0
2021,2021-07-23,3,yes_no_choice,No,jev-1.13.0
2021,2021-07-23,3,who_choice,Joe Biden,jev-1.13.0
2025,2024-09-25,3,binary_probability,0.05,jev-1.13.0
2025,2024-09-25,3,yes_no_choice,No,jev-1.13.0
2025,2024-09-25,3,who_choice,Joe Biden,jev-1.13.0
2025,2025-09-13,3,binary_probability,0.44,jev-1.13.0
2025,2025-09-13,3,yes_no_choice,No,jev-1.13.0
2025,2025-09-13,3,who_choice,Donald Trump,jev-1.13.0
2021,2020-04-10,3,binary_probability,0.99,jev-1.13.0
2021,2020-04-10,3,yes_no_choice,Yes,jev-1.13.0
2021,2020-04-10,3,who_choice,Donald Trump,jev-1.13.0
2021,2021-11-20,3,binary_probability,0.03,jev-1.13.0
2021,2021-11-20,3,yes_no_choice,No,jev-1.13.0
2021,2021-11-20,3,who_choice,Joe Biden,jev-1.13.0
2021,2021-07-03,3,binary_probability,0.02,jev-1.13.0
2021,2021-07-03,3,yes_no_choice,No,jev-1.13.0
2021,2021-07-03,3,who_choice,Joe Biden,jev-1.13.0
2021,2020-11-14,3,binary_probability,0.97,jev-1.13.0
2021,2020-11-14,3,yes_no_choice,Yes,jev-1.13.0
2021,2020-11-14,3,who_choice,Donald Trump,jev-1.13.0
2025,2025-02-14,3,binary_probability,0.67,jev-1.13.0
2025,2025-02-14,3,yes_no_choice,Yes,jev-1.13.0
2025,2025-02-14,3,who_choice,Donald Trump,jev-1.13.0
2021,2021-11-30,3,binary_probability,0.02,jev-1.13.0
2021,2021-11-30,3,yes_no_choice,No,jev-1.13.0
2021,2021-11-30,3,who_choice,Joe Biden,jev-1.13.0
2021,2020-10-29,3,binary_probability,0.98,jev-1.13.0
2021,2020-10-29,3,yes_no_choice,Yes,jev-1.13.0
2021,2020-10-29,3,who_choice,Donald Trump,jev-1.13.0
2021,2021-04-30,3,binary_probability,0.03,jev-1.13.0
2021,2021-04-30,3,yes_no_choice,No,jev-1.13.0
2021,2021-04-30,3,who_choice,Joe Biden,jev-1.13.0
2025,2025-10-30,3,binary_probability,0.53,jev-1.13.0
2025,2025-10-30,3,yes_no_choice,Yes,jev-1.13.0
2025,2025-10-30,3,who_choice,Donald Trump,jev-1.13.0
2025,2024-10-11,3,binary_probability,0.15,jev-1.13.0
2025,2024-10-11,3,yes_no_choice,No,jev-1.13.0
2025,2024-10-11,3,who_choice,Joe Biden,jev-1.13.0
2025,2025-05-31,3,binary_probability,0.55,jev-1.13.0
2025,2025-05-31,3,yes_no_choice,Yes,jev-1.13.0
2025,2025-05-31,3,who_choice,Donald Trump,jev-1.13.0
2021,2020-02-01,3,binary_probability,0.98,jev-1.13.0
2021,2020-02-01,3,yes_no_choice,Yes,jev-1.13.0
2021,2020-02-01,3,who_choice,Donald Trump,jev-1.13.0
2021,2020-09-07,3,binary_probability,0.98,jev-1.13.0
2021,2020-09-07,3,yes_no_choice,Yes,jev-1.13.0
2021,2020-09-07,3,who_choice,Donald Trump,jev-1.13.0
2021,2021-10-15,3,binary_probability,0.02,jev-1.13.0
2021,2021-10-15,3,yes_no_choice,No,jev-1.13.0
2021,2021-10-15,3,who_choice,Joe Biden,jev-1.13.0
2021,2021-01-04,3,binary_probability,0.96,jev-1.13.0
2021,2021-01-04,3,yes_no_choice,Yes,jev-1.13.0
2021,2021-01-04,3,who_choice,Donald Trump,jev-1.13.0
2021,2020-04-13,3,binary_probability,0.98,jev-1.13.0
2021,2020-04-13,3,yes_no_choice,Yes,jev-1.13.0
2021,2020-04-13,3,who_choice,Donald Trump,jev-1.13.0
2021,2020-07-05,3,binary_probability,0.98,jev-1.13.0
2021,2020-07-05,3,yes_no_choice,Yes,jev-1.13.0
2021,2020-07-05,3,who_choice,Donald Trump,jev-1.13.0
2025,2025-01-14,3,binary_probability,0.54,jev-1.13.0
2025,2025-01-14,3,yes_no_choice,Yes,jev-1.13.0
2025,2025-01-14,3,who_choice,Donald Trump,jev-1.13.0
2021,2020-12-30,3,binary_probability,0.96,jev-1.13.0
2021,2020-12-30,3,yes_no_choice,Yes,jev-1.13.0
2021,2020-12-30,3,who_choice,Donald Trump,jev-1.13.0
2025,2024-03-27,3,binary_probability,0.06,jev-1.13.0
2025,2024-03-27,3,yes_no_choice,No,jev-1.13.0
2025,2024-03-27,3,who_choice,Joe Biden,jev-1.13.0
2025,2024-12-11,3,binary_probability,0.28,jev-1.13.0
2025,2024-12-11,3,yes_no_choice,No,jev-1.13.0
2025,2024-12-11,3,who_choice,Donald Trump,jev-1.13.0
2025,2025-09-11,3,binary_probability,0.36,jev-1.13.0
2025,2025-09-11,3,yes_no_choice,No,jev-1.13.0
2025,2025-09-11,3,who_choice,Donald Trump,jev-1.13.0
2021,2021-05-26,3,binary_probability,0.03,jev-1.13.0
2021,2021-05-26,3,yes_no_choice,No,jev-1.13.0
2021,2021-05-26,3,who_choice,Joe Biden,jev-1.13.0
2025,2024-01-24,3,binary_probability,0.17,jev-1.13.0
2025,2024-01-24,3,yes_no_choice,No,jev-1.13.0
2025,2024-01-24,3,who_choice,Joe Biden,jev-1.13.0
2025,2024-09-22,3,binary_probability,0.04,jev-1.13.0
2025,2024-09-22,3,yes_no_choice,No,jev-1.13.0
2025,2024-09-22,3,who_choice,Joe Biden,jev-1.13.0
2021,2020-04-14,3,binary_probability,0.98,jev-1.13.0
2021,2020-04-14,3,yes_no_choice,Yes,jev-1.13.0
2021,2020-04-14,3,who_choice,Donald Trump,jev-1.13.0
2025,2025-12-16,3,binary_probability,0.53,jev-1.13.0
2025,2025-12-16,3,yes_no_choice,Yes,jev-1.13.0
2025,2025-12-16,3,who_choice,Donald Trump,jev-1.13.0
2021,2021-10-19,3,binary_probability,0.02,jev-1.13.0
2021,2021-10-19,3,yes_no_choice,No,jev-1.13.0
2021,2021-10-19,3,who_choice,Joe Biden,jev-1.13.0
2021,2021-01-06,3,binary_probability,0.97,jev-1.13.0
2021,2021-01-06,3,yes_no_choice,Yes,jev-1.13.0
2021,2021-01-06,3,who_choice,Donald Trump,jev-1.13.0
2021,2022-01-13,3,binary_probability,0.07,jev-1.13.0
2021,2022-01-13,3,yes_no_choice,No,jev-1.13.0
2021,2022-01-13,3,who_choice,Joe Biden,jev-1.13.0
2021,2020-06-11,3,binary_probability,0.98,jev-1.13.0
2021,2020-06-11,3,yes_no_choice,Yes,jev-1.13.0
2021,2020-06-11,3,who_choice,Donald Trump,jev-1.13.0
2021,2020-10-22,3,binary_probability,0.98,jev-1.13.0
2021,2020-10-22,3,yes_no_choice,Yes,jev-1.13.0
2021,2020-10-22,3,who_choice,Donald Trump,jev-1.13.0
2025,2024-04-08,3,binary_probability,0.07,jev-1.13.0
2025,2024-04-08,3,yes_no_choice,No,jev-1.13.0
2025,2024-04-08,3,who_choice,Joe Biden,jev-1.13.0
2025,2025-06-16,3,binary_probability,0.49,jev-1.13.0
2025,2025-06-16,3,yes_no_choice,Yes,jev-1.13.0
2025,2025-06-16,3,who_choice,Donald Trump,jev-1.13.0
2025,2024-07-30,3,binary_probability,0.08,jev-1.13.0
2025,2024-07-30,3,yes_no_choice,No,jev-1.13.0
2025,2024-07-30,3,who_choice,Joe Biden,jev-1.13.0
2021,2021-04-21,3,binary_probability,0.03,jev-1.13.0
2021,2021-04-21,3,yes_no_choice,No,jev-1.13.0
2021,2021-04-21,3,who_choice,Joe Biden,jev-1.13.0
2021,2020-03-02,3,binary_probability,0.99,jev-1.13.0
2021,2020-03-02,3,yes_no_choice,Yes,jev-1.13.0
2021,2020-03-02,3,who_choice,Donald Trump,jev-1.13.0
2025,2025-06-11,3,binary_probability,0.48,jev-1.13.0
2025,2025-06-11,3,yes_no_choice,Yes,jev-1.13.0
2025,2025-06-11,3,who_choice,Donald Trump,jev-1.13.0
2025,2025-02-21,3,binary_probability,0.64,jev-1.13.0
2025,2025-02-21,3,yes_no_choice,Yes,jev-1.13.0
2025,2025-02-21,3,who_choice,Donald Trump,jev-1.13.0
2025,2025-06-25,3,binary_probability,0.47,jev-1.13.0
2025,2025-06-25,3,yes_no_choice,Yes,jev-1.13.0
2025,2025-06-25,3,who_choice,Donald Trump,jev-1.13.0
